{
	"configuration":{
		"server": "10.0.0.8"
		,"port": 6379
		,"unix socket": "(null)"
		,"protocol": "memcache_text"
		,"out_file": "(null)"
		,"client_stats": "(null)"
		,"run_count": 1
		,"debug": 0
		,"requests": 0
		,"clients": 32
		,"threads": 1
		,"test_time": 75
		,"ratio": "1:1"
		,"pipeline": 1
		,"data_size": 1024
		,"data_offset": 0
		,"random_data": "false"
		,"data_size_range": "0:0"
		,"data_size_list": ""
		,"data_size_pattern": "R"
		,"expiry_range": "9999:10000"
		,"data_import": "(null)"
		,"data_verify": "false"
		,"verify_only": "false"
		,"generate_keys": "false"
		,"key_prefix": "memtier-"
		,"key_minimum":           0
		,"key_maximum":       10000
		,"key_pattern": "R:R"
		,"key_stddev": 0.000000
		,"key_median": 0.000000
		,"reconnect_interval": 0
		,"multi_key_get": 0
		,"authenticate": ""
		,"select-db": 0
		,"no-expiry": "false"
		,"wait-ratio": "0:0"
		,"num-slaves": "0:0"
		,"wait-timeout": "0-0"
		}
	,"run information":{
		"Threads": 1
		,"Connections per thread": 32
		,"Seconds": 75
		}
	,"ALL STATS":{
		"Sets":{
			"Ops/sec": 432.17
			,"Hits/sec": 0.00
			,"Misses/sec": 0.00
			,"Latency": 37.98
			,"KB/sec": 449.21
			}
		,"Gets":{
			"Ops/sec": 431.90
			,"Hits/sec": 431.90
			,"Misses/sec": 0.00
			,"Latency": 36.07
			,"KB/sec": 453.75
			}
		,"Waits":{
			"Ops/sec": 0.00
			,"Hits/sec": 0.00
			,"Misses/sec": 0.00
			,"Latency": 0.00
			,"KB/sec": 0.00
			}
		,"Totals":{
			"Ops/sec": 864.06
			,"Hits/sec": 431.90
			,"Misses/sec": 0.00
			,"Latency": 37.02
			,"KB/sec": 902.96
			}
		,"SET":[
			{
				"<=msec": 4.300
				,"percent": 0.00
				}
			,{
				"<=msec": 4.400
				,"percent": 0.01
				}
			,{
				"<=msec": 4.500
				,"percent": 0.01
				}
			,{
				"<=msec": 4.600
				,"percent": 0.02
				}
			,{
				"<=msec": 4.700
				,"percent": 0.04
				}
			,{
				"<=msec": 4.800
				,"percent": 0.06
				}
			,{
				"<=msec": 4.900
				,"percent": 0.12
				}
			,{
				"<=msec": 5.000
				,"percent": 0.16
				}
			,{
				"<=msec": 5.100
				,"percent": 0.19
				}
			,{
				"<=msec": 5.200
				,"percent": 0.21
				}
			,{
				"<=msec": 5.300
				,"percent": 0.23
				}
			,{
				"<=msec": 5.400
				,"percent": 0.25
				}
			,{
				"<=msec": 5.500
				,"percent": 0.27
				}
			,{
				"<=msec": 5.600
				,"percent": 0.30
				}
			,{
				"<=msec": 5.700
				,"percent": 0.34
				}
			,{
				"<=msec": 5.800
				,"percent": 0.35
				}
			,{
				"<=msec": 5.900
				,"percent": 0.38
				}
			,{
				"<=msec": 6.000
				,"percent": 0.39
				}
			,{
				"<=msec": 6.100
				,"percent": 0.42
				}
			,{
				"<=msec": 6.200
				,"percent": 0.46
				}
			,{
				"<=msec": 6.300
				,"percent": 0.50
				}
			,{
				"<=msec": 6.400
				,"percent": 0.53
				}
			,{
				"<=msec": 6.500
				,"percent": 0.56
				}
			,{
				"<=msec": 6.600
				,"percent": 0.59
				}
			,{
				"<=msec": 6.700
				,"percent": 0.60
				}
			,{
				"<=msec": 6.800
				,"percent": 0.63
				}
			,{
				"<=msec": 6.900
				,"percent": 0.67
				}
			,{
				"<=msec": 7.000
				,"percent": 0.70
				}
			,{
				"<=msec": 7.100
				,"percent": 0.72
				}
			,{
				"<=msec": 7.200
				,"percent": 0.74
				}
			,{
				"<=msec": 7.300
				,"percent": 0.76
				}
			,{
				"<=msec": 7.400
				,"percent": 0.79
				}
			,{
				"<=msec": 7.500
				,"percent": 0.81
				}
			,{
				"<=msec": 7.600
				,"percent": 0.81
				}
			,{
				"<=msec": 7.700
				,"percent": 0.83
				}
			,{
				"<=msec": 7.800
				,"percent": 0.85
				}
			,{
				"<=msec": 7.900
				,"percent": 0.86
				}
			,{
				"<=msec": 8.000
				,"percent": 0.87
				}
			,{
				"<=msec": 8.100
				,"percent": 0.88
				}
			,{
				"<=msec": 8.200
				,"percent": 0.90
				}
			,{
				"<=msec": 8.300
				,"percent": 0.92
				}
			,{
				"<=msec": 8.400
				,"percent": 0.96
				}
			,{
				"<=msec": 8.500
				,"percent": 0.97
				}
			,{
				"<=msec": 8.600
				,"percent": 1.00
				}
			,{
				"<=msec": 8.700
				,"percent": 1.03
				}
			,{
				"<=msec": 8.800
				,"percent": 1.04
				}
			,{
				"<=msec": 8.900
				,"percent": 1.07
				}
			,{
				"<=msec": 9.000
				,"percent": 1.09
				}
			,{
				"<=msec": 9.100
				,"percent": 1.12
				}
			,{
				"<=msec": 9.200
				,"percent": 1.15
				}
			,{
				"<=msec": 9.300
				,"percent": 1.20
				}
			,{
				"<=msec": 9.400
				,"percent": 1.22
				}
			,{
				"<=msec": 9.500
				,"percent": 1.25
				}
			,{
				"<=msec": 9.600
				,"percent": 1.30
				}
			,{
				"<=msec": 9.700
				,"percent": 1.34
				}
			,{
				"<=msec": 9.800
				,"percent": 1.38
				}
			,{
				"<=msec": 9.900
				,"percent": 1.43
				}
			,{
				"<=msec": 10.000
				,"percent": 1.87
				}
			,{
				"<=msec": 11.000
				,"percent": 2.72
				}
			,{
				"<=msec": 12.000
				,"percent": 3.94
				}
			,{
				"<=msec": 13.000
				,"percent": 4.91
				}
			,{
				"<=msec": 14.000
				,"percent": 5.66
				}
			,{
				"<=msec": 15.000
				,"percent": 6.38
				}
			,{
				"<=msec": 16.000
				,"percent": 6.94
				}
			,{
				"<=msec": 17.000
				,"percent": 7.51
				}
			,{
				"<=msec": 18.000
				,"percent": 8.16
				}
			,{
				"<=msec": 19.000
				,"percent": 8.78
				}
			,{
				"<=msec": 20.000
				,"percent": 9.45
				}
			,{
				"<=msec": 21.000
				,"percent": 10.19
				}
			,{
				"<=msec": 22.000
				,"percent": 10.70
				}
			,{
				"<=msec": 23.000
				,"percent": 11.28
				}
			,{
				"<=msec": 24.000
				,"percent": 11.96
				}
			,{
				"<=msec": 25.000
				,"percent": 12.77
				}
			,{
				"<=msec": 26.000
				,"percent": 14.02
				}
			,{
				"<=msec": 27.000
				,"percent": 15.53
				}
			,{
				"<=msec": 28.000
				,"percent": 17.09
				}
			,{
				"<=msec": 29.000
				,"percent": 18.64
				}
			,{
				"<=msec": 30.000
				,"percent": 20.45
				}
			,{
				"<=msec": 31.000
				,"percent": 22.76
				}
			,{
				"<=msec": 32.000
				,"percent": 26.15
				}
			,{
				"<=msec": 33.000
				,"percent": 30.19
				}
			,{
				"<=msec": 34.000
				,"percent": 34.73
				}
			,{
				"<=msec": 35.000
				,"percent": 39.37
				}
			,{
				"<=msec": 36.000
				,"percent": 43.72
				}
			,{
				"<=msec": 37.000
				,"percent": 47.79
				}
			,{
				"<=msec": 38.000
				,"percent": 51.98
				}
			,{
				"<=msec": 39.000
				,"percent": 56.61
				}
			,{
				"<=msec": 40.000
				,"percent": 61.47
				}
			,{
				"<=msec": 41.000
				,"percent": 66.01
				}
			,{
				"<=msec": 42.000
				,"percent": 70.14
				}
			,{
				"<=msec": 43.000
				,"percent": 73.86
				}
			,{
				"<=msec": 44.000
				,"percent": 76.86
				}
			,{
				"<=msec": 45.000
				,"percent": 79.55
				}
			,{
				"<=msec": 46.000
				,"percent": 81.74
				}
			,{
				"<=msec": 47.000
				,"percent": 83.66
				}
			,{
				"<=msec": 48.000
				,"percent": 85.45
				}
			,{
				"<=msec": 49.000
				,"percent": 86.95
				}
			,{
				"<=msec": 50.000
				,"percent": 88.20
				}
			,{
				"<=msec": 51.000
				,"percent": 89.44
				}
			,{
				"<=msec": 52.000
				,"percent": 90.40
				}
			,{
				"<=msec": 53.000
				,"percent": 91.33
				}
			,{
				"<=msec": 54.000
				,"percent": 92.18
				}
			,{
				"<=msec": 55.000
				,"percent": 92.84
				}
			,{
				"<=msec": 56.000
				,"percent": 93.46
				}
			,{
				"<=msec": 57.000
				,"percent": 94.00
				}
			,{
				"<=msec": 58.000
				,"percent": 94.49
				}
			,{
				"<=msec": 59.000
				,"percent": 95.04
				}
			,{
				"<=msec": 60.000
				,"percent": 95.44
				}
			,{
				"<=msec": 61.000
				,"percent": 95.89
				}
			,{
				"<=msec": 62.000
				,"percent": 96.29
				}
			,{
				"<=msec": 63.000
				,"percent": 96.66
				}
			,{
				"<=msec": 64.000
				,"percent": 96.96
				}
			,{
				"<=msec": 65.000
				,"percent": 97.27
				}
			,{
				"<=msec": 66.000
				,"percent": 97.52
				}
			,{
				"<=msec": 67.000
				,"percent": 97.75
				}
			,{
				"<=msec": 68.000
				,"percent": 97.94
				}
			,{
				"<=msec": 69.000
				,"percent": 98.11
				}
			,{
				"<=msec": 70.000
				,"percent": 98.32
				}
			,{
				"<=msec": 71.000
				,"percent": 98.55
				}
			,{
				"<=msec": 72.000
				,"percent": 98.74
				}
			,{
				"<=msec": 73.000
				,"percent": 98.88
				}
			,{
				"<=msec": 74.000
				,"percent": 98.98
				}
			,{
				"<=msec": 75.000
				,"percent": 99.12
				}
			,{
				"<=msec": 76.000
				,"percent": 99.20
				}
			,{
				"<=msec": 77.000
				,"percent": 99.29
				}
			,{
				"<=msec": 78.000
				,"percent": 99.36
				}
			,{
				"<=msec": 79.000
				,"percent": 99.41
				}
			,{
				"<=msec": 80.000
				,"percent": 99.47
				}
			,{
				"<=msec": 81.000
				,"percent": 99.51
				}
			,{
				"<=msec": 82.000
				,"percent": 99.57
				}
			,{
				"<=msec": 83.000
				,"percent": 99.60
				}
			,{
				"<=msec": 84.000
				,"percent": 99.62
				}
			,{
				"<=msec": 85.000
				,"percent": 99.65
				}
			,{
				"<=msec": 86.000
				,"percent": 99.66
				}
			,{
				"<=msec": 87.000
				,"percent": 99.70
				}
			,{
				"<=msec": 88.000
				,"percent": 99.73
				}
			,{
				"<=msec": 89.000
				,"percent": 99.74
				}
			,{
				"<=msec": 90.000
				,"percent": 99.75
				}
			,{
				"<=msec": 91.000
				,"percent": 99.78
				}
			,{
				"<=msec": 92.000
				,"percent": 99.80
				}
			,{
				"<=msec": 93.000
				,"percent": 99.80
				}
			,{
				"<=msec": 94.000
				,"percent": 99.81
				}
			,{
				"<=msec": 95.000
				,"percent": 99.81
				}
			,{
				"<=msec": 96.000
				,"percent": 99.81
				}
			,{
				"<=msec": 98.000
				,"percent": 99.82
				}
			,{
				"<=msec": 99.000
				,"percent": 99.83
				}
			,{
				"<=msec": 100.000
				,"percent": 99.87
				}
			,{
				"<=msec": 110.000
				,"percent": 99.90
				}
			,{
				"<=msec": 120.000
				,"percent": 99.95
				}
			,{
				"<=msec": 130.000
				,"percent": 99.95
				}
			,{
				"<=msec": 170.000
				,"percent": 99.96
				}
			,{
				"<=msec": 180.000
				,"percent": 100.00
				}
			]
		,"GET":[
			{
				"<=msec": 4.200
				,"percent": 0.01
				}
			,{
				"<=msec": 4.300
				,"percent": 0.02
				}
			,{
				"<=msec": 4.400
				,"percent": 0.04
				}
			,{
				"<=msec": 4.500
				,"percent": 0.09
				}
			,{
				"<=msec": 4.600
				,"percent": 0.11
				}
			,{
				"<=msec": 4.700
				,"percent": 0.14
				}
			,{
				"<=msec": 4.800
				,"percent": 0.20
				}
			,{
				"<=msec": 4.900
				,"percent": 0.26
				}
			,{
				"<=msec": 5.000
				,"percent": 0.31
				}
			,{
				"<=msec": 5.100
				,"percent": 0.34
				}
			,{
				"<=msec": 5.200
				,"percent": 0.38
				}
			,{
				"<=msec": 5.300
				,"percent": 0.43
				}
			,{
				"<=msec": 5.400
				,"percent": 0.49
				}
			,{
				"<=msec": 5.500
				,"percent": 0.52
				}
			,{
				"<=msec": 5.600
				,"percent": 0.58
				}
			,{
				"<=msec": 5.700
				,"percent": 0.60
				}
			,{
				"<=msec": 5.800
				,"percent": 0.64
				}
			,{
				"<=msec": 5.900
				,"percent": 0.68
				}
			,{
				"<=msec": 6.000
				,"percent": 0.73
				}
			,{
				"<=msec": 6.100
				,"percent": 0.75
				}
			,{
				"<=msec": 6.200
				,"percent": 0.79
				}
			,{
				"<=msec": 6.300
				,"percent": 0.82
				}
			,{
				"<=msec": 6.400
				,"percent": 0.86
				}
			,{
				"<=msec": 6.500
				,"percent": 0.90
				}
			,{
				"<=msec": 6.600
				,"percent": 0.93
				}
			,{
				"<=msec": 6.700
				,"percent": 0.95
				}
			,{
				"<=msec": 6.800
				,"percent": 0.98
				}
			,{
				"<=msec": 6.900
				,"percent": 1.02
				}
			,{
				"<=msec": 7.000
				,"percent": 1.04
				}
			,{
				"<=msec": 7.100
				,"percent": 1.09
				}
			,{
				"<=msec": 7.200
				,"percent": 1.11
				}
			,{
				"<=msec": 7.300
				,"percent": 1.14
				}
			,{
				"<=msec": 7.400
				,"percent": 1.18
				}
			,{
				"<=msec": 7.500
				,"percent": 1.20
				}
			,{
				"<=msec": 7.600
				,"percent": 1.22
				}
			,{
				"<=msec": 7.700
				,"percent": 1.23
				}
			,{
				"<=msec": 7.800
				,"percent": 1.25
				}
			,{
				"<=msec": 7.900
				,"percent": 1.27
				}
			,{
				"<=msec": 8.000
				,"percent": 1.30
				}
			,{
				"<=msec": 8.100
				,"percent": 1.32
				}
			,{
				"<=msec": 8.200
				,"percent": 1.35
				}
			,{
				"<=msec": 8.300
				,"percent": 1.39
				}
			,{
				"<=msec": 8.400
				,"percent": 1.42
				}
			,{
				"<=msec": 8.500
				,"percent": 1.43
				}
			,{
				"<=msec": 8.600
				,"percent": 1.47
				}
			,{
				"<=msec": 8.700
				,"percent": 1.50
				}
			,{
				"<=msec": 8.800
				,"percent": 1.52
				}
			,{
				"<=msec": 8.900
				,"percent": 1.58
				}
			,{
				"<=msec": 9.000
				,"percent": 1.61
				}
			,{
				"<=msec": 9.100
				,"percent": 1.64
				}
			,{
				"<=msec": 9.200
				,"percent": 1.69
				}
			,{
				"<=msec": 9.300
				,"percent": 1.74
				}
			,{
				"<=msec": 9.400
				,"percent": 1.79
				}
			,{
				"<=msec": 9.500
				,"percent": 1.83
				}
			,{
				"<=msec": 9.600
				,"percent": 1.89
				}
			,{
				"<=msec": 9.700
				,"percent": 1.95
				}
			,{
				"<=msec": 9.800
				,"percent": 2.03
				}
			,{
				"<=msec": 9.900
				,"percent": 2.07
				}
			,{
				"<=msec": 10.000
				,"percent": 2.57
				}
			,{
				"<=msec": 11.000
				,"percent": 3.56
				}
			,{
				"<=msec": 12.000
				,"percent": 4.81
				}
			,{
				"<=msec": 13.000
				,"percent": 6.01
				}
			,{
				"<=msec": 14.000
				,"percent": 6.91
				}
			,{
				"<=msec": 15.000
				,"percent": 7.58
				}
			,{
				"<=msec": 16.000
				,"percent": 8.14
				}
			,{
				"<=msec": 17.000
				,"percent": 8.66
				}
			,{
				"<=msec": 18.000
				,"percent": 9.31
				}
			,{
				"<=msec": 19.000
				,"percent": 9.91
				}
			,{
				"<=msec": 20.000
				,"percent": 10.58
				}
			,{
				"<=msec": 21.000
				,"percent": 11.25
				}
			,{
				"<=msec": 22.000
				,"percent": 11.87
				}
			,{
				"<=msec": 23.000
				,"percent": 12.52
				}
			,{
				"<=msec": 24.000
				,"percent": 13.33
				}
			,{
				"<=msec": 25.000
				,"percent": 14.49
				}
			,{
				"<=msec": 26.000
				,"percent": 16.30
				}
			,{
				"<=msec": 27.000
				,"percent": 18.58
				}
			,{
				"<=msec": 28.000
				,"percent": 20.85
				}
			,{
				"<=msec": 29.000
				,"percent": 22.96
				}
			,{
				"<=msec": 30.000
				,"percent": 25.07
				}
			,{
				"<=msec": 31.000
				,"percent": 28.05
				}
			,{
				"<=msec": 32.000
				,"percent": 32.26
				}
			,{
				"<=msec": 33.000
				,"percent": 37.40
				}
			,{
				"<=msec": 34.000
				,"percent": 42.91
				}
			,{
				"<=msec": 35.000
				,"percent": 48.21
				}
			,{
				"<=msec": 36.000
				,"percent": 52.68
				}
			,{
				"<=msec": 37.000
				,"percent": 56.85
				}
			,{
				"<=msec": 38.000
				,"percent": 60.94
				}
			,{
				"<=msec": 39.000
				,"percent": 65.23
				}
			,{
				"<=msec": 40.000
				,"percent": 69.57
				}
			,{
				"<=msec": 41.000
				,"percent": 73.64
				}
			,{
				"<=msec": 42.000
				,"percent": 77.08
				}
			,{
				"<=msec": 43.000
				,"percent": 80.03
				}
			,{
				"<=msec": 44.000
				,"percent": 82.46
				}
			,{
				"<=msec": 45.000
				,"percent": 84.47
				}
			,{
				"<=msec": 46.000
				,"percent": 86.23
				}
			,{
				"<=msec": 47.000
				,"percent": 87.67
				}
			,{
				"<=msec": 48.000
				,"percent": 88.94
				}
			,{
				"<=msec": 49.000
				,"percent": 89.95
				}
			,{
				"<=msec": 50.000
				,"percent": 90.86
				}
			,{
				"<=msec": 51.000
				,"percent": 91.75
				}
			,{
				"<=msec": 52.000
				,"percent": 92.49
				}
			,{
				"<=msec": 53.000
				,"percent": 93.18
				}
			,{
				"<=msec": 54.000
				,"percent": 93.84
				}
			,{
				"<=msec": 55.000
				,"percent": 94.43
				}
			,{
				"<=msec": 56.000
				,"percent": 94.89
				}
			,{
				"<=msec": 57.000
				,"percent": 95.31
				}
			,{
				"<=msec": 58.000
				,"percent": 95.71
				}
			,{
				"<=msec": 59.000
				,"percent": 96.17
				}
			,{
				"<=msec": 60.000
				,"percent": 96.54
				}
			,{
				"<=msec": 61.000
				,"percent": 96.90
				}
			,{
				"<=msec": 62.000
				,"percent": 97.20
				}
			,{
				"<=msec": 63.000
				,"percent": 97.52
				}
			,{
				"<=msec": 64.000
				,"percent": 97.78
				}
			,{
				"<=msec": 65.000
				,"percent": 98.00
				}
			,{
				"<=msec": 66.000
				,"percent": 98.20
				}
			,{
				"<=msec": 67.000
				,"percent": 98.35
				}
			,{
				"<=msec": 68.000
				,"percent": 98.47
				}
			,{
				"<=msec": 69.000
				,"percent": 98.60
				}
			,{
				"<=msec": 70.000
				,"percent": 98.78
				}
			,{
				"<=msec": 71.000
				,"percent": 98.95
				}
			,{
				"<=msec": 72.000
				,"percent": 99.06
				}
			,{
				"<=msec": 73.000
				,"percent": 99.17
				}
			,{
				"<=msec": 74.000
				,"percent": 99.22
				}
			,{
				"<=msec": 75.000
				,"percent": 99.33
				}
			,{
				"<=msec": 76.000
				,"percent": 99.39
				}
			,{
				"<=msec": 77.000
				,"percent": 99.44
				}
			,{
				"<=msec": 78.000
				,"percent": 99.48
				}
			,{
				"<=msec": 79.000
				,"percent": 99.48
				}
			,{
				"<=msec": 80.000
				,"percent": 99.51
				}
			,{
				"<=msec": 81.000
				,"percent": 99.54
				}
			,{
				"<=msec": 82.000
				,"percent": 99.57
				}
			,{
				"<=msec": 83.000
				,"percent": 99.60
				}
			,{
				"<=msec": 84.000
				,"percent": 99.61
				}
			,{
				"<=msec": 85.000
				,"percent": 99.63
				}
			,{
				"<=msec": 86.000
				,"percent": 99.67
				}
			,{
				"<=msec": 87.000
				,"percent": 99.69
				}
			,{
				"<=msec": 88.000
				,"percent": 99.72
				}
			,{
				"<=msec": 90.000
				,"percent": 99.73
				}
			,{
				"<=msec": 91.000
				,"percent": 99.74
				}
			,{
				"<=msec": 92.000
				,"percent": 99.75
				}
			,{
				"<=msec": 93.000
				,"percent": 99.77
				}
			,{
				"<=msec": 94.000
				,"percent": 99.78
				}
			,{
				"<=msec": 95.000
				,"percent": 99.80
				}
			,{
				"<=msec": 98.000
				,"percent": 99.80
				}
			,{
				"<=msec": 99.000
				,"percent": 99.80
				}
			,{
				"<=msec": 100.000
				,"percent": 99.87
				}
			,{
				"<=msec": 110.000
				,"percent": 99.91
				}
			,{
				"<=msec": 120.000
				,"percent": 99.95
				}
			,{
				"<=msec": 170.000
				,"percent": 99.97
				}
			,{
				"<=msec": 180.000
				,"percent": 100.00
				}
			]
		,"WAIT":[
		]
		}
	}
