{
	"configuration":{
		"server": "10.0.0.8"
		,"port": 6379
		,"unix socket": "(null)"
		,"protocol": "memcache_text"
		,"out_file": "(null)"
		,"client_stats": "(null)"
		,"run_count": 1
		,"debug": 0
		,"requests": 0
		,"clients": 32
		,"threads": 1
		,"test_time": 75
		,"ratio": "1:1"
		,"pipeline": 1
		,"data_size": 1024
		,"data_offset": 0
		,"random_data": "false"
		,"data_size_range": "0:0"
		,"data_size_list": ""
		,"data_size_pattern": "R"
		,"expiry_range": "9999:10000"
		,"data_import": "(null)"
		,"data_verify": "false"
		,"verify_only": "false"
		,"generate_keys": "false"
		,"key_prefix": "memtier-"
		,"key_minimum":           0
		,"key_maximum":       10000
		,"key_pattern": "R:R"
		,"key_stddev": 0.000000
		,"key_median": 0.000000
		,"reconnect_interval": 0
		,"multi_key_get": 0
		,"authenticate": ""
		,"select-db": 0
		,"no-expiry": "false"
		,"wait-ratio": "0:0"
		,"num-slaves": "0:0"
		,"wait-timeout": "0-0"
		}
	,"run information":{
		"Threads": 1
		,"Connections per thread": 32
		,"Seconds": 75
		}
	,"ALL STATS":{
		"Sets":{
			"Ops/sec": 431.85
			,"Hits/sec": 0.00
			,"Misses/sec": 0.00
			,"Latency": 38.18
			,"KB/sec": 448.88
			}
		,"Gets":{
			"Ops/sec": 431.65
			,"Hits/sec": 431.65
			,"Misses/sec": 0.00
			,"Latency": 35.92
			,"KB/sec": 453.48
			}
		,"Waits":{
			"Ops/sec": 0.00
			,"Hits/sec": 0.00
			,"Misses/sec": 0.00
			,"Latency": 0.00
			,"KB/sec": 0.00
			}
		,"Totals":{
			"Ops/sec": 863.49
			,"Hits/sec": 431.65
			,"Misses/sec": 0.00
			,"Latency": 37.05
			,"KB/sec": 902.37
			}
		,"SET":[
			{
				"<=msec": 4.900
				,"percent": 0.00
				}
			,{
				"<=msec": 5.100
				,"percent": 0.01
				}
			,{
				"<=msec": 5.200
				,"percent": 0.02
				}
			,{
				"<=msec": 5.500
				,"percent": 0.02
				}
			,{
				"<=msec": 5.800
				,"percent": 0.02
				}
			,{
				"<=msec": 5.900
				,"percent": 0.03
				}
			,{
				"<=msec": 6.000
				,"percent": 0.04
				}
			,{
				"<=msec": 6.400
				,"percent": 0.04
				}
			,{
				"<=msec": 6.500
				,"percent": 0.05
				}
			,{
				"<=msec": 6.600
				,"percent": 0.05
				}
			,{
				"<=msec": 6.700
				,"percent": 0.06
				}
			,{
				"<=msec": 6.900
				,"percent": 0.06
				}
			,{
				"<=msec": 7.100
				,"percent": 0.07
				}
			,{
				"<=msec": 7.200
				,"percent": 0.07
				}
			,{
				"<=msec": 7.500
				,"percent": 0.07
				}
			,{
				"<=msec": 7.600
				,"percent": 0.08
				}
			,{
				"<=msec": 7.700
				,"percent": 0.08
				}
			,{
				"<=msec": 7.800
				,"percent": 0.09
				}
			,{
				"<=msec": 8.100
				,"percent": 0.09
				}
			,{
				"<=msec": 8.200
				,"percent": 0.10
				}
			,{
				"<=msec": 8.300
				,"percent": 0.10
				}
			,{
				"<=msec": 8.400
				,"percent": 0.10
				}
			,{
				"<=msec": 8.500
				,"percent": 0.10
				}
			,{
				"<=msec": 8.600
				,"percent": 0.11
				}
			,{
				"<=msec": 8.700
				,"percent": 0.11
				}
			,{
				"<=msec": 8.800
				,"percent": 0.12
				}
			,{
				"<=msec": 8.900
				,"percent": 0.13
				}
			,{
				"<=msec": 9.000
				,"percent": 0.13
				}
			,{
				"<=msec": 9.100
				,"percent": 0.13
				}
			,{
				"<=msec": 9.200
				,"percent": 0.14
				}
			,{
				"<=msec": 9.300
				,"percent": 0.15
				}
			,{
				"<=msec": 9.400
				,"percent": 0.17
				}
			,{
				"<=msec": 9.600
				,"percent": 0.18
				}
			,{
				"<=msec": 9.700
				,"percent": 0.18
				}
			,{
				"<=msec": 9.900
				,"percent": 0.19
				}
			,{
				"<=msec": 10.000
				,"percent": 0.25
				}
			,{
				"<=msec": 11.000
				,"percent": 0.35
				}
			,{
				"<=msec": 12.000
				,"percent": 0.53
				}
			,{
				"<=msec": 13.000
				,"percent": 0.77
				}
			,{
				"<=msec": 14.000
				,"percent": 1.07
				}
			,{
				"<=msec": 15.000
				,"percent": 1.32
				}
			,{
				"<=msec": 16.000
				,"percent": 1.60
				}
			,{
				"<=msec": 17.000
				,"percent": 1.93
				}
			,{
				"<=msec": 18.000
				,"percent": 2.36
				}
			,{
				"<=msec": 19.000
				,"percent": 2.80
				}
			,{
				"<=msec": 20.000
				,"percent": 3.35
				}
			,{
				"<=msec": 21.000
				,"percent": 4.11
				}
			,{
				"<=msec": 22.000
				,"percent": 4.85
				}
			,{
				"<=msec": 23.000
				,"percent": 5.78
				}
			,{
				"<=msec": 24.000
				,"percent": 7.04
				}
			,{
				"<=msec": 25.000
				,"percent": 8.71
				}
			,{
				"<=msec": 26.000
				,"percent": 10.71
				}
			,{
				"<=msec": 27.000
				,"percent": 12.93
				}
			,{
				"<=msec": 28.000
				,"percent": 15.00
				}
			,{
				"<=msec": 29.000
				,"percent": 17.17
				}
			,{
				"<=msec": 30.000
				,"percent": 19.85
				}
			,{
				"<=msec": 31.000
				,"percent": 23.63
				}
			,{
				"<=msec": 32.000
				,"percent": 28.21
				}
			,{
				"<=msec": 33.000
				,"percent": 33.38
				}
			,{
				"<=msec": 34.000
				,"percent": 38.41
				}
			,{
				"<=msec": 35.000
				,"percent": 43.20
				}
			,{
				"<=msec": 36.000
				,"percent": 47.35
				}
			,{
				"<=msec": 37.000
				,"percent": 51.51
				}
			,{
				"<=msec": 38.000
				,"percent": 56.27
				}
			,{
				"<=msec": 39.000
				,"percent": 61.34
				}
			,{
				"<=msec": 40.000
				,"percent": 66.20
				}
			,{
				"<=msec": 41.000
				,"percent": 70.72
				}
			,{
				"<=msec": 42.000
				,"percent": 74.48
				}
			,{
				"<=msec": 43.000
				,"percent": 77.73
				}
			,{
				"<=msec": 44.000
				,"percent": 80.49
				}
			,{
				"<=msec": 45.000
				,"percent": 82.61
				}
			,{
				"<=msec": 46.000
				,"percent": 84.39
				}
			,{
				"<=msec": 47.000
				,"percent": 86.14
				}
			,{
				"<=msec": 48.000
				,"percent": 87.77
				}
			,{
				"<=msec": 49.000
				,"percent": 89.23
				}
			,{
				"<=msec": 50.000
				,"percent": 90.37
				}
			,{
				"<=msec": 51.000
				,"percent": 91.34
				}
			,{
				"<=msec": 52.000
				,"percent": 92.17
				}
			,{
				"<=msec": 53.000
				,"percent": 92.95
				}
			,{
				"<=msec": 54.000
				,"percent": 93.61
				}
			,{
				"<=msec": 55.000
				,"percent": 94.26
				}
			,{
				"<=msec": 56.000
				,"percent": 94.80
				}
			,{
				"<=msec": 57.000
				,"percent": 95.32
				}
			,{
				"<=msec": 58.000
				,"percent": 95.81
				}
			,{
				"<=msec": 59.000
				,"percent": 96.27
				}
			,{
				"<=msec": 60.000
				,"percent": 96.58
				}
			,{
				"<=msec": 61.000
				,"percent": 96.97
				}
			,{
				"<=msec": 62.000
				,"percent": 97.23
				}
			,{
				"<=msec": 63.000
				,"percent": 97.46
				}
			,{
				"<=msec": 64.000
				,"percent": 97.71
				}
			,{
				"<=msec": 65.000
				,"percent": 97.93
				}
			,{
				"<=msec": 66.000
				,"percent": 98.14
				}
			,{
				"<=msec": 67.000
				,"percent": 98.33
				}
			,{
				"<=msec": 68.000
				,"percent": 98.55
				}
			,{
				"<=msec": 69.000
				,"percent": 98.69
				}
			,{
				"<=msec": 70.000
				,"percent": 98.83
				}
			,{
				"<=msec": 71.000
				,"percent": 98.94
				}
			,{
				"<=msec": 72.000
				,"percent": 99.11
				}
			,{
				"<=msec": 73.000
				,"percent": 99.19
				}
			,{
				"<=msec": 74.000
				,"percent": 99.26
				}
			,{
				"<=msec": 75.000
				,"percent": 99.33
				}
			,{
				"<=msec": 76.000
				,"percent": 99.42
				}
			,{
				"<=msec": 77.000
				,"percent": 99.45
				}
			,{
				"<=msec": 78.000
				,"percent": 99.53
				}
			,{
				"<=msec": 79.000
				,"percent": 99.56
				}
			,{
				"<=msec": 80.000
				,"percent": 99.61
				}
			,{
				"<=msec": 81.000
				,"percent": 99.63
				}
			,{
				"<=msec": 82.000
				,"percent": 99.68
				}
			,{
				"<=msec": 83.000
				,"percent": 99.72
				}
			,{
				"<=msec": 84.000
				,"percent": 99.73
				}
			,{
				"<=msec": 85.000
				,"percent": 99.75
				}
			,{
				"<=msec": 86.000
				,"percent": 99.77
				}
			,{
				"<=msec": 87.000
				,"percent": 99.78
				}
			,{
				"<=msec": 88.000
				,"percent": 99.78
				}
			,{
				"<=msec": 89.000
				,"percent": 99.80
				}
			,{
				"<=msec": 90.000
				,"percent": 99.80
				}
			,{
				"<=msec": 91.000
				,"percent": 99.81
				}
			,{
				"<=msec": 92.000
				,"percent": 99.82
				}
			,{
				"<=msec": 93.000
				,"percent": 99.83
				}
			,{
				"<=msec": 94.000
				,"percent": 99.84
				}
			,{
				"<=msec": 96.000
				,"percent": 99.85
				}
			,{
				"<=msec": 100.000
				,"percent": 99.85
				}
			,{
				"<=msec": 110.000
				,"percent": 99.85
				}
			,{
				"<=msec": 170.000
				,"percent": 99.87
				}
			,{
				"<=msec": 180.000
				,"percent": 99.89
				}
			,{
				"<=msec": 190.000
				,"percent": 99.89
				}
			,{
				"<=msec": 260.000
				,"percent": 99.94
				}
			,{
				"<=msec": 290.000
				,"percent": 99.95
				}
			,{
				"<=msec": 350.000
				,"percent": 99.96
				}
			,{
				"<=msec": 360.000
				,"percent": 100.00
				}
			,{
				"<=msec": 370.000
				,"percent": 100.00
				}
			]
		,"GET":[
			{
				"<=msec": 4.100
				,"percent": 0.00
				}
			,{
				"<=msec": 4.700
				,"percent": 0.01
				}
			,{
				"<=msec": 4.800
				,"percent": 0.01
				}
			,{
				"<=msec": 5.500
				,"percent": 0.01
				}
			,{
				"<=msec": 5.600
				,"percent": 0.02
				}
			,{
				"<=msec": 5.700
				,"percent": 0.02
				}
			,{
				"<=msec": 5.800
				,"percent": 0.02
				}
			,{
				"<=msec": 5.900
				,"percent": 0.03
				}
			,{
				"<=msec": 6.300
				,"percent": 0.04
				}
			,{
				"<=msec": 6.400
				,"percent": 0.04
				}
			,{
				"<=msec": 6.500
				,"percent": 0.05
				}
			,{
				"<=msec": 6.700
				,"percent": 0.06
				}
			,{
				"<=msec": 6.800
				,"percent": 0.06
				}
			,{
				"<=msec": 7.000
				,"percent": 0.08
				}
			,{
				"<=msec": 7.100
				,"percent": 0.08
				}
			,{
				"<=msec": 7.200
				,"percent": 0.09
				}
			,{
				"<=msec": 7.300
				,"percent": 0.09
				}
			,{
				"<=msec": 7.500
				,"percent": 0.10
				}
			,{
				"<=msec": 7.600
				,"percent": 0.11
				}
			,{
				"<=msec": 7.700
				,"percent": 0.11
				}
			,{
				"<=msec": 7.800
				,"percent": 0.12
				}
			,{
				"<=msec": 7.900
				,"percent": 0.12
				}
			,{
				"<=msec": 8.000
				,"percent": 0.13
				}
			,{
				"<=msec": 8.100
				,"percent": 0.14
				}
			,{
				"<=msec": 8.200
				,"percent": 0.16
				}
			,{
				"<=msec": 8.300
				,"percent": 0.17
				}
			,{
				"<=msec": 8.400
				,"percent": 0.17
				}
			,{
				"<=msec": 8.500
				,"percent": 0.18
				}
			,{
				"<=msec": 8.600
				,"percent": 0.18
				}
			,{
				"<=msec": 8.700
				,"percent": 0.19
				}
			,{
				"<=msec": 8.800
				,"percent": 0.20
				}
			,{
				"<=msec": 8.900
				,"percent": 0.21
				}
			,{
				"<=msec": 9.000
				,"percent": 0.22
				}
			,{
				"<=msec": 9.100
				,"percent": 0.23
				}
			,{
				"<=msec": 9.200
				,"percent": 0.23
				}
			,{
				"<=msec": 9.300
				,"percent": 0.24
				}
			,{
				"<=msec": 9.400
				,"percent": 0.25
				}
			,{
				"<=msec": 9.500
				,"percent": 0.26
				}
			,{
				"<=msec": 9.600
				,"percent": 0.27
				}
			,{
				"<=msec": 9.700
				,"percent": 0.28
				}
			,{
				"<=msec": 9.800
				,"percent": 0.28
				}
			,{
				"<=msec": 9.900
				,"percent": 0.29
				}
			,{
				"<=msec": 10.000
				,"percent": 0.37
				}
			,{
				"<=msec": 11.000
				,"percent": 0.55
				}
			,{
				"<=msec": 12.000
				,"percent": 0.79
				}
			,{
				"<=msec": 13.000
				,"percent": 1.17
				}
			,{
				"<=msec": 14.000
				,"percent": 1.58
				}
			,{
				"<=msec": 15.000
				,"percent": 1.99
				}
			,{
				"<=msec": 16.000
				,"percent": 2.37
				}
			,{
				"<=msec": 17.000
				,"percent": 2.72
				}
			,{
				"<=msec": 18.000
				,"percent": 3.23
				}
			,{
				"<=msec": 19.000
				,"percent": 3.79
				}
			,{
				"<=msec": 20.000
				,"percent": 4.55
				}
			,{
				"<=msec": 21.000
				,"percent": 5.45
				}
			,{
				"<=msec": 22.000
				,"percent": 6.52
				}
			,{
				"<=msec": 23.000
				,"percent": 7.86
				}
			,{
				"<=msec": 24.000
				,"percent": 9.67
				}
			,{
				"<=msec": 25.000
				,"percent": 12.04
				}
			,{
				"<=msec": 26.000
				,"percent": 15.31
				}
			,{
				"<=msec": 27.000
				,"percent": 18.34
				}
			,{
				"<=msec": 28.000
				,"percent": 21.31
				}
			,{
				"<=msec": 29.000
				,"percent": 23.85
				}
			,{
				"<=msec": 30.000
				,"percent": 27.13
				}
			,{
				"<=msec": 31.000
				,"percent": 31.48
				}
			,{
				"<=msec": 32.000
				,"percent": 36.71
				}
			,{
				"<=msec": 33.000
				,"percent": 43.13
				}
			,{
				"<=msec": 34.000
				,"percent": 49.38
				}
			,{
				"<=msec": 35.000
				,"percent": 54.51
				}
			,{
				"<=msec": 36.000
				,"percent": 59.05
				}
			,{
				"<=msec": 37.000
				,"percent": 63.06
				}
			,{
				"<=msec": 38.000
				,"percent": 66.87
				}
			,{
				"<=msec": 39.000
				,"percent": 70.88
				}
			,{
				"<=msec": 40.000
				,"percent": 74.94
				}
			,{
				"<=msec": 41.000
				,"percent": 78.62
				}
			,{
				"<=msec": 42.000
				,"percent": 81.65
				}
			,{
				"<=msec": 43.000
				,"percent": 83.91
				}
			,{
				"<=msec": 44.000
				,"percent": 85.93
				}
			,{
				"<=msec": 45.000
				,"percent": 87.45
				}
			,{
				"<=msec": 46.000
				,"percent": 88.74
				}
			,{
				"<=msec": 47.000
				,"percent": 89.98
				}
			,{
				"<=msec": 48.000
				,"percent": 91.07
				}
			,{
				"<=msec": 49.000
				,"percent": 92.03
				}
			,{
				"<=msec": 50.000
				,"percent": 92.85
				}
			,{
				"<=msec": 51.000
				,"percent": 93.60
				}
			,{
				"<=msec": 52.000
				,"percent": 94.26
				}
			,{
				"<=msec": 53.000
				,"percent": 94.88
				}
			,{
				"<=msec": 54.000
				,"percent": 95.42
				}
			,{
				"<=msec": 55.000
				,"percent": 95.84
				}
			,{
				"<=msec": 56.000
				,"percent": 96.20
				}
			,{
				"<=msec": 57.000
				,"percent": 96.57
				}
			,{
				"<=msec": 58.000
				,"percent": 96.91
				}
			,{
				"<=msec": 59.000
				,"percent": 97.22
				}
			,{
				"<=msec": 60.000
				,"percent": 97.52
				}
			,{
				"<=msec": 61.000
				,"percent": 97.78
				}
			,{
				"<=msec": 62.000
				,"percent": 97.99
				}
			,{
				"<=msec": 63.000
				,"percent": 98.20
				}
			,{
				"<=msec": 64.000
				,"percent": 98.33
				}
			,{
				"<=msec": 65.000
				,"percent": 98.50
				}
			,{
				"<=msec": 66.000
				,"percent": 98.70
				}
			,{
				"<=msec": 67.000
				,"percent": 98.85
				}
			,{
				"<=msec": 68.000
				,"percent": 98.97
				}
			,{
				"<=msec": 69.000
				,"percent": 99.06
				}
			,{
				"<=msec": 70.000
				,"percent": 99.18
				}
			,{
				"<=msec": 71.000
				,"percent": 99.31
				}
			,{
				"<=msec": 72.000
				,"percent": 99.42
				}
			,{
				"<=msec": 73.000
				,"percent": 99.50
				}
			,{
				"<=msec": 74.000
				,"percent": 99.55
				}
			,{
				"<=msec": 75.000
				,"percent": 99.59
				}
			,{
				"<=msec": 76.000
				,"percent": 99.61
				}
			,{
				"<=msec": 77.000
				,"percent": 99.63
				}
			,{
				"<=msec": 78.000
				,"percent": 99.66
				}
			,{
				"<=msec": 79.000
				,"percent": 99.70
				}
			,{
				"<=msec": 80.000
				,"percent": 99.71
				}
			,{
				"<=msec": 81.000
				,"percent": 99.74
				}
			,{
				"<=msec": 82.000
				,"percent": 99.76
				}
			,{
				"<=msec": 83.000
				,"percent": 99.77
				}
			,{
				"<=msec": 84.000
				,"percent": 99.78
				}
			,{
				"<=msec": 85.000
				,"percent": 99.79
				}
			,{
				"<=msec": 86.000
				,"percent": 99.80
				}
			,{
				"<=msec": 87.000
				,"percent": 99.80
				}
			,{
				"<=msec": 88.000
				,"percent": 99.81
				}
			,{
				"<=msec": 89.000
				,"percent": 99.81
				}
			,{
				"<=msec": 90.000
				,"percent": 99.82
				}
			,{
				"<=msec": 91.000
				,"percent": 99.82
				}
			,{
				"<=msec": 92.000
				,"percent": 99.83
				}
			,{
				"<=msec": 93.000
				,"percent": 99.84
				}
			,{
				"<=msec": 98.000
				,"percent": 99.84
				}
			,{
				"<=msec": 99.000
				,"percent": 99.85
				}
			,{
				"<=msec": 110.000
				,"percent": 99.85
				}
			,{
				"<=msec": 160.000
				,"percent": 99.86
				}
			,{
				"<=msec": 170.000
				,"percent": 99.90
				}
			,{
				"<=msec": 180.000
				,"percent": 99.91
				}
			,{
				"<=msec": 260.000
				,"percent": 99.96
				}
			,{
				"<=msec": 290.000
				,"percent": 99.97
				}
			,{
				"<=msec": 350.000
				,"percent": 99.97
				}
			,{
				"<=msec": 360.000
				,"percent": 100.00
				}
			]
		,"WAIT":[
		]
		}
	}
