{
	"configuration":{
		"server": "10.0.0.8"
		,"port": 6379
		,"unix socket": "(null)"
		,"protocol": "memcache_text"
		,"out_file": "(null)"
		,"client_stats": "(null)"
		,"run_count": 1
		,"debug": 0
		,"requests": 0
		,"clients": 32
		,"threads": 1
		,"test_time": 75
		,"ratio": "1:1"
		,"pipeline": 1
		,"data_size": 1024
		,"data_offset": 0
		,"random_data": "false"
		,"data_size_range": "0:0"
		,"data_size_list": ""
		,"data_size_pattern": "R"
		,"expiry_range": "9999:10000"
		,"data_import": "(null)"
		,"data_verify": "false"
		,"verify_only": "false"
		,"generate_keys": "false"
		,"key_prefix": "memtier-"
		,"key_minimum":           0
		,"key_maximum":       10000
		,"key_pattern": "R:R"
		,"key_stddev": 0.000000
		,"key_median": 0.000000
		,"reconnect_interval": 0
		,"multi_key_get": 0
		,"authenticate": ""
		,"select-db": 0
		,"no-expiry": "false"
		,"wait-ratio": "0:0"
		,"num-slaves": "0:0"
		,"wait-timeout": "0-0"
		}
	,"run information":{
		"Threads": 1
		,"Connections per thread": 32
		,"Seconds": 75
		}
	,"ALL STATS":{
		"Sets":{
			"Ops/sec": 421.40
			,"Hits/sec": 0.00
			,"Misses/sec": 0.00
			,"Latency": 38.88
			,"KB/sec": 438.03
			}
		,"Gets":{
			"Ops/sec": 421.22
			,"Hits/sec": 421.22
			,"Misses/sec": 0.00
			,"Latency": 37.06
			,"KB/sec": 442.53
			}
		,"Waits":{
			"Ops/sec": 0.00
			,"Hits/sec": 0.00
			,"Misses/sec": 0.00
			,"Latency": 0.00
			,"KB/sec": 0.00
			}
		,"Totals":{
			"Ops/sec": 842.62
			,"Hits/sec": 421.22
			,"Misses/sec": 0.00
			,"Latency": 37.97
			,"KB/sec": 880.56
			}
		,"SET":[
			{
				"<=msec": 4.500
				,"percent": 0.00
				}
			,{
				"<=msec": 4.700
				,"percent": 0.02
				}
			,{
				"<=msec": 4.800
				,"percent": 0.03
				}
			,{
				"<=msec": 4.900
				,"percent": 0.04
				}
			,{
				"<=msec": 5.000
				,"percent": 0.06
				}
			,{
				"<=msec": 5.100
				,"percent": 0.06
				}
			,{
				"<=msec": 5.200
				,"percent": 0.07
				}
			,{
				"<=msec": 5.300
				,"percent": 0.08
				}
			,{
				"<=msec": 5.400
				,"percent": 0.08
				}
			,{
				"<=msec": 5.500
				,"percent": 0.09
				}
			,{
				"<=msec": 5.600
				,"percent": 0.09
				}
			,{
				"<=msec": 5.700
				,"percent": 0.10
				}
			,{
				"<=msec": 5.800
				,"percent": 0.11
				}
			,{
				"<=msec": 5.900
				,"percent": 0.12
				}
			,{
				"<=msec": 6.000
				,"percent": 0.12
				}
			,{
				"<=msec": 6.100
				,"percent": 0.13
				}
			,{
				"<=msec": 6.200
				,"percent": 0.14
				}
			,{
				"<=msec": 6.300
				,"percent": 0.15
				}
			,{
				"<=msec": 6.400
				,"percent": 0.15
				}
			,{
				"<=msec": 6.500
				,"percent": 0.17
				}
			,{
				"<=msec": 6.600
				,"percent": 0.18
				}
			,{
				"<=msec": 6.700
				,"percent": 0.20
				}
			,{
				"<=msec": 6.800
				,"percent": 0.21
				}
			,{
				"<=msec": 6.900
				,"percent": 0.23
				}
			,{
				"<=msec": 7.000
				,"percent": 0.23
				}
			,{
				"<=msec": 7.100
				,"percent": 0.24
				}
			,{
				"<=msec": 7.200
				,"percent": 0.26
				}
			,{
				"<=msec": 7.300
				,"percent": 0.27
				}
			,{
				"<=msec": 7.400
				,"percent": 0.27
				}
			,{
				"<=msec": 7.500
				,"percent": 0.28
				}
			,{
				"<=msec": 7.700
				,"percent": 0.28
				}
			,{
				"<=msec": 7.800
				,"percent": 0.28
				}
			,{
				"<=msec": 7.900
				,"percent": 0.29
				}
			,{
				"<=msec": 8.000
				,"percent": 0.29
				}
			,{
				"<=msec": 8.100
				,"percent": 0.30
				}
			,{
				"<=msec": 8.200
				,"percent": 0.31
				}
			,{
				"<=msec": 8.300
				,"percent": 0.31
				}
			,{
				"<=msec": 8.400
				,"percent": 0.32
				}
			,{
				"<=msec": 8.500
				,"percent": 0.33
				}
			,{
				"<=msec": 8.600
				,"percent": 0.34
				}
			,{
				"<=msec": 8.700
				,"percent": 0.35
				}
			,{
				"<=msec": 8.800
				,"percent": 0.36
				}
			,{
				"<=msec": 8.900
				,"percent": 0.39
				}
			,{
				"<=msec": 9.000
				,"percent": 0.42
				}
			,{
				"<=msec": 9.100
				,"percent": 0.43
				}
			,{
				"<=msec": 9.200
				,"percent": 0.45
				}
			,{
				"<=msec": 9.300
				,"percent": 0.47
				}
			,{
				"<=msec": 9.400
				,"percent": 0.50
				}
			,{
				"<=msec": 9.500
				,"percent": 0.53
				}
			,{
				"<=msec": 9.600
				,"percent": 0.55
				}
			,{
				"<=msec": 9.700
				,"percent": 0.57
				}
			,{
				"<=msec": 9.800
				,"percent": 0.59
				}
			,{
				"<=msec": 9.900
				,"percent": 0.63
				}
			,{
				"<=msec": 10.000
				,"percent": 0.81
				}
			,{
				"<=msec": 11.000
				,"percent": 1.19
				}
			,{
				"<=msec": 12.000
				,"percent": 1.64
				}
			,{
				"<=msec": 13.000
				,"percent": 2.05
				}
			,{
				"<=msec": 14.000
				,"percent": 2.42
				}
			,{
				"<=msec": 15.000
				,"percent": 2.70
				}
			,{
				"<=msec": 16.000
				,"percent": 3.06
				}
			,{
				"<=msec": 17.000
				,"percent": 3.40
				}
			,{
				"<=msec": 18.000
				,"percent": 3.79
				}
			,{
				"<=msec": 19.000
				,"percent": 4.61
				}
			,{
				"<=msec": 20.000
				,"percent": 5.35
				}
			,{
				"<=msec": 21.000
				,"percent": 5.98
				}
			,{
				"<=msec": 22.000
				,"percent": 6.67
				}
			,{
				"<=msec": 23.000
				,"percent": 7.34
				}
			,{
				"<=msec": 24.000
				,"percent": 8.08
				}
			,{
				"<=msec": 25.000
				,"percent": 9.20
				}
			,{
				"<=msec": 26.000
				,"percent": 10.63
				}
			,{
				"<=msec": 27.000
				,"percent": 12.24
				}
			,{
				"<=msec": 28.000
				,"percent": 13.86
				}
			,{
				"<=msec": 29.000
				,"percent": 15.49
				}
			,{
				"<=msec": 30.000
				,"percent": 17.41
				}
			,{
				"<=msec": 31.000
				,"percent": 20.24
				}
			,{
				"<=msec": 32.000
				,"percent": 23.94
				}
			,{
				"<=msec": 33.000
				,"percent": 28.42
				}
			,{
				"<=msec": 34.000
				,"percent": 33.31
				}
			,{
				"<=msec": 35.000
				,"percent": 38.21
				}
			,{
				"<=msec": 36.000
				,"percent": 42.65
				}
			,{
				"<=msec": 37.000
				,"percent": 46.76
				}
			,{
				"<=msec": 38.000
				,"percent": 51.39
				}
			,{
				"<=msec": 39.000
				,"percent": 56.31
				}
			,{
				"<=msec": 40.000
				,"percent": 61.41
				}
			,{
				"<=msec": 41.000
				,"percent": 66.53
				}
			,{
				"<=msec": 42.000
				,"percent": 70.86
				}
			,{
				"<=msec": 43.000
				,"percent": 74.30
				}
			,{
				"<=msec": 44.000
				,"percent": 77.44
				}
			,{
				"<=msec": 45.000
				,"percent": 79.93
				}
			,{
				"<=msec": 46.000
				,"percent": 82.09
				}
			,{
				"<=msec": 47.000
				,"percent": 84.21
				}
			,{
				"<=msec": 48.000
				,"percent": 85.99
				}
			,{
				"<=msec": 49.000
				,"percent": 87.59
				}
			,{
				"<=msec": 50.000
				,"percent": 88.80
				}
			,{
				"<=msec": 51.000
				,"percent": 90.03
				}
			,{
				"<=msec": 52.000
				,"percent": 91.09
				}
			,{
				"<=msec": 53.000
				,"percent": 92.03
				}
			,{
				"<=msec": 54.000
				,"percent": 92.85
				}
			,{
				"<=msec": 55.000
				,"percent": 93.52
				}
			,{
				"<=msec": 56.000
				,"percent": 94.20
				}
			,{
				"<=msec": 57.000
				,"percent": 94.72
				}
			,{
				"<=msec": 58.000
				,"percent": 95.29
				}
			,{
				"<=msec": 59.000
				,"percent": 95.77
				}
			,{
				"<=msec": 60.000
				,"percent": 96.18
				}
			,{
				"<=msec": 61.000
				,"percent": 96.56
				}
			,{
				"<=msec": 62.000
				,"percent": 96.84
				}
			,{
				"<=msec": 63.000
				,"percent": 97.14
				}
			,{
				"<=msec": 64.000
				,"percent": 97.40
				}
			,{
				"<=msec": 65.000
				,"percent": 97.65
				}
			,{
				"<=msec": 66.000
				,"percent": 97.88
				}
			,{
				"<=msec": 67.000
				,"percent": 98.12
				}
			,{
				"<=msec": 68.000
				,"percent": 98.32
				}
			,{
				"<=msec": 69.000
				,"percent": 98.48
				}
			,{
				"<=msec": 70.000
				,"percent": 98.67
				}
			,{
				"<=msec": 71.000
				,"percent": 98.80
				}
			,{
				"<=msec": 72.000
				,"percent": 98.92
				}
			,{
				"<=msec": 73.000
				,"percent": 99.05
				}
			,{
				"<=msec": 74.000
				,"percent": 99.17
				}
			,{
				"<=msec": 75.000
				,"percent": 99.26
				}
			,{
				"<=msec": 76.000
				,"percent": 99.32
				}
			,{
				"<=msec": 77.000
				,"percent": 99.37
				}
			,{
				"<=msec": 78.000
				,"percent": 99.46
				}
			,{
				"<=msec": 79.000
				,"percent": 99.51
				}
			,{
				"<=msec": 80.000
				,"percent": 99.55
				}
			,{
				"<=msec": 81.000
				,"percent": 99.59
				}
			,{
				"<=msec": 82.000
				,"percent": 99.62
				}
			,{
				"<=msec": 83.000
				,"percent": 99.65
				}
			,{
				"<=msec": 84.000
				,"percent": 99.66
				}
			,{
				"<=msec": 85.000
				,"percent": 99.68
				}
			,{
				"<=msec": 86.000
				,"percent": 99.69
				}
			,{
				"<=msec": 87.000
				,"percent": 99.70
				}
			,{
				"<=msec": 88.000
				,"percent": 99.72
				}
			,{
				"<=msec": 89.000
				,"percent": 99.72
				}
			,{
				"<=msec": 90.000
				,"percent": 99.73
				}
			,{
				"<=msec": 91.000
				,"percent": 99.73
				}
			,{
				"<=msec": 92.000
				,"percent": 99.74
				}
			,{
				"<=msec": 93.000
				,"percent": 99.75
				}
			,{
				"<=msec": 95.000
				,"percent": 99.76
				}
			,{
				"<=msec": 96.000
				,"percent": 99.76
				}
			,{
				"<=msec": 97.000
				,"percent": 99.76
				}
			,{
				"<=msec": 98.000
				,"percent": 99.78
				}
			,{
				"<=msec": 99.000
				,"percent": 99.78
				}
			,{
				"<=msec": 100.000
				,"percent": 99.79
				}
			,{
				"<=msec": 110.000
				,"percent": 99.80
				}
			,{
				"<=msec": 140.000
				,"percent": 99.80
				}
			,{
				"<=msec": 150.000
				,"percent": 99.84
				}
			,{
				"<=msec": 160.000
				,"percent": 99.85
				}
			,{
				"<=msec": 170.000
				,"percent": 99.87
				}
			,{
				"<=msec": 180.000
				,"percent": 99.90
				}
			,{
				"<=msec": 190.000
				,"percent": 99.90
				}
			,{
				"<=msec": 250.000
				,"percent": 99.91
				}
			,{
				"<=msec": 260.000
				,"percent": 99.94
				}
			,{
				"<=msec": 270.000
				,"percent": 99.95
				}
			,{
				"<=msec": 290.000
				,"percent": 99.96
				}
			,{
				"<=msec": 350.000
				,"percent": 99.96
				}
			,{
				"<=msec": 360.000
				,"percent": 100.00
				}
			,{
				"<=msec": 370.000
				,"percent": 100.00
				}
			]
		,"GET":[
			{
				"<=msec": 4.100
				,"percent": 0.00
				}
			,{
				"<=msec": 4.200
				,"percent": 0.01
				}
			,{
				"<=msec": 4.300
				,"percent": 0.02
				}
			,{
				"<=msec": 4.400
				,"percent": 0.03
				}
			,{
				"<=msec": 4.500
				,"percent": 0.03
				}
			,{
				"<=msec": 4.600
				,"percent": 0.07
				}
			,{
				"<=msec": 4.700
				,"percent": 0.09
				}
			,{
				"<=msec": 4.800
				,"percent": 0.11
				}
			,{
				"<=msec": 4.900
				,"percent": 0.13
				}
			,{
				"<=msec": 5.000
				,"percent": 0.16
				}
			,{
				"<=msec": 5.100
				,"percent": 0.17
				}
			,{
				"<=msec": 5.200
				,"percent": 0.19
				}
			,{
				"<=msec": 5.300
				,"percent": 0.21
				}
			,{
				"<=msec": 5.400
				,"percent": 0.22
				}
			,{
				"<=msec": 5.500
				,"percent": 0.24
				}
			,{
				"<=msec": 5.600
				,"percent": 0.24
				}
			,{
				"<=msec": 5.700
				,"percent": 0.26
				}
			,{
				"<=msec": 5.800
				,"percent": 0.28
				}
			,{
				"<=msec": 5.900
				,"percent": 0.28
				}
			,{
				"<=msec": 6.000
				,"percent": 0.28
				}
			,{
				"<=msec": 6.100
				,"percent": 0.31
				}
			,{
				"<=msec": 6.200
				,"percent": 0.33
				}
			,{
				"<=msec": 6.300
				,"percent": 0.34
				}
			,{
				"<=msec": 6.400
				,"percent": 0.36
				}
			,{
				"<=msec": 6.500
				,"percent": 0.37
				}
			,{
				"<=msec": 6.600
				,"percent": 0.40
				}
			,{
				"<=msec": 6.700
				,"percent": 0.41
				}
			,{
				"<=msec": 6.800
				,"percent": 0.43
				}
			,{
				"<=msec": 6.900
				,"percent": 0.45
				}
			,{
				"<=msec": 7.000
				,"percent": 0.47
				}
			,{
				"<=msec": 7.100
				,"percent": 0.51
				}
			,{
				"<=msec": 7.200
				,"percent": 0.52
				}
			,{
				"<=msec": 7.300
				,"percent": 0.53
				}
			,{
				"<=msec": 7.400
				,"percent": 0.55
				}
			,{
				"<=msec": 7.500
				,"percent": 0.56
				}
			,{
				"<=msec": 7.600
				,"percent": 0.57
				}
			,{
				"<=msec": 7.700
				,"percent": 0.59
				}
			,{
				"<=msec": 7.800
				,"percent": 0.60
				}
			,{
				"<=msec": 7.900
				,"percent": 0.61
				}
			,{
				"<=msec": 8.000
				,"percent": 0.63
				}
			,{
				"<=msec": 8.100
				,"percent": 0.63
				}
			,{
				"<=msec": 8.200
				,"percent": 0.64
				}
			,{
				"<=msec": 8.300
				,"percent": 0.65
				}
			,{
				"<=msec": 8.400
				,"percent": 0.67
				}
			,{
				"<=msec": 8.500
				,"percent": 0.68
				}
			,{
				"<=msec": 8.600
				,"percent": 0.69
				}
			,{
				"<=msec": 8.700
				,"percent": 0.70
				}
			,{
				"<=msec": 8.800
				,"percent": 0.72
				}
			,{
				"<=msec": 8.900
				,"percent": 0.74
				}
			,{
				"<=msec": 9.000
				,"percent": 0.76
				}
			,{
				"<=msec": 9.100
				,"percent": 0.79
				}
			,{
				"<=msec": 9.200
				,"percent": 0.81
				}
			,{
				"<=msec": 9.300
				,"percent": 0.85
				}
			,{
				"<=msec": 9.400
				,"percent": 0.87
				}
			,{
				"<=msec": 9.500
				,"percent": 0.90
				}
			,{
				"<=msec": 9.600
				,"percent": 0.94
				}
			,{
				"<=msec": 9.700
				,"percent": 0.97
				}
			,{
				"<=msec": 9.800
				,"percent": 1.02
				}
			,{
				"<=msec": 9.900
				,"percent": 1.05
				}
			,{
				"<=msec": 10.000
				,"percent": 1.21
				}
			,{
				"<=msec": 11.000
				,"percent": 1.68
				}
			,{
				"<=msec": 12.000
				,"percent": 2.25
				}
			,{
				"<=msec": 13.000
				,"percent": 2.80
				}
			,{
				"<=msec": 14.000
				,"percent": 3.38
				}
			,{
				"<=msec": 15.000
				,"percent": 3.84
				}
			,{
				"<=msec": 16.000
				,"percent": 4.17
				}
			,{
				"<=msec": 17.000
				,"percent": 4.60
				}
			,{
				"<=msec": 18.000
				,"percent": 4.99
				}
			,{
				"<=msec": 19.000
				,"percent": 5.63
				}
			,{
				"<=msec": 20.000
				,"percent": 6.41
				}
			,{
				"<=msec": 21.000
				,"percent": 7.05
				}
			,{
				"<=msec": 22.000
				,"percent": 7.76
				}
			,{
				"<=msec": 23.000
				,"percent": 8.67
				}
			,{
				"<=msec": 24.000
				,"percent": 9.75
				}
			,{
				"<=msec": 25.000
				,"percent": 11.23
				}
			,{
				"<=msec": 26.000
				,"percent": 13.34
				}
			,{
				"<=msec": 27.000
				,"percent": 15.72
				}
			,{
				"<=msec": 28.000
				,"percent": 17.84
				}
			,{
				"<=msec": 29.000
				,"percent": 20.15
				}
			,{
				"<=msec": 30.000
				,"percent": 22.71
				}
			,{
				"<=msec": 31.000
				,"percent": 25.95
				}
			,{
				"<=msec": 32.000
				,"percent": 30.35
				}
			,{
				"<=msec": 33.000
				,"percent": 35.74
				}
			,{
				"<=msec": 34.000
				,"percent": 41.53
				}
			,{
				"<=msec": 35.000
				,"percent": 47.14
				}
			,{
				"<=msec": 36.000
				,"percent": 51.82
				}
			,{
				"<=msec": 37.000
				,"percent": 56.03
				}
			,{
				"<=msec": 38.000
				,"percent": 60.20
				}
			,{
				"<=msec": 39.000
				,"percent": 64.69
				}
			,{
				"<=msec": 40.000
				,"percent": 69.46
				}
			,{
				"<=msec": 41.000
				,"percent": 73.57
				}
			,{
				"<=msec": 42.000
				,"percent": 77.12
				}
			,{
				"<=msec": 43.000
				,"percent": 80.18
				}
			,{
				"<=msec": 44.000
				,"percent": 82.77
				}
			,{
				"<=msec": 45.000
				,"percent": 84.82
				}
			,{
				"<=msec": 46.000
				,"percent": 86.57
				}
			,{
				"<=msec": 47.000
				,"percent": 87.93
				}
			,{
				"<=msec": 48.000
				,"percent": 89.26
				}
			,{
				"<=msec": 49.000
				,"percent": 90.42
				}
			,{
				"<=msec": 50.000
				,"percent": 91.26
				}
			,{
				"<=msec": 51.000
				,"percent": 92.06
				}
			,{
				"<=msec": 52.000
				,"percent": 92.86
				}
			,{
				"<=msec": 53.000
				,"percent": 93.59
				}
			,{
				"<=msec": 54.000
				,"percent": 94.24
				}
			,{
				"<=msec": 55.000
				,"percent": 94.83
				}
			,{
				"<=msec": 56.000
				,"percent": 95.28
				}
			,{
				"<=msec": 57.000
				,"percent": 95.65
				}
			,{
				"<=msec": 58.000
				,"percent": 96.11
				}
			,{
				"<=msec": 59.000
				,"percent": 96.46
				}
			,{
				"<=msec": 60.000
				,"percent": 96.81
				}
			,{
				"<=msec": 61.000
				,"percent": 97.11
				}
			,{
				"<=msec": 62.000
				,"percent": 97.37
				}
			,{
				"<=msec": 63.000
				,"percent": 97.61
				}
			,{
				"<=msec": 64.000
				,"percent": 97.81
				}
			,{
				"<=msec": 65.000
				,"percent": 98.02
				}
			,{
				"<=msec": 66.000
				,"percent": 98.23
				}
			,{
				"<=msec": 67.000
				,"percent": 98.41
				}
			,{
				"<=msec": 68.000
				,"percent": 98.63
				}
			,{
				"<=msec": 69.000
				,"percent": 98.78
				}
			,{
				"<=msec": 70.000
				,"percent": 98.91
				}
			,{
				"<=msec": 71.000
				,"percent": 99.04
				}
			,{
				"<=msec": 72.000
				,"percent": 99.16
				}
			,{
				"<=msec": 73.000
				,"percent": 99.25
				}
			,{
				"<=msec": 74.000
				,"percent": 99.33
				}
			,{
				"<=msec": 75.000
				,"percent": 99.39
				}
			,{
				"<=msec": 76.000
				,"percent": 99.43
				}
			,{
				"<=msec": 77.000
				,"percent": 99.49
				}
			,{
				"<=msec": 78.000
				,"percent": 99.53
				}
			,{
				"<=msec": 79.000
				,"percent": 99.56
				}
			,{
				"<=msec": 80.000
				,"percent": 99.60
				}
			,{
				"<=msec": 81.000
				,"percent": 99.63
				}
			,{
				"<=msec": 82.000
				,"percent": 99.66
				}
			,{
				"<=msec": 83.000
				,"percent": 99.69
				}
			,{
				"<=msec": 84.000
				,"percent": 99.70
				}
			,{
				"<=msec": 85.000
				,"percent": 99.71
				}
			,{
				"<=msec": 86.000
				,"percent": 99.73
				}
			,{
				"<=msec": 87.000
				,"percent": 99.74
				}
			,{
				"<=msec": 88.000
				,"percent": 99.74
				}
			,{
				"<=msec": 89.000
				,"percent": 99.75
				}
			,{
				"<=msec": 90.000
				,"percent": 99.75
				}
			,{
				"<=msec": 91.000
				,"percent": 99.76
				}
			,{
				"<=msec": 94.000
				,"percent": 99.76
				}
			,{
				"<=msec": 96.000
				,"percent": 99.77
				}
			,{
				"<=msec": 97.000
				,"percent": 99.77
				}
			,{
				"<=msec": 99.000
				,"percent": 99.77
				}
			,{
				"<=msec": 100.000
				,"percent": 99.78
				}
			,{
				"<=msec": 110.000
				,"percent": 99.79
				}
			,{
				"<=msec": 140.000
				,"percent": 99.79
				}
			,{
				"<=msec": 150.000
				,"percent": 99.84
				}
			,{
				"<=msec": 160.000
				,"percent": 99.85
				}
			,{
				"<=msec": 170.000
				,"percent": 99.88
				}
			,{
				"<=msec": 180.000
				,"percent": 99.90
				}
			,{
				"<=msec": 250.000
				,"percent": 99.90
				}
			,{
				"<=msec": 260.000
				,"percent": 99.95
				}
			,{
				"<=msec": 270.000
				,"percent": 99.95
				}
			,{
				"<=msec": 280.000
				,"percent": 99.96
				}
			,{
				"<=msec": 300.000
				,"percent": 99.96
				}
			,{
				"<=msec": 350.000
				,"percent": 99.96
				}
			,{
				"<=msec": 360.000
				,"percent": 99.99
				}
			,{
				"<=msec": 370.000
				,"percent": 100.00
				}
			]
		,"WAIT":[
		]
		}
	}
