{
	"configuration":{
		"server": "10.0.0.8"
		,"port": 6379
		,"unix socket": "(null)"
		,"protocol": "memcache_text"
		,"out_file": "(null)"
		,"client_stats": "(null)"
		,"run_count": 1
		,"debug": 0
		,"requests": 0
		,"clients": 32
		,"threads": 1
		,"test_time": 75
		,"ratio": "1:1"
		,"pipeline": 1
		,"data_size": 1024
		,"data_offset": 0
		,"random_data": "false"
		,"data_size_range": "0:0"
		,"data_size_list": ""
		,"data_size_pattern": "R"
		,"expiry_range": "9999:10000"
		,"data_import": "(null)"
		,"data_verify": "false"
		,"verify_only": "false"
		,"generate_keys": "false"
		,"key_prefix": "memtier-"
		,"key_minimum":           0
		,"key_maximum":       10000
		,"key_pattern": "R:R"
		,"key_stddev": 0.000000
		,"key_median": 0.000000
		,"reconnect_interval": 0
		,"multi_key_get": 0
		,"authenticate": ""
		,"select-db": 0
		,"no-expiry": "false"
		,"wait-ratio": "0:0"
		,"num-slaves": "0:0"
		,"wait-timeout": "0-0"
		}
	,"run information":{
		"Threads": 1
		,"Connections per thread": 32
		,"Seconds": 75
		}
	,"ALL STATS":{
		"Sets":{
			"Ops/sec": 431.51
			,"Hits/sec": 0.00
			,"Misses/sec": 0.00
			,"Latency": 38.20
			,"KB/sec": 448.53
			}
		,"Gets":{
			"Ops/sec": 431.28
			,"Hits/sec": 431.28
			,"Misses/sec": 0.00
			,"Latency": 35.97
			,"KB/sec": 453.10
			}
		,"Waits":{
			"Ops/sec": 0.00
			,"Hits/sec": 0.00
			,"Misses/sec": 0.00
			,"Latency": 0.00
			,"KB/sec": 0.00
			}
		,"Totals":{
			"Ops/sec": 862.78
			,"Hits/sec": 431.28
			,"Misses/sec": 0.00
			,"Latency": 37.08
			,"KB/sec": 901.63
			}
		,"SET":[
			{
				"<=msec": 4.400
				,"percent": 0.00
				}
			,{
				"<=msec": 4.500
				,"percent": 0.01
				}
			,{
				"<=msec": 4.700
				,"percent": 0.01
				}
			,{
				"<=msec": 4.800
				,"percent": 0.03
				}
			,{
				"<=msec": 4.900
				,"percent": 0.03
				}
			,{
				"<=msec": 5.000
				,"percent": 0.04
				}
			,{
				"<=msec": 5.100
				,"percent": 0.04
				}
			,{
				"<=msec": 5.200
				,"percent": 0.05
				}
			,{
				"<=msec": 5.300
				,"percent": 0.06
				}
			,{
				"<=msec": 5.400
				,"percent": 0.06
				}
			,{
				"<=msec": 5.500
				,"percent": 0.07
				}
			,{
				"<=msec": 5.600
				,"percent": 0.07
				}
			,{
				"<=msec": 5.700
				,"percent": 0.08
				}
			,{
				"<=msec": 5.800
				,"percent": 0.09
				}
			,{
				"<=msec": 5.900
				,"percent": 0.09
				}
			,{
				"<=msec": 6.000
				,"percent": 0.10
				}
			,{
				"<=msec": 6.100
				,"percent": 0.11
				}
			,{
				"<=msec": 6.200
				,"percent": 0.12
				}
			,{
				"<=msec": 6.300
				,"percent": 0.14
				}
			,{
				"<=msec": 6.500
				,"percent": 0.14
				}
			,{
				"<=msec": 6.700
				,"percent": 0.15
				}
			,{
				"<=msec": 6.800
				,"percent": 0.15
				}
			,{
				"<=msec": 6.900
				,"percent": 0.16
				}
			,{
				"<=msec": 7.000
				,"percent": 0.18
				}
			,{
				"<=msec": 7.100
				,"percent": 0.19
				}
			,{
				"<=msec": 7.200
				,"percent": 0.19
				}
			,{
				"<=msec": 7.400
				,"percent": 0.21
				}
			,{
				"<=msec": 7.500
				,"percent": 0.23
				}
			,{
				"<=msec": 7.600
				,"percent": 0.23
				}
			,{
				"<=msec": 7.700
				,"percent": 0.25
				}
			,{
				"<=msec": 7.800
				,"percent": 0.26
				}
			,{
				"<=msec": 7.900
				,"percent": 0.28
				}
			,{
				"<=msec": 8.000
				,"percent": 0.30
				}
			,{
				"<=msec": 8.100
				,"percent": 0.31
				}
			,{
				"<=msec": 8.200
				,"percent": 0.34
				}
			,{
				"<=msec": 8.300
				,"percent": 0.36
				}
			,{
				"<=msec": 8.400
				,"percent": 0.39
				}
			,{
				"<=msec": 8.500
				,"percent": 0.42
				}
			,{
				"<=msec": 8.600
				,"percent": 0.48
				}
			,{
				"<=msec": 8.700
				,"percent": 0.51
				}
			,{
				"<=msec": 8.800
				,"percent": 0.53
				}
			,{
				"<=msec": 8.900
				,"percent": 0.57
				}
			,{
				"<=msec": 9.000
				,"percent": 0.59
				}
			,{
				"<=msec": 9.100
				,"percent": 0.62
				}
			,{
				"<=msec": 9.200
				,"percent": 0.65
				}
			,{
				"<=msec": 9.300
				,"percent": 0.68
				}
			,{
				"<=msec": 9.400
				,"percent": 0.74
				}
			,{
				"<=msec": 9.500
				,"percent": 0.78
				}
			,{
				"<=msec": 9.600
				,"percent": 0.81
				}
			,{
				"<=msec": 9.700
				,"percent": 0.87
				}
			,{
				"<=msec": 9.800
				,"percent": 0.91
				}
			,{
				"<=msec": 9.900
				,"percent": 0.96
				}
			,{
				"<=msec": 10.000
				,"percent": 1.24
				}
			,{
				"<=msec": 11.000
				,"percent": 1.90
				}
			,{
				"<=msec": 12.000
				,"percent": 2.55
				}
			,{
				"<=msec": 13.000
				,"percent": 3.21
				}
			,{
				"<=msec": 14.000
				,"percent": 3.67
				}
			,{
				"<=msec": 15.000
				,"percent": 4.20
				}
			,{
				"<=msec": 16.000
				,"percent": 4.60
				}
			,{
				"<=msec": 17.000
				,"percent": 5.15
				}
			,{
				"<=msec": 18.000
				,"percent": 5.63
				}
			,{
				"<=msec": 19.000
				,"percent": 6.17
				}
			,{
				"<=msec": 20.000
				,"percent": 6.73
				}
			,{
				"<=msec": 21.000
				,"percent": 7.37
				}
			,{
				"<=msec": 22.000
				,"percent": 7.88
				}
			,{
				"<=msec": 23.000
				,"percent": 8.37
				}
			,{
				"<=msec": 24.000
				,"percent": 9.00
				}
			,{
				"<=msec": 25.000
				,"percent": 10.14
				}
			,{
				"<=msec": 26.000
				,"percent": 11.67
				}
			,{
				"<=msec": 27.000
				,"percent": 13.27
				}
			,{
				"<=msec": 28.000
				,"percent": 15.03
				}
			,{
				"<=msec": 29.000
				,"percent": 16.81
				}
			,{
				"<=msec": 30.000
				,"percent": 18.84
				}
			,{
				"<=msec": 31.000
				,"percent": 21.62
				}
			,{
				"<=msec": 32.000
				,"percent": 25.83
				}
			,{
				"<=msec": 33.000
				,"percent": 30.77
				}
			,{
				"<=msec": 34.000
				,"percent": 35.93
				}
			,{
				"<=msec": 35.000
				,"percent": 40.75
				}
			,{
				"<=msec": 36.000
				,"percent": 44.98
				}
			,{
				"<=msec": 37.000
				,"percent": 49.11
				}
			,{
				"<=msec": 38.000
				,"percent": 53.50
				}
			,{
				"<=msec": 39.000
				,"percent": 58.50
				}
			,{
				"<=msec": 40.000
				,"percent": 63.51
				}
			,{
				"<=msec": 41.000
				,"percent": 68.07
				}
			,{
				"<=msec": 42.000
				,"percent": 72.00
				}
			,{
				"<=msec": 43.000
				,"percent": 75.21
				}
			,{
				"<=msec": 44.000
				,"percent": 77.85
				}
			,{
				"<=msec": 45.000
				,"percent": 80.19
				}
			,{
				"<=msec": 46.000
				,"percent": 82.33
				}
			,{
				"<=msec": 47.000
				,"percent": 84.25
				}
			,{
				"<=msec": 48.000
				,"percent": 85.95
				}
			,{
				"<=msec": 49.000
				,"percent": 87.52
				}
			,{
				"<=msec": 50.000
				,"percent": 88.71
				}
			,{
				"<=msec": 51.000
				,"percent": 89.77
				}
			,{
				"<=msec": 52.000
				,"percent": 90.74
				}
			,{
				"<=msec": 53.000
				,"percent": 91.67
				}
			,{
				"<=msec": 54.000
				,"percent": 92.47
				}
			,{
				"<=msec": 55.000
				,"percent": 93.19
				}
			,{
				"<=msec": 56.000
				,"percent": 93.69
				}
			,{
				"<=msec": 57.000
				,"percent": 94.22
				}
			,{
				"<=msec": 58.000
				,"percent": 94.74
				}
			,{
				"<=msec": 59.000
				,"percent": 95.25
				}
			,{
				"<=msec": 60.000
				,"percent": 95.70
				}
			,{
				"<=msec": 61.000
				,"percent": 96.06
				}
			,{
				"<=msec": 62.000
				,"percent": 96.56
				}
			,{
				"<=msec": 63.000
				,"percent": 96.90
				}
			,{
				"<=msec": 64.000
				,"percent": 97.16
				}
			,{
				"<=msec": 65.000
				,"percent": 97.44
				}
			,{
				"<=msec": 66.000
				,"percent": 97.65
				}
			,{
				"<=msec": 67.000
				,"percent": 97.89
				}
			,{
				"<=msec": 68.000
				,"percent": 98.17
				}
			,{
				"<=msec": 69.000
				,"percent": 98.34
				}
			,{
				"<=msec": 70.000
				,"percent": 98.56
				}
			,{
				"<=msec": 71.000
				,"percent": 98.73
				}
			,{
				"<=msec": 72.000
				,"percent": 98.85
				}
			,{
				"<=msec": 73.000
				,"percent": 99.02
				}
			,{
				"<=msec": 74.000
				,"percent": 99.15
				}
			,{
				"<=msec": 75.000
				,"percent": 99.23
				}
			,{
				"<=msec": 76.000
				,"percent": 99.30
				}
			,{
				"<=msec": 77.000
				,"percent": 99.37
				}
			,{
				"<=msec": 78.000
				,"percent": 99.43
				}
			,{
				"<=msec": 79.000
				,"percent": 99.46
				}
			,{
				"<=msec": 80.000
				,"percent": 99.48
				}
			,{
				"<=msec": 81.000
				,"percent": 99.54
				}
			,{
				"<=msec": 82.000
				,"percent": 99.56
				}
			,{
				"<=msec": 83.000
				,"percent": 99.59
				}
			,{
				"<=msec": 84.000
				,"percent": 99.61
				}
			,{
				"<=msec": 85.000
				,"percent": 99.64
				}
			,{
				"<=msec": 86.000
				,"percent": 99.68
				}
			,{
				"<=msec": 87.000
				,"percent": 99.70
				}
			,{
				"<=msec": 88.000
				,"percent": 99.71
				}
			,{
				"<=msec": 89.000
				,"percent": 99.73
				}
			,{
				"<=msec": 90.000
				,"percent": 99.76
				}
			,{
				"<=msec": 91.000
				,"percent": 99.77
				}
			,{
				"<=msec": 92.000
				,"percent": 99.78
				}
			,{
				"<=msec": 93.000
				,"percent": 99.79
				}
			,{
				"<=msec": 94.000
				,"percent": 99.81
				}
			,{
				"<=msec": 95.000
				,"percent": 99.81
				}
			,{
				"<=msec": 96.000
				,"percent": 99.82
				}
			,{
				"<=msec": 97.000
				,"percent": 99.83
				}
			,{
				"<=msec": 98.000
				,"percent": 99.84
				}
			,{
				"<=msec": 99.000
				,"percent": 99.86
				}
			,{
				"<=msec": 100.000
				,"percent": 99.88
				}
			,{
				"<=msec": 110.000
				,"percent": 99.93
				}
			,{
				"<=msec": 120.000
				,"percent": 99.95
				}
			,{
				"<=msec": 130.000
				,"percent": 99.96
				}
			,{
				"<=msec": 170.000
				,"percent": 99.98
				}
			,{
				"<=msec": 180.000
				,"percent": 100.00
				}
			]
		,"GET":[
			{
				"<=msec": 3.600
				,"percent": 0.00
				}
			,{
				"<=msec": 4.100
				,"percent": 0.01
				}
			,{
				"<=msec": 4.200
				,"percent": 0.01
				}
			,{
				"<=msec": 4.300
				,"percent": 0.02
				}
			,{
				"<=msec": 4.400
				,"percent": 0.02
				}
			,{
				"<=msec": 4.500
				,"percent": 0.04
				}
			,{
				"<=msec": 4.600
				,"percent": 0.04
				}
			,{
				"<=msec": 4.700
				,"percent": 0.05
				}
			,{
				"<=msec": 4.800
				,"percent": 0.06
				}
			,{
				"<=msec": 4.900
				,"percent": 0.08
				}
			,{
				"<=msec": 5.000
				,"percent": 0.09
				}
			,{
				"<=msec": 5.100
				,"percent": 0.11
				}
			,{
				"<=msec": 5.200
				,"percent": 0.11
				}
			,{
				"<=msec": 5.300
				,"percent": 0.14
				}
			,{
				"<=msec": 5.400
				,"percent": 0.16
				}
			,{
				"<=msec": 5.500
				,"percent": 0.17
				}
			,{
				"<=msec": 5.600
				,"percent": 0.19
				}
			,{
				"<=msec": 5.700
				,"percent": 0.20
				}
			,{
				"<=msec": 5.800
				,"percent": 0.21
				}
			,{
				"<=msec": 5.900
				,"percent": 0.23
				}
			,{
				"<=msec": 6.000
				,"percent": 0.25
				}
			,{
				"<=msec": 6.100
				,"percent": 0.25
				}
			,{
				"<=msec": 6.200
				,"percent": 0.28
				}
			,{
				"<=msec": 6.300
				,"percent": 0.29
				}
			,{
				"<=msec": 6.400
				,"percent": 0.32
				}
			,{
				"<=msec": 6.500
				,"percent": 0.33
				}
			,{
				"<=msec": 6.600
				,"percent": 0.35
				}
			,{
				"<=msec": 6.700
				,"percent": 0.37
				}
			,{
				"<=msec": 6.800
				,"percent": 0.39
				}
			,{
				"<=msec": 6.900
				,"percent": 0.40
				}
			,{
				"<=msec": 7.000
				,"percent": 0.41
				}
			,{
				"<=msec": 7.100
				,"percent": 0.43
				}
			,{
				"<=msec": 7.200
				,"percent": 0.45
				}
			,{
				"<=msec": 7.300
				,"percent": 0.47
				}
			,{
				"<=msec": 7.400
				,"percent": 0.50
				}
			,{
				"<=msec": 7.500
				,"percent": 0.54
				}
			,{
				"<=msec": 7.600
				,"percent": 0.56
				}
			,{
				"<=msec": 7.700
				,"percent": 0.60
				}
			,{
				"<=msec": 7.800
				,"percent": 0.63
				}
			,{
				"<=msec": 7.900
				,"percent": 0.67
				}
			,{
				"<=msec": 8.000
				,"percent": 0.71
				}
			,{
				"<=msec": 8.100
				,"percent": 0.74
				}
			,{
				"<=msec": 8.200
				,"percent": 0.79
				}
			,{
				"<=msec": 8.300
				,"percent": 0.82
				}
			,{
				"<=msec": 8.400
				,"percent": 0.84
				}
			,{
				"<=msec": 8.500
				,"percent": 0.90
				}
			,{
				"<=msec": 8.600
				,"percent": 0.94
				}
			,{
				"<=msec": 8.700
				,"percent": 0.99
				}
			,{
				"<=msec": 8.800
				,"percent": 1.03
				}
			,{
				"<=msec": 8.900
				,"percent": 1.08
				}
			,{
				"<=msec": 9.000
				,"percent": 1.13
				}
			,{
				"<=msec": 9.100
				,"percent": 1.17
				}
			,{
				"<=msec": 9.200
				,"percent": 1.24
				}
			,{
				"<=msec": 9.300
				,"percent": 1.29
				}
			,{
				"<=msec": 9.400
				,"percent": 1.35
				}
			,{
				"<=msec": 9.500
				,"percent": 1.40
				}
			,{
				"<=msec": 9.600
				,"percent": 1.47
				}
			,{
				"<=msec": 9.700
				,"percent": 1.53
				}
			,{
				"<=msec": 9.800
				,"percent": 1.59
				}
			,{
				"<=msec": 9.900
				,"percent": 1.66
				}
			,{
				"<=msec": 10.000
				,"percent": 2.04
				}
			,{
				"<=msec": 11.000
				,"percent": 2.75
				}
			,{
				"<=msec": 12.000
				,"percent": 3.44
				}
			,{
				"<=msec": 13.000
				,"percent": 4.07
				}
			,{
				"<=msec": 14.000
				,"percent": 4.65
				}
			,{
				"<=msec": 15.000
				,"percent": 5.17
				}
			,{
				"<=msec": 16.000
				,"percent": 5.65
				}
			,{
				"<=msec": 17.000
				,"percent": 6.04
				}
			,{
				"<=msec": 18.000
				,"percent": 6.53
				}
			,{
				"<=msec": 19.000
				,"percent": 7.05
				}
			,{
				"<=msec": 20.000
				,"percent": 7.80
				}
			,{
				"<=msec": 21.000
				,"percent": 8.42
				}
			,{
				"<=msec": 22.000
				,"percent": 8.94
				}
			,{
				"<=msec": 23.000
				,"percent": 9.62
				}
			,{
				"<=msec": 24.000
				,"percent": 10.59
				}
			,{
				"<=msec": 25.000
				,"percent": 12.40
				}
			,{
				"<=msec": 26.000
				,"percent": 14.71
				}
			,{
				"<=msec": 27.000
				,"percent": 17.39
				}
			,{
				"<=msec": 28.000
				,"percent": 20.23
				}
			,{
				"<=msec": 29.000
				,"percent": 22.80
				}
			,{
				"<=msec": 30.000
				,"percent": 25.76
				}
			,{
				"<=msec": 31.000
				,"percent": 29.39
				}
			,{
				"<=msec": 32.000
				,"percent": 34.22
				}
			,{
				"<=msec": 33.000
				,"percent": 40.22
				}
			,{
				"<=msec": 34.000
				,"percent": 46.36
				}
			,{
				"<=msec": 35.000
				,"percent": 51.87
				}
			,{
				"<=msec": 36.000
				,"percent": 56.38
				}
			,{
				"<=msec": 37.000
				,"percent": 60.38
				}
			,{
				"<=msec": 38.000
				,"percent": 64.12
				}
			,{
				"<=msec": 39.000
				,"percent": 68.40
				}
			,{
				"<=msec": 40.000
				,"percent": 72.59
				}
			,{
				"<=msec": 41.000
				,"percent": 76.39
				}
			,{
				"<=msec": 42.000
				,"percent": 79.75
				}
			,{
				"<=msec": 43.000
				,"percent": 82.40
				}
			,{
				"<=msec": 44.000
				,"percent": 84.38
				}
			,{
				"<=msec": 45.000
				,"percent": 86.03
				}
			,{
				"<=msec": 46.000
				,"percent": 87.56
				}
			,{
				"<=msec": 47.000
				,"percent": 88.92
				}
			,{
				"<=msec": 48.000
				,"percent": 89.90
				}
			,{
				"<=msec": 49.000
				,"percent": 90.88
				}
			,{
				"<=msec": 50.000
				,"percent": 91.69
				}
			,{
				"<=msec": 51.000
				,"percent": 92.38
				}
			,{
				"<=msec": 52.000
				,"percent": 93.09
				}
			,{
				"<=msec": 53.000
				,"percent": 93.71
				}
			,{
				"<=msec": 54.000
				,"percent": 94.27
				}
			,{
				"<=msec": 55.000
				,"percent": 94.78
				}
			,{
				"<=msec": 56.000
				,"percent": 95.26
				}
			,{
				"<=msec": 57.000
				,"percent": 95.67
				}
			,{
				"<=msec": 58.000
				,"percent": 96.08
				}
			,{
				"<=msec": 59.000
				,"percent": 96.50
				}
			,{
				"<=msec": 60.000
				,"percent": 96.79
				}
			,{
				"<=msec": 61.000
				,"percent": 97.09
				}
			,{
				"<=msec": 62.000
				,"percent": 97.36
				}
			,{
				"<=msec": 63.000
				,"percent": 97.64
				}
			,{
				"<=msec": 64.000
				,"percent": 97.89
				}
			,{
				"<=msec": 65.000
				,"percent": 98.10
				}
			,{
				"<=msec": 66.000
				,"percent": 98.27
				}
			,{
				"<=msec": 67.000
				,"percent": 98.41
				}
			,{
				"<=msec": 68.000
				,"percent": 98.57
				}
			,{
				"<=msec": 69.000
				,"percent": 98.74
				}
			,{
				"<=msec": 70.000
				,"percent": 98.88
				}
			,{
				"<=msec": 71.000
				,"percent": 98.99
				}
			,{
				"<=msec": 72.000
				,"percent": 99.08
				}
			,{
				"<=msec": 73.000
				,"percent": 99.15
				}
			,{
				"<=msec": 74.000
				,"percent": 99.26
				}
			,{
				"<=msec": 75.000
				,"percent": 99.36
				}
			,{
				"<=msec": 76.000
				,"percent": 99.43
				}
			,{
				"<=msec": 77.000
				,"percent": 99.47
				}
			,{
				"<=msec": 78.000
				,"percent": 99.51
				}
			,{
				"<=msec": 79.000
				,"percent": 99.54
				}
			,{
				"<=msec": 80.000
				,"percent": 99.58
				}
			,{
				"<=msec": 81.000
				,"percent": 99.60
				}
			,{
				"<=msec": 82.000
				,"percent": 99.62
				}
			,{
				"<=msec": 83.000
				,"percent": 99.66
				}
			,{
				"<=msec": 84.000
				,"percent": 99.67
				}
			,{
				"<=msec": 85.000
				,"percent": 99.69
				}
			,{
				"<=msec": 86.000
				,"percent": 99.70
				}
			,{
				"<=msec": 87.000
				,"percent": 99.72
				}
			,{
				"<=msec": 88.000
				,"percent": 99.75
				}
			,{
				"<=msec": 89.000
				,"percent": 99.76
				}
			,{
				"<=msec": 90.000
				,"percent": 99.77
				}
			,{
				"<=msec": 91.000
				,"percent": 99.78
				}
			,{
				"<=msec": 92.000
				,"percent": 99.78
				}
			,{
				"<=msec": 93.000
				,"percent": 99.79
				}
			,{
				"<=msec": 94.000
				,"percent": 99.80
				}
			,{
				"<=msec": 95.000
				,"percent": 99.80
				}
			,{
				"<=msec": 96.000
				,"percent": 99.81
				}
			,{
				"<=msec": 97.000
				,"percent": 99.81
				}
			,{
				"<=msec": 98.000
				,"percent": 99.82
				}
			,{
				"<=msec": 99.000
				,"percent": 99.83
				}
			,{
				"<=msec": 100.000
				,"percent": 99.86
				}
			,{
				"<=msec": 110.000
				,"percent": 99.91
				}
			,{
				"<=msec": 120.000
				,"percent": 99.94
				}
			,{
				"<=msec": 130.000
				,"percent": 99.94
				}
			,{
				"<=msec": 140.000
				,"percent": 99.94
				}
			,{
				"<=msec": 150.000
				,"percent": 99.95
				}
			,{
				"<=msec": 170.000
				,"percent": 99.98
				}
			,{
				"<=msec": 180.000
				,"percent": 100.00
				}
			]
		,"WAIT":[
		]
		}
	}
