{
	"configuration":{
		"server": "10.0.0.8"
		,"port": 6379
		,"unix socket": "(null)"
		,"protocol": "memcache_text"
		,"out_file": "(null)"
		,"client_stats": "(null)"
		,"run_count": 1
		,"debug": 0
		,"requests": 0
		,"clients": 32
		,"threads": 1
		,"test_time": 75
		,"ratio": "1:1"
		,"pipeline": 1
		,"data_size": 1024
		,"data_offset": 0
		,"random_data": "false"
		,"data_size_range": "0:0"
		,"data_size_list": ""
		,"data_size_pattern": "R"
		,"expiry_range": "9999:10000"
		,"data_import": "(null)"
		,"data_verify": "false"
		,"verify_only": "false"
		,"generate_keys": "false"
		,"key_prefix": "memtier-"
		,"key_minimum":           0
		,"key_maximum":       10000
		,"key_pattern": "R:R"
		,"key_stddev": 0.000000
		,"key_median": 0.000000
		,"reconnect_interval": 0
		,"multi_key_get": 0
		,"authenticate": ""
		,"select-db": 0
		,"no-expiry": "false"
		,"wait-ratio": "0:0"
		,"num-slaves": "0:0"
		,"wait-timeout": "0-0"
		}
	,"run information":{
		"Threads": 1
		,"Connections per thread": 32
		,"Seconds": 75
		}
	,"ALL STATS":{
		"Sets":{
			"Ops/sec": 427.82
			,"Hits/sec": 0.00
			,"Misses/sec": 0.00
			,"Latency": 38.56
			,"KB/sec": 444.70
			}
		,"Gets":{
			"Ops/sec": 427.60
			,"Hits/sec": 427.60
			,"Misses/sec": 0.00
			,"Latency": 36.24
			,"KB/sec": 449.23
			}
		,"Waits":{
			"Ops/sec": 0.00
			,"Hits/sec": 0.00
			,"Misses/sec": 0.00
			,"Latency": 0.00
			,"KB/sec": 0.00
			}
		,"Totals":{
			"Ops/sec": 855.42
			,"Hits/sec": 427.60
			,"Misses/sec": 0.00
			,"Latency": 37.40
			,"KB/sec": 893.93
			}
		,"SET":[
			{
				"<=msec": 4.800
				,"percent": 0.00
				}
			,{
				"<=msec": 5.000
				,"percent": 0.01
				}
			,{
				"<=msec": 5.100
				,"percent": 0.01
				}
			,{
				"<=msec": 5.200
				,"percent": 0.01
				}
			,{
				"<=msec": 5.300
				,"percent": 0.02
				}
			,{
				"<=msec": 5.500
				,"percent": 0.02
				}
			,{
				"<=msec": 6.000
				,"percent": 0.02
				}
			,{
				"<=msec": 6.300
				,"percent": 0.02
				}
			,{
				"<=msec": 7.000
				,"percent": 0.03
				}
			,{
				"<=msec": 7.300
				,"percent": 0.04
				}
			,{
				"<=msec": 7.400
				,"percent": 0.04
				}
			,{
				"<=msec": 7.500
				,"percent": 0.04
				}
			,{
				"<=msec": 7.600
				,"percent": 0.05
				}
			,{
				"<=msec": 7.700
				,"percent": 0.06
				}
			,{
				"<=msec": 7.800
				,"percent": 0.06
				}
			,{
				"<=msec": 8.000
				,"percent": 0.07
				}
			,{
				"<=msec": 8.100
				,"percent": 0.07
				}
			,{
				"<=msec": 8.300
				,"percent": 0.08
				}
			,{
				"<=msec": 8.600
				,"percent": 0.08
				}
			,{
				"<=msec": 8.900
				,"percent": 0.10
				}
			,{
				"<=msec": 9.000
				,"percent": 0.10
				}
			,{
				"<=msec": 9.100
				,"percent": 0.11
				}
			,{
				"<=msec": 9.200
				,"percent": 0.12
				}
			,{
				"<=msec": 9.400
				,"percent": 0.12
				}
			,{
				"<=msec": 9.500
				,"percent": 0.12
				}
			,{
				"<=msec": 9.600
				,"percent": 0.13
				}
			,{
				"<=msec": 9.700
				,"percent": 0.13
				}
			,{
				"<=msec": 9.800
				,"percent": 0.14
				}
			,{
				"<=msec": 10.000
				,"percent": 0.18
				}
			,{
				"<=msec": 11.000
				,"percent": 0.26
				}
			,{
				"<=msec": 12.000
				,"percent": 0.39
				}
			,{
				"<=msec": 13.000
				,"percent": 0.60
				}
			,{
				"<=msec": 14.000
				,"percent": 0.89
				}
			,{
				"<=msec": 15.000
				,"percent": 1.18
				}
			,{
				"<=msec": 16.000
				,"percent": 1.54
				}
			,{
				"<=msec": 17.000
				,"percent": 1.88
				}
			,{
				"<=msec": 18.000
				,"percent": 2.22
				}
			,{
				"<=msec": 19.000
				,"percent": 2.74
				}
			,{
				"<=msec": 20.000
				,"percent": 3.39
				}
			,{
				"<=msec": 21.000
				,"percent": 4.10
				}
			,{
				"<=msec": 22.000
				,"percent": 4.87
				}
			,{
				"<=msec": 23.000
				,"percent": 5.62
				}
			,{
				"<=msec": 24.000
				,"percent": 6.60
				}
			,{
				"<=msec": 25.000
				,"percent": 8.16
				}
			,{
				"<=msec": 26.000
				,"percent": 10.05
				}
			,{
				"<=msec": 27.000
				,"percent": 12.13
				}
			,{
				"<=msec": 28.000
				,"percent": 14.02
				}
			,{
				"<=msec": 29.000
				,"percent": 16.05
				}
			,{
				"<=msec": 30.000
				,"percent": 18.45
				}
			,{
				"<=msec": 31.000
				,"percent": 21.76
				}
			,{
				"<=msec": 32.000
				,"percent": 26.07
				}
			,{
				"<=msec": 33.000
				,"percent": 31.01
				}
			,{
				"<=msec": 34.000
				,"percent": 36.41
				}
			,{
				"<=msec": 35.000
				,"percent": 41.40
				}
			,{
				"<=msec": 36.000
				,"percent": 45.84
				}
			,{
				"<=msec": 37.000
				,"percent": 49.90
				}
			,{
				"<=msec": 38.000
				,"percent": 54.58
				}
			,{
				"<=msec": 39.000
				,"percent": 59.65
				}
			,{
				"<=msec": 40.000
				,"percent": 64.43
				}
			,{
				"<=msec": 41.000
				,"percent": 69.01
				}
			,{
				"<=msec": 42.000
				,"percent": 72.74
				}
			,{
				"<=msec": 43.000
				,"percent": 75.97
				}
			,{
				"<=msec": 44.000
				,"percent": 78.49
				}
			,{
				"<=msec": 45.000
				,"percent": 80.71
				}
			,{
				"<=msec": 46.000
				,"percent": 82.80
				}
			,{
				"<=msec": 47.000
				,"percent": 84.59
				}
			,{
				"<=msec": 48.000
				,"percent": 86.31
				}
			,{
				"<=msec": 49.000
				,"percent": 87.66
				}
			,{
				"<=msec": 50.000
				,"percent": 88.85
				}
			,{
				"<=msec": 51.000
				,"percent": 89.88
				}
			,{
				"<=msec": 52.000
				,"percent": 90.95
				}
			,{
				"<=msec": 53.000
				,"percent": 91.85
				}
			,{
				"<=msec": 54.000
				,"percent": 92.53
				}
			,{
				"<=msec": 55.000
				,"percent": 93.20
				}
			,{
				"<=msec": 56.000
				,"percent": 93.79
				}
			,{
				"<=msec": 57.000
				,"percent": 94.33
				}
			,{
				"<=msec": 58.000
				,"percent": 94.83
				}
			,{
				"<=msec": 59.000
				,"percent": 95.30
				}
			,{
				"<=msec": 60.000
				,"percent": 95.76
				}
			,{
				"<=msec": 61.000
				,"percent": 96.17
				}
			,{
				"<=msec": 62.000
				,"percent": 96.63
				}
			,{
				"<=msec": 63.000
				,"percent": 96.98
				}
			,{
				"<=msec": 64.000
				,"percent": 97.30
				}
			,{
				"<=msec": 65.000
				,"percent": 97.55
				}
			,{
				"<=msec": 66.000
				,"percent": 97.75
				}
			,{
				"<=msec": 67.000
				,"percent": 97.93
				}
			,{
				"<=msec": 68.000
				,"percent": 98.12
				}
			,{
				"<=msec": 69.000
				,"percent": 98.34
				}
			,{
				"<=msec": 70.000
				,"percent": 98.56
				}
			,{
				"<=msec": 71.000
				,"percent": 98.77
				}
			,{
				"<=msec": 72.000
				,"percent": 98.87
				}
			,{
				"<=msec": 73.000
				,"percent": 98.98
				}
			,{
				"<=msec": 74.000
				,"percent": 99.13
				}
			,{
				"<=msec": 75.000
				,"percent": 99.21
				}
			,{
				"<=msec": 76.000
				,"percent": 99.27
				}
			,{
				"<=msec": 77.000
				,"percent": 99.33
				}
			,{
				"<=msec": 78.000
				,"percent": 99.38
				}
			,{
				"<=msec": 79.000
				,"percent": 99.45
				}
			,{
				"<=msec": 80.000
				,"percent": 99.52
				}
			,{
				"<=msec": 81.000
				,"percent": 99.58
				}
			,{
				"<=msec": 82.000
				,"percent": 99.63
				}
			,{
				"<=msec": 83.000
				,"percent": 99.64
				}
			,{
				"<=msec": 84.000
				,"percent": 99.66
				}
			,{
				"<=msec": 85.000
				,"percent": 99.72
				}
			,{
				"<=msec": 86.000
				,"percent": 99.72
				}
			,{
				"<=msec": 87.000
				,"percent": 99.74
				}
			,{
				"<=msec": 88.000
				,"percent": 99.75
				}
			,{
				"<=msec": 89.000
				,"percent": 99.77
				}
			,{
				"<=msec": 90.000
				,"percent": 99.78
				}
			,{
				"<=msec": 91.000
				,"percent": 99.79
				}
			,{
				"<=msec": 92.000
				,"percent": 99.79
				}
			,{
				"<=msec": 93.000
				,"percent": 99.80
				}
			,{
				"<=msec": 94.000
				,"percent": 99.82
				}
			,{
				"<=msec": 95.000
				,"percent": 99.83
				}
			,{
				"<=msec": 97.000
				,"percent": 99.84
				}
			,{
				"<=msec": 98.000
				,"percent": 99.85
				}
			,{
				"<=msec": 99.000
				,"percent": 99.85
				}
			,{
				"<=msec": 100.000
				,"percent": 99.87
				}
			,{
				"<=msec": 110.000
				,"percent": 99.91
				}
			,{
				"<=msec": 120.000
				,"percent": 99.95
				}
			,{
				"<=msec": 130.000
				,"percent": 99.95
				}
			,{
				"<=msec": 170.000
				,"percent": 99.98
				}
			,{
				"<=msec": 180.000
				,"percent": 100.00
				}
			]
		,"GET":[
			{
				"<=msec": 4.500
				,"percent": 0.00
				}
			,{
				"<=msec": 4.600
				,"percent": 0.01
				}
			,{
				"<=msec": 4.800
				,"percent": 0.01
				}
			,{
				"<=msec": 4.900
				,"percent": 0.02
				}
			,{
				"<=msec": 5.200
				,"percent": 0.02
				}
			,{
				"<=msec": 5.700
				,"percent": 0.02
				}
			,{
				"<=msec": 5.800
				,"percent": 0.03
				}
			,{
				"<=msec": 6.000
				,"percent": 0.03
				}
			,{
				"<=msec": 6.100
				,"percent": 0.03
				}
			,{
				"<=msec": 6.200
				,"percent": 0.04
				}
			,{
				"<=msec": 6.300
				,"percent": 0.04
				}
			,{
				"<=msec": 6.400
				,"percent": 0.05
				}
			,{
				"<=msec": 6.500
				,"percent": 0.05
				}
			,{
				"<=msec": 6.900
				,"percent": 0.07
				}
			,{
				"<=msec": 7.000
				,"percent": 0.07
				}
			,{
				"<=msec": 7.100
				,"percent": 0.07
				}
			,{
				"<=msec": 7.200
				,"percent": 0.08
				}
			,{
				"<=msec": 7.300
				,"percent": 0.09
				}
			,{
				"<=msec": 7.400
				,"percent": 0.09
				}
			,{
				"<=msec": 7.500
				,"percent": 0.10
				}
			,{
				"<=msec": 7.600
				,"percent": 0.11
				}
			,{
				"<=msec": 7.700
				,"percent": 0.12
				}
			,{
				"<=msec": 7.800
				,"percent": 0.13
				}
			,{
				"<=msec": 8.100
				,"percent": 0.13
				}
			,{
				"<=msec": 8.200
				,"percent": 0.14
				}
			,{
				"<=msec": 8.300
				,"percent": 0.14
				}
			,{
				"<=msec": 8.400
				,"percent": 0.15
				}
			,{
				"<=msec": 8.600
				,"percent": 0.16
				}
			,{
				"<=msec": 8.800
				,"percent": 0.16
				}
			,{
				"<=msec": 8.900
				,"percent": 0.17
				}
			,{
				"<=msec": 9.000
				,"percent": 0.17
				}
			,{
				"<=msec": 9.100
				,"percent": 0.18
				}
			,{
				"<=msec": 9.200
				,"percent": 0.19
				}
			,{
				"<=msec": 9.300
				,"percent": 0.19
				}
			,{
				"<=msec": 9.400
				,"percent": 0.20
				}
			,{
				"<=msec": 9.500
				,"percent": 0.21
				}
			,{
				"<=msec": 9.600
				,"percent": 0.22
				}
			,{
				"<=msec": 9.700
				,"percent": 0.22
				}
			,{
				"<=msec": 9.800
				,"percent": 0.24
				}
			,{
				"<=msec": 9.900
				,"percent": 0.24
				}
			,{
				"<=msec": 10.000
				,"percent": 0.29
				}
			,{
				"<=msec": 11.000
				,"percent": 0.42
				}
			,{
				"<=msec": 12.000
				,"percent": 0.61
				}
			,{
				"<=msec": 13.000
				,"percent": 0.99
				}
			,{
				"<=msec": 14.000
				,"percent": 1.45
				}
			,{
				"<=msec": 15.000
				,"percent": 1.89
				}
			,{
				"<=msec": 16.000
				,"percent": 2.26
				}
			,{
				"<=msec": 17.000
				,"percent": 2.66
				}
			,{
				"<=msec": 18.000
				,"percent": 3.08
				}
			,{
				"<=msec": 19.000
				,"percent": 3.73
				}
			,{
				"<=msec": 20.000
				,"percent": 4.43
				}
			,{
				"<=msec": 21.000
				,"percent": 5.27
				}
			,{
				"<=msec": 22.000
				,"percent": 6.15
				}
			,{
				"<=msec": 23.000
				,"percent": 7.13
				}
			,{
				"<=msec": 24.000
				,"percent": 8.51
				}
			,{
				"<=msec": 25.000
				,"percent": 10.91
				}
			,{
				"<=msec": 26.000
				,"percent": 14.14
				}
			,{
				"<=msec": 27.000
				,"percent": 17.27
				}
			,{
				"<=msec": 28.000
				,"percent": 20.18
				}
			,{
				"<=msec": 29.000
				,"percent": 22.85
				}
			,{
				"<=msec": 30.000
				,"percent": 25.96
				}
			,{
				"<=msec": 31.000
				,"percent": 29.94
				}
			,{
				"<=msec": 32.000
				,"percent": 35.23
				}
			,{
				"<=msec": 33.000
				,"percent": 41.80
				}
			,{
				"<=msec": 34.000
				,"percent": 48.03
				}
			,{
				"<=msec": 35.000
				,"percent": 53.36
				}
			,{
				"<=msec": 36.000
				,"percent": 57.88
				}
			,{
				"<=msec": 37.000
				,"percent": 61.90
				}
			,{
				"<=msec": 38.000
				,"percent": 65.74
				}
			,{
				"<=msec": 39.000
				,"percent": 69.70
				}
			,{
				"<=msec": 40.000
				,"percent": 73.67
				}
			,{
				"<=msec": 41.000
				,"percent": 77.48
				}
			,{
				"<=msec": 42.000
				,"percent": 80.57
				}
			,{
				"<=msec": 43.000
				,"percent": 83.15
				}
			,{
				"<=msec": 44.000
				,"percent": 85.02
				}
			,{
				"<=msec": 45.000
				,"percent": 86.61
				}
			,{
				"<=msec": 46.000
				,"percent": 87.87
				}
			,{
				"<=msec": 47.000
				,"percent": 89.03
				}
			,{
				"<=msec": 48.000
				,"percent": 90.07
				}
			,{
				"<=msec": 49.000
				,"percent": 90.98
				}
			,{
				"<=msec": 50.000
				,"percent": 91.84
				}
			,{
				"<=msec": 51.000
				,"percent": 92.63
				}
			,{
				"<=msec": 52.000
				,"percent": 93.33
				}
			,{
				"<=msec": 53.000
				,"percent": 93.91
				}
			,{
				"<=msec": 54.000
				,"percent": 94.44
				}
			,{
				"<=msec": 55.000
				,"percent": 94.92
				}
			,{
				"<=msec": 56.000
				,"percent": 95.34
				}
			,{
				"<=msec": 57.000
				,"percent": 95.77
				}
			,{
				"<=msec": 58.000
				,"percent": 96.10
				}
			,{
				"<=msec": 59.000
				,"percent": 96.43
				}
			,{
				"<=msec": 60.000
				,"percent": 96.70
				}
			,{
				"<=msec": 61.000
				,"percent": 97.01
				}
			,{
				"<=msec": 62.000
				,"percent": 97.35
				}
			,{
				"<=msec": 63.000
				,"percent": 97.71
				}
			,{
				"<=msec": 64.000
				,"percent": 97.98
				}
			,{
				"<=msec": 65.000
				,"percent": 98.18
				}
			,{
				"<=msec": 66.000
				,"percent": 98.35
				}
			,{
				"<=msec": 67.000
				,"percent": 98.50
				}
			,{
				"<=msec": 68.000
				,"percent": 98.66
				}
			,{
				"<=msec": 69.000
				,"percent": 98.79
				}
			,{
				"<=msec": 70.000
				,"percent": 98.96
				}
			,{
				"<=msec": 71.000
				,"percent": 99.07
				}
			,{
				"<=msec": 72.000
				,"percent": 99.14
				}
			,{
				"<=msec": 73.000
				,"percent": 99.24
				}
			,{
				"<=msec": 74.000
				,"percent": 99.31
				}
			,{
				"<=msec": 75.000
				,"percent": 99.39
				}
			,{
				"<=msec": 76.000
				,"percent": 99.45
				}
			,{
				"<=msec": 77.000
				,"percent": 99.48
				}
			,{
				"<=msec": 78.000
				,"percent": 99.51
				}
			,{
				"<=msec": 79.000
				,"percent": 99.53
				}
			,{
				"<=msec": 80.000
				,"percent": 99.56
				}
			,{
				"<=msec": 81.000
				,"percent": 99.62
				}
			,{
				"<=msec": 82.000
				,"percent": 99.66
				}
			,{
				"<=msec": 83.000
				,"percent": 99.67
				}
			,{
				"<=msec": 84.000
				,"percent": 99.68
				}
			,{
				"<=msec": 85.000
				,"percent": 99.70
				}
			,{
				"<=msec": 86.000
				,"percent": 99.72
				}
			,{
				"<=msec": 87.000
				,"percent": 99.74
				}
			,{
				"<=msec": 88.000
				,"percent": 99.75
				}
			,{
				"<=msec": 89.000
				,"percent": 99.75
				}
			,{
				"<=msec": 90.000
				,"percent": 99.76
				}
			,{
				"<=msec": 91.000
				,"percent": 99.78
				}
			,{
				"<=msec": 92.000
				,"percent": 99.78
				}
			,{
				"<=msec": 93.000
				,"percent": 99.78
				}
			,{
				"<=msec": 94.000
				,"percent": 99.80
				}
			,{
				"<=msec": 95.000
				,"percent": 99.81
				}
			,{
				"<=msec": 96.000
				,"percent": 99.82
				}
			,{
				"<=msec": 97.000
				,"percent": 99.83
				}
			,{
				"<=msec": 98.000
				,"percent": 99.84
				}
			,{
				"<=msec": 99.000
				,"percent": 99.85
				}
			,{
				"<=msec": 100.000
				,"percent": 99.88
				}
			,{
				"<=msec": 110.000
				,"percent": 99.91
				}
			,{
				"<=msec": 120.000
				,"percent": 99.94
				}
			,{
				"<=msec": 130.000
				,"percent": 99.95
				}
			,{
				"<=msec": 150.000
				,"percent": 99.95
				}
			,{
				"<=msec": 170.000
				,"percent": 99.98
				}
			,{
				"<=msec": 180.000
				,"percent": 100.00
				}
			]
		,"WAIT":[
		]
		}
	}
