{
	"configuration":{
		"server": "10.0.0.8"
		,"port": 6379
		,"unix socket": "(null)"
		,"protocol": "memcache_text"
		,"out_file": "(null)"
		,"client_stats": "(null)"
		,"run_count": 1
		,"debug": 0
		,"requests": 0
		,"clients": 32
		,"threads": 1
		,"test_time": 75
		,"ratio": "1:1"
		,"pipeline": 1
		,"data_size": 1024
		,"data_offset": 0
		,"random_data": "false"
		,"data_size_range": "0:0"
		,"data_size_list": ""
		,"data_size_pattern": "R"
		,"expiry_range": "9999:10000"
		,"data_import": "(null)"
		,"data_verify": "false"
		,"verify_only": "false"
		,"generate_keys": "false"
		,"key_prefix": "memtier-"
		,"key_minimum":           0
		,"key_maximum":       10000
		,"key_pattern": "R:R"
		,"key_stddev": 0.000000
		,"key_median": 0.000000
		,"reconnect_interval": 0
		,"multi_key_get": 0
		,"authenticate": ""
		,"select-db": 0
		,"no-expiry": "false"
		,"wait-ratio": "0:0"
		,"num-slaves": "0:0"
		,"wait-timeout": "0-0"
		}
	,"run information":{
		"Threads": 1
		,"Connections per thread": 32
		,"Seconds": 75
		}
	,"ALL STATS":{
		"Sets":{
			"Ops/sec": 429.89
			,"Hits/sec": 0.00
			,"Misses/sec": 0.00
			,"Latency": 37.87
			,"KB/sec": 446.85
			}
		,"Gets":{
			"Ops/sec": 429.64
			,"Hits/sec": 429.64
			,"Misses/sec": 0.00
			,"Latency": 35.59
			,"KB/sec": 451.38
			}
		,"Waits":{
			"Ops/sec": 0.00
			,"Hits/sec": 0.00
			,"Misses/sec": 0.00
			,"Latency": 0.00
			,"KB/sec": 0.00
			}
		,"Totals":{
			"Ops/sec": 859.54
			,"Hits/sec": 429.64
			,"Misses/sec": 0.00
			,"Latency": 36.73
			,"KB/sec": 898.23
			}
		,"SET":[
			{
				"<=msec": 5.100
				,"percent": 0.00
				}
			,{
				"<=msec": 5.600
				,"percent": 0.01
				}
			,{
				"<=msec": 5.700
				,"percent": 0.01
				}
			,{
				"<=msec": 5.900
				,"percent": 0.02
				}
			,{
				"<=msec": 6.200
				,"percent": 0.02
				}
			,{
				"<=msec": 6.300
				,"percent": 0.02
				}
			,{
				"<=msec": 6.500
				,"percent": 0.03
				}
			,{
				"<=msec": 6.600
				,"percent": 0.03
				}
			,{
				"<=msec": 6.700
				,"percent": 0.03
				}
			,{
				"<=msec": 6.800
				,"percent": 0.04
				}
			,{
				"<=msec": 7.000
				,"percent": 0.04
				}
			,{
				"<=msec": 7.100
				,"percent": 0.04
				}
			,{
				"<=msec": 7.200
				,"percent": 0.05
				}
			,{
				"<=msec": 7.300
				,"percent": 0.05
				}
			,{
				"<=msec": 7.400
				,"percent": 0.05
				}
			,{
				"<=msec": 7.500
				,"percent": 0.06
				}
			,{
				"<=msec": 7.600
				,"percent": 0.07
				}
			,{
				"<=msec": 7.700
				,"percent": 0.08
				}
			,{
				"<=msec": 7.800
				,"percent": 0.08
				}
			,{
				"<=msec": 8.000
				,"percent": 0.08
				}
			,{
				"<=msec": 8.100
				,"percent": 0.09
				}
			,{
				"<=msec": 8.200
				,"percent": 0.09
				}
			,{
				"<=msec": 8.400
				,"percent": 0.09
				}
			,{
				"<=msec": 8.500
				,"percent": 0.09
				}
			,{
				"<=msec": 8.600
				,"percent": 0.10
				}
			,{
				"<=msec": 8.700
				,"percent": 0.10
				}
			,{
				"<=msec": 8.800
				,"percent": 0.11
				}
			,{
				"<=msec": 8.900
				,"percent": 0.11
				}
			,{
				"<=msec": 9.000
				,"percent": 0.12
				}
			,{
				"<=msec": 9.100
				,"percent": 0.12
				}
			,{
				"<=msec": 9.300
				,"percent": 0.13
				}
			,{
				"<=msec": 9.400
				,"percent": 0.13
				}
			,{
				"<=msec": 9.500
				,"percent": 0.14
				}
			,{
				"<=msec": 9.600
				,"percent": 0.15
				}
			,{
				"<=msec": 9.700
				,"percent": 0.17
				}
			,{
				"<=msec": 9.800
				,"percent": 0.19
				}
			,{
				"<=msec": 10.000
				,"percent": 0.24
				}
			,{
				"<=msec": 11.000
				,"percent": 0.34
				}
			,{
				"<=msec": 12.000
				,"percent": 0.47
				}
			,{
				"<=msec": 13.000
				,"percent": 0.70
				}
			,{
				"<=msec": 14.000
				,"percent": 0.99
				}
			,{
				"<=msec": 15.000
				,"percent": 1.31
				}
			,{
				"<=msec": 16.000
				,"percent": 1.62
				}
			,{
				"<=msec": 17.000
				,"percent": 1.96
				}
			,{
				"<=msec": 18.000
				,"percent": 2.38
				}
			,{
				"<=msec": 19.000
				,"percent": 2.93
				}
			,{
				"<=msec": 20.000
				,"percent": 3.55
				}
			,{
				"<=msec": 21.000
				,"percent": 4.24
				}
			,{
				"<=msec": 22.000
				,"percent": 4.97
				}
			,{
				"<=msec": 23.000
				,"percent": 5.96
				}
			,{
				"<=msec": 24.000
				,"percent": 7.04
				}
			,{
				"<=msec": 25.000
				,"percent": 8.74
				}
			,{
				"<=msec": 26.000
				,"percent": 11.12
				}
			,{
				"<=msec": 27.000
				,"percent": 13.44
				}
			,{
				"<=msec": 28.000
				,"percent": 15.70
				}
			,{
				"<=msec": 29.000
				,"percent": 17.89
				}
			,{
				"<=msec": 30.000
				,"percent": 20.58
				}
			,{
				"<=msec": 31.000
				,"percent": 24.23
				}
			,{
				"<=msec": 32.000
				,"percent": 28.43
				}
			,{
				"<=msec": 33.000
				,"percent": 33.34
				}
			,{
				"<=msec": 34.000
				,"percent": 38.81
				}
			,{
				"<=msec": 35.000
				,"percent": 43.41
				}
			,{
				"<=msec": 36.000
				,"percent": 47.43
				}
			,{
				"<=msec": 37.000
				,"percent": 51.73
				}
			,{
				"<=msec": 38.000
				,"percent": 56.03
				}
			,{
				"<=msec": 39.000
				,"percent": 60.80
				}
			,{
				"<=msec": 40.000
				,"percent": 65.63
				}
			,{
				"<=msec": 41.000
				,"percent": 70.23
				}
			,{
				"<=msec": 42.000
				,"percent": 73.97
				}
			,{
				"<=msec": 43.000
				,"percent": 77.36
				}
			,{
				"<=msec": 44.000
				,"percent": 80.09
				}
			,{
				"<=msec": 45.000
				,"percent": 82.52
				}
			,{
				"<=msec": 46.000
				,"percent": 84.52
				}
			,{
				"<=msec": 47.000
				,"percent": 86.13
				}
			,{
				"<=msec": 48.000
				,"percent": 87.71
				}
			,{
				"<=msec": 49.000
				,"percent": 89.01
				}
			,{
				"<=msec": 50.000
				,"percent": 90.19
				}
			,{
				"<=msec": 51.000
				,"percent": 91.11
				}
			,{
				"<=msec": 52.000
				,"percent": 92.10
				}
			,{
				"<=msec": 53.000
				,"percent": 92.93
				}
			,{
				"<=msec": 54.000
				,"percent": 93.71
				}
			,{
				"<=msec": 55.000
				,"percent": 94.34
				}
			,{
				"<=msec": 56.000
				,"percent": 94.86
				}
			,{
				"<=msec": 57.000
				,"percent": 95.33
				}
			,{
				"<=msec": 58.000
				,"percent": 95.84
				}
			,{
				"<=msec": 59.000
				,"percent": 96.20
				}
			,{
				"<=msec": 60.000
				,"percent": 96.52
				}
			,{
				"<=msec": 61.000
				,"percent": 96.87
				}
			,{
				"<=msec": 62.000
				,"percent": 97.17
				}
			,{
				"<=msec": 63.000
				,"percent": 97.49
				}
			,{
				"<=msec": 64.000
				,"percent": 97.75
				}
			,{
				"<=msec": 65.000
				,"percent": 97.93
				}
			,{
				"<=msec": 66.000
				,"percent": 98.10
				}
			,{
				"<=msec": 67.000
				,"percent": 98.30
				}
			,{
				"<=msec": 68.000
				,"percent": 98.49
				}
			,{
				"<=msec": 69.000
				,"percent": 98.69
				}
			,{
				"<=msec": 70.000
				,"percent": 98.86
				}
			,{
				"<=msec": 71.000
				,"percent": 99.01
				}
			,{
				"<=msec": 72.000
				,"percent": 99.12
				}
			,{
				"<=msec": 73.000
				,"percent": 99.23
				}
			,{
				"<=msec": 74.000
				,"percent": 99.32
				}
			,{
				"<=msec": 75.000
				,"percent": 99.40
				}
			,{
				"<=msec": 76.000
				,"percent": 99.46
				}
			,{
				"<=msec": 77.000
				,"percent": 99.52
				}
			,{
				"<=msec": 78.000
				,"percent": 99.57
				}
			,{
				"<=msec": 79.000
				,"percent": 99.64
				}
			,{
				"<=msec": 80.000
				,"percent": 99.70
				}
			,{
				"<=msec": 81.000
				,"percent": 99.74
				}
			,{
				"<=msec": 82.000
				,"percent": 99.79
				}
			,{
				"<=msec": 83.000
				,"percent": 99.81
				}
			,{
				"<=msec": 84.000
				,"percent": 99.85
				}
			,{
				"<=msec": 85.000
				,"percent": 99.86
				}
			,{
				"<=msec": 86.000
				,"percent": 99.87
				}
			,{
				"<=msec": 87.000
				,"percent": 99.88
				}
			,{
				"<=msec": 88.000
				,"percent": 99.90
				}
			,{
				"<=msec": 89.000
				,"percent": 99.92
				}
			,{
				"<=msec": 90.000
				,"percent": 99.94
				}
			,{
				"<=msec": 91.000
				,"percent": 99.95
				}
			,{
				"<=msec": 92.000
				,"percent": 99.97
				}
			,{
				"<=msec": 93.000
				,"percent": 99.97
				}
			,{
				"<=msec": 94.000
				,"percent": 99.98
				}
			,{
				"<=msec": 95.000
				,"percent": 99.98
				}
			,{
				"<=msec": 100.000
				,"percent": 99.99
				}
			,{
				"<=msec": 110.000
				,"percent": 100.00
				}
			]
		,"GET":[
			{
				"<=msec": 4.200
				,"percent": 0.00
				}
			,{
				"<=msec": 4.700
				,"percent": 0.01
				}
			,{
				"<=msec": 5.000
				,"percent": 0.01
				}
			,{
				"<=msec": 5.400
				,"percent": 0.02
				}
			,{
				"<=msec": 5.500
				,"percent": 0.02
				}
			,{
				"<=msec": 5.600
				,"percent": 0.02
				}
			,{
				"<=msec": 5.700
				,"percent": 0.04
				}
			,{
				"<=msec": 5.900
				,"percent": 0.04
				}
			,{
				"<=msec": 6.000
				,"percent": 0.05
				}
			,{
				"<=msec": 6.100
				,"percent": 0.05
				}
			,{
				"<=msec": 6.200
				,"percent": 0.06
				}
			,{
				"<=msec": 6.300
				,"percent": 0.06
				}
			,{
				"<=msec": 6.400
				,"percent": 0.06
				}
			,{
				"<=msec": 6.500
				,"percent": 0.08
				}
			,{
				"<=msec": 6.600
				,"percent": 0.09
				}
			,{
				"<=msec": 6.700
				,"percent": 0.10
				}
			,{
				"<=msec": 6.900
				,"percent": 0.11
				}
			,{
				"<=msec": 7.000
				,"percent": 0.12
				}
			,{
				"<=msec": 7.200
				,"percent": 0.13
				}
			,{
				"<=msec": 7.300
				,"percent": 0.13
				}
			,{
				"<=msec": 7.400
				,"percent": 0.14
				}
			,{
				"<=msec": 7.500
				,"percent": 0.15
				}
			,{
				"<=msec": 7.600
				,"percent": 0.16
				}
			,{
				"<=msec": 7.700
				,"percent": 0.16
				}
			,{
				"<=msec": 7.800
				,"percent": 0.17
				}
			,{
				"<=msec": 8.000
				,"percent": 0.17
				}
			,{
				"<=msec": 8.100
				,"percent": 0.18
				}
			,{
				"<=msec": 8.200
				,"percent": 0.19
				}
			,{
				"<=msec": 8.300
				,"percent": 0.19
				}
			,{
				"<=msec": 8.400
				,"percent": 0.20
				}
			,{
				"<=msec": 8.500
				,"percent": 0.21
				}
			,{
				"<=msec": 8.600
				,"percent": 0.21
				}
			,{
				"<=msec": 8.700
				,"percent": 0.22
				}
			,{
				"<=msec": 8.800
				,"percent": 0.22
				}
			,{
				"<=msec": 8.900
				,"percent": 0.24
				}
			,{
				"<=msec": 9.000
				,"percent": 0.25
				}
			,{
				"<=msec": 9.200
				,"percent": 0.26
				}
			,{
				"<=msec": 9.300
				,"percent": 0.26
				}
			,{
				"<=msec": 9.400
				,"percent": 0.27
				}
			,{
				"<=msec": 9.500
				,"percent": 0.28
				}
			,{
				"<=msec": 9.600
				,"percent": 0.28
				}
			,{
				"<=msec": 9.700
				,"percent": 0.29
				}
			,{
				"<=msec": 9.800
				,"percent": 0.30
				}
			,{
				"<=msec": 9.900
				,"percent": 0.32
				}
			,{
				"<=msec": 10.000
				,"percent": 0.38
				}
			,{
				"<=msec": 11.000
				,"percent": 0.55
				}
			,{
				"<=msec": 12.000
				,"percent": 0.78
				}
			,{
				"<=msec": 13.000
				,"percent": 1.11
				}
			,{
				"<=msec": 14.000
				,"percent": 1.47
				}
			,{
				"<=msec": 15.000
				,"percent": 1.90
				}
			,{
				"<=msec": 16.000
				,"percent": 2.30
				}
			,{
				"<=msec": 17.000
				,"percent": 2.77
				}
			,{
				"<=msec": 18.000
				,"percent": 3.29
				}
			,{
				"<=msec": 19.000
				,"percent": 4.01
				}
			,{
				"<=msec": 20.000
				,"percent": 4.72
				}
			,{
				"<=msec": 21.000
				,"percent": 5.61
				}
			,{
				"<=msec": 22.000
				,"percent": 6.66
				}
			,{
				"<=msec": 23.000
				,"percent": 8.03
				}
			,{
				"<=msec": 24.000
				,"percent": 9.91
				}
			,{
				"<=msec": 25.000
				,"percent": 12.63
				}
			,{
				"<=msec": 26.000
				,"percent": 15.82
				}
			,{
				"<=msec": 27.000
				,"percent": 19.03
				}
			,{
				"<=msec": 28.000
				,"percent": 22.25
				}
			,{
				"<=msec": 29.000
				,"percent": 25.39
				}
			,{
				"<=msec": 30.000
				,"percent": 28.65
				}
			,{
				"<=msec": 31.000
				,"percent": 32.59
				}
			,{
				"<=msec": 32.000
				,"percent": 37.49
				}
			,{
				"<=msec": 33.000
				,"percent": 43.44
				}
			,{
				"<=msec": 34.000
				,"percent": 49.35
				}
			,{
				"<=msec": 35.000
				,"percent": 54.92
				}
			,{
				"<=msec": 36.000
				,"percent": 59.41
				}
			,{
				"<=msec": 37.000
				,"percent": 63.31
				}
			,{
				"<=msec": 38.000
				,"percent": 67.11
				}
			,{
				"<=msec": 39.000
				,"percent": 70.98
				}
			,{
				"<=msec": 40.000
				,"percent": 74.89
				}
			,{
				"<=msec": 41.000
				,"percent": 78.42
				}
			,{
				"<=msec": 42.000
				,"percent": 81.31
				}
			,{
				"<=msec": 43.000
				,"percent": 83.72
				}
			,{
				"<=msec": 44.000
				,"percent": 85.69
				}
			,{
				"<=msec": 45.000
				,"percent": 87.30
				}
			,{
				"<=msec": 46.000
				,"percent": 88.68
				}
			,{
				"<=msec": 47.000
				,"percent": 89.94
				}
			,{
				"<=msec": 48.000
				,"percent": 90.98
				}
			,{
				"<=msec": 49.000
				,"percent": 91.90
				}
			,{
				"<=msec": 50.000
				,"percent": 92.68
				}
			,{
				"<=msec": 51.000
				,"percent": 93.41
				}
			,{
				"<=msec": 52.000
				,"percent": 94.05
				}
			,{
				"<=msec": 53.000
				,"percent": 94.71
				}
			,{
				"<=msec": 54.000
				,"percent": 95.28
				}
			,{
				"<=msec": 55.000
				,"percent": 95.77
				}
			,{
				"<=msec": 56.000
				,"percent": 96.13
				}
			,{
				"<=msec": 57.000
				,"percent": 96.38
				}
			,{
				"<=msec": 58.000
				,"percent": 96.71
				}
			,{
				"<=msec": 59.000
				,"percent": 97.08
				}
			,{
				"<=msec": 60.000
				,"percent": 97.40
				}
			,{
				"<=msec": 61.000
				,"percent": 97.70
				}
			,{
				"<=msec": 62.000
				,"percent": 98.00
				}
			,{
				"<=msec": 63.000
				,"percent": 98.17
				}
			,{
				"<=msec": 64.000
				,"percent": 98.38
				}
			,{
				"<=msec": 65.000
				,"percent": 98.59
				}
			,{
				"<=msec": 66.000
				,"percent": 98.79
				}
			,{
				"<=msec": 67.000
				,"percent": 98.93
				}
			,{
				"<=msec": 68.000
				,"percent": 99.08
				}
			,{
				"<=msec": 69.000
				,"percent": 99.18
				}
			,{
				"<=msec": 70.000
				,"percent": 99.30
				}
			,{
				"<=msec": 71.000
				,"percent": 99.40
				}
			,{
				"<=msec": 72.000
				,"percent": 99.50
				}
			,{
				"<=msec": 73.000
				,"percent": 99.58
				}
			,{
				"<=msec": 74.000
				,"percent": 99.63
				}
			,{
				"<=msec": 75.000
				,"percent": 99.66
				}
			,{
				"<=msec": 76.000
				,"percent": 99.69
				}
			,{
				"<=msec": 77.000
				,"percent": 99.73
				}
			,{
				"<=msec": 78.000
				,"percent": 99.76
				}
			,{
				"<=msec": 79.000
				,"percent": 99.80
				}
			,{
				"<=msec": 80.000
				,"percent": 99.82
				}
			,{
				"<=msec": 81.000
				,"percent": 99.84
				}
			,{
				"<=msec": 82.000
				,"percent": 99.86
				}
			,{
				"<=msec": 83.000
				,"percent": 99.90
				}
			,{
				"<=msec": 84.000
				,"percent": 99.92
				}
			,{
				"<=msec": 85.000
				,"percent": 99.93
				}
			,{
				"<=msec": 86.000
				,"percent": 99.93
				}
			,{
				"<=msec": 88.000
				,"percent": 99.94
				}
			,{
				"<=msec": 89.000
				,"percent": 99.95
				}
			,{
				"<=msec": 90.000
				,"percent": 99.98
				}
			,{
				"<=msec": 91.000
				,"percent": 99.98
				}
			,{
				"<=msec": 92.000
				,"percent": 99.99
				}
			,{
				"<=msec": 94.000
				,"percent": 99.99
				}
			,{
				"<=msec": 95.000
				,"percent": 99.99
				}
			,{
				"<=msec": 100.000
				,"percent": 100.00
				}
			,{
				"<=msec": 110.000
				,"percent": 100.00
				}
			]
		,"WAIT":[
		]
		}
	}
