{
	"configuration":{
		"server": "10.0.0.8"
		,"port": 6379
		,"unix socket": "(null)"
		,"protocol": "memcache_text"
		,"out_file": "(null)"
		,"client_stats": "(null)"
		,"run_count": 1
		,"debug": 0
		,"requests": 0
		,"clients": 32
		,"threads": 1
		,"test_time": 75
		,"ratio": "1:1"
		,"pipeline": 1
		,"data_size": 1024
		,"data_offset": 0
		,"random_data": "false"
		,"data_size_range": "0:0"
		,"data_size_list": ""
		,"data_size_pattern": "R"
		,"expiry_range": "9999:10000"
		,"data_import": "(null)"
		,"data_verify": "false"
		,"verify_only": "false"
		,"generate_keys": "false"
		,"key_prefix": "memtier-"
		,"key_minimum":           0
		,"key_maximum":       10000
		,"key_pattern": "R:R"
		,"key_stddev": 0.000000
		,"key_median": 0.000000
		,"reconnect_interval": 0
		,"multi_key_get": 0
		,"authenticate": ""
		,"select-db": 0
		,"no-expiry": "false"
		,"wait-ratio": "0:0"
		,"num-slaves": "0:0"
		,"wait-timeout": "0-0"
		}
	,"run information":{
		"Threads": 1
		,"Connections per thread": 32
		,"Seconds": 75
		}
	,"ALL STATS":{
		"Sets":{
			"Ops/sec": 459.84
			,"Hits/sec": 0.00
			,"Misses/sec": 0.00
			,"Latency": 35.88
			,"KB/sec": 477.98
			}
		,"Gets":{
			"Ops/sec": 459.60
			,"Hits/sec": 459.60
			,"Misses/sec": 0.00
			,"Latency": 33.71
			,"KB/sec": 482.85
			}
		,"Waits":{
			"Ops/sec": 0.00
			,"Hits/sec": 0.00
			,"Misses/sec": 0.00
			,"Latency": 0.00
			,"KB/sec": 0.00
			}
		,"Totals":{
			"Ops/sec": 919.45
			,"Hits/sec": 459.60
			,"Misses/sec": 0.00
			,"Latency": 34.79
			,"KB/sec": 960.83
			}
		,"SET":[
			{
				"<=msec": 4.200
				,"percent": 0.01
				}
			,{
				"<=msec": 4.300
				,"percent": 0.01
				}
			,{
				"<=msec": 4.400
				,"percent": 0.02
				}
			,{
				"<=msec": 4.500
				,"percent": 0.03
				}
			,{
				"<=msec": 4.600
				,"percent": 0.05
				}
			,{
				"<=msec": 4.700
				,"percent": 0.06
				}
			,{
				"<=msec": 4.800
				,"percent": 0.08
				}
			,{
				"<=msec": 4.900
				,"percent": 0.10
				}
			,{
				"<=msec": 5.000
				,"percent": 0.13
				}
			,{
				"<=msec": 5.100
				,"percent": 0.14
				}
			,{
				"<=msec": 5.200
				,"percent": 0.15
				}
			,{
				"<=msec": 5.300
				,"percent": 0.18
				}
			,{
				"<=msec": 5.400
				,"percent": 0.19
				}
			,{
				"<=msec": 5.500
				,"percent": 0.21
				}
			,{
				"<=msec": 5.600
				,"percent": 0.23
				}
			,{
				"<=msec": 5.700
				,"percent": 0.25
				}
			,{
				"<=msec": 5.800
				,"percent": 0.27
				}
			,{
				"<=msec": 5.900
				,"percent": 0.29
				}
			,{
				"<=msec": 6.000
				,"percent": 0.32
				}
			,{
				"<=msec": 6.100
				,"percent": 0.35
				}
			,{
				"<=msec": 6.200
				,"percent": 0.38
				}
			,{
				"<=msec": 6.300
				,"percent": 0.42
				}
			,{
				"<=msec": 6.400
				,"percent": 0.47
				}
			,{
				"<=msec": 6.500
				,"percent": 0.52
				}
			,{
				"<=msec": 6.600
				,"percent": 0.56
				}
			,{
				"<=msec": 6.700
				,"percent": 0.62
				}
			,{
				"<=msec": 6.800
				,"percent": 0.65
				}
			,{
				"<=msec": 6.900
				,"percent": 0.72
				}
			,{
				"<=msec": 7.000
				,"percent": 0.76
				}
			,{
				"<=msec": 7.100
				,"percent": 0.79
				}
			,{
				"<=msec": 7.200
				,"percent": 0.85
				}
			,{
				"<=msec": 7.300
				,"percent": 0.90
				}
			,{
				"<=msec": 7.400
				,"percent": 0.95
				}
			,{
				"<=msec": 7.500
				,"percent": 1.00
				}
			,{
				"<=msec": 7.600
				,"percent": 1.08
				}
			,{
				"<=msec": 7.700
				,"percent": 1.16
				}
			,{
				"<=msec": 7.800
				,"percent": 1.26
				}
			,{
				"<=msec": 7.900
				,"percent": 1.32
				}
			,{
				"<=msec": 8.000
				,"percent": 1.40
				}
			,{
				"<=msec": 8.100
				,"percent": 1.48
				}
			,{
				"<=msec": 8.200
				,"percent": 1.56
				}
			,{
				"<=msec": 8.300
				,"percent": 1.66
				}
			,{
				"<=msec": 8.400
				,"percent": 1.76
				}
			,{
				"<=msec": 8.500
				,"percent": 1.90
				}
			,{
				"<=msec": 8.600
				,"percent": 2.03
				}
			,{
				"<=msec": 8.700
				,"percent": 2.15
				}
			,{
				"<=msec": 8.800
				,"percent": 2.24
				}
			,{
				"<=msec": 8.900
				,"percent": 2.39
				}
			,{
				"<=msec": 9.000
				,"percent": 2.55
				}
			,{
				"<=msec": 9.100
				,"percent": 2.66
				}
			,{
				"<=msec": 9.200
				,"percent": 2.80
				}
			,{
				"<=msec": 9.300
				,"percent": 2.93
				}
			,{
				"<=msec": 9.400
				,"percent": 3.10
				}
			,{
				"<=msec": 9.500
				,"percent": 3.29
				}
			,{
				"<=msec": 9.600
				,"percent": 3.46
				}
			,{
				"<=msec": 9.700
				,"percent": 3.63
				}
			,{
				"<=msec": 9.800
				,"percent": 3.80
				}
			,{
				"<=msec": 9.900
				,"percent": 4.03
				}
			,{
				"<=msec": 10.000
				,"percent": 4.97
				}
			,{
				"<=msec": 11.000
				,"percent": 6.66
				}
			,{
				"<=msec": 12.000
				,"percent": 7.87
				}
			,{
				"<=msec": 13.000
				,"percent": 8.83
				}
			,{
				"<=msec": 14.000
				,"percent": 9.65
				}
			,{
				"<=msec": 15.000
				,"percent": 10.38
				}
			,{
				"<=msec": 16.000
				,"percent": 10.94
				}
			,{
				"<=msec": 17.000
				,"percent": 11.35
				}
			,{
				"<=msec": 18.000
				,"percent": 11.89
				}
			,{
				"<=msec": 19.000
				,"percent": 12.43
				}
			,{
				"<=msec": 20.000
				,"percent": 12.93
				}
			,{
				"<=msec": 21.000
				,"percent": 13.50
				}
			,{
				"<=msec": 22.000
				,"percent": 13.96
				}
			,{
				"<=msec": 23.000
				,"percent": 14.54
				}
			,{
				"<=msec": 24.000
				,"percent": 15.37
				}
			,{
				"<=msec": 25.000
				,"percent": 16.46
				}
			,{
				"<=msec": 26.000
				,"percent": 18.17
				}
			,{
				"<=msec": 27.000
				,"percent": 20.08
				}
			,{
				"<=msec": 28.000
				,"percent": 21.98
				}
			,{
				"<=msec": 29.000
				,"percent": 23.77
				}
			,{
				"<=msec": 30.000
				,"percent": 26.12
				}
			,{
				"<=msec": 31.000
				,"percent": 29.01
				}
			,{
				"<=msec": 32.000
				,"percent": 32.67
				}
			,{
				"<=msec": 33.000
				,"percent": 37.07
				}
			,{
				"<=msec": 34.000
				,"percent": 41.81
				}
			,{
				"<=msec": 35.000
				,"percent": 46.36
				}
			,{
				"<=msec": 36.000
				,"percent": 50.02
				}
			,{
				"<=msec": 37.000
				,"percent": 53.92
				}
			,{
				"<=msec": 38.000
				,"percent": 58.01
				}
			,{
				"<=msec": 39.000
				,"percent": 62.13
				}
			,{
				"<=msec": 40.000
				,"percent": 66.38
				}
			,{
				"<=msec": 41.000
				,"percent": 70.75
				}
			,{
				"<=msec": 42.000
				,"percent": 74.49
				}
			,{
				"<=msec": 43.000
				,"percent": 77.64
				}
			,{
				"<=msec": 44.000
				,"percent": 80.46
				}
			,{
				"<=msec": 45.000
				,"percent": 82.39
				}
			,{
				"<=msec": 46.000
				,"percent": 84.27
				}
			,{
				"<=msec": 47.000
				,"percent": 85.91
				}
			,{
				"<=msec": 48.000
				,"percent": 87.47
				}
			,{
				"<=msec": 49.000
				,"percent": 88.88
				}
			,{
				"<=msec": 50.000
				,"percent": 90.09
				}
			,{
				"<=msec": 51.000
				,"percent": 91.22
				}
			,{
				"<=msec": 52.000
				,"percent": 92.19
				}
			,{
				"<=msec": 53.000
				,"percent": 92.91
				}
			,{
				"<=msec": 54.000
				,"percent": 93.69
				}
			,{
				"<=msec": 55.000
				,"percent": 94.31
				}
			,{
				"<=msec": 56.000
				,"percent": 94.75
				}
			,{
				"<=msec": 57.000
				,"percent": 95.21
				}
			,{
				"<=msec": 58.000
				,"percent": 95.71
				}
			,{
				"<=msec": 59.000
				,"percent": 96.08
				}
			,{
				"<=msec": 60.000
				,"percent": 96.53
				}
			,{
				"<=msec": 61.000
				,"percent": 96.84
				}
			,{
				"<=msec": 62.000
				,"percent": 97.14
				}
			,{
				"<=msec": 63.000
				,"percent": 97.38
				}
			,{
				"<=msec": 64.000
				,"percent": 97.64
				}
			,{
				"<=msec": 65.000
				,"percent": 97.81
				}
			,{
				"<=msec": 66.000
				,"percent": 98.03
				}
			,{
				"<=msec": 67.000
				,"percent": 98.27
				}
			,{
				"<=msec": 68.000
				,"percent": 98.49
				}
			,{
				"<=msec": 69.000
				,"percent": 98.65
				}
			,{
				"<=msec": 70.000
				,"percent": 98.84
				}
			,{
				"<=msec": 71.000
				,"percent": 99.03
				}
			,{
				"<=msec": 72.000
				,"percent": 99.13
				}
			,{
				"<=msec": 73.000
				,"percent": 99.24
				}
			,{
				"<=msec": 74.000
				,"percent": 99.32
				}
			,{
				"<=msec": 75.000
				,"percent": 99.38
				}
			,{
				"<=msec": 76.000
				,"percent": 99.43
				}
			,{
				"<=msec": 77.000
				,"percent": 99.50
				}
			,{
				"<=msec": 78.000
				,"percent": 99.59
				}
			,{
				"<=msec": 79.000
				,"percent": 99.65
				}
			,{
				"<=msec": 80.000
				,"percent": 99.70
				}
			,{
				"<=msec": 81.000
				,"percent": 99.73
				}
			,{
				"<=msec": 82.000
				,"percent": 99.77
				}
			,{
				"<=msec": 83.000
				,"percent": 99.80
				}
			,{
				"<=msec": 84.000
				,"percent": 99.83
				}
			,{
				"<=msec": 85.000
				,"percent": 99.84
				}
			,{
				"<=msec": 86.000
				,"percent": 99.86
				}
			,{
				"<=msec": 87.000
				,"percent": 99.86
				}
			,{
				"<=msec": 88.000
				,"percent": 99.88
				}
			,{
				"<=msec": 89.000
				,"percent": 99.92
				}
			,{
				"<=msec": 90.000
				,"percent": 99.94
				}
			,{
				"<=msec": 91.000
				,"percent": 99.96
				}
			,{
				"<=msec": 92.000
				,"percent": 99.96
				}
			,{
				"<=msec": 94.000
				,"percent": 99.97
				}
			,{
				"<=msec": 95.000
				,"percent": 99.98
				}
			,{
				"<=msec": 99.000
				,"percent": 99.99
				}
			,{
				"<=msec": 100.000
				,"percent": 99.99
				}
			,{
				"<=msec": 110.000
				,"percent": 100.00
				}
			]
		,"GET":[
			{
				"<=msec": 3.700
				,"percent": 0.00
				}
			,{
				"<=msec": 3.800
				,"percent": 0.01
				}
			,{
				"<=msec": 3.900
				,"percent": 0.02
				}
			,{
				"<=msec": 4.000
				,"percent": 0.03
				}
			,{
				"<=msec": 4.100
				,"percent": 0.05
				}
			,{
				"<=msec": 4.200
				,"percent": 0.08
				}
			,{
				"<=msec": 4.300
				,"percent": 0.11
				}
			,{
				"<=msec": 4.400
				,"percent": 0.15
				}
			,{
				"<=msec": 4.500
				,"percent": 0.18
				}
			,{
				"<=msec": 4.600
				,"percent": 0.23
				}
			,{
				"<=msec": 4.700
				,"percent": 0.27
				}
			,{
				"<=msec": 4.800
				,"percent": 0.32
				}
			,{
				"<=msec": 4.900
				,"percent": 0.36
				}
			,{
				"<=msec": 5.000
				,"percent": 0.41
				}
			,{
				"<=msec": 5.100
				,"percent": 0.44
				}
			,{
				"<=msec": 5.200
				,"percent": 0.51
				}
			,{
				"<=msec": 5.300
				,"percent": 0.53
				}
			,{
				"<=msec": 5.400
				,"percent": 0.57
				}
			,{
				"<=msec": 5.500
				,"percent": 0.63
				}
			,{
				"<=msec": 5.600
				,"percent": 0.68
				}
			,{
				"<=msec": 5.700
				,"percent": 0.71
				}
			,{
				"<=msec": 5.800
				,"percent": 0.75
				}
			,{
				"<=msec": 5.900
				,"percent": 0.80
				}
			,{
				"<=msec": 6.000
				,"percent": 0.86
				}
			,{
				"<=msec": 6.100
				,"percent": 0.92
				}
			,{
				"<=msec": 6.200
				,"percent": 0.98
				}
			,{
				"<=msec": 6.300
				,"percent": 1.06
				}
			,{
				"<=msec": 6.400
				,"percent": 1.14
				}
			,{
				"<=msec": 6.500
				,"percent": 1.20
				}
			,{
				"<=msec": 6.600
				,"percent": 1.28
				}
			,{
				"<=msec": 6.700
				,"percent": 1.32
				}
			,{
				"<=msec": 6.800
				,"percent": 1.41
				}
			,{
				"<=msec": 6.900
				,"percent": 1.46
				}
			,{
				"<=msec": 7.000
				,"percent": 1.55
				}
			,{
				"<=msec": 7.100
				,"percent": 1.60
				}
			,{
				"<=msec": 7.200
				,"percent": 1.67
				}
			,{
				"<=msec": 7.300
				,"percent": 1.77
				}
			,{
				"<=msec": 7.400
				,"percent": 1.87
				}
			,{
				"<=msec": 7.500
				,"percent": 1.98
				}
			,{
				"<=msec": 7.600
				,"percent": 2.07
				}
			,{
				"<=msec": 7.700
				,"percent": 2.22
				}
			,{
				"<=msec": 7.800
				,"percent": 2.37
				}
			,{
				"<=msec": 7.900
				,"percent": 2.48
				}
			,{
				"<=msec": 8.000
				,"percent": 2.58
				}
			,{
				"<=msec": 8.100
				,"percent": 2.71
				}
			,{
				"<=msec": 8.200
				,"percent": 2.90
				}
			,{
				"<=msec": 8.300
				,"percent": 3.06
				}
			,{
				"<=msec": 8.400
				,"percent": 3.21
				}
			,{
				"<=msec": 8.500
				,"percent": 3.36
				}
			,{
				"<=msec": 8.600
				,"percent": 3.48
				}
			,{
				"<=msec": 8.700
				,"percent": 3.61
				}
			,{
				"<=msec": 8.800
				,"percent": 3.77
				}
			,{
				"<=msec": 8.900
				,"percent": 3.96
				}
			,{
				"<=msec": 9.000
				,"percent": 4.14
				}
			,{
				"<=msec": 9.100
				,"percent": 4.33
				}
			,{
				"<=msec": 9.200
				,"percent": 4.50
				}
			,{
				"<=msec": 9.300
				,"percent": 4.74
				}
			,{
				"<=msec": 9.400
				,"percent": 4.97
				}
			,{
				"<=msec": 9.500
				,"percent": 5.15
				}
			,{
				"<=msec": 9.600
				,"percent": 5.35
				}
			,{
				"<=msec": 9.700
				,"percent": 5.51
				}
			,{
				"<=msec": 9.800
				,"percent": 5.71
				}
			,{
				"<=msec": 9.900
				,"percent": 5.89
				}
			,{
				"<=msec": 10.000
				,"percent": 6.84
				}
			,{
				"<=msec": 11.000
				,"percent": 8.18
				}
			,{
				"<=msec": 12.000
				,"percent": 9.17
				}
			,{
				"<=msec": 13.000
				,"percent": 10.01
				}
			,{
				"<=msec": 14.000
				,"percent": 10.67
				}
			,{
				"<=msec": 15.000
				,"percent": 11.25
				}
			,{
				"<=msec": 16.000
				,"percent": 11.76
				}
			,{
				"<=msec": 17.000
				,"percent": 12.33
				}
			,{
				"<=msec": 18.000
				,"percent": 12.78
				}
			,{
				"<=msec": 19.000
				,"percent": 13.35
				}
			,{
				"<=msec": 20.000
				,"percent": 14.09
				}
			,{
				"<=msec": 21.000
				,"percent": 14.74
				}
			,{
				"<=msec": 22.000
				,"percent": 15.37
				}
			,{
				"<=msec": 23.000
				,"percent": 16.13
				}
			,{
				"<=msec": 24.000
				,"percent": 17.34
				}
			,{
				"<=msec": 25.000
				,"percent": 19.28
				}
			,{
				"<=msec": 26.000
				,"percent": 21.70
				}
			,{
				"<=msec": 27.000
				,"percent": 24.45
				}
			,{
				"<=msec": 28.000
				,"percent": 27.02
				}
			,{
				"<=msec": 29.000
				,"percent": 29.54
				}
			,{
				"<=msec": 30.000
				,"percent": 32.42
				}
			,{
				"<=msec": 31.000
				,"percent": 35.74
				}
			,{
				"<=msec": 32.000
				,"percent": 40.14
				}
			,{
				"<=msec": 33.000
				,"percent": 45.31
				}
			,{
				"<=msec": 34.000
				,"percent": 50.65
				}
			,{
				"<=msec": 35.000
				,"percent": 55.78
				}
			,{
				"<=msec": 36.000
				,"percent": 60.14
				}
			,{
				"<=msec": 37.000
				,"percent": 63.85
				}
			,{
				"<=msec": 38.000
				,"percent": 67.49
				}
			,{
				"<=msec": 39.000
				,"percent": 70.93
				}
			,{
				"<=msec": 40.000
				,"percent": 74.74
				}
			,{
				"<=msec": 41.000
				,"percent": 78.43
				}
			,{
				"<=msec": 42.000
				,"percent": 81.50
				}
			,{
				"<=msec": 43.000
				,"percent": 84.03
				}
			,{
				"<=msec": 44.000
				,"percent": 86.10
				}
			,{
				"<=msec": 45.000
				,"percent": 87.65
				}
			,{
				"<=msec": 46.000
				,"percent": 88.89
				}
			,{
				"<=msec": 47.000
				,"percent": 90.06
				}
			,{
				"<=msec": 48.000
				,"percent": 91.09
				}
			,{
				"<=msec": 49.000
				,"percent": 92.19
				}
			,{
				"<=msec": 50.000
				,"percent": 92.99
				}
			,{
				"<=msec": 51.000
				,"percent": 93.63
				}
			,{
				"<=msec": 52.000
				,"percent": 94.28
				}
			,{
				"<=msec": 53.000
				,"percent": 94.96
				}
			,{
				"<=msec": 54.000
				,"percent": 95.55
				}
			,{
				"<=msec": 55.000
				,"percent": 96.07
				}
			,{
				"<=msec": 56.000
				,"percent": 96.40
				}
			,{
				"<=msec": 57.000
				,"percent": 96.70
				}
			,{
				"<=msec": 58.000
				,"percent": 96.96
				}
			,{
				"<=msec": 59.000
				,"percent": 97.22
				}
			,{
				"<=msec": 60.000
				,"percent": 97.51
				}
			,{
				"<=msec": 61.000
				,"percent": 97.74
				}
			,{
				"<=msec": 62.000
				,"percent": 97.96
				}
			,{
				"<=msec": 63.000
				,"percent": 98.20
				}
			,{
				"<=msec": 64.000
				,"percent": 98.37
				}
			,{
				"<=msec": 65.000
				,"percent": 98.58
				}
			,{
				"<=msec": 66.000
				,"percent": 98.73
				}
			,{
				"<=msec": 67.000
				,"percent": 98.85
				}
			,{
				"<=msec": 68.000
				,"percent": 99.02
				}
			,{
				"<=msec": 69.000
				,"percent": 99.12
				}
			,{
				"<=msec": 70.000
				,"percent": 99.23
				}
			,{
				"<=msec": 71.000
				,"percent": 99.36
				}
			,{
				"<=msec": 72.000
				,"percent": 99.46
				}
			,{
				"<=msec": 73.000
				,"percent": 99.54
				}
			,{
				"<=msec": 74.000
				,"percent": 99.62
				}
			,{
				"<=msec": 75.000
				,"percent": 99.65
				}
			,{
				"<=msec": 76.000
				,"percent": 99.68
				}
			,{
				"<=msec": 77.000
				,"percent": 99.71
				}
			,{
				"<=msec": 78.000
				,"percent": 99.75
				}
			,{
				"<=msec": 79.000
				,"percent": 99.77
				}
			,{
				"<=msec": 80.000
				,"percent": 99.80
				}
			,{
				"<=msec": 81.000
				,"percent": 99.83
				}
			,{
				"<=msec": 82.000
				,"percent": 99.86
				}
			,{
				"<=msec": 83.000
				,"percent": 99.88
				}
			,{
				"<=msec": 85.000
				,"percent": 99.90
				}
			,{
				"<=msec": 86.000
				,"percent": 99.90
				}
			,{
				"<=msec": 87.000
				,"percent": 99.92
				}
			,{
				"<=msec": 88.000
				,"percent": 99.92
				}
			,{
				"<=msec": 89.000
				,"percent": 99.94
				}
			,{
				"<=msec": 90.000
				,"percent": 99.96
				}
			,{
				"<=msec": 91.000
				,"percent": 99.97
				}
			,{
				"<=msec": 92.000
				,"percent": 99.97
				}
			,{
				"<=msec": 93.000
				,"percent": 99.98
				}
			,{
				"<=msec": 94.000
				,"percent": 99.98
				}
			,{
				"<=msec": 95.000
				,"percent": 99.99
				}
			,{
				"<=msec": 96.000
				,"percent": 100.00
				}
			,{
				"<=msec": 110.000
				,"percent": 100.00
				}
			]
		,"WAIT":[
		]
		}
	}
