{
	"configuration":{
		"server": "10.0.0.8"
		,"port": 6379
		,"unix socket": "(null)"
		,"protocol": "memcache_text"
		,"out_file": "(null)"
		,"client_stats": "(null)"
		,"run_count": 1
		,"debug": 0
		,"requests": 0
		,"clients": 32
		,"threads": 1
		,"test_time": 75
		,"ratio": "1:1"
		,"pipeline": 1
		,"data_size": 1024
		,"data_offset": 0
		,"random_data": "false"
		,"data_size_range": "0:0"
		,"data_size_list": ""
		,"data_size_pattern": "R"
		,"expiry_range": "9999:10000"
		,"data_import": "(null)"
		,"data_verify": "false"
		,"verify_only": "false"
		,"generate_keys": "false"
		,"key_prefix": "memtier-"
		,"key_minimum":           0
		,"key_maximum":       10000
		,"key_pattern": "R:R"
		,"key_stddev": 0.000000
		,"key_median": 0.000000
		,"reconnect_interval": 0
		,"multi_key_get": 0
		,"authenticate": ""
		,"select-db": 0
		,"no-expiry": "false"
		,"wait-ratio": "0:0"
		,"num-slaves": "0:0"
		,"wait-timeout": "0-0"
		}
	,"run information":{
		"Threads": 1
		,"Connections per thread": 32
		,"Seconds": 75
		}
	,"ALL STATS":{
		"Sets":{
			"Ops/sec": 429.41
			,"Hits/sec": 0.00
			,"Misses/sec": 0.00
			,"Latency": 38.26
			,"KB/sec": 446.35
			}
		,"Gets":{
			"Ops/sec": 429.18
			,"Hits/sec": 429.18
			,"Misses/sec": 0.00
			,"Latency": 36.26
			,"KB/sec": 450.89
			}
		,"Waits":{
			"Ops/sec": 0.00
			,"Hits/sec": 0.00
			,"Misses/sec": 0.00
			,"Latency": 0.00
			,"KB/sec": 0.00
			}
		,"Totals":{
			"Ops/sec": 858.59
			,"Hits/sec": 429.18
			,"Misses/sec": 0.00
			,"Latency": 37.26
			,"KB/sec": 897.24
			}
		,"SET":[
			{
				"<=msec": 4.400
				,"percent": 0.00
				}
			,{
				"<=msec": 4.600
				,"percent": 0.01
				}
			,{
				"<=msec": 4.700
				,"percent": 0.02
				}
			,{
				"<=msec": 4.800
				,"percent": 0.04
				}
			,{
				"<=msec": 4.900
				,"percent": 0.04
				}
			,{
				"<=msec": 5.000
				,"percent": 0.05
				}
			,{
				"<=msec": 5.100
				,"percent": 0.05
				}
			,{
				"<=msec": 5.200
				,"percent": 0.06
				}
			,{
				"<=msec": 5.300
				,"percent": 0.07
				}
			,{
				"<=msec": 5.500
				,"percent": 0.08
				}
			,{
				"<=msec": 5.600
				,"percent": 0.10
				}
			,{
				"<=msec": 5.700
				,"percent": 0.11
				}
			,{
				"<=msec": 5.800
				,"percent": 0.11
				}
			,{
				"<=msec": 5.900
				,"percent": 0.13
				}
			,{
				"<=msec": 6.000
				,"percent": 0.14
				}
			,{
				"<=msec": 6.100
				,"percent": 0.14
				}
			,{
				"<=msec": 6.200
				,"percent": 0.15
				}
			,{
				"<=msec": 6.300
				,"percent": 0.15
				}
			,{
				"<=msec": 6.400
				,"percent": 0.16
				}
			,{
				"<=msec": 6.500
				,"percent": 0.16
				}
			,{
				"<=msec": 6.600
				,"percent": 0.17
				}
			,{
				"<=msec": 6.700
				,"percent": 0.17
				}
			,{
				"<=msec": 6.800
				,"percent": 0.18
				}
			,{
				"<=msec": 6.900
				,"percent": 0.20
				}
			,{
				"<=msec": 7.000
				,"percent": 0.20
				}
			,{
				"<=msec": 7.100
				,"percent": 0.20
				}
			,{
				"<=msec": 7.200
				,"percent": 0.21
				}
			,{
				"<=msec": 7.300
				,"percent": 0.22
				}
			,{
				"<=msec": 7.400
				,"percent": 0.23
				}
			,{
				"<=msec": 7.500
				,"percent": 0.23
				}
			,{
				"<=msec": 7.600
				,"percent": 0.24
				}
			,{
				"<=msec": 7.700
				,"percent": 0.25
				}
			,{
				"<=msec": 7.800
				,"percent": 0.26
				}
			,{
				"<=msec": 7.900
				,"percent": 0.27
				}
			,{
				"<=msec": 8.000
				,"percent": 0.29
				}
			,{
				"<=msec": 8.100
				,"percent": 0.31
				}
			,{
				"<=msec": 8.200
				,"percent": 0.33
				}
			,{
				"<=msec": 8.300
				,"percent": 0.34
				}
			,{
				"<=msec": 8.400
				,"percent": 0.35
				}
			,{
				"<=msec": 8.500
				,"percent": 0.36
				}
			,{
				"<=msec": 8.600
				,"percent": 0.38
				}
			,{
				"<=msec": 8.700
				,"percent": 0.39
				}
			,{
				"<=msec": 8.800
				,"percent": 0.41
				}
			,{
				"<=msec": 8.900
				,"percent": 0.43
				}
			,{
				"<=msec": 9.000
				,"percent": 0.47
				}
			,{
				"<=msec": 9.100
				,"percent": 0.48
				}
			,{
				"<=msec": 9.200
				,"percent": 0.49
				}
			,{
				"<=msec": 9.300
				,"percent": 0.51
				}
			,{
				"<=msec": 9.400
				,"percent": 0.53
				}
			,{
				"<=msec": 9.500
				,"percent": 0.58
				}
			,{
				"<=msec": 9.600
				,"percent": 0.59
				}
			,{
				"<=msec": 9.700
				,"percent": 0.61
				}
			,{
				"<=msec": 9.800
				,"percent": 0.64
				}
			,{
				"<=msec": 9.900
				,"percent": 0.65
				}
			,{
				"<=msec": 10.000
				,"percent": 0.86
				}
			,{
				"<=msec": 11.000
				,"percent": 1.41
				}
			,{
				"<=msec": 12.000
				,"percent": 2.10
				}
			,{
				"<=msec": 13.000
				,"percent": 2.64
				}
			,{
				"<=msec": 14.000
				,"percent": 3.11
				}
			,{
				"<=msec": 15.000
				,"percent": 3.53
				}
			,{
				"<=msec": 16.000
				,"percent": 4.05
				}
			,{
				"<=msec": 17.000
				,"percent": 4.48
				}
			,{
				"<=msec": 18.000
				,"percent": 5.08
				}
			,{
				"<=msec": 19.000
				,"percent": 5.72
				}
			,{
				"<=msec": 20.000
				,"percent": 6.24
				}
			,{
				"<=msec": 21.000
				,"percent": 6.95
				}
			,{
				"<=msec": 22.000
				,"percent": 7.55
				}
			,{
				"<=msec": 23.000
				,"percent": 8.26
				}
			,{
				"<=msec": 24.000
				,"percent": 9.05
				}
			,{
				"<=msec": 25.000
				,"percent": 10.12
				}
			,{
				"<=msec": 26.000
				,"percent": 11.60
				}
			,{
				"<=msec": 27.000
				,"percent": 13.39
				}
			,{
				"<=msec": 28.000
				,"percent": 15.20
				}
			,{
				"<=msec": 29.000
				,"percent": 17.12
				}
			,{
				"<=msec": 30.000
				,"percent": 19.29
				}
			,{
				"<=msec": 31.000
				,"percent": 22.21
				}
			,{
				"<=msec": 32.000
				,"percent": 25.71
				}
			,{
				"<=msec": 33.000
				,"percent": 30.25
				}
			,{
				"<=msec": 34.000
				,"percent": 35.19
				}
			,{
				"<=msec": 35.000
				,"percent": 39.78
				}
			,{
				"<=msec": 36.000
				,"percent": 43.88
				}
			,{
				"<=msec": 37.000
				,"percent": 47.72
				}
			,{
				"<=msec": 38.000
				,"percent": 51.75
				}
			,{
				"<=msec": 39.000
				,"percent": 56.48
				}
			,{
				"<=msec": 40.000
				,"percent": 61.14
				}
			,{
				"<=msec": 41.000
				,"percent": 66.12
				}
			,{
				"<=msec": 42.000
				,"percent": 70.52
				}
			,{
				"<=msec": 43.000
				,"percent": 74.27
				}
			,{
				"<=msec": 44.000
				,"percent": 77.34
				}
			,{
				"<=msec": 45.000
				,"percent": 79.88
				}
			,{
				"<=msec": 46.000
				,"percent": 82.12
				}
			,{
				"<=msec": 47.000
				,"percent": 84.16
				}
			,{
				"<=msec": 48.000
				,"percent": 85.91
				}
			,{
				"<=msec": 49.000
				,"percent": 87.52
				}
			,{
				"<=msec": 50.000
				,"percent": 88.83
				}
			,{
				"<=msec": 51.000
				,"percent": 90.00
				}
			,{
				"<=msec": 52.000
				,"percent": 91.06
				}
			,{
				"<=msec": 53.000
				,"percent": 92.03
				}
			,{
				"<=msec": 54.000
				,"percent": 92.80
				}
			,{
				"<=msec": 55.000
				,"percent": 93.45
				}
			,{
				"<=msec": 56.000
				,"percent": 94.03
				}
			,{
				"<=msec": 57.000
				,"percent": 94.56
				}
			,{
				"<=msec": 58.000
				,"percent": 95.10
				}
			,{
				"<=msec": 59.000
				,"percent": 95.53
				}
			,{
				"<=msec": 60.000
				,"percent": 96.02
				}
			,{
				"<=msec": 61.000
				,"percent": 96.52
				}
			,{
				"<=msec": 62.000
				,"percent": 96.88
				}
			,{
				"<=msec": 63.000
				,"percent": 97.22
				}
			,{
				"<=msec": 64.000
				,"percent": 97.48
				}
			,{
				"<=msec": 65.000
				,"percent": 97.70
				}
			,{
				"<=msec": 66.000
				,"percent": 97.89
				}
			,{
				"<=msec": 67.000
				,"percent": 98.10
				}
			,{
				"<=msec": 68.000
				,"percent": 98.31
				}
			,{
				"<=msec": 69.000
				,"percent": 98.50
				}
			,{
				"<=msec": 70.000
				,"percent": 98.70
				}
			,{
				"<=msec": 71.000
				,"percent": 98.88
				}
			,{
				"<=msec": 72.000
				,"percent": 99.04
				}
			,{
				"<=msec": 73.000
				,"percent": 99.17
				}
			,{
				"<=msec": 74.000
				,"percent": 99.30
				}
			,{
				"<=msec": 75.000
				,"percent": 99.38
				}
			,{
				"<=msec": 76.000
				,"percent": 99.42
				}
			,{
				"<=msec": 77.000
				,"percent": 99.49
				}
			,{
				"<=msec": 78.000
				,"percent": 99.56
				}
			,{
				"<=msec": 79.000
				,"percent": 99.63
				}
			,{
				"<=msec": 80.000
				,"percent": 99.69
				}
			,{
				"<=msec": 81.000
				,"percent": 99.71
				}
			,{
				"<=msec": 82.000
				,"percent": 99.76
				}
			,{
				"<=msec": 83.000
				,"percent": 99.80
				}
			,{
				"<=msec": 84.000
				,"percent": 99.83
				}
			,{
				"<=msec": 85.000
				,"percent": 99.86
				}
			,{
				"<=msec": 86.000
				,"percent": 99.87
				}
			,{
				"<=msec": 87.000
				,"percent": 99.88
				}
			,{
				"<=msec": 88.000
				,"percent": 99.89
				}
			,{
				"<=msec": 89.000
				,"percent": 99.91
				}
			,{
				"<=msec": 90.000
				,"percent": 99.94
				}
			,{
				"<=msec": 91.000
				,"percent": 99.96
				}
			,{
				"<=msec": 92.000
				,"percent": 99.98
				}
			,{
				"<=msec": 93.000
				,"percent": 99.99
				}
			,{
				"<=msec": 94.000
				,"percent": 99.99
				}
			,{
				"<=msec": 97.000
				,"percent": 100.00
				}
			]
		,"GET":[
			{
				"<=msec": 3.900
				,"percent": 0.00
				}
			,{
				"<=msec": 4.100
				,"percent": 0.02
				}
			,{
				"<=msec": 4.200
				,"percent": 0.03
				}
			,{
				"<=msec": 4.300
				,"percent": 0.04
				}
			,{
				"<=msec": 4.400
				,"percent": 0.05
				}
			,{
				"<=msec": 4.500
				,"percent": 0.07
				}
			,{
				"<=msec": 4.600
				,"percent": 0.09
				}
			,{
				"<=msec": 4.700
				,"percent": 0.12
				}
			,{
				"<=msec": 4.800
				,"percent": 0.15
				}
			,{
				"<=msec": 4.900
				,"percent": 0.18
				}
			,{
				"<=msec": 5.000
				,"percent": 0.20
				}
			,{
				"<=msec": 5.100
				,"percent": 0.21
				}
			,{
				"<=msec": 5.200
				,"percent": 0.23
				}
			,{
				"<=msec": 5.300
				,"percent": 0.25
				}
			,{
				"<=msec": 5.400
				,"percent": 0.28
				}
			,{
				"<=msec": 5.500
				,"percent": 0.29
				}
			,{
				"<=msec": 5.600
				,"percent": 0.30
				}
			,{
				"<=msec": 5.700
				,"percent": 0.31
				}
			,{
				"<=msec": 5.800
				,"percent": 0.33
				}
			,{
				"<=msec": 5.900
				,"percent": 0.35
				}
			,{
				"<=msec": 6.000
				,"percent": 0.38
				}
			,{
				"<=msec": 6.100
				,"percent": 0.39
				}
			,{
				"<=msec": 6.200
				,"percent": 0.40
				}
			,{
				"<=msec": 6.300
				,"percent": 0.41
				}
			,{
				"<=msec": 6.400
				,"percent": 0.43
				}
			,{
				"<=msec": 6.500
				,"percent": 0.43
				}
			,{
				"<=msec": 6.600
				,"percent": 0.44
				}
			,{
				"<=msec": 6.700
				,"percent": 0.45
				}
			,{
				"<=msec": 6.800
				,"percent": 0.47
				}
			,{
				"<=msec": 6.900
				,"percent": 0.47
				}
			,{
				"<=msec": 7.000
				,"percent": 0.48
				}
			,{
				"<=msec": 7.100
				,"percent": 0.49
				}
			,{
				"<=msec": 7.200
				,"percent": 0.51
				}
			,{
				"<=msec": 7.300
				,"percent": 0.52
				}
			,{
				"<=msec": 7.400
				,"percent": 0.53
				}
			,{
				"<=msec": 7.500
				,"percent": 0.54
				}
			,{
				"<=msec": 7.600
				,"percent": 0.56
				}
			,{
				"<=msec": 7.700
				,"percent": 0.56
				}
			,{
				"<=msec": 7.800
				,"percent": 0.57
				}
			,{
				"<=msec": 7.900
				,"percent": 0.58
				}
			,{
				"<=msec": 8.000
				,"percent": 0.61
				}
			,{
				"<=msec": 8.100
				,"percent": 0.62
				}
			,{
				"<=msec": 8.200
				,"percent": 0.64
				}
			,{
				"<=msec": 8.300
				,"percent": 0.65
				}
			,{
				"<=msec": 8.400
				,"percent": 0.66
				}
			,{
				"<=msec": 8.500
				,"percent": 0.70
				}
			,{
				"<=msec": 8.600
				,"percent": 0.74
				}
			,{
				"<=msec": 8.700
				,"percent": 0.75
				}
			,{
				"<=msec": 8.800
				,"percent": 0.78
				}
			,{
				"<=msec": 8.900
				,"percent": 0.80
				}
			,{
				"<=msec": 9.000
				,"percent": 0.84
				}
			,{
				"<=msec": 9.100
				,"percent": 0.85
				}
			,{
				"<=msec": 9.200
				,"percent": 0.87
				}
			,{
				"<=msec": 9.300
				,"percent": 0.89
				}
			,{
				"<=msec": 9.400
				,"percent": 0.93
				}
			,{
				"<=msec": 9.500
				,"percent": 0.94
				}
			,{
				"<=msec": 9.600
				,"percent": 0.96
				}
			,{
				"<=msec": 9.700
				,"percent": 0.99
				}
			,{
				"<=msec": 9.800
				,"percent": 1.02
				}
			,{
				"<=msec": 9.900
				,"percent": 1.07
				}
			,{
				"<=msec": 10.000
				,"percent": 1.32
				}
			,{
				"<=msec": 11.000
				,"percent": 1.98
				}
			,{
				"<=msec": 12.000
				,"percent": 2.77
				}
			,{
				"<=msec": 13.000
				,"percent": 3.47
				}
			,{
				"<=msec": 14.000
				,"percent": 4.00
				}
			,{
				"<=msec": 15.000
				,"percent": 4.52
				}
			,{
				"<=msec": 16.000
				,"percent": 4.98
				}
			,{
				"<=msec": 17.000
				,"percent": 5.45
				}
			,{
				"<=msec": 18.000
				,"percent": 6.00
				}
			,{
				"<=msec": 19.000
				,"percent": 6.53
				}
			,{
				"<=msec": 20.000
				,"percent": 7.16
				}
			,{
				"<=msec": 21.000
				,"percent": 7.93
				}
			,{
				"<=msec": 22.000
				,"percent": 8.61
				}
			,{
				"<=msec": 23.000
				,"percent": 9.37
				}
			,{
				"<=msec": 24.000
				,"percent": 10.48
				}
			,{
				"<=msec": 25.000
				,"percent": 12.14
				}
			,{
				"<=msec": 26.000
				,"percent": 14.18
				}
			,{
				"<=msec": 27.000
				,"percent": 16.62
				}
			,{
				"<=msec": 28.000
				,"percent": 19.36
				}
			,{
				"<=msec": 29.000
				,"percent": 21.91
				}
			,{
				"<=msec": 30.000
				,"percent": 24.57
				}
			,{
				"<=msec": 31.000
				,"percent": 28.00
				}
			,{
				"<=msec": 32.000
				,"percent": 32.32
				}
			,{
				"<=msec": 33.000
				,"percent": 37.31
				}
			,{
				"<=msec": 34.000
				,"percent": 43.24
				}
			,{
				"<=msec": 35.000
				,"percent": 48.78
				}
			,{
				"<=msec": 36.000
				,"percent": 53.57
				}
			,{
				"<=msec": 37.000
				,"percent": 57.66
				}
			,{
				"<=msec": 38.000
				,"percent": 61.79
				}
			,{
				"<=msec": 39.000
				,"percent": 65.99
				}
			,{
				"<=msec": 40.000
				,"percent": 70.13
				}
			,{
				"<=msec": 41.000
				,"percent": 74.31
				}
			,{
				"<=msec": 42.000
				,"percent": 78.00
				}
			,{
				"<=msec": 43.000
				,"percent": 81.02
				}
			,{
				"<=msec": 44.000
				,"percent": 83.51
				}
			,{
				"<=msec": 45.000
				,"percent": 85.45
				}
			,{
				"<=msec": 46.000
				,"percent": 87.10
				}
			,{
				"<=msec": 47.000
				,"percent": 88.45
				}
			,{
				"<=msec": 48.000
				,"percent": 89.60
				}
			,{
				"<=msec": 49.000
				,"percent": 90.78
				}
			,{
				"<=msec": 50.000
				,"percent": 91.82
				}
			,{
				"<=msec": 51.000
				,"percent": 92.64
				}
			,{
				"<=msec": 52.000
				,"percent": 93.39
				}
			,{
				"<=msec": 53.000
				,"percent": 94.03
				}
			,{
				"<=msec": 54.000
				,"percent": 94.68
				}
			,{
				"<=msec": 55.000
				,"percent": 95.27
				}
			,{
				"<=msec": 56.000
				,"percent": 95.69
				}
			,{
				"<=msec": 57.000
				,"percent": 96.08
				}
			,{
				"<=msec": 58.000
				,"percent": 96.39
				}
			,{
				"<=msec": 59.000
				,"percent": 96.71
				}
			,{
				"<=msec": 60.000
				,"percent": 97.06
				}
			,{
				"<=msec": 61.000
				,"percent": 97.40
				}
			,{
				"<=msec": 62.000
				,"percent": 97.62
				}
			,{
				"<=msec": 63.000
				,"percent": 97.86
				}
			,{
				"<=msec": 64.000
				,"percent": 98.06
				}
			,{
				"<=msec": 65.000
				,"percent": 98.29
				}
			,{
				"<=msec": 66.000
				,"percent": 98.43
				}
			,{
				"<=msec": 67.000
				,"percent": 98.59
				}
			,{
				"<=msec": 68.000
				,"percent": 98.74
				}
			,{
				"<=msec": 69.000
				,"percent": 98.90
				}
			,{
				"<=msec": 70.000
				,"percent": 99.05
				}
			,{
				"<=msec": 71.000
				,"percent": 99.19
				}
			,{
				"<=msec": 72.000
				,"percent": 99.33
				}
			,{
				"<=msec": 73.000
				,"percent": 99.41
				}
			,{
				"<=msec": 74.000
				,"percent": 99.48
				}
			,{
				"<=msec": 75.000
				,"percent": 99.55
				}
			,{
				"<=msec": 76.000
				,"percent": 99.59
				}
			,{
				"<=msec": 77.000
				,"percent": 99.62
				}
			,{
				"<=msec": 78.000
				,"percent": 99.66
				}
			,{
				"<=msec": 79.000
				,"percent": 99.72
				}
			,{
				"<=msec": 80.000
				,"percent": 99.77
				}
			,{
				"<=msec": 81.000
				,"percent": 99.78
				}
			,{
				"<=msec": 82.000
				,"percent": 99.81
				}
			,{
				"<=msec": 83.000
				,"percent": 99.84
				}
			,{
				"<=msec": 84.000
				,"percent": 99.87
				}
			,{
				"<=msec": 85.000
				,"percent": 99.89
				}
			,{
				"<=msec": 86.000
				,"percent": 99.90
				}
			,{
				"<=msec": 88.000
				,"percent": 99.93
				}
			,{
				"<=msec": 89.000
				,"percent": 99.93
				}
			,{
				"<=msec": 90.000
				,"percent": 99.96
				}
			,{
				"<=msec": 91.000
				,"percent": 99.97
				}
			,{
				"<=msec": 92.000
				,"percent": 99.98
				}
			,{
				"<=msec": 93.000
				,"percent": 99.98
				}
			,{
				"<=msec": 94.000
				,"percent": 99.98
				}
			,{
				"<=msec": 95.000
				,"percent": 99.99
				}
			,{
				"<=msec": 98.000
				,"percent": 99.99
				}
			,{
				"<=msec": 110.000
				,"percent": 100.00
				}
			]
		,"WAIT":[
		]
		}
	}
