{
	"configuration":{
		"server": "10.0.0.8"
		,"port": 6379
		,"unix socket": "(null)"
		,"protocol": "memcache_text"
		,"out_file": "(null)"
		,"client_stats": "(null)"
		,"run_count": 1
		,"debug": 0
		,"requests": 0
		,"clients": 2
		,"threads": 1
		,"test_time": 75
		,"ratio": "1:6"
		,"pipeline": 1
		,"data_size": 1024
		,"data_offset": 0
		,"random_data": "false"
		,"data_size_range": "0:0"
		,"data_size_list": ""
		,"data_size_pattern": "R"
		,"expiry_range": "9999:10000"
		,"data_import": "(null)"
		,"data_verify": "false"
		,"verify_only": "false"
		,"generate_keys": "false"
		,"key_prefix": "memtier-"
		,"key_minimum":           0
		,"key_maximum":       10000
		,"key_pattern": "R:R"
		,"key_stddev": 0.000000
		,"key_median": 0.000000
		,"reconnect_interval": 0
		,"multi_key_get": 6
		,"authenticate": ""
		,"select-db": 0
		,"no-expiry": "false"
		,"wait-ratio": "0:0"
		,"num-slaves": "0:0"
		,"wait-timeout": "0-0"
		}
	,"run information":{
		"Threads": 1
		,"Connections per thread": 2
		,"Seconds": 75
		}
	,"ALL STATS":{
		"Sets":{
			"Ops/sec": 193.50
			,"Hits/sec": 0.00
			,"Misses/sec": 0.00
			,"Latency": 4.87
			,"KB/sec": 201.13
			}
		,"Gets":{
			"Ops/sec": 193.47
			,"Hits/sec": 1160.83
			,"Misses/sec": 0.00
			,"Latency": 5.45
			,"KB/sec": 1210.08
			}
		,"Waits":{
			"Ops/sec": 0.00
			,"Hits/sec": 0.00
			,"Misses/sec": 0.00
			,"Latency": 0.00
			,"KB/sec": 0.00
			}
		,"Totals":{
			"Ops/sec": 386.97
			,"Hits/sec": 1160.83
			,"Misses/sec": 0.00
			,"Latency": 5.16
			,"KB/sec": 1411.21
			}
		,"SET":[
			{
				"<=msec": 0.820
				,"percent": 0.01
				}
			,{
				"<=msec": 0.850
				,"percent": 0.02
				}
			,{
				"<=msec": 0.880
				,"percent": 0.03
				}
			,{
				"<=msec": 0.890
				,"percent": 0.06
				}
			,{
				"<=msec": 0.900
				,"percent": 0.09
				}
			,{
				"<=msec": 0.910
				,"percent": 0.12
				}
			,{
				"<=msec": 0.920
				,"percent": 0.19
				}
			,{
				"<=msec": 0.930
				,"percent": 0.21
				}
			,{
				"<=msec": 0.940
				,"percent": 0.23
				}
			,{
				"<=msec": 0.950
				,"percent": 0.30
				}
			,{
				"<=msec": 0.960
				,"percent": 0.36
				}
			,{
				"<=msec": 0.970
				,"percent": 0.43
				}
			,{
				"<=msec": 0.980
				,"percent": 0.50
				}
			,{
				"<=msec": 0.990
				,"percent": 0.56
				}
			,{
				"<=msec": 1.000
				,"percent": 1.14
				}
			,{
				"<=msec": 1.100
				,"percent": 2.95
				}
			,{
				"<=msec": 1.200
				,"percent": 6.01
				}
			,{
				"<=msec": 1.300
				,"percent": 9.62
				}
			,{
				"<=msec": 1.400
				,"percent": 13.76
				}
			,{
				"<=msec": 1.500
				,"percent": 17.65
				}
			,{
				"<=msec": 1.600
				,"percent": 21.21
				}
			,{
				"<=msec": 1.700
				,"percent": 24.78
				}
			,{
				"<=msec": 1.800
				,"percent": 27.80
				}
			,{
				"<=msec": 1.900
				,"percent": 30.69
				}
			,{
				"<=msec": 2.000
				,"percent": 33.27
				}
			,{
				"<=msec": 2.100
				,"percent": 35.65
				}
			,{
				"<=msec": 2.200
				,"percent": 37.83
				}
			,{
				"<=msec": 2.300
				,"percent": 39.72
				}
			,{
				"<=msec": 2.400
				,"percent": 41.31
				}
			,{
				"<=msec": 2.500
				,"percent": 42.69
				}
			,{
				"<=msec": 2.600
				,"percent": 43.91
				}
			,{
				"<=msec": 2.700
				,"percent": 45.08
				}
			,{
				"<=msec": 2.800
				,"percent": 46.05
				}
			,{
				"<=msec": 2.900
				,"percent": 47.00
				}
			,{
				"<=msec": 3.000
				,"percent": 47.87
				}
			,{
				"<=msec": 3.100
				,"percent": 48.54
				}
			,{
				"<=msec": 3.200
				,"percent": 49.18
				}
			,{
				"<=msec": 3.300
				,"percent": 49.87
				}
			,{
				"<=msec": 3.400
				,"percent": 50.46
				}
			,{
				"<=msec": 3.500
				,"percent": 51.04
				}
			,{
				"<=msec": 3.600
				,"percent": 51.51
				}
			,{
				"<=msec": 3.700
				,"percent": 52.04
				}
			,{
				"<=msec": 3.800
				,"percent": 52.50
				}
			,{
				"<=msec": 3.900
				,"percent": 52.96
				}
			,{
				"<=msec": 4.000
				,"percent": 53.57
				}
			,{
				"<=msec": 4.100
				,"percent": 53.95
				}
			,{
				"<=msec": 4.200
				,"percent": 54.34
				}
			,{
				"<=msec": 4.300
				,"percent": 54.71
				}
			,{
				"<=msec": 4.400
				,"percent": 55.14
				}
			,{
				"<=msec": 4.500
				,"percent": 55.54
				}
			,{
				"<=msec": 4.600
				,"percent": 55.91
				}
			,{
				"<=msec": 4.700
				,"percent": 56.24
				}
			,{
				"<=msec": 4.800
				,"percent": 56.60
				}
			,{
				"<=msec": 4.900
				,"percent": 57.09
				}
			,{
				"<=msec": 5.000
				,"percent": 57.49
				}
			,{
				"<=msec": 5.100
				,"percent": 57.88
				}
			,{
				"<=msec": 5.200
				,"percent": 58.28
				}
			,{
				"<=msec": 5.300
				,"percent": 58.68
				}
			,{
				"<=msec": 5.400
				,"percent": 59.10
				}
			,{
				"<=msec": 5.500
				,"percent": 59.51
				}
			,{
				"<=msec": 5.600
				,"percent": 59.98
				}
			,{
				"<=msec": 5.700
				,"percent": 60.48
				}
			,{
				"<=msec": 5.800
				,"percent": 60.99
				}
			,{
				"<=msec": 5.900
				,"percent": 61.50
				}
			,{
				"<=msec": 6.000
				,"percent": 62.10
				}
			,{
				"<=msec": 6.100
				,"percent": 62.90
				}
			,{
				"<=msec": 6.200
				,"percent": 63.72
				}
			,{
				"<=msec": 6.300
				,"percent": 64.64
				}
			,{
				"<=msec": 6.400
				,"percent": 65.73
				}
			,{
				"<=msec": 6.500
				,"percent": 66.72
				}
			,{
				"<=msec": 6.600
				,"percent": 67.78
				}
			,{
				"<=msec": 6.700
				,"percent": 68.85
				}
			,{
				"<=msec": 6.800
				,"percent": 69.99
				}
			,{
				"<=msec": 6.900
				,"percent": 71.18
				}
			,{
				"<=msec": 7.000
				,"percent": 72.30
				}
			,{
				"<=msec": 7.100
				,"percent": 73.80
				}
			,{
				"<=msec": 7.200
				,"percent": 74.93
				}
			,{
				"<=msec": 7.300
				,"percent": 75.90
				}
			,{
				"<=msec": 7.400
				,"percent": 77.19
				}
			,{
				"<=msec": 7.500
				,"percent": 78.36
				}
			,{
				"<=msec": 7.600
				,"percent": 79.46
				}
			,{
				"<=msec": 7.700
				,"percent": 80.62
				}
			,{
				"<=msec": 7.800
				,"percent": 81.62
				}
			,{
				"<=msec": 7.900
				,"percent": 82.68
				}
			,{
				"<=msec": 8.000
				,"percent": 83.61
				}
			,{
				"<=msec": 8.100
				,"percent": 84.45
				}
			,{
				"<=msec": 8.200
				,"percent": 85.23
				}
			,{
				"<=msec": 8.300
				,"percent": 86.09
				}
			,{
				"<=msec": 8.400
				,"percent": 86.92
				}
			,{
				"<=msec": 8.500
				,"percent": 87.72
				}
			,{
				"<=msec": 8.600
				,"percent": 88.36
				}
			,{
				"<=msec": 8.700
				,"percent": 88.90
				}
			,{
				"<=msec": 8.800
				,"percent": 89.50
				}
			,{
				"<=msec": 8.900
				,"percent": 90.11
				}
			,{
				"<=msec": 9.000
				,"percent": 90.54
				}
			,{
				"<=msec": 9.100
				,"percent": 91.16
				}
			,{
				"<=msec": 9.200
				,"percent": 91.66
				}
			,{
				"<=msec": 9.300
				,"percent": 92.06
				}
			,{
				"<=msec": 9.400
				,"percent": 92.57
				}
			,{
				"<=msec": 9.500
				,"percent": 92.99
				}
			,{
				"<=msec": 9.600
				,"percent": 93.36
				}
			,{
				"<=msec": 9.700
				,"percent": 93.73
				}
			,{
				"<=msec": 9.800
				,"percent": 94.07
				}
			,{
				"<=msec": 9.900
				,"percent": 94.32
				}
			,{
				"<=msec": 10.000
				,"percent": 95.54
				}
			,{
				"<=msec": 11.000
				,"percent": 96.77
				}
			,{
				"<=msec": 12.000
				,"percent": 97.39
				}
			,{
				"<=msec": 13.000
				,"percent": 97.71
				}
			,{
				"<=msec": 14.000
				,"percent": 97.95
				}
			,{
				"<=msec": 15.000
				,"percent": 98.10
				}
			,{
				"<=msec": 16.000
				,"percent": 98.28
				}
			,{
				"<=msec": 17.000
				,"percent": 98.47
				}
			,{
				"<=msec": 18.000
				,"percent": 98.59
				}
			,{
				"<=msec": 19.000
				,"percent": 98.74
				}
			,{
				"<=msec": 20.000
				,"percent": 98.84
				}
			,{
				"<=msec": 21.000
				,"percent": 98.93
				}
			,{
				"<=msec": 22.000
				,"percent": 98.99
				}
			,{
				"<=msec": 23.000
				,"percent": 99.12
				}
			,{
				"<=msec": 24.000
				,"percent": 99.17
				}
			,{
				"<=msec": 25.000
				,"percent": 99.26
				}
			,{
				"<=msec": 26.000
				,"percent": 99.30
				}
			,{
				"<=msec": 27.000
				,"percent": 99.37
				}
			,{
				"<=msec": 28.000
				,"percent": 99.46
				}
			,{
				"<=msec": 29.000
				,"percent": 99.54
				}
			,{
				"<=msec": 30.000
				,"percent": 99.61
				}
			,{
				"<=msec": 31.000
				,"percent": 99.66
				}
			,{
				"<=msec": 32.000
				,"percent": 99.70
				}
			,{
				"<=msec": 33.000
				,"percent": 99.72
				}
			,{
				"<=msec": 34.000
				,"percent": 99.77
				}
			,{
				"<=msec": 35.000
				,"percent": 99.80
				}
			,{
				"<=msec": 36.000
				,"percent": 99.85
				}
			,{
				"<=msec": 37.000
				,"percent": 99.92
				}
			,{
				"<=msec": 38.000
				,"percent": 99.94
				}
			,{
				"<=msec": 39.000
				,"percent": 99.96
				}
			,{
				"<=msec": 40.000
				,"percent": 99.97
				}
			,{
				"<=msec": 41.000
				,"percent": 99.97
				}
			,{
				"<=msec": 45.000
				,"percent": 99.98
				}
			,{
				"<=msec": 46.000
				,"percent": 99.99
				}
			,{
				"<=msec": 51.000
				,"percent": 99.99
				}
			,{
				"<=msec": 52.000
				,"percent": 100.00
				}
			]
		,"GET":[
			{
				"<=msec": 1.100
				,"percent": 0.03
				}
			,{
				"<=msec": 1.200
				,"percent": 0.23
				}
			,{
				"<=msec": 1.300
				,"percent": 0.76
				}
			,{
				"<=msec": 1.400
				,"percent": 1.92
				}
			,{
				"<=msec": 1.500
				,"percent": 3.80
				}
			,{
				"<=msec": 1.600
				,"percent": 6.45
				}
			,{
				"<=msec": 1.700
				,"percent": 9.67
				}
			,{
				"<=msec": 1.800
				,"percent": 12.80
				}
			,{
				"<=msec": 1.900
				,"percent": 16.08
				}
			,{
				"<=msec": 2.000
				,"percent": 19.33
				}
			,{
				"<=msec": 2.100
				,"percent": 22.67
				}
			,{
				"<=msec": 2.200
				,"percent": 25.73
				}
			,{
				"<=msec": 2.300
				,"percent": 28.33
				}
			,{
				"<=msec": 2.400
				,"percent": 30.74
				}
			,{
				"<=msec": 2.500
				,"percent": 33.11
				}
			,{
				"<=msec": 2.600
				,"percent": 35.23
				}
			,{
				"<=msec": 2.700
				,"percent": 36.84
				}
			,{
				"<=msec": 2.800
				,"percent": 38.57
				}
			,{
				"<=msec": 2.900
				,"percent": 40.18
				}
			,{
				"<=msec": 3.000
				,"percent": 41.64
				}
			,{
				"<=msec": 3.100
				,"percent": 42.95
				}
			,{
				"<=msec": 3.200
				,"percent": 44.04
				}
			,{
				"<=msec": 3.300
				,"percent": 45.15
				}
			,{
				"<=msec": 3.400
				,"percent": 46.16
				}
			,{
				"<=msec": 3.500
				,"percent": 47.04
				}
			,{
				"<=msec": 3.600
				,"percent": 48.02
				}
			,{
				"<=msec": 3.700
				,"percent": 48.72
				}
			,{
				"<=msec": 3.800
				,"percent": 49.20
				}
			,{
				"<=msec": 3.900
				,"percent": 49.89
				}
			,{
				"<=msec": 4.000
				,"percent": 50.45
				}
			,{
				"<=msec": 4.100
				,"percent": 50.96
				}
			,{
				"<=msec": 4.200
				,"percent": 51.44
				}
			,{
				"<=msec": 4.300
				,"percent": 51.87
				}
			,{
				"<=msec": 4.400
				,"percent": 52.32
				}
			,{
				"<=msec": 4.500
				,"percent": 52.75
				}
			,{
				"<=msec": 4.600
				,"percent": 53.15
				}
			,{
				"<=msec": 4.700
				,"percent": 53.55
				}
			,{
				"<=msec": 4.800
				,"percent": 53.80
				}
			,{
				"<=msec": 4.900
				,"percent": 54.19
				}
			,{
				"<=msec": 5.000
				,"percent": 54.60
				}
			,{
				"<=msec": 5.100
				,"percent": 54.97
				}
			,{
				"<=msec": 5.200
				,"percent": 55.29
				}
			,{
				"<=msec": 5.300
				,"percent": 55.68
				}
			,{
				"<=msec": 5.400
				,"percent": 56.01
				}
			,{
				"<=msec": 5.500
				,"percent": 56.38
				}
			,{
				"<=msec": 5.600
				,"percent": 56.69
				}
			,{
				"<=msec": 5.700
				,"percent": 57.10
				}
			,{
				"<=msec": 5.800
				,"percent": 57.47
				}
			,{
				"<=msec": 5.900
				,"percent": 57.83
				}
			,{
				"<=msec": 6.000
				,"percent": 58.27
				}
			,{
				"<=msec": 6.100
				,"percent": 58.75
				}
			,{
				"<=msec": 6.200
				,"percent": 59.27
				}
			,{
				"<=msec": 6.300
				,"percent": 59.84
				}
			,{
				"<=msec": 6.400
				,"percent": 60.35
				}
			,{
				"<=msec": 6.500
				,"percent": 60.85
				}
			,{
				"<=msec": 6.600
				,"percent": 61.38
				}
			,{
				"<=msec": 6.700
				,"percent": 62.17
				}
			,{
				"<=msec": 6.800
				,"percent": 62.97
				}
			,{
				"<=msec": 6.900
				,"percent": 63.83
				}
			,{
				"<=msec": 7.000
				,"percent": 64.63
				}
			,{
				"<=msec": 7.100
				,"percent": 65.65
				}
			,{
				"<=msec": 7.200
				,"percent": 66.76
				}
			,{
				"<=msec": 7.300
				,"percent": 68.00
				}
			,{
				"<=msec": 7.400
				,"percent": 69.17
				}
			,{
				"<=msec": 7.500
				,"percent": 70.44
				}
			,{
				"<=msec": 7.600
				,"percent": 71.69
				}
			,{
				"<=msec": 7.700
				,"percent": 72.79
				}
			,{
				"<=msec": 7.800
				,"percent": 73.93
				}
			,{
				"<=msec": 7.900
				,"percent": 75.14
				}
			,{
				"<=msec": 8.000
				,"percent": 76.31
				}
			,{
				"<=msec": 8.100
				,"percent": 77.35
				}
			,{
				"<=msec": 8.200
				,"percent": 78.30
				}
			,{
				"<=msec": 8.300
				,"percent": 79.32
				}
			,{
				"<=msec": 8.400
				,"percent": 80.20
				}
			,{
				"<=msec": 8.500
				,"percent": 81.15
				}
			,{
				"<=msec": 8.600
				,"percent": 81.97
				}
			,{
				"<=msec": 8.700
				,"percent": 82.78
				}
			,{
				"<=msec": 8.800
				,"percent": 83.82
				}
			,{
				"<=msec": 8.900
				,"percent": 84.54
				}
			,{
				"<=msec": 9.000
				,"percent": 85.29
				}
			,{
				"<=msec": 9.100
				,"percent": 86.01
				}
			,{
				"<=msec": 9.200
				,"percent": 86.62
				}
			,{
				"<=msec": 9.300
				,"percent": 87.22
				}
			,{
				"<=msec": 9.400
				,"percent": 87.84
				}
			,{
				"<=msec": 9.500
				,"percent": 88.39
				}
			,{
				"<=msec": 9.600
				,"percent": 88.99
				}
			,{
				"<=msec": 9.700
				,"percent": 89.61
				}
			,{
				"<=msec": 9.800
				,"percent": 90.11
				}
			,{
				"<=msec": 9.900
				,"percent": 90.64
				}
			,{
				"<=msec": 10.000
				,"percent": 93.09
				}
			,{
				"<=msec": 11.000
				,"percent": 95.47
				}
			,{
				"<=msec": 12.000
				,"percent": 96.54
				}
			,{
				"<=msec": 13.000
				,"percent": 97.28
				}
			,{
				"<=msec": 14.000
				,"percent": 97.71
				}
			,{
				"<=msec": 15.000
				,"percent": 97.96
				}
			,{
				"<=msec": 16.000
				,"percent": 98.16
				}
			,{
				"<=msec": 17.000
				,"percent": 98.37
				}
			,{
				"<=msec": 18.000
				,"percent": 98.67
				}
			,{
				"<=msec": 19.000
				,"percent": 98.92
				}
			,{
				"<=msec": 20.000
				,"percent": 99.10
				}
			,{
				"<=msec": 21.000
				,"percent": 99.16
				}
			,{
				"<=msec": 22.000
				,"percent": 99.26
				}
			,{
				"<=msec": 23.000
				,"percent": 99.32
				}
			,{
				"<=msec": 24.000
				,"percent": 99.39
				}
			,{
				"<=msec": 25.000
				,"percent": 99.47
				}
			,{
				"<=msec": 26.000
				,"percent": 99.55
				}
			,{
				"<=msec": 27.000
				,"percent": 99.57
				}
			,{
				"<=msec": 28.000
				,"percent": 99.62
				}
			,{
				"<=msec": 29.000
				,"percent": 99.68
				}
			,{
				"<=msec": 30.000
				,"percent": 99.77
				}
			,{
				"<=msec": 31.000
				,"percent": 99.81
				}
			,{
				"<=msec": 32.000
				,"percent": 99.83
				}
			,{
				"<=msec": 33.000
				,"percent": 99.84
				}
			,{
				"<=msec": 34.000
				,"percent": 99.85
				}
			,{
				"<=msec": 35.000
				,"percent": 99.88
				}
			,{
				"<=msec": 36.000
				,"percent": 99.88
				}
			,{
				"<=msec": 37.000
				,"percent": 99.92
				}
			,{
				"<=msec": 38.000
				,"percent": 99.95
				}
			,{
				"<=msec": 39.000
				,"percent": 99.97
				}
			,{
				"<=msec": 41.000
				,"percent": 99.98
				}
			,{
				"<=msec": 42.000
				,"percent": 99.99
				}
			,{
				"<=msec": 43.000
				,"percent": 99.99
				}
			,{
				"<=msec": 44.000
				,"percent": 100.00
				}
			]
		,"WAIT":[
		]
		}
	}
