{
	"configuration":{
		"server": "10.0.0.9"
		,"port": 6379
		,"unix socket": "(null)"
		,"protocol": "memcache_text"
		,"out_file": "(null)"
		,"client_stats": "(null)"
		,"run_count": 1
		,"debug": 0
		,"requests": 0
		,"clients": 2
		,"threads": 1
		,"test_time": 75
		,"ratio": "1:6"
		,"pipeline": 1
		,"data_size": 1024
		,"data_offset": 0
		,"random_data": "false"
		,"data_size_range": "0:0"
		,"data_size_list": ""
		,"data_size_pattern": "R"
		,"expiry_range": "9999:10000"
		,"data_import": "(null)"
		,"data_verify": "false"
		,"verify_only": "false"
		,"generate_keys": "false"
		,"key_prefix": "memtier-"
		,"key_minimum":           0
		,"key_maximum":       10000
		,"key_pattern": "R:R"
		,"key_stddev": 0.000000
		,"key_median": 0.000000
		,"reconnect_interval": 0
		,"multi_key_get": 6
		,"authenticate": ""
		,"select-db": 0
		,"no-expiry": "false"
		,"wait-ratio": "0:0"
		,"num-slaves": "0:0"
		,"wait-timeout": "0-0"
		}
	,"run information":{
		"Threads": 1
		,"Connections per thread": 2
		,"Seconds": 75
		}
	,"ALL STATS":{
		"Sets":{
			"Ops/sec": 110.77
			,"Hits/sec": 0.00
			,"Misses/sec": 0.00
			,"Latency": 8.65
			,"KB/sec": 115.14
			}
		,"Gets":{
			"Ops/sec": 110.76
			,"Hits/sec": 664.54
			,"Misses/sec": 0.00
			,"Latency": 9.38
			,"KB/sec": 692.73
			}
		,"Waits":{
			"Ops/sec": 0.00
			,"Hits/sec": 0.00
			,"Misses/sec": 0.00
			,"Latency": 0.00
			,"KB/sec": 0.00
			}
		,"Totals":{
			"Ops/sec": 221.53
			,"Hits/sec": 664.54
			,"Misses/sec": 0.00
			,"Latency": 9.02
			,"KB/sec": 807.87
			}
		,"SET":[
			{
				"<=msec": 3.600
				,"percent": 0.12
				}
			,{
				"<=msec": 3.700
				,"percent": 0.49
				}
			,{
				"<=msec": 3.800
				,"percent": 1.40
				}
			,{
				"<=msec": 3.900
				,"percent": 2.44
				}
			,{
				"<=msec": 4.000
				,"percent": 4.04
				}
			,{
				"<=msec": 4.100
				,"percent": 5.58
				}
			,{
				"<=msec": 4.200
				,"percent": 7.10
				}
			,{
				"<=msec": 4.300
				,"percent": 8.71
				}
			,{
				"<=msec": 4.400
				,"percent": 10.29
				}
			,{
				"<=msec": 4.500
				,"percent": 11.86
				}
			,{
				"<=msec": 4.600
				,"percent": 12.98
				}
			,{
				"<=msec": 4.700
				,"percent": 14.13
				}
			,{
				"<=msec": 4.800
				,"percent": 15.37
				}
			,{
				"<=msec": 4.900
				,"percent": 16.42
				}
			,{
				"<=msec": 5.000
				,"percent": 17.56
				}
			,{
				"<=msec": 5.100
				,"percent": 18.44
				}
			,{
				"<=msec": 5.200
				,"percent": 19.61
				}
			,{
				"<=msec": 5.300
				,"percent": 20.59
				}
			,{
				"<=msec": 5.400
				,"percent": 21.53
				}
			,{
				"<=msec": 5.500
				,"percent": 22.39
				}
			,{
				"<=msec": 5.600
				,"percent": 23.07
				}
			,{
				"<=msec": 5.700
				,"percent": 23.82
				}
			,{
				"<=msec": 5.800
				,"percent": 24.55
				}
			,{
				"<=msec": 5.900
				,"percent": 25.45
				}
			,{
				"<=msec": 6.000
				,"percent": 26.18
				}
			,{
				"<=msec": 6.100
				,"percent": 26.78
				}
			,{
				"<=msec": 6.200
				,"percent": 27.58
				}
			,{
				"<=msec": 6.300
				,"percent": 28.44
				}
			,{
				"<=msec": 6.400
				,"percent": 29.14
				}
			,{
				"<=msec": 6.500
				,"percent": 29.86
				}
			,{
				"<=msec": 6.600
				,"percent": 30.51
				}
			,{
				"<=msec": 6.700
				,"percent": 31.48
				}
			,{
				"<=msec": 6.800
				,"percent": 32.31
				}
			,{
				"<=msec": 6.900
				,"percent": 33.16
				}
			,{
				"<=msec": 7.000
				,"percent": 34.08
				}
			,{
				"<=msec": 7.100
				,"percent": 34.97
				}
			,{
				"<=msec": 7.200
				,"percent": 36.12
				}
			,{
				"<=msec": 7.300
				,"percent": 37.34
				}
			,{
				"<=msec": 7.400
				,"percent": 38.35
				}
			,{
				"<=msec": 7.500
				,"percent": 39.46
				}
			,{
				"<=msec": 7.600
				,"percent": 40.39
				}
			,{
				"<=msec": 7.700
				,"percent": 41.36
				}
			,{
				"<=msec": 7.800
				,"percent": 42.49
				}
			,{
				"<=msec": 7.900
				,"percent": 43.69
				}
			,{
				"<=msec": 8.000
				,"percent": 44.99
				}
			,{
				"<=msec": 8.100
				,"percent": 46.26
				}
			,{
				"<=msec": 8.200
				,"percent": 47.54
				}
			,{
				"<=msec": 8.300
				,"percent": 48.64
				}
			,{
				"<=msec": 8.400
				,"percent": 50.06
				}
			,{
				"<=msec": 8.500
				,"percent": 51.42
				}
			,{
				"<=msec": 8.600
				,"percent": 52.68
				}
			,{
				"<=msec": 8.700
				,"percent": 54.06
				}
			,{
				"<=msec": 8.800
				,"percent": 55.60
				}
			,{
				"<=msec": 8.900
				,"percent": 57.31
				}
			,{
				"<=msec": 9.000
				,"percent": 58.88
				}
			,{
				"<=msec": 9.100
				,"percent": 60.58
				}
			,{
				"<=msec": 9.200
				,"percent": 62.22
				}
			,{
				"<=msec": 9.300
				,"percent": 64.09
				}
			,{
				"<=msec": 9.400
				,"percent": 65.84
				}
			,{
				"<=msec": 9.500
				,"percent": 67.40
				}
			,{
				"<=msec": 9.600
				,"percent": 69.08
				}
			,{
				"<=msec": 9.700
				,"percent": 70.82
				}
			,{
				"<=msec": 9.800
				,"percent": 72.60
				}
			,{
				"<=msec": 9.900
				,"percent": 74.12
				}
			,{
				"<=msec": 10.000
				,"percent": 80.98
				}
			,{
				"<=msec": 11.000
				,"percent": 88.65
				}
			,{
				"<=msec": 12.000
				,"percent": 92.24
				}
			,{
				"<=msec": 13.000
				,"percent": 94.51
				}
			,{
				"<=msec": 14.000
				,"percent": 95.56
				}
			,{
				"<=msec": 15.000
				,"percent": 96.09
				}
			,{
				"<=msec": 16.000
				,"percent": 96.41
				}
			,{
				"<=msec": 17.000
				,"percent": 96.71
				}
			,{
				"<=msec": 18.000
				,"percent": 97.15
				}
			,{
				"<=msec": 19.000
				,"percent": 97.52
				}
			,{
				"<=msec": 20.000
				,"percent": 97.80
				}
			,{
				"<=msec": 21.000
				,"percent": 98.04
				}
			,{
				"<=msec": 22.000
				,"percent": 98.29
				}
			,{
				"<=msec": 23.000
				,"percent": 98.42
				}
			,{
				"<=msec": 24.000
				,"percent": 98.58
				}
			,{
				"<=msec": 25.000
				,"percent": 98.68
				}
			,{
				"<=msec": 26.000
				,"percent": 98.76
				}
			,{
				"<=msec": 27.000
				,"percent": 98.90
				}
			,{
				"<=msec": 28.000
				,"percent": 99.03
				}
			,{
				"<=msec": 29.000
				,"percent": 99.19
				}
			,{
				"<=msec": 30.000
				,"percent": 99.24
				}
			,{
				"<=msec": 31.000
				,"percent": 99.30
				}
			,{
				"<=msec": 32.000
				,"percent": 99.34
				}
			,{
				"<=msec": 33.000
				,"percent": 99.40
				}
			,{
				"<=msec": 34.000
				,"percent": 99.48
				}
			,{
				"<=msec": 35.000
				,"percent": 99.54
				}
			,{
				"<=msec": 36.000
				,"percent": 99.63
				}
			,{
				"<=msec": 37.000
				,"percent": 99.72
				}
			,{
				"<=msec": 38.000
				,"percent": 99.78
				}
			,{
				"<=msec": 39.000
				,"percent": 99.82
				}
			,{
				"<=msec": 40.000
				,"percent": 99.87
				}
			,{
				"<=msec": 41.000
				,"percent": 99.92
				}
			,{
				"<=msec": 42.000
				,"percent": 99.94
				}
			,{
				"<=msec": 43.000
				,"percent": 99.95
				}
			,{
				"<=msec": 44.000
				,"percent": 99.98
				}
			,{
				"<=msec": 45.000
				,"percent": 99.99
				}
			,{
				"<=msec": 48.000
				,"percent": 100.00
				}
			]
		,"GET":[
			{
				"<=msec": 3.800
				,"percent": 0.02
				}
			,{
				"<=msec": 3.900
				,"percent": 0.16
				}
			,{
				"<=msec": 4.000
				,"percent": 0.49
				}
			,{
				"<=msec": 4.100
				,"percent": 1.22
				}
			,{
				"<=msec": 4.200
				,"percent": 2.19
				}
			,{
				"<=msec": 4.300
				,"percent": 3.37
				}
			,{
				"<=msec": 4.400
				,"percent": 4.49
				}
			,{
				"<=msec": 4.500
				,"percent": 5.83
				}
			,{
				"<=msec": 4.600
				,"percent": 7.40
				}
			,{
				"<=msec": 4.700
				,"percent": 8.66
				}
			,{
				"<=msec": 4.800
				,"percent": 10.00
				}
			,{
				"<=msec": 4.900
				,"percent": 11.36
				}
			,{
				"<=msec": 5.000
				,"percent": 12.72
				}
			,{
				"<=msec": 5.100
				,"percent": 13.84
				}
			,{
				"<=msec": 5.200
				,"percent": 15.13
				}
			,{
				"<=msec": 5.300
				,"percent": 16.25
				}
			,{
				"<=msec": 5.400
				,"percent": 17.23
				}
			,{
				"<=msec": 5.500
				,"percent": 18.15
				}
			,{
				"<=msec": 5.600
				,"percent": 19.08
				}
			,{
				"<=msec": 5.700
				,"percent": 19.98
				}
			,{
				"<=msec": 5.800
				,"percent": 20.97
				}
			,{
				"<=msec": 5.900
				,"percent": 21.89
				}
			,{
				"<=msec": 6.000
				,"percent": 22.92
				}
			,{
				"<=msec": 6.100
				,"percent": 23.79
				}
			,{
				"<=msec": 6.200
				,"percent": 24.38
				}
			,{
				"<=msec": 6.300
				,"percent": 25.08
				}
			,{
				"<=msec": 6.400
				,"percent": 25.83
				}
			,{
				"<=msec": 6.500
				,"percent": 26.48
				}
			,{
				"<=msec": 6.600
				,"percent": 27.19
				}
			,{
				"<=msec": 6.700
				,"percent": 27.84
				}
			,{
				"<=msec": 6.800
				,"percent": 28.54
				}
			,{
				"<=msec": 6.900
				,"percent": 29.34
				}
			,{
				"<=msec": 7.000
				,"percent": 30.01
				}
			,{
				"<=msec": 7.100
				,"percent": 30.70
				}
			,{
				"<=msec": 7.200
				,"percent": 31.32
				}
			,{
				"<=msec": 7.300
				,"percent": 32.03
				}
			,{
				"<=msec": 7.400
				,"percent": 32.79
				}
			,{
				"<=msec": 7.500
				,"percent": 33.53
				}
			,{
				"<=msec": 7.600
				,"percent": 34.40
				}
			,{
				"<=msec": 7.700
				,"percent": 35.26
				}
			,{
				"<=msec": 7.800
				,"percent": 35.93
				}
			,{
				"<=msec": 7.900
				,"percent": 36.76
				}
			,{
				"<=msec": 8.000
				,"percent": 37.80
				}
			,{
				"<=msec": 8.100
				,"percent": 38.86
				}
			,{
				"<=msec": 8.200
				,"percent": 39.71
				}
			,{
				"<=msec": 8.300
				,"percent": 40.80
				}
			,{
				"<=msec": 8.400
				,"percent": 41.71
				}
			,{
				"<=msec": 8.500
				,"percent": 42.69
				}
			,{
				"<=msec": 8.600
				,"percent": 43.96
				}
			,{
				"<=msec": 8.700
				,"percent": 44.90
				}
			,{
				"<=msec": 8.800
				,"percent": 46.15
				}
			,{
				"<=msec": 8.900
				,"percent": 47.48
				}
			,{
				"<=msec": 9.000
				,"percent": 48.54
				}
			,{
				"<=msec": 9.100
				,"percent": 49.93
				}
			,{
				"<=msec": 9.200
				,"percent": 51.15
				}
			,{
				"<=msec": 9.300
				,"percent": 52.55
				}
			,{
				"<=msec": 9.400
				,"percent": 54.10
				}
			,{
				"<=msec": 9.500
				,"percent": 55.70
				}
			,{
				"<=msec": 9.600
				,"percent": 57.35
				}
			,{
				"<=msec": 9.700
				,"percent": 59.11
				}
			,{
				"<=msec": 9.800
				,"percent": 60.56
				}
			,{
				"<=msec": 9.900
				,"percent": 62.36
				}
			,{
				"<=msec": 10.000
				,"percent": 71.07
				}
			,{
				"<=msec": 11.000
				,"percent": 81.57
				}
			,{
				"<=msec": 12.000
				,"percent": 87.78
				}
			,{
				"<=msec": 13.000
				,"percent": 91.24
				}
			,{
				"<=msec": 14.000
				,"percent": 93.34
				}
			,{
				"<=msec": 15.000
				,"percent": 94.32
				}
			,{
				"<=msec": 16.000
				,"percent": 94.98
				}
			,{
				"<=msec": 17.000
				,"percent": 95.64
				}
			,{
				"<=msec": 18.000
				,"percent": 96.29
				}
			,{
				"<=msec": 19.000
				,"percent": 96.83
				}
			,{
				"<=msec": 20.000
				,"percent": 97.44
				}
			,{
				"<=msec": 21.000
				,"percent": 97.94
				}
			,{
				"<=msec": 22.000
				,"percent": 98.11
				}
			,{
				"<=msec": 23.000
				,"percent": 98.23
				}
			,{
				"<=msec": 24.000
				,"percent": 98.36
				}
			,{
				"<=msec": 25.000
				,"percent": 98.46
				}
			,{
				"<=msec": 26.000
				,"percent": 98.63
				}
			,{
				"<=msec": 27.000
				,"percent": 98.75
				}
			,{
				"<=msec": 28.000
				,"percent": 98.84
				}
			,{
				"<=msec": 29.000
				,"percent": 98.96
				}
			,{
				"<=msec": 30.000
				,"percent": 99.15
				}
			,{
				"<=msec": 31.000
				,"percent": 99.28
				}
			,{
				"<=msec": 32.000
				,"percent": 99.39
				}
			,{
				"<=msec": 33.000
				,"percent": 99.48
				}
			,{
				"<=msec": 34.000
				,"percent": 99.55
				}
			,{
				"<=msec": 35.000
				,"percent": 99.64
				}
			,{
				"<=msec": 36.000
				,"percent": 99.66
				}
			,{
				"<=msec": 37.000
				,"percent": 99.77
				}
			,{
				"<=msec": 38.000
				,"percent": 99.82
				}
			,{
				"<=msec": 39.000
				,"percent": 99.88
				}
			,{
				"<=msec": 40.000
				,"percent": 99.90
				}
			,{
				"<=msec": 41.000
				,"percent": 99.95
				}
			,{
				"<=msec": 42.000
				,"percent": 99.96
				}
			,{
				"<=msec": 43.000
				,"percent": 99.98
				}
			,{
				"<=msec": 44.000
				,"percent": 99.99
				}
			,{
				"<=msec": 48.000
				,"percent": 100.00
				}
			]
		,"WAIT":[
		]
		}
	}
