{
	"configuration":{
		"server": "10.0.0.9"
		,"port": 6379
		,"unix socket": "(null)"
		,"protocol": "memcache_text"
		,"out_file": "(null)"
		,"client_stats": "(null)"
		,"run_count": 1
		,"debug": 0
		,"requests": 0
		,"clients": 2
		,"threads": 1
		,"test_time": 75
		,"ratio": "1:6"
		,"pipeline": 1
		,"data_size": 1024
		,"data_offset": 0
		,"random_data": "false"
		,"data_size_range": "0:0"
		,"data_size_list": ""
		,"data_size_pattern": "R"
		,"expiry_range": "9999:10000"
		,"data_import": "(null)"
		,"data_verify": "false"
		,"verify_only": "false"
		,"generate_keys": "false"
		,"key_prefix": "memtier-"
		,"key_minimum":           0
		,"key_maximum":       10000
		,"key_pattern": "R:R"
		,"key_stddev": 0.000000
		,"key_median": 0.000000
		,"reconnect_interval": 0
		,"multi_key_get": 6
		,"authenticate": ""
		,"select-db": 0
		,"no-expiry": "false"
		,"wait-ratio": "0:0"
		,"num-slaves": "0:0"
		,"wait-timeout": "0-0"
		}
	,"run information":{
		"Threads": 1
		,"Connections per thread": 2
		,"Seconds": 75
		}
	,"ALL STATS":{
		"Sets":{
			"Ops/sec": 104.64
			,"Hits/sec": 0.00
			,"Misses/sec": 0.00
			,"Latency": 9.09
			,"KB/sec": 108.76
			}
		,"Gets":{
			"Ops/sec": 104.62
			,"Hits/sec": 627.74
			,"Misses/sec": 0.00
			,"Latency": 9.99
			,"KB/sec": 654.37
			}
		,"Waits":{
			"Ops/sec": 0.00
			,"Hits/sec": 0.00
			,"Misses/sec": 0.00
			,"Latency": 0.00
			,"KB/sec": 0.00
			}
		,"Totals":{
			"Ops/sec": 209.26
			,"Hits/sec": 627.74
			,"Misses/sec": 0.00
			,"Latency": 9.54
			,"KB/sec": 763.14
			}
		,"SET":[
			{
				"<=msec": 3.900
				,"percent": 0.01
				}
			,{
				"<=msec": 4.000
				,"percent": 0.03
				}
			,{
				"<=msec": 4.100
				,"percent": 0.14
				}
			,{
				"<=msec": 4.200
				,"percent": 0.65
				}
			,{
				"<=msec": 4.300
				,"percent": 1.15
				}
			,{
				"<=msec": 4.400
				,"percent": 1.96
				}
			,{
				"<=msec": 4.500
				,"percent": 3.24
				}
			,{
				"<=msec": 4.600
				,"percent": 4.68
				}
			,{
				"<=msec": 4.700
				,"percent": 6.14
				}
			,{
				"<=msec": 4.800
				,"percent": 7.54
				}
			,{
				"<=msec": 4.900
				,"percent": 9.05
				}
			,{
				"<=msec": 5.000
				,"percent": 10.29
				}
			,{
				"<=msec": 5.100
				,"percent": 11.56
				}
			,{
				"<=msec": 5.200
				,"percent": 12.73
				}
			,{
				"<=msec": 5.300
				,"percent": 13.72
				}
			,{
				"<=msec": 5.400
				,"percent": 14.98
				}
			,{
				"<=msec": 5.500
				,"percent": 16.19
				}
			,{
				"<=msec": 5.600
				,"percent": 17.25
				}
			,{
				"<=msec": 5.700
				,"percent": 18.28
				}
			,{
				"<=msec": 5.800
				,"percent": 19.42
				}
			,{
				"<=msec": 5.900
				,"percent": 20.40
				}
			,{
				"<=msec": 6.000
				,"percent": 21.33
				}
			,{
				"<=msec": 6.100
				,"percent": 22.27
				}
			,{
				"<=msec": 6.200
				,"percent": 23.25
				}
			,{
				"<=msec": 6.300
				,"percent": 24.37
				}
			,{
				"<=msec": 6.400
				,"percent": 25.47
				}
			,{
				"<=msec": 6.500
				,"percent": 26.33
				}
			,{
				"<=msec": 6.600
				,"percent": 27.09
				}
			,{
				"<=msec": 6.700
				,"percent": 28.00
				}
			,{
				"<=msec": 6.800
				,"percent": 28.93
				}
			,{
				"<=msec": 6.900
				,"percent": 29.81
				}
			,{
				"<=msec": 7.000
				,"percent": 30.90
				}
			,{
				"<=msec": 7.100
				,"percent": 31.76
				}
			,{
				"<=msec": 7.200
				,"percent": 32.74
				}
			,{
				"<=msec": 7.300
				,"percent": 33.67
				}
			,{
				"<=msec": 7.400
				,"percent": 34.72
				}
			,{
				"<=msec": 7.500
				,"percent": 35.95
				}
			,{
				"<=msec": 7.600
				,"percent": 37.05
				}
			,{
				"<=msec": 7.700
				,"percent": 38.03
				}
			,{
				"<=msec": 7.800
				,"percent": 39.15
				}
			,{
				"<=msec": 7.900
				,"percent": 40.35
				}
			,{
				"<=msec": 8.000
				,"percent": 41.42
				}
			,{
				"<=msec": 8.100
				,"percent": 42.67
				}
			,{
				"<=msec": 8.200
				,"percent": 43.99
				}
			,{
				"<=msec": 8.300
				,"percent": 45.32
				}
			,{
				"<=msec": 8.400
				,"percent": 46.99
				}
			,{
				"<=msec": 8.500
				,"percent": 48.18
				}
			,{
				"<=msec": 8.600
				,"percent": 49.59
				}
			,{
				"<=msec": 8.700
				,"percent": 51.00
				}
			,{
				"<=msec": 8.800
				,"percent": 52.58
				}
			,{
				"<=msec": 8.900
				,"percent": 54.13
				}
			,{
				"<=msec": 9.000
				,"percent": 55.26
				}
			,{
				"<=msec": 9.100
				,"percent": 56.80
				}
			,{
				"<=msec": 9.200
				,"percent": 58.34
				}
			,{
				"<=msec": 9.300
				,"percent": 59.66
				}
			,{
				"<=msec": 9.400
				,"percent": 61.35
				}
			,{
				"<=msec": 9.500
				,"percent": 62.91
				}
			,{
				"<=msec": 9.600
				,"percent": 64.54
				}
			,{
				"<=msec": 9.700
				,"percent": 66.02
				}
			,{
				"<=msec": 9.800
				,"percent": 67.49
				}
			,{
				"<=msec": 9.900
				,"percent": 68.72
				}
			,{
				"<=msec": 10.000
				,"percent": 75.73
				}
			,{
				"<=msec": 11.000
				,"percent": 84.90
				}
			,{
				"<=msec": 12.000
				,"percent": 90.53
				}
			,{
				"<=msec": 13.000
				,"percent": 93.16
				}
			,{
				"<=msec": 14.000
				,"percent": 94.64
				}
			,{
				"<=msec": 15.000
				,"percent": 95.48
				}
			,{
				"<=msec": 16.000
				,"percent": 95.97
				}
			,{
				"<=msec": 17.000
				,"percent": 96.59
				}
			,{
				"<=msec": 18.000
				,"percent": 96.99
				}
			,{
				"<=msec": 19.000
				,"percent": 97.46
				}
			,{
				"<=msec": 20.000
				,"percent": 97.83
				}
			,{
				"<=msec": 21.000
				,"percent": 98.00
				}
			,{
				"<=msec": 22.000
				,"percent": 98.14
				}
			,{
				"<=msec": 23.000
				,"percent": 98.29
				}
			,{
				"<=msec": 24.000
				,"percent": 98.37
				}
			,{
				"<=msec": 25.000
				,"percent": 98.52
				}
			,{
				"<=msec": 26.000
				,"percent": 98.62
				}
			,{
				"<=msec": 27.000
				,"percent": 98.79
				}
			,{
				"<=msec": 28.000
				,"percent": 98.89
				}
			,{
				"<=msec": 29.000
				,"percent": 99.02
				}
			,{
				"<=msec": 30.000
				,"percent": 99.15
				}
			,{
				"<=msec": 31.000
				,"percent": 99.30
				}
			,{
				"<=msec": 32.000
				,"percent": 99.40
				}
			,{
				"<=msec": 33.000
				,"percent": 99.48
				}
			,{
				"<=msec": 34.000
				,"percent": 99.61
				}
			,{
				"<=msec": 35.000
				,"percent": 99.64
				}
			,{
				"<=msec": 36.000
				,"percent": 99.75
				}
			,{
				"<=msec": 37.000
				,"percent": 99.76
				}
			,{
				"<=msec": 38.000
				,"percent": 99.81
				}
			,{
				"<=msec": 39.000
				,"percent": 99.86
				}
			,{
				"<=msec": 40.000
				,"percent": 99.89
				}
			,{
				"<=msec": 41.000
				,"percent": 99.94
				}
			,{
				"<=msec": 42.000
				,"percent": 99.97
				}
			,{
				"<=msec": 44.000
				,"percent": 99.99
				}
			,{
				"<=msec": 47.000
				,"percent": 100.00
				}
			]
		,"GET":[
			{
				"<=msec": 4.300
				,"percent": 0.09
				}
			,{
				"<=msec": 4.400
				,"percent": 0.18
				}
			,{
				"<=msec": 4.500
				,"percent": 0.45
				}
			,{
				"<=msec": 4.600
				,"percent": 1.12
				}
			,{
				"<=msec": 4.700
				,"percent": 1.75
				}
			,{
				"<=msec": 4.800
				,"percent": 2.50
				}
			,{
				"<=msec": 4.900
				,"percent": 3.40
				}
			,{
				"<=msec": 5.000
				,"percent": 4.41
				}
			,{
				"<=msec": 5.100
				,"percent": 5.59
				}
			,{
				"<=msec": 5.200
				,"percent": 6.63
				}
			,{
				"<=msec": 5.300
				,"percent": 7.62
				}
			,{
				"<=msec": 5.400
				,"percent": 9.09
				}
			,{
				"<=msec": 5.500
				,"percent": 10.27
				}
			,{
				"<=msec": 5.600
				,"percent": 11.51
				}
			,{
				"<=msec": 5.700
				,"percent": 12.53
				}
			,{
				"<=msec": 5.800
				,"percent": 13.47
				}
			,{
				"<=msec": 5.900
				,"percent": 14.40
				}
			,{
				"<=msec": 6.000
				,"percent": 15.32
				}
			,{
				"<=msec": 6.100
				,"percent": 16.34
				}
			,{
				"<=msec": 6.200
				,"percent": 17.35
				}
			,{
				"<=msec": 6.300
				,"percent": 18.35
				}
			,{
				"<=msec": 6.400
				,"percent": 19.24
				}
			,{
				"<=msec": 6.500
				,"percent": 20.20
				}
			,{
				"<=msec": 6.600
				,"percent": 21.09
				}
			,{
				"<=msec": 6.700
				,"percent": 21.84
				}
			,{
				"<=msec": 6.800
				,"percent": 22.67
				}
			,{
				"<=msec": 6.900
				,"percent": 23.28
				}
			,{
				"<=msec": 7.000
				,"percent": 23.93
				}
			,{
				"<=msec": 7.100
				,"percent": 24.86
				}
			,{
				"<=msec": 7.200
				,"percent": 25.66
				}
			,{
				"<=msec": 7.300
				,"percent": 26.54
				}
			,{
				"<=msec": 7.400
				,"percent": 27.46
				}
			,{
				"<=msec": 7.500
				,"percent": 28.24
				}
			,{
				"<=msec": 7.600
				,"percent": 29.28
				}
			,{
				"<=msec": 7.700
				,"percent": 30.02
				}
			,{
				"<=msec": 7.800
				,"percent": 30.72
				}
			,{
				"<=msec": 7.900
				,"percent": 31.82
				}
			,{
				"<=msec": 8.000
				,"percent": 32.66
				}
			,{
				"<=msec": 8.100
				,"percent": 33.52
				}
			,{
				"<=msec": 8.200
				,"percent": 34.40
				}
			,{
				"<=msec": 8.300
				,"percent": 35.41
				}
			,{
				"<=msec": 8.400
				,"percent": 36.31
				}
			,{
				"<=msec": 8.500
				,"percent": 37.27
				}
			,{
				"<=msec": 8.600
				,"percent": 38.20
				}
			,{
				"<=msec": 8.700
				,"percent": 39.39
				}
			,{
				"<=msec": 8.800
				,"percent": 40.80
				}
			,{
				"<=msec": 8.900
				,"percent": 41.96
				}
			,{
				"<=msec": 9.000
				,"percent": 43.17
				}
			,{
				"<=msec": 9.100
				,"percent": 44.33
				}
			,{
				"<=msec": 9.200
				,"percent": 45.57
				}
			,{
				"<=msec": 9.300
				,"percent": 46.94
				}
			,{
				"<=msec": 9.400
				,"percent": 48.38
				}
			,{
				"<=msec": 9.500
				,"percent": 49.77
				}
			,{
				"<=msec": 9.600
				,"percent": 51.31
				}
			,{
				"<=msec": 9.700
				,"percent": 52.68
				}
			,{
				"<=msec": 9.800
				,"percent": 54.20
				}
			,{
				"<=msec": 9.900
				,"percent": 55.62
				}
			,{
				"<=msec": 10.000
				,"percent": 63.79
				}
			,{
				"<=msec": 11.000
				,"percent": 76.47
				}
			,{
				"<=msec": 12.000
				,"percent": 84.53
				}
			,{
				"<=msec": 13.000
				,"percent": 89.50
				}
			,{
				"<=msec": 14.000
				,"percent": 92.13
				}
			,{
				"<=msec": 15.000
				,"percent": 93.53
				}
			,{
				"<=msec": 16.000
				,"percent": 94.39
				}
			,{
				"<=msec": 17.000
				,"percent": 95.02
				}
			,{
				"<=msec": 18.000
				,"percent": 95.74
				}
			,{
				"<=msec": 19.000
				,"percent": 96.28
				}
			,{
				"<=msec": 20.000
				,"percent": 96.83
				}
			,{
				"<=msec": 21.000
				,"percent": 97.35
				}
			,{
				"<=msec": 22.000
				,"percent": 97.69
				}
			,{
				"<=msec": 23.000
				,"percent": 98.01
				}
			,{
				"<=msec": 24.000
				,"percent": 98.19
				}
			,{
				"<=msec": 25.000
				,"percent": 98.42
				}
			,{
				"<=msec": 26.000
				,"percent": 98.71
				}
			,{
				"<=msec": 27.000
				,"percent": 98.87
				}
			,{
				"<=msec": 28.000
				,"percent": 98.90
				}
			,{
				"<=msec": 29.000
				,"percent": 98.98
				}
			,{
				"<=msec": 30.000
				,"percent": 99.08
				}
			,{
				"<=msec": 31.000
				,"percent": 99.21
				}
			,{
				"<=msec": 32.000
				,"percent": 99.26
				}
			,{
				"<=msec": 33.000
				,"percent": 99.35
				}
			,{
				"<=msec": 34.000
				,"percent": 99.40
				}
			,{
				"<=msec": 35.000
				,"percent": 99.48
				}
			,{
				"<=msec": 36.000
				,"percent": 99.57
				}
			,{
				"<=msec": 37.000
				,"percent": 99.60
				}
			,{
				"<=msec": 38.000
				,"percent": 99.71
				}
			,{
				"<=msec": 39.000
				,"percent": 99.76
				}
			,{
				"<=msec": 40.000
				,"percent": 99.78
				}
			,{
				"<=msec": 41.000
				,"percent": 99.85
				}
			,{
				"<=msec": 42.000
				,"percent": 99.91
				}
			,{
				"<=msec": 43.000
				,"percent": 99.96
				}
			,{
				"<=msec": 44.000
				,"percent": 99.99
				}
			,{
				"<=msec": 49.000
				,"percent": 100.00
				}
			]
		,"WAIT":[
		]
		}
	}
