{
	"configuration":{
		"server": "10.0.0.9"
		,"port": 6379
		,"unix socket": "(null)"
		,"protocol": "memcache_text"
		,"out_file": "(null)"
		,"client_stats": "(null)"
		,"run_count": 1
		,"debug": 0
		,"requests": 0
		,"clients": 2
		,"threads": 1
		,"test_time": 75
		,"ratio": "1:6"
		,"pipeline": 1
		,"data_size": 1024
		,"data_offset": 0
		,"random_data": "false"
		,"data_size_range": "0:0"
		,"data_size_list": ""
		,"data_size_pattern": "R"
		,"expiry_range": "9999:10000"
		,"data_import": "(null)"
		,"data_verify": "false"
		,"verify_only": "false"
		,"generate_keys": "false"
		,"key_prefix": "memtier-"
		,"key_minimum":           0
		,"key_maximum":       10000
		,"key_pattern": "R:R"
		,"key_stddev": 0.000000
		,"key_median": 0.000000
		,"reconnect_interval": 0
		,"multi_key_get": 6
		,"authenticate": ""
		,"select-db": 0
		,"no-expiry": "false"
		,"wait-ratio": "0:0"
		,"num-slaves": "0:0"
		,"wait-timeout": "0-0"
		}
	,"run information":{
		"Threads": 1
		,"Connections per thread": 2
		,"Seconds": 75
		}
	,"ALL STATS":{
		"Sets":{
			"Ops/sec": 104.25
			,"Hits/sec": 0.00
			,"Misses/sec": 0.00
			,"Latency": 9.12
			,"KB/sec": 108.36
			}
		,"Gets":{
			"Ops/sec": 104.24
			,"Hits/sec": 625.41
			,"Misses/sec": 0.00
			,"Latency": 10.04
			,"KB/sec": 651.94
			}
		,"Waits":{
			"Ops/sec": 0.00
			,"Hits/sec": 0.00
			,"Misses/sec": 0.00
			,"Latency": 0.00
			,"KB/sec": 0.00
			}
		,"Totals":{
			"Ops/sec": 208.48
			,"Hits/sec": 625.41
			,"Misses/sec": 0.00
			,"Latency": 9.58
			,"KB/sec": 760.30
			}
		,"SET":[
			{
				"<=msec": 4.000
				,"percent": 0.03
				}
			,{
				"<=msec": 4.100
				,"percent": 0.23
				}
			,{
				"<=msec": 4.200
				,"percent": 0.73
				}
			,{
				"<=msec": 4.300
				,"percent": 1.45
				}
			,{
				"<=msec": 4.400
				,"percent": 2.48
				}
			,{
				"<=msec": 4.500
				,"percent": 3.57
				}
			,{
				"<=msec": 4.600
				,"percent": 4.90
				}
			,{
				"<=msec": 4.700
				,"percent": 6.41
				}
			,{
				"<=msec": 4.800
				,"percent": 8.25
				}
			,{
				"<=msec": 4.900
				,"percent": 9.72
				}
			,{
				"<=msec": 5.000
				,"percent": 11.09
				}
			,{
				"<=msec": 5.100
				,"percent": 12.33
				}
			,{
				"<=msec": 5.200
				,"percent": 13.75
				}
			,{
				"<=msec": 5.300
				,"percent": 14.69
				}
			,{
				"<=msec": 5.400
				,"percent": 15.83
				}
			,{
				"<=msec": 5.500
				,"percent": 16.87
				}
			,{
				"<=msec": 5.600
				,"percent": 18.03
				}
			,{
				"<=msec": 5.700
				,"percent": 19.00
				}
			,{
				"<=msec": 5.800
				,"percent": 19.84
				}
			,{
				"<=msec": 5.900
				,"percent": 20.55
				}
			,{
				"<=msec": 6.000
				,"percent": 21.29
				}
			,{
				"<=msec": 6.100
				,"percent": 22.19
				}
			,{
				"<=msec": 6.200
				,"percent": 23.00
				}
			,{
				"<=msec": 6.300
				,"percent": 23.94
				}
			,{
				"<=msec": 6.400
				,"percent": 24.88
				}
			,{
				"<=msec": 6.500
				,"percent": 25.91
				}
			,{
				"<=msec": 6.600
				,"percent": 27.00
				}
			,{
				"<=msec": 6.700
				,"percent": 27.88
				}
			,{
				"<=msec": 6.800
				,"percent": 28.70
				}
			,{
				"<=msec": 6.900
				,"percent": 29.72
				}
			,{
				"<=msec": 7.000
				,"percent": 30.60
				}
			,{
				"<=msec": 7.100
				,"percent": 31.56
				}
			,{
				"<=msec": 7.200
				,"percent": 32.42
				}
			,{
				"<=msec": 7.300
				,"percent": 33.35
				}
			,{
				"<=msec": 7.400
				,"percent": 34.43
				}
			,{
				"<=msec": 7.500
				,"percent": 35.59
				}
			,{
				"<=msec": 7.600
				,"percent": 36.74
				}
			,{
				"<=msec": 7.700
				,"percent": 37.93
				}
			,{
				"<=msec": 7.800
				,"percent": 38.97
				}
			,{
				"<=msec": 7.900
				,"percent": 40.12
				}
			,{
				"<=msec": 8.000
				,"percent": 41.31
				}
			,{
				"<=msec": 8.100
				,"percent": 42.74
				}
			,{
				"<=msec": 8.200
				,"percent": 44.03
				}
			,{
				"<=msec": 8.300
				,"percent": 45.38
				}
			,{
				"<=msec": 8.400
				,"percent": 46.50
				}
			,{
				"<=msec": 8.500
				,"percent": 47.84
				}
			,{
				"<=msec": 8.600
				,"percent": 49.37
				}
			,{
				"<=msec": 8.700
				,"percent": 50.62
				}
			,{
				"<=msec": 8.800
				,"percent": 51.99
				}
			,{
				"<=msec": 8.900
				,"percent": 53.34
				}
			,{
				"<=msec": 9.000
				,"percent": 55.05
				}
			,{
				"<=msec": 9.100
				,"percent": 56.48
				}
			,{
				"<=msec": 9.200
				,"percent": 58.28
				}
			,{
				"<=msec": 9.300
				,"percent": 59.97
				}
			,{
				"<=msec": 9.400
				,"percent": 61.61
				}
			,{
				"<=msec": 9.500
				,"percent": 62.95
				}
			,{
				"<=msec": 9.600
				,"percent": 64.52
				}
			,{
				"<=msec": 9.700
				,"percent": 65.70
				}
			,{
				"<=msec": 9.800
				,"percent": 67.13
				}
			,{
				"<=msec": 9.900
				,"percent": 68.68
				}
			,{
				"<=msec": 10.000
				,"percent": 75.65
				}
			,{
				"<=msec": 11.000
				,"percent": 85.05
				}
			,{
				"<=msec": 12.000
				,"percent": 90.37
				}
			,{
				"<=msec": 13.000
				,"percent": 93.21
				}
			,{
				"<=msec": 14.000
				,"percent": 94.54
				}
			,{
				"<=msec": 15.000
				,"percent": 95.29
				}
			,{
				"<=msec": 16.000
				,"percent": 95.84
				}
			,{
				"<=msec": 17.000
				,"percent": 96.27
				}
			,{
				"<=msec": 18.000
				,"percent": 96.67
				}
			,{
				"<=msec": 19.000
				,"percent": 97.16
				}
			,{
				"<=msec": 20.000
				,"percent": 97.54
				}
			,{
				"<=msec": 21.000
				,"percent": 97.95
				}
			,{
				"<=msec": 22.000
				,"percent": 98.20
				}
			,{
				"<=msec": 23.000
				,"percent": 98.32
				}
			,{
				"<=msec": 24.000
				,"percent": 98.54
				}
			,{
				"<=msec": 25.000
				,"percent": 98.66
				}
			,{
				"<=msec": 26.000
				,"percent": 98.76
				}
			,{
				"<=msec": 27.000
				,"percent": 98.85
				}
			,{
				"<=msec": 28.000
				,"percent": 98.93
				}
			,{
				"<=msec": 29.000
				,"percent": 99.02
				}
			,{
				"<=msec": 30.000
				,"percent": 99.18
				}
			,{
				"<=msec": 31.000
				,"percent": 99.36
				}
			,{
				"<=msec": 32.000
				,"percent": 99.44
				}
			,{
				"<=msec": 33.000
				,"percent": 99.51
				}
			,{
				"<=msec": 34.000
				,"percent": 99.54
				}
			,{
				"<=msec": 35.000
				,"percent": 99.57
				}
			,{
				"<=msec": 36.000
				,"percent": 99.62
				}
			,{
				"<=msec": 37.000
				,"percent": 99.67
				}
			,{
				"<=msec": 38.000
				,"percent": 99.71
				}
			,{
				"<=msec": 39.000
				,"percent": 99.77
				}
			,{
				"<=msec": 40.000
				,"percent": 99.86
				}
			,{
				"<=msec": 41.000
				,"percent": 99.90
				}
			,{
				"<=msec": 44.000
				,"percent": 99.94
				}
			,{
				"<=msec": 48.000
				,"percent": 99.95
				}
			,{
				"<=msec": 49.000
				,"percent": 99.97
				}
			,{
				"<=msec": 53.000
				,"percent": 99.99
				}
			,{
				"<=msec": 54.000
				,"percent": 100.00
				}
			]
		,"GET":[
			{
				"<=msec": 4.200
				,"percent": 0.01
				}
			,{
				"<=msec": 4.300
				,"percent": 0.05
				}
			,{
				"<=msec": 4.400
				,"percent": 0.22
				}
			,{
				"<=msec": 4.500
				,"percent": 0.58
				}
			,{
				"<=msec": 4.600
				,"percent": 1.09
				}
			,{
				"<=msec": 4.700
				,"percent": 1.85
				}
			,{
				"<=msec": 4.800
				,"percent": 2.71
				}
			,{
				"<=msec": 4.900
				,"percent": 3.71
				}
			,{
				"<=msec": 5.000
				,"percent": 4.75
				}
			,{
				"<=msec": 5.100
				,"percent": 5.97
				}
			,{
				"<=msec": 5.200
				,"percent": 7.24
				}
			,{
				"<=msec": 5.300
				,"percent": 8.53
				}
			,{
				"<=msec": 5.400
				,"percent": 9.64
				}
			,{
				"<=msec": 5.500
				,"percent": 10.87
				}
			,{
				"<=msec": 5.600
				,"percent": 11.64
				}
			,{
				"<=msec": 5.700
				,"percent": 12.89
				}
			,{
				"<=msec": 5.800
				,"percent": 13.97
				}
			,{
				"<=msec": 5.900
				,"percent": 15.07
				}
			,{
				"<=msec": 6.000
				,"percent": 16.14
				}
			,{
				"<=msec": 6.100
				,"percent": 17.13
				}
			,{
				"<=msec": 6.200
				,"percent": 18.05
				}
			,{
				"<=msec": 6.300
				,"percent": 18.98
				}
			,{
				"<=msec": 6.400
				,"percent": 20.04
				}
			,{
				"<=msec": 6.500
				,"percent": 20.76
				}
			,{
				"<=msec": 6.600
				,"percent": 21.53
				}
			,{
				"<=msec": 6.700
				,"percent": 22.38
				}
			,{
				"<=msec": 6.800
				,"percent": 23.27
				}
			,{
				"<=msec": 6.900
				,"percent": 24.10
				}
			,{
				"<=msec": 7.000
				,"percent": 24.97
				}
			,{
				"<=msec": 7.100
				,"percent": 25.62
				}
			,{
				"<=msec": 7.200
				,"percent": 26.44
				}
			,{
				"<=msec": 7.300
				,"percent": 27.36
				}
			,{
				"<=msec": 7.400
				,"percent": 28.32
				}
			,{
				"<=msec": 7.500
				,"percent": 28.97
				}
			,{
				"<=msec": 7.600
				,"percent": 29.97
				}
			,{
				"<=msec": 7.700
				,"percent": 30.76
				}
			,{
				"<=msec": 7.800
				,"percent": 31.76
				}
			,{
				"<=msec": 7.900
				,"percent": 32.66
				}
			,{
				"<=msec": 8.000
				,"percent": 33.61
				}
			,{
				"<=msec": 8.100
				,"percent": 34.63
				}
			,{
				"<=msec": 8.200
				,"percent": 35.65
				}
			,{
				"<=msec": 8.300
				,"percent": 36.57
				}
			,{
				"<=msec": 8.400
				,"percent": 37.52
				}
			,{
				"<=msec": 8.500
				,"percent": 38.59
				}
			,{
				"<=msec": 8.600
				,"percent": 39.68
				}
			,{
				"<=msec": 8.700
				,"percent": 40.64
				}
			,{
				"<=msec": 8.800
				,"percent": 41.60
				}
			,{
				"<=msec": 8.900
				,"percent": 42.76
				}
			,{
				"<=msec": 9.000
				,"percent": 43.83
				}
			,{
				"<=msec": 9.100
				,"percent": 45.18
				}
			,{
				"<=msec": 9.200
				,"percent": 46.48
				}
			,{
				"<=msec": 9.300
				,"percent": 47.68
				}
			,{
				"<=msec": 9.400
				,"percent": 49.09
				}
			,{
				"<=msec": 9.500
				,"percent": 50.54
				}
			,{
				"<=msec": 9.600
				,"percent": 51.87
				}
			,{
				"<=msec": 9.700
				,"percent": 53.24
				}
			,{
				"<=msec": 9.800
				,"percent": 54.59
				}
			,{
				"<=msec": 9.900
				,"percent": 56.24
				}
			,{
				"<=msec": 10.000
				,"percent": 63.95
				}
			,{
				"<=msec": 11.000
				,"percent": 76.46
				}
			,{
				"<=msec": 12.000
				,"percent": 84.16
				}
			,{
				"<=msec": 13.000
				,"percent": 88.88
				}
			,{
				"<=msec": 14.000
				,"percent": 91.42
				}
			,{
				"<=msec": 15.000
				,"percent": 92.70
				}
			,{
				"<=msec": 16.000
				,"percent": 93.53
				}
			,{
				"<=msec": 17.000
				,"percent": 94.32
				}
			,{
				"<=msec": 18.000
				,"percent": 95.10
				}
			,{
				"<=msec": 19.000
				,"percent": 95.64
				}
			,{
				"<=msec": 20.000
				,"percent": 96.38
				}
			,{
				"<=msec": 21.000
				,"percent": 96.94
				}
			,{
				"<=msec": 22.000
				,"percent": 97.34
				}
			,{
				"<=msec": 23.000
				,"percent": 97.65
				}
			,{
				"<=msec": 24.000
				,"percent": 97.98
				}
			,{
				"<=msec": 25.000
				,"percent": 98.18
				}
			,{
				"<=msec": 26.000
				,"percent": 98.30
				}
			,{
				"<=msec": 27.000
				,"percent": 98.47
				}
			,{
				"<=msec": 28.000
				,"percent": 98.68
				}
			,{
				"<=msec": 29.000
				,"percent": 98.84
				}
			,{
				"<=msec": 30.000
				,"percent": 99.02
				}
			,{
				"<=msec": 31.000
				,"percent": 99.14
				}
			,{
				"<=msec": 32.000
				,"percent": 99.30
				}
			,{
				"<=msec": 33.000
				,"percent": 99.36
				}
			,{
				"<=msec": 34.000
				,"percent": 99.45
				}
			,{
				"<=msec": 35.000
				,"percent": 99.51
				}
			,{
				"<=msec": 36.000
				,"percent": 99.58
				}
			,{
				"<=msec": 37.000
				,"percent": 99.62
				}
			,{
				"<=msec": 38.000
				,"percent": 99.65
				}
			,{
				"<=msec": 39.000
				,"percent": 99.76
				}
			,{
				"<=msec": 40.000
				,"percent": 99.83
				}
			,{
				"<=msec": 41.000
				,"percent": 99.86
				}
			,{
				"<=msec": 42.000
				,"percent": 99.88
				}
			,{
				"<=msec": 43.000
				,"percent": 99.92
				}
			,{
				"<=msec": 44.000
				,"percent": 99.94
				}
			,{
				"<=msec": 45.000
				,"percent": 99.95
				}
			,{
				"<=msec": 48.000
				,"percent": 99.96
				}
			,{
				"<=msec": 49.000
				,"percent": 99.97
				}
			,{
				"<=msec": 50.000
				,"percent": 100.00
				}
			]
		,"WAIT":[
		]
		}
	}
