{
	"configuration":{
		"server": "10.0.0.9"
		,"port": 6379
		,"unix socket": "(null)"
		,"protocol": "memcache_text"
		,"out_file": "(null)"
		,"client_stats": "(null)"
		,"run_count": 1
		,"debug": 0
		,"requests": 0
		,"clients": 2
		,"threads": 1
		,"test_time": 75
		,"ratio": "1:6"
		,"pipeline": 1
		,"data_size": 1024
		,"data_offset": 0
		,"random_data": "false"
		,"data_size_range": "0:0"
		,"data_size_list": ""
		,"data_size_pattern": "R"
		,"expiry_range": "9999:10000"
		,"data_import": "(null)"
		,"data_verify": "false"
		,"verify_only": "false"
		,"generate_keys": "false"
		,"key_prefix": "memtier-"
		,"key_minimum":           0
		,"key_maximum":       10000
		,"key_pattern": "R:R"
		,"key_stddev": 0.000000
		,"key_median": 0.000000
		,"reconnect_interval": 0
		,"multi_key_get": 6
		,"authenticate": ""
		,"select-db": 0
		,"no-expiry": "false"
		,"wait-ratio": "0:0"
		,"num-slaves": "0:0"
		,"wait-timeout": "0-0"
		}
	,"run information":{
		"Threads": 1
		,"Connections per thread": 2
		,"Seconds": 75
		}
	,"ALL STATS":{
		"Sets":{
			"Ops/sec": 107.11
			,"Hits/sec": 0.00
			,"Misses/sec": 0.00
			,"Latency": 8.91
			,"KB/sec": 111.34
			}
		,"Gets":{
			"Ops/sec": 107.11
			,"Hits/sec": 642.68
			,"Misses/sec": 0.00
			,"Latency": 9.74
			,"KB/sec": 669.94
			}
		,"Waits":{
			"Ops/sec": 0.00
			,"Hits/sec": 0.00
			,"Misses/sec": 0.00
			,"Latency": 0.00
			,"KB/sec": 0.00
			}
		,"Totals":{
			"Ops/sec": 214.23
			,"Hits/sec": 642.68
			,"Misses/sec": 0.00
			,"Latency": 9.32
			,"KB/sec": 781.28
			}
		,"SET":[
			{
				"<=msec": 3.700
				,"percent": 0.05
				}
			,{
				"<=msec": 3.800
				,"percent": 0.16
				}
			,{
				"<=msec": 3.900
				,"percent": 0.50
				}
			,{
				"<=msec": 4.000
				,"percent": 1.38
				}
			,{
				"<=msec": 4.100
				,"percent": 2.83
				}
			,{
				"<=msec": 4.200
				,"percent": 4.24
				}
			,{
				"<=msec": 4.300
				,"percent": 5.73
				}
			,{
				"<=msec": 4.400
				,"percent": 7.37
				}
			,{
				"<=msec": 4.500
				,"percent": 8.97
				}
			,{
				"<=msec": 4.600
				,"percent": 10.46
				}
			,{
				"<=msec": 4.700
				,"percent": 11.81
				}
			,{
				"<=msec": 4.800
				,"percent": 13.09
				}
			,{
				"<=msec": 4.900
				,"percent": 14.21
				}
			,{
				"<=msec": 5.000
				,"percent": 15.24
				}
			,{
				"<=msec": 5.100
				,"percent": 16.50
				}
			,{
				"<=msec": 5.200
				,"percent": 17.43
				}
			,{
				"<=msec": 5.300
				,"percent": 18.25
				}
			,{
				"<=msec": 5.400
				,"percent": 18.94
				}
			,{
				"<=msec": 5.500
				,"percent": 19.68
				}
			,{
				"<=msec": 5.600
				,"percent": 20.41
				}
			,{
				"<=msec": 5.700
				,"percent": 20.97
				}
			,{
				"<=msec": 5.800
				,"percent": 21.87
				}
			,{
				"<=msec": 5.900
				,"percent": 22.48
				}
			,{
				"<=msec": 6.000
				,"percent": 23.10
				}
			,{
				"<=msec": 6.100
				,"percent": 23.85
				}
			,{
				"<=msec": 6.200
				,"percent": 24.74
				}
			,{
				"<=msec": 6.300
				,"percent": 25.33
				}
			,{
				"<=msec": 6.400
				,"percent": 26.03
				}
			,{
				"<=msec": 6.500
				,"percent": 26.77
				}
			,{
				"<=msec": 6.600
				,"percent": 27.43
				}
			,{
				"<=msec": 6.700
				,"percent": 28.32
				}
			,{
				"<=msec": 6.800
				,"percent": 28.99
				}
			,{
				"<=msec": 6.900
				,"percent": 29.80
				}
			,{
				"<=msec": 7.000
				,"percent": 30.69
				}
			,{
				"<=msec": 7.100
				,"percent": 31.28
				}
			,{
				"<=msec": 7.200
				,"percent": 32.08
				}
			,{
				"<=msec": 7.300
				,"percent": 32.92
				}
			,{
				"<=msec": 7.400
				,"percent": 33.94
				}
			,{
				"<=msec": 7.500
				,"percent": 34.98
				}
			,{
				"<=msec": 7.600
				,"percent": 36.05
				}
			,{
				"<=msec": 7.700
				,"percent": 37.17
				}
			,{
				"<=msec": 7.800
				,"percent": 38.23
				}
			,{
				"<=msec": 7.900
				,"percent": 39.37
				}
			,{
				"<=msec": 8.000
				,"percent": 40.68
				}
			,{
				"<=msec": 8.100
				,"percent": 41.72
				}
			,{
				"<=msec": 8.200
				,"percent": 42.91
				}
			,{
				"<=msec": 8.300
				,"percent": 44.17
				}
			,{
				"<=msec": 8.400
				,"percent": 45.61
				}
			,{
				"<=msec": 8.500
				,"percent": 47.05
				}
			,{
				"<=msec": 8.600
				,"percent": 48.46
				}
			,{
				"<=msec": 8.700
				,"percent": 50.24
				}
			,{
				"<=msec": 8.800
				,"percent": 51.92
				}
			,{
				"<=msec": 8.900
				,"percent": 53.35
				}
			,{
				"<=msec": 9.000
				,"percent": 55.12
				}
			,{
				"<=msec": 9.100
				,"percent": 56.88
				}
			,{
				"<=msec": 9.200
				,"percent": 58.82
				}
			,{
				"<=msec": 9.300
				,"percent": 60.88
				}
			,{
				"<=msec": 9.400
				,"percent": 62.76
				}
			,{
				"<=msec": 9.500
				,"percent": 64.41
				}
			,{
				"<=msec": 9.600
				,"percent": 66.41
				}
			,{
				"<=msec": 9.700
				,"percent": 68.35
				}
			,{
				"<=msec": 9.800
				,"percent": 70.04
				}
			,{
				"<=msec": 9.900
				,"percent": 71.81
				}
			,{
				"<=msec": 10.000
				,"percent": 78.95
				}
			,{
				"<=msec": 11.000
				,"percent": 87.13
				}
			,{
				"<=msec": 12.000
				,"percent": 91.69
				}
			,{
				"<=msec": 13.000
				,"percent": 94.05
				}
			,{
				"<=msec": 14.000
				,"percent": 95.02
				}
			,{
				"<=msec": 15.000
				,"percent": 95.78
				}
			,{
				"<=msec": 16.000
				,"percent": 96.25
				}
			,{
				"<=msec": 17.000
				,"percent": 96.74
				}
			,{
				"<=msec": 18.000
				,"percent": 97.06
				}
			,{
				"<=msec": 19.000
				,"percent": 97.59
				}
			,{
				"<=msec": 20.000
				,"percent": 97.91
				}
			,{
				"<=msec": 21.000
				,"percent": 98.17
				}
			,{
				"<=msec": 22.000
				,"percent": 98.26
				}
			,{
				"<=msec": 23.000
				,"percent": 98.34
				}
			,{
				"<=msec": 24.000
				,"percent": 98.44
				}
			,{
				"<=msec": 25.000
				,"percent": 98.59
				}
			,{
				"<=msec": 26.000
				,"percent": 98.74
				}
			,{
				"<=msec": 27.000
				,"percent": 98.85
				}
			,{
				"<=msec": 28.000
				,"percent": 98.90
				}
			,{
				"<=msec": 29.000
				,"percent": 99.10
				}
			,{
				"<=msec": 30.000
				,"percent": 99.23
				}
			,{
				"<=msec": 31.000
				,"percent": 99.30
				}
			,{
				"<=msec": 32.000
				,"percent": 99.43
				}
			,{
				"<=msec": 33.000
				,"percent": 99.53
				}
			,{
				"<=msec": 34.000
				,"percent": 99.59
				}
			,{
				"<=msec": 35.000
				,"percent": 99.65
				}
			,{
				"<=msec": 36.000
				,"percent": 99.69
				}
			,{
				"<=msec": 37.000
				,"percent": 99.78
				}
			,{
				"<=msec": 38.000
				,"percent": 99.84
				}
			,{
				"<=msec": 39.000
				,"percent": 99.86
				}
			,{
				"<=msec": 40.000
				,"percent": 99.93
				}
			,{
				"<=msec": 42.000
				,"percent": 99.96
				}
			,{
				"<=msec": 43.000
				,"percent": 99.98
				}
			,{
				"<=msec": 48.000
				,"percent": 99.99
				}
			,{
				"<=msec": 49.000
				,"percent": 100.00
				}
			]
		,"GET":[
			{
				"<=msec": 4.000
				,"percent": 0.06
				}
			,{
				"<=msec": 4.100
				,"percent": 0.20
				}
			,{
				"<=msec": 4.200
				,"percent": 0.50
				}
			,{
				"<=msec": 4.300
				,"percent": 1.11
				}
			,{
				"<=msec": 4.400
				,"percent": 2.08
				}
			,{
				"<=msec": 4.500
				,"percent": 3.01
				}
			,{
				"<=msec": 4.600
				,"percent": 4.16
				}
			,{
				"<=msec": 4.700
				,"percent": 5.48
				}
			,{
				"<=msec": 4.800
				,"percent": 6.86
				}
			,{
				"<=msec": 4.900
				,"percent": 8.26
				}
			,{
				"<=msec": 5.000
				,"percent": 9.36
				}
			,{
				"<=msec": 5.100
				,"percent": 10.56
				}
			,{
				"<=msec": 5.200
				,"percent": 11.73
				}
			,{
				"<=msec": 5.300
				,"percent": 12.68
				}
			,{
				"<=msec": 5.400
				,"percent": 13.70
				}
			,{
				"<=msec": 5.500
				,"percent": 14.49
				}
			,{
				"<=msec": 5.600
				,"percent": 15.26
				}
			,{
				"<=msec": 5.700
				,"percent": 16.09
				}
			,{
				"<=msec": 5.800
				,"percent": 16.75
				}
			,{
				"<=msec": 5.900
				,"percent": 17.40
				}
			,{
				"<=msec": 6.000
				,"percent": 18.14
				}
			,{
				"<=msec": 6.100
				,"percent": 18.77
				}
			,{
				"<=msec": 6.200
				,"percent": 19.54
				}
			,{
				"<=msec": 6.300
				,"percent": 20.33
				}
			,{
				"<=msec": 6.400
				,"percent": 21.10
				}
			,{
				"<=msec": 6.500
				,"percent": 21.93
				}
			,{
				"<=msec": 6.600
				,"percent": 22.75
				}
			,{
				"<=msec": 6.700
				,"percent": 23.28
				}
			,{
				"<=msec": 6.800
				,"percent": 23.97
				}
			,{
				"<=msec": 6.900
				,"percent": 24.62
				}
			,{
				"<=msec": 7.000
				,"percent": 25.34
				}
			,{
				"<=msec": 7.100
				,"percent": 25.93
				}
			,{
				"<=msec": 7.200
				,"percent": 26.64
				}
			,{
				"<=msec": 7.300
				,"percent": 27.31
				}
			,{
				"<=msec": 7.400
				,"percent": 28.06
				}
			,{
				"<=msec": 7.500
				,"percent": 28.84
				}
			,{
				"<=msec": 7.600
				,"percent": 29.44
				}
			,{
				"<=msec": 7.700
				,"percent": 30.08
				}
			,{
				"<=msec": 7.800
				,"percent": 30.76
				}
			,{
				"<=msec": 7.900
				,"percent": 31.65
				}
			,{
				"<=msec": 8.000
				,"percent": 32.52
				}
			,{
				"<=msec": 8.100
				,"percent": 33.36
				}
			,{
				"<=msec": 8.200
				,"percent": 34.24
				}
			,{
				"<=msec": 8.300
				,"percent": 35.19
				}
			,{
				"<=msec": 8.400
				,"percent": 36.32
				}
			,{
				"<=msec": 8.500
				,"percent": 37.45
				}
			,{
				"<=msec": 8.600
				,"percent": 38.75
				}
			,{
				"<=msec": 8.700
				,"percent": 39.86
				}
			,{
				"<=msec": 8.800
				,"percent": 41.16
				}
			,{
				"<=msec": 8.900
				,"percent": 42.23
				}
			,{
				"<=msec": 9.000
				,"percent": 43.68
				}
			,{
				"<=msec": 9.100
				,"percent": 45.17
				}
			,{
				"<=msec": 9.200
				,"percent": 46.48
				}
			,{
				"<=msec": 9.300
				,"percent": 47.90
				}
			,{
				"<=msec": 9.400
				,"percent": 49.53
				}
			,{
				"<=msec": 9.500
				,"percent": 51.15
				}
			,{
				"<=msec": 9.600
				,"percent": 52.91
				}
			,{
				"<=msec": 9.700
				,"percent": 54.62
				}
			,{
				"<=msec": 9.800
				,"percent": 56.17
				}
			,{
				"<=msec": 9.900
				,"percent": 58.00
				}
			,{
				"<=msec": 10.000
				,"percent": 68.26
				}
			,{
				"<=msec": 11.000
				,"percent": 80.07
				}
			,{
				"<=msec": 12.000
				,"percent": 86.93
				}
			,{
				"<=msec": 13.000
				,"percent": 90.96
				}
			,{
				"<=msec": 14.000
				,"percent": 93.02
				}
			,{
				"<=msec": 15.000
				,"percent": 93.90
				}
			,{
				"<=msec": 16.000
				,"percent": 94.52
				}
			,{
				"<=msec": 17.000
				,"percent": 95.11
				}
			,{
				"<=msec": 18.000
				,"percent": 95.73
				}
			,{
				"<=msec": 19.000
				,"percent": 96.49
				}
			,{
				"<=msec": 20.000
				,"percent": 97.15
				}
			,{
				"<=msec": 21.000
				,"percent": 97.70
				}
			,{
				"<=msec": 22.000
				,"percent": 97.97
				}
			,{
				"<=msec": 23.000
				,"percent": 98.18
				}
			,{
				"<=msec": 24.000
				,"percent": 98.33
				}
			,{
				"<=msec": 25.000
				,"percent": 98.52
				}
			,{
				"<=msec": 26.000
				,"percent": 98.66
				}
			,{
				"<=msec": 27.000
				,"percent": 98.82
				}
			,{
				"<=msec": 28.000
				,"percent": 98.90
				}
			,{
				"<=msec": 29.000
				,"percent": 99.05
				}
			,{
				"<=msec": 30.000
				,"percent": 99.17
				}
			,{
				"<=msec": 31.000
				,"percent": 99.27
				}
			,{
				"<=msec": 32.000
				,"percent": 99.29
				}
			,{
				"<=msec": 33.000
				,"percent": 99.35
				}
			,{
				"<=msec": 34.000
				,"percent": 99.43
				}
			,{
				"<=msec": 35.000
				,"percent": 99.54
				}
			,{
				"<=msec": 36.000
				,"percent": 99.58
				}
			,{
				"<=msec": 37.000
				,"percent": 99.65
				}
			,{
				"<=msec": 38.000
				,"percent": 99.68
				}
			,{
				"<=msec": 39.000
				,"percent": 99.75
				}
			,{
				"<=msec": 40.000
				,"percent": 99.83
				}
			,{
				"<=msec": 41.000
				,"percent": 99.88
				}
			,{
				"<=msec": 42.000
				,"percent": 99.94
				}
			,{
				"<=msec": 43.000
				,"percent": 99.96
				}
			,{
				"<=msec": 44.000
				,"percent": 99.99
				}
			,{
				"<=msec": 49.000
				,"percent": 100.00
				}
			]
		,"WAIT":[
		]
		}
	}
