{
	"configuration":{
		"server": "10.0.0.9"
		,"port": 6379
		,"unix socket": "(null)"
		,"protocol": "memcache_text"
		,"out_file": "(null)"
		,"client_stats": "(null)"
		,"run_count": 1
		,"debug": 0
		,"requests": 0
		,"clients": 2
		,"threads": 1
		,"test_time": 75
		,"ratio": "1:6"
		,"pipeline": 1
		,"data_size": 1024
		,"data_offset": 0
		,"random_data": "false"
		,"data_size_range": "0:0"
		,"data_size_list": ""
		,"data_size_pattern": "R"
		,"expiry_range": "9999:10000"
		,"data_import": "(null)"
		,"data_verify": "false"
		,"verify_only": "false"
		,"generate_keys": "false"
		,"key_prefix": "memtier-"
		,"key_minimum":           0
		,"key_maximum":       10000
		,"key_pattern": "R:R"
		,"key_stddev": 0.000000
		,"key_median": 0.000000
		,"reconnect_interval": 0
		,"multi_key_get": 6
		,"authenticate": ""
		,"select-db": 0
		,"no-expiry": "false"
		,"wait-ratio": "0:0"
		,"num-slaves": "0:0"
		,"wait-timeout": "0-0"
		}
	,"run information":{
		"Threads": 1
		,"Connections per thread": 2
		,"Seconds": 75
		}
	,"ALL STATS":{
		"Sets":{
			"Ops/sec": 108.01
			,"Hits/sec": 0.00
			,"Misses/sec": 0.00
			,"Latency": 8.87
			,"KB/sec": 112.27
			}
		,"Gets":{
			"Ops/sec": 108.00
			,"Hits/sec": 648.00
			,"Misses/sec": 0.00
			,"Latency": 9.62
			,"KB/sec": 675.49
			}
		,"Waits":{
			"Ops/sec": 0.00
			,"Hits/sec": 0.00
			,"Misses/sec": 0.00
			,"Latency": 0.00
			,"KB/sec": 0.00
			}
		,"Totals":{
			"Ops/sec": 216.01
			,"Hits/sec": 648.00
			,"Misses/sec": 0.00
			,"Latency": 9.25
			,"KB/sec": 787.76
			}
		,"SET":[
			{
				"<=msec": 3.700
				,"percent": 0.06
				}
			,{
				"<=msec": 3.800
				,"percent": 0.17
				}
			,{
				"<=msec": 3.900
				,"percent": 0.75
				}
			,{
				"<=msec": 4.000
				,"percent": 1.73
				}
			,{
				"<=msec": 4.100
				,"percent": 3.18
				}
			,{
				"<=msec": 4.200
				,"percent": 4.76
				}
			,{
				"<=msec": 4.300
				,"percent": 6.42
				}
			,{
				"<=msec": 4.400
				,"percent": 7.75
				}
			,{
				"<=msec": 4.500
				,"percent": 9.10
				}
			,{
				"<=msec": 4.600
				,"percent": 10.44
				}
			,{
				"<=msec": 4.700
				,"percent": 11.79
				}
			,{
				"<=msec": 4.800
				,"percent": 13.08
				}
			,{
				"<=msec": 4.900
				,"percent": 14.12
				}
			,{
				"<=msec": 5.000
				,"percent": 15.17
				}
			,{
				"<=msec": 5.100
				,"percent": 16.22
				}
			,{
				"<=msec": 5.200
				,"percent": 16.99
				}
			,{
				"<=msec": 5.300
				,"percent": 17.84
				}
			,{
				"<=msec": 5.400
				,"percent": 18.73
				}
			,{
				"<=msec": 5.500
				,"percent": 19.18
				}
			,{
				"<=msec": 5.600
				,"percent": 19.97
				}
			,{
				"<=msec": 5.700
				,"percent": 20.64
				}
			,{
				"<=msec": 5.800
				,"percent": 21.24
				}
			,{
				"<=msec": 5.900
				,"percent": 22.10
				}
			,{
				"<=msec": 6.000
				,"percent": 22.81
				}
			,{
				"<=msec": 6.100
				,"percent": 23.59
				}
			,{
				"<=msec": 6.200
				,"percent": 24.31
				}
			,{
				"<=msec": 6.300
				,"percent": 25.07
				}
			,{
				"<=msec": 6.400
				,"percent": 25.95
				}
			,{
				"<=msec": 6.500
				,"percent": 26.79
				}
			,{
				"<=msec": 6.600
				,"percent": 27.56
				}
			,{
				"<=msec": 6.700
				,"percent": 28.44
				}
			,{
				"<=msec": 6.800
				,"percent": 29.44
				}
			,{
				"<=msec": 6.900
				,"percent": 30.14
				}
			,{
				"<=msec": 7.000
				,"percent": 31.07
				}
			,{
				"<=msec": 7.100
				,"percent": 32.22
				}
			,{
				"<=msec": 7.200
				,"percent": 33.22
				}
			,{
				"<=msec": 7.300
				,"percent": 34.13
				}
			,{
				"<=msec": 7.400
				,"percent": 35.19
				}
			,{
				"<=msec": 7.500
				,"percent": 36.38
				}
			,{
				"<=msec": 7.600
				,"percent": 37.51
				}
			,{
				"<=msec": 7.700
				,"percent": 38.72
				}
			,{
				"<=msec": 7.800
				,"percent": 39.91
				}
			,{
				"<=msec": 7.900
				,"percent": 41.19
				}
			,{
				"<=msec": 8.000
				,"percent": 42.62
				}
			,{
				"<=msec": 8.100
				,"percent": 43.95
				}
			,{
				"<=msec": 8.200
				,"percent": 45.23
				}
			,{
				"<=msec": 8.300
				,"percent": 46.62
				}
			,{
				"<=msec": 8.400
				,"percent": 48.25
				}
			,{
				"<=msec": 8.500
				,"percent": 49.87
				}
			,{
				"<=msec": 8.600
				,"percent": 51.48
				}
			,{
				"<=msec": 8.700
				,"percent": 53.06
				}
			,{
				"<=msec": 8.800
				,"percent": 54.75
				}
			,{
				"<=msec": 8.900
				,"percent": 56.44
				}
			,{
				"<=msec": 9.000
				,"percent": 58.24
				}
			,{
				"<=msec": 9.100
				,"percent": 60.07
				}
			,{
				"<=msec": 9.200
				,"percent": 61.61
				}
			,{
				"<=msec": 9.300
				,"percent": 63.28
				}
			,{
				"<=msec": 9.400
				,"percent": 65.31
				}
			,{
				"<=msec": 9.500
				,"percent": 67.04
				}
			,{
				"<=msec": 9.600
				,"percent": 68.66
				}
			,{
				"<=msec": 9.700
				,"percent": 70.00
				}
			,{
				"<=msec": 9.800
				,"percent": 71.62
				}
			,{
				"<=msec": 9.900
				,"percent": 73.03
				}
			,{
				"<=msec": 10.000
				,"percent": 79.76
				}
			,{
				"<=msec": 11.000
				,"percent": 87.75
				}
			,{
				"<=msec": 12.000
				,"percent": 91.75
				}
			,{
				"<=msec": 13.000
				,"percent": 94.06
				}
			,{
				"<=msec": 14.000
				,"percent": 95.07
				}
			,{
				"<=msec": 15.000
				,"percent": 95.57
				}
			,{
				"<=msec": 16.000
				,"percent": 96.14
				}
			,{
				"<=msec": 17.000
				,"percent": 96.67
				}
			,{
				"<=msec": 18.000
				,"percent": 97.01
				}
			,{
				"<=msec": 19.000
				,"percent": 97.33
				}
			,{
				"<=msec": 20.000
				,"percent": 97.59
				}
			,{
				"<=msec": 21.000
				,"percent": 97.79
				}
			,{
				"<=msec": 22.000
				,"percent": 98.01
				}
			,{
				"<=msec": 23.000
				,"percent": 98.17
				}
			,{
				"<=msec": 24.000
				,"percent": 98.31
				}
			,{
				"<=msec": 25.000
				,"percent": 98.46
				}
			,{
				"<=msec": 26.000
				,"percent": 98.58
				}
			,{
				"<=msec": 27.000
				,"percent": 98.70
				}
			,{
				"<=msec": 28.000
				,"percent": 98.84
				}
			,{
				"<=msec": 29.000
				,"percent": 98.98
				}
			,{
				"<=msec": 30.000
				,"percent": 99.12
				}
			,{
				"<=msec": 31.000
				,"percent": 99.26
				}
			,{
				"<=msec": 32.000
				,"percent": 99.32
				}
			,{
				"<=msec": 33.000
				,"percent": 99.42
				}
			,{
				"<=msec": 34.000
				,"percent": 99.48
				}
			,{
				"<=msec": 35.000
				,"percent": 99.53
				}
			,{
				"<=msec": 36.000
				,"percent": 99.57
				}
			,{
				"<=msec": 37.000
				,"percent": 99.65
				}
			,{
				"<=msec": 38.000
				,"percent": 99.69
				}
			,{
				"<=msec": 39.000
				,"percent": 99.77
				}
			,{
				"<=msec": 40.000
				,"percent": 99.88
				}
			,{
				"<=msec": 41.000
				,"percent": 99.90
				}
			,{
				"<=msec": 42.000
				,"percent": 99.94
				}
			,{
				"<=msec": 48.000
				,"percent": 99.98
				}
			,{
				"<=msec": 49.000
				,"percent": 100.00
				}
			]
		,"GET":[
			{
				"<=msec": 3.900
				,"percent": 0.01
				}
			,{
				"<=msec": 4.000
				,"percent": 0.06
				}
			,{
				"<=msec": 4.100
				,"percent": 0.30
				}
			,{
				"<=msec": 4.200
				,"percent": 0.78
				}
			,{
				"<=msec": 4.300
				,"percent": 1.43
				}
			,{
				"<=msec": 4.400
				,"percent": 2.31
				}
			,{
				"<=msec": 4.500
				,"percent": 3.35
				}
			,{
				"<=msec": 4.600
				,"percent": 4.51
				}
			,{
				"<=msec": 4.700
				,"percent": 5.73
				}
			,{
				"<=msec": 4.800
				,"percent": 7.09
				}
			,{
				"<=msec": 4.900
				,"percent": 8.38
				}
			,{
				"<=msec": 5.000
				,"percent": 9.67
				}
			,{
				"<=msec": 5.100
				,"percent": 10.85
				}
			,{
				"<=msec": 5.200
				,"percent": 11.96
				}
			,{
				"<=msec": 5.300
				,"percent": 12.84
				}
			,{
				"<=msec": 5.400
				,"percent": 13.64
				}
			,{
				"<=msec": 5.500
				,"percent": 14.77
				}
			,{
				"<=msec": 5.600
				,"percent": 15.81
				}
			,{
				"<=msec": 5.700
				,"percent": 16.64
				}
			,{
				"<=msec": 5.800
				,"percent": 17.40
				}
			,{
				"<=msec": 5.900
				,"percent": 18.31
				}
			,{
				"<=msec": 6.000
				,"percent": 19.12
				}
			,{
				"<=msec": 6.100
				,"percent": 19.84
				}
			,{
				"<=msec": 6.200
				,"percent": 20.47
				}
			,{
				"<=msec": 6.300
				,"percent": 21.19
				}
			,{
				"<=msec": 6.400
				,"percent": 22.00
				}
			,{
				"<=msec": 6.500
				,"percent": 22.78
				}
			,{
				"<=msec": 6.600
				,"percent": 23.44
				}
			,{
				"<=msec": 6.700
				,"percent": 24.01
				}
			,{
				"<=msec": 6.800
				,"percent": 24.60
				}
			,{
				"<=msec": 6.900
				,"percent": 25.35
				}
			,{
				"<=msec": 7.000
				,"percent": 26.05
				}
			,{
				"<=msec": 7.100
				,"percent": 26.81
				}
			,{
				"<=msec": 7.200
				,"percent": 27.48
				}
			,{
				"<=msec": 7.300
				,"percent": 28.26
				}
			,{
				"<=msec": 7.400
				,"percent": 29.09
				}
			,{
				"<=msec": 7.500
				,"percent": 29.96
				}
			,{
				"<=msec": 7.600
				,"percent": 30.70
				}
			,{
				"<=msec": 7.700
				,"percent": 31.62
				}
			,{
				"<=msec": 7.800
				,"percent": 32.49
				}
			,{
				"<=msec": 7.900
				,"percent": 33.48
				}
			,{
				"<=msec": 8.000
				,"percent": 34.35
				}
			,{
				"<=msec": 8.100
				,"percent": 35.28
				}
			,{
				"<=msec": 8.200
				,"percent": 36.15
				}
			,{
				"<=msec": 8.300
				,"percent": 37.21
				}
			,{
				"<=msec": 8.400
				,"percent": 38.51
				}
			,{
				"<=msec": 8.500
				,"percent": 39.58
				}
			,{
				"<=msec": 8.600
				,"percent": 40.64
				}
			,{
				"<=msec": 8.700
				,"percent": 41.91
				}
			,{
				"<=msec": 8.800
				,"percent": 43.17
				}
			,{
				"<=msec": 8.900
				,"percent": 44.22
				}
			,{
				"<=msec": 9.000
				,"percent": 45.60
				}
			,{
				"<=msec": 9.100
				,"percent": 46.93
				}
			,{
				"<=msec": 9.200
				,"percent": 48.26
				}
			,{
				"<=msec": 9.300
				,"percent": 49.51
				}
			,{
				"<=msec": 9.400
				,"percent": 51.06
				}
			,{
				"<=msec": 9.500
				,"percent": 52.60
				}
			,{
				"<=msec": 9.600
				,"percent": 54.26
				}
			,{
				"<=msec": 9.700
				,"percent": 55.60
				}
			,{
				"<=msec": 9.800
				,"percent": 57.52
				}
			,{
				"<=msec": 9.900
				,"percent": 59.05
				}
			,{
				"<=msec": 10.000
				,"percent": 67.68
				}
			,{
				"<=msec": 11.000
				,"percent": 80.17
				}
			,{
				"<=msec": 12.000
				,"percent": 87.10
				}
			,{
				"<=msec": 13.000
				,"percent": 90.98
				}
			,{
				"<=msec": 14.000
				,"percent": 93.19
				}
			,{
				"<=msec": 15.000
				,"percent": 94.35
				}
			,{
				"<=msec": 16.000
				,"percent": 95.04
				}
			,{
				"<=msec": 17.000
				,"percent": 95.60
				}
			,{
				"<=msec": 18.000
				,"percent": 96.28
				}
			,{
				"<=msec": 19.000
				,"percent": 96.85
				}
			,{
				"<=msec": 20.000
				,"percent": 97.36
				}
			,{
				"<=msec": 21.000
				,"percent": 97.93
				}
			,{
				"<=msec": 22.000
				,"percent": 98.22
				}
			,{
				"<=msec": 23.000
				,"percent": 98.40
				}
			,{
				"<=msec": 24.000
				,"percent": 98.57
				}
			,{
				"<=msec": 25.000
				,"percent": 98.69
				}
			,{
				"<=msec": 26.000
				,"percent": 98.84
				}
			,{
				"<=msec": 27.000
				,"percent": 98.94
				}
			,{
				"<=msec": 28.000
				,"percent": 99.01
				}
			,{
				"<=msec": 29.000
				,"percent": 99.14
				}
			,{
				"<=msec": 30.000
				,"percent": 99.26
				}
			,{
				"<=msec": 31.000
				,"percent": 99.40
				}
			,{
				"<=msec": 32.000
				,"percent": 99.51
				}
			,{
				"<=msec": 33.000
				,"percent": 99.57
				}
			,{
				"<=msec": 34.000
				,"percent": 99.62
				}
			,{
				"<=msec": 35.000
				,"percent": 99.65
				}
			,{
				"<=msec": 36.000
				,"percent": 99.73
				}
			,{
				"<=msec": 37.000
				,"percent": 99.75
				}
			,{
				"<=msec": 38.000
				,"percent": 99.80
				}
			,{
				"<=msec": 39.000
				,"percent": 99.83
				}
			,{
				"<=msec": 40.000
				,"percent": 99.84
				}
			,{
				"<=msec": 41.000
				,"percent": 99.89
				}
			,{
				"<=msec": 42.000
				,"percent": 99.91
				}
			,{
				"<=msec": 43.000
				,"percent": 99.93
				}
			,{
				"<=msec": 44.000
				,"percent": 99.95
				}
			,{
				"<=msec": 45.000
				,"percent": 99.96
				}
			,{
				"<=msec": 47.000
				,"percent": 99.98
				}
			,{
				"<=msec": 48.000
				,"percent": 99.99
				}
			,{
				"<=msec": 50.000
				,"percent": 100.00
				}
			]
		,"WAIT":[
		]
		}
	}
