{
	"configuration":{
		"server": "10.0.0.8"
		,"port": 6379
		,"unix socket": "(null)"
		,"protocol": "memcache_text"
		,"out_file": "(null)"
		,"client_stats": "(null)"
		,"run_count": 1
		,"debug": 0
		,"requests": 0
		,"clients": 2
		,"threads": 1
		,"test_time": 75
		,"ratio": "1:6"
		,"pipeline": 1
		,"data_size": 1024
		,"data_offset": 0
		,"random_data": "false"
		,"data_size_range": "0:0"
		,"data_size_list": ""
		,"data_size_pattern": "R"
		,"expiry_range": "9999:10000"
		,"data_import": "(null)"
		,"data_verify": "false"
		,"verify_only": "false"
		,"generate_keys": "false"
		,"key_prefix": "memtier-"
		,"key_minimum":           0
		,"key_maximum":       10000
		,"key_pattern": "R:R"
		,"key_stddev": 0.000000
		,"key_median": 0.000000
		,"reconnect_interval": 0
		,"multi_key_get": 6
		,"authenticate": ""
		,"select-db": 0
		,"no-expiry": "false"
		,"wait-ratio": "0:0"
		,"num-slaves": "0:0"
		,"wait-timeout": "0-0"
		}
	,"run information":{
		"Threads": 1
		,"Connections per thread": 2
		,"Seconds": 75
		}
	,"ALL STATS":{
		"Sets":{
			"Ops/sec": 189.88
			,"Hits/sec": 0.00
			,"Misses/sec": 0.00
			,"Latency": 4.89
			,"KB/sec": 197.37
			}
		,"Gets":{
			"Ops/sec": 189.87
			,"Hits/sec": 1139.22
			,"Misses/sec": 0.00
			,"Latency": 5.61
			,"KB/sec": 1187.56
			}
		,"Waits":{
			"Ops/sec": 0.00
			,"Hits/sec": 0.00
			,"Misses/sec": 0.00
			,"Latency": 0.00
			,"KB/sec": 0.00
			}
		,"Totals":{
			"Ops/sec": 379.75
			,"Hits/sec": 1139.22
			,"Misses/sec": 0.00
			,"Latency": 5.25
			,"KB/sec": 1384.93
			}
		,"SET":[
			{
				"<=msec": 0.900
				,"percent": 0.01
				}
			,{
				"<=msec": 0.910
				,"percent": 0.02
				}
			,{
				"<=msec": 0.930
				,"percent": 0.04
				}
			,{
				"<=msec": 0.940
				,"percent": 0.04
				}
			,{
				"<=msec": 0.950
				,"percent": 0.06
				}
			,{
				"<=msec": 0.960
				,"percent": 0.08
				}
			,{
				"<=msec": 0.970
				,"percent": 0.11
				}
			,{
				"<=msec": 0.980
				,"percent": 0.16
				}
			,{
				"<=msec": 0.990
				,"percent": 0.18
				}
			,{
				"<=msec": 1.000
				,"percent": 0.51
				}
			,{
				"<=msec": 1.100
				,"percent": 1.64
				}
			,{
				"<=msec": 1.200
				,"percent": 3.87
				}
			,{
				"<=msec": 1.300
				,"percent": 7.03
				}
			,{
				"<=msec": 1.400
				,"percent": 10.55
				}
			,{
				"<=msec": 1.500
				,"percent": 14.29
				}
			,{
				"<=msec": 1.600
				,"percent": 17.88
				}
			,{
				"<=msec": 1.700
				,"percent": 21.67
				}
			,{
				"<=msec": 1.800
				,"percent": 25.03
				}
			,{
				"<=msec": 1.900
				,"percent": 28.08
				}
			,{
				"<=msec": 2.000
				,"percent": 31.01
				}
			,{
				"<=msec": 2.100
				,"percent": 33.77
				}
			,{
				"<=msec": 2.200
				,"percent": 36.04
				}
			,{
				"<=msec": 2.300
				,"percent": 37.90
				}
			,{
				"<=msec": 2.400
				,"percent": 39.77
				}
			,{
				"<=msec": 2.500
				,"percent": 41.53
				}
			,{
				"<=msec": 2.600
				,"percent": 42.86
				}
			,{
				"<=msec": 2.700
				,"percent": 44.17
				}
			,{
				"<=msec": 2.800
				,"percent": 45.25
				}
			,{
				"<=msec": 2.900
				,"percent": 46.28
				}
			,{
				"<=msec": 3.000
				,"percent": 47.20
				}
			,{
				"<=msec": 3.100
				,"percent": 48.08
				}
			,{
				"<=msec": 3.200
				,"percent": 48.96
				}
			,{
				"<=msec": 3.300
				,"percent": 49.73
				}
			,{
				"<=msec": 3.400
				,"percent": 50.54
				}
			,{
				"<=msec": 3.500
				,"percent": 51.09
				}
			,{
				"<=msec": 3.600
				,"percent": 51.73
				}
			,{
				"<=msec": 3.700
				,"percent": 52.51
				}
			,{
				"<=msec": 3.800
				,"percent": 53.09
				}
			,{
				"<=msec": 3.900
				,"percent": 53.64
				}
			,{
				"<=msec": 4.000
				,"percent": 54.04
				}
			,{
				"<=msec": 4.100
				,"percent": 54.57
				}
			,{
				"<=msec": 4.200
				,"percent": 55.10
				}
			,{
				"<=msec": 4.300
				,"percent": 55.46
				}
			,{
				"<=msec": 4.400
				,"percent": 55.93
				}
			,{
				"<=msec": 4.500
				,"percent": 56.32
				}
			,{
				"<=msec": 4.600
				,"percent": 56.75
				}
			,{
				"<=msec": 4.700
				,"percent": 57.15
				}
			,{
				"<=msec": 4.800
				,"percent": 57.53
				}
			,{
				"<=msec": 4.900
				,"percent": 57.91
				}
			,{
				"<=msec": 5.000
				,"percent": 58.33
				}
			,{
				"<=msec": 5.100
				,"percent": 58.76
				}
			,{
				"<=msec": 5.200
				,"percent": 59.20
				}
			,{
				"<=msec": 5.300
				,"percent": 59.59
				}
			,{
				"<=msec": 5.400
				,"percent": 59.99
				}
			,{
				"<=msec": 5.500
				,"percent": 60.45
				}
			,{
				"<=msec": 5.600
				,"percent": 61.03
				}
			,{
				"<=msec": 5.700
				,"percent": 61.53
				}
			,{
				"<=msec": 5.800
				,"percent": 62.08
				}
			,{
				"<=msec": 5.900
				,"percent": 62.60
				}
			,{
				"<=msec": 6.000
				,"percent": 63.23
				}
			,{
				"<=msec": 6.100
				,"percent": 63.78
				}
			,{
				"<=msec": 6.200
				,"percent": 64.48
				}
			,{
				"<=msec": 6.300
				,"percent": 65.29
				}
			,{
				"<=msec": 6.400
				,"percent": 66.25
				}
			,{
				"<=msec": 6.500
				,"percent": 67.16
				}
			,{
				"<=msec": 6.600
				,"percent": 68.12
				}
			,{
				"<=msec": 6.700
				,"percent": 69.01
				}
			,{
				"<=msec": 6.800
				,"percent": 70.08
				}
			,{
				"<=msec": 6.900
				,"percent": 71.06
				}
			,{
				"<=msec": 7.000
				,"percent": 72.08
				}
			,{
				"<=msec": 7.100
				,"percent": 73.14
				}
			,{
				"<=msec": 7.200
				,"percent": 74.33
				}
			,{
				"<=msec": 7.300
				,"percent": 75.58
				}
			,{
				"<=msec": 7.400
				,"percent": 76.70
				}
			,{
				"<=msec": 7.500
				,"percent": 77.78
				}
			,{
				"<=msec": 7.600
				,"percent": 79.08
				}
			,{
				"<=msec": 7.700
				,"percent": 80.16
				}
			,{
				"<=msec": 7.800
				,"percent": 81.15
				}
			,{
				"<=msec": 7.900
				,"percent": 82.12
				}
			,{
				"<=msec": 8.000
				,"percent": 83.02
				}
			,{
				"<=msec": 8.100
				,"percent": 83.95
				}
			,{
				"<=msec": 8.200
				,"percent": 84.75
				}
			,{
				"<=msec": 8.300
				,"percent": 85.44
				}
			,{
				"<=msec": 8.400
				,"percent": 86.19
				}
			,{
				"<=msec": 8.500
				,"percent": 87.05
				}
			,{
				"<=msec": 8.600
				,"percent": 87.79
				}
			,{
				"<=msec": 8.700
				,"percent": 88.55
				}
			,{
				"<=msec": 8.800
				,"percent": 89.12
				}
			,{
				"<=msec": 8.900
				,"percent": 89.71
				}
			,{
				"<=msec": 9.000
				,"percent": 90.17
				}
			,{
				"<=msec": 9.100
				,"percent": 90.70
				}
			,{
				"<=msec": 9.200
				,"percent": 91.26
				}
			,{
				"<=msec": 9.300
				,"percent": 91.71
				}
			,{
				"<=msec": 9.400
				,"percent": 92.09
				}
			,{
				"<=msec": 9.500
				,"percent": 92.56
				}
			,{
				"<=msec": 9.600
				,"percent": 93.01
				}
			,{
				"<=msec": 9.700
				,"percent": 93.45
				}
			,{
				"<=msec": 9.800
				,"percent": 93.72
				}
			,{
				"<=msec": 9.900
				,"percent": 94.07
				}
			,{
				"<=msec": 10.000
				,"percent": 95.41
				}
			,{
				"<=msec": 11.000
				,"percent": 96.64
				}
			,{
				"<=msec": 12.000
				,"percent": 97.24
				}
			,{
				"<=msec": 13.000
				,"percent": 97.61
				}
			,{
				"<=msec": 14.000
				,"percent": 97.76
				}
			,{
				"<=msec": 15.000
				,"percent": 97.97
				}
			,{
				"<=msec": 16.000
				,"percent": 98.19
				}
			,{
				"<=msec": 17.000
				,"percent": 98.44
				}
			,{
				"<=msec": 18.000
				,"percent": 98.65
				}
			,{
				"<=msec": 19.000
				,"percent": 98.81
				}
			,{
				"<=msec": 20.000
				,"percent": 98.93
				}
			,{
				"<=msec": 21.000
				,"percent": 99.04
				}
			,{
				"<=msec": 22.000
				,"percent": 99.14
				}
			,{
				"<=msec": 23.000
				,"percent": 99.22
				}
			,{
				"<=msec": 24.000
				,"percent": 99.33
				}
			,{
				"<=msec": 25.000
				,"percent": 99.36
				}
			,{
				"<=msec": 26.000
				,"percent": 99.44
				}
			,{
				"<=msec": 27.000
				,"percent": 99.48
				}
			,{
				"<=msec": 28.000
				,"percent": 99.53
				}
			,{
				"<=msec": 29.000
				,"percent": 99.56
				}
			,{
				"<=msec": 30.000
				,"percent": 99.65
				}
			,{
				"<=msec": 31.000
				,"percent": 99.71
				}
			,{
				"<=msec": 32.000
				,"percent": 99.75
				}
			,{
				"<=msec": 33.000
				,"percent": 99.76
				}
			,{
				"<=msec": 34.000
				,"percent": 99.78
				}
			,{
				"<=msec": 35.000
				,"percent": 99.80
				}
			,{
				"<=msec": 36.000
				,"percent": 99.84
				}
			,{
				"<=msec": 37.000
				,"percent": 99.92
				}
			,{
				"<=msec": 38.000
				,"percent": 99.97
				}
			,{
				"<=msec": 39.000
				,"percent": 99.99
				}
			,{
				"<=msec": 40.000
				,"percent": 99.99
				}
			,{
				"<=msec": 47.000
				,"percent": 100.00
				}
			]
		,"GET":[
			{
				"<=msec": 1.100
				,"percent": 0.01
				}
			,{
				"<=msec": 1.200
				,"percent": 0.10
				}
			,{
				"<=msec": 1.300
				,"percent": 0.35
				}
			,{
				"<=msec": 1.400
				,"percent": 1.03
				}
			,{
				"<=msec": 1.500
				,"percent": 2.18
				}
			,{
				"<=msec": 1.600
				,"percent": 4.00
				}
			,{
				"<=msec": 1.700
				,"percent": 6.38
				}
			,{
				"<=msec": 1.800
				,"percent": 9.23
				}
			,{
				"<=msec": 1.900
				,"percent": 12.28
				}
			,{
				"<=msec": 2.000
				,"percent": 15.25
				}
			,{
				"<=msec": 2.100
				,"percent": 18.36
				}
			,{
				"<=msec": 2.200
				,"percent": 21.22
				}
			,{
				"<=msec": 2.300
				,"percent": 24.16
				}
			,{
				"<=msec": 2.400
				,"percent": 27.03
				}
			,{
				"<=msec": 2.500
				,"percent": 29.34
				}
			,{
				"<=msec": 2.600
				,"percent": 31.66
				}
			,{
				"<=msec": 2.700
				,"percent": 33.80
				}
			,{
				"<=msec": 2.800
				,"percent": 35.62
				}
			,{
				"<=msec": 2.900
				,"percent": 37.51
				}
			,{
				"<=msec": 3.000
				,"percent": 39.19
				}
			,{
				"<=msec": 3.100
				,"percent": 40.52
				}
			,{
				"<=msec": 3.200
				,"percent": 41.80
				}
			,{
				"<=msec": 3.300
				,"percent": 43.01
				}
			,{
				"<=msec": 3.400
				,"percent": 44.14
				}
			,{
				"<=msec": 3.500
				,"percent": 45.24
				}
			,{
				"<=msec": 3.600
				,"percent": 46.16
				}
			,{
				"<=msec": 3.700
				,"percent": 46.98
				}
			,{
				"<=msec": 3.800
				,"percent": 47.69
				}
			,{
				"<=msec": 3.900
				,"percent": 48.39
				}
			,{
				"<=msec": 4.000
				,"percent": 49.05
				}
			,{
				"<=msec": 4.100
				,"percent": 49.67
				}
			,{
				"<=msec": 4.200
				,"percent": 50.38
				}
			,{
				"<=msec": 4.300
				,"percent": 50.96
				}
			,{
				"<=msec": 4.400
				,"percent": 51.51
				}
			,{
				"<=msec": 4.500
				,"percent": 52.00
				}
			,{
				"<=msec": 4.600
				,"percent": 52.55
				}
			,{
				"<=msec": 4.700
				,"percent": 53.00
				}
			,{
				"<=msec": 4.800
				,"percent": 53.42
				}
			,{
				"<=msec": 4.900
				,"percent": 53.86
				}
			,{
				"<=msec": 5.000
				,"percent": 54.21
				}
			,{
				"<=msec": 5.100
				,"percent": 54.51
				}
			,{
				"<=msec": 5.200
				,"percent": 54.92
				}
			,{
				"<=msec": 5.300
				,"percent": 55.42
				}
			,{
				"<=msec": 5.400
				,"percent": 55.78
				}
			,{
				"<=msec": 5.500
				,"percent": 56.20
				}
			,{
				"<=msec": 5.600
				,"percent": 56.63
				}
			,{
				"<=msec": 5.700
				,"percent": 57.13
				}
			,{
				"<=msec": 5.800
				,"percent": 57.47
				}
			,{
				"<=msec": 5.900
				,"percent": 57.85
				}
			,{
				"<=msec": 6.000
				,"percent": 58.29
				}
			,{
				"<=msec": 6.100
				,"percent": 58.75
				}
			,{
				"<=msec": 6.200
				,"percent": 59.18
				}
			,{
				"<=msec": 6.300
				,"percent": 59.76
				}
			,{
				"<=msec": 6.400
				,"percent": 60.30
				}
			,{
				"<=msec": 6.500
				,"percent": 60.85
				}
			,{
				"<=msec": 6.600
				,"percent": 61.48
				}
			,{
				"<=msec": 6.700
				,"percent": 62.10
				}
			,{
				"<=msec": 6.800
				,"percent": 62.86
				}
			,{
				"<=msec": 6.900
				,"percent": 63.64
				}
			,{
				"<=msec": 7.000
				,"percent": 64.54
				}
			,{
				"<=msec": 7.100
				,"percent": 65.36
				}
			,{
				"<=msec": 7.200
				,"percent": 66.34
				}
			,{
				"<=msec": 7.300
				,"percent": 67.39
				}
			,{
				"<=msec": 7.400
				,"percent": 68.37
				}
			,{
				"<=msec": 7.500
				,"percent": 69.45
				}
			,{
				"<=msec": 7.600
				,"percent": 70.64
				}
			,{
				"<=msec": 7.700
				,"percent": 71.76
				}
			,{
				"<=msec": 7.800
				,"percent": 72.81
				}
			,{
				"<=msec": 7.900
				,"percent": 73.91
				}
			,{
				"<=msec": 8.000
				,"percent": 74.97
				}
			,{
				"<=msec": 8.100
				,"percent": 76.15
				}
			,{
				"<=msec": 8.200
				,"percent": 77.18
				}
			,{
				"<=msec": 8.300
				,"percent": 78.13
				}
			,{
				"<=msec": 8.400
				,"percent": 79.11
				}
			,{
				"<=msec": 8.500
				,"percent": 80.05
				}
			,{
				"<=msec": 8.600
				,"percent": 80.92
				}
			,{
				"<=msec": 8.700
				,"percent": 81.86
				}
			,{
				"<=msec": 8.800
				,"percent": 82.78
				}
			,{
				"<=msec": 8.900
				,"percent": 83.46
				}
			,{
				"<=msec": 9.000
				,"percent": 84.21
				}
			,{
				"<=msec": 9.100
				,"percent": 84.97
				}
			,{
				"<=msec": 9.200
				,"percent": 85.62
				}
			,{
				"<=msec": 9.300
				,"percent": 86.31
				}
			,{
				"<=msec": 9.400
				,"percent": 87.09
				}
			,{
				"<=msec": 9.500
				,"percent": 87.72
				}
			,{
				"<=msec": 9.600
				,"percent": 88.27
				}
			,{
				"<=msec": 9.700
				,"percent": 88.80
				}
			,{
				"<=msec": 9.800
				,"percent": 89.35
				}
			,{
				"<=msec": 9.900
				,"percent": 89.85
				}
			,{
				"<=msec": 10.000
				,"percent": 92.26
				}
			,{
				"<=msec": 11.000
				,"percent": 95.03
				}
			,{
				"<=msec": 12.000
				,"percent": 96.33
				}
			,{
				"<=msec": 13.000
				,"percent": 96.99
				}
			,{
				"<=msec": 14.000
				,"percent": 97.35
				}
			,{
				"<=msec": 15.000
				,"percent": 97.61
				}
			,{
				"<=msec": 16.000
				,"percent": 97.87
				}
			,{
				"<=msec": 17.000
				,"percent": 98.07
				}
			,{
				"<=msec": 18.000
				,"percent": 98.43
				}
			,{
				"<=msec": 19.000
				,"percent": 98.70
				}
			,{
				"<=msec": 20.000
				,"percent": 98.85
				}
			,{
				"<=msec": 21.000
				,"percent": 98.94
				}
			,{
				"<=msec": 22.000
				,"percent": 99.02
				}
			,{
				"<=msec": 23.000
				,"percent": 99.13
				}
			,{
				"<=msec": 24.000
				,"percent": 99.25
				}
			,{
				"<=msec": 25.000
				,"percent": 99.30
				}
			,{
				"<=msec": 26.000
				,"percent": 99.35
				}
			,{
				"<=msec": 27.000
				,"percent": 99.41
				}
			,{
				"<=msec": 28.000
				,"percent": 99.49
				}
			,{
				"<=msec": 29.000
				,"percent": 99.64
				}
			,{
				"<=msec": 30.000
				,"percent": 99.71
				}
			,{
				"<=msec": 31.000
				,"percent": 99.75
				}
			,{
				"<=msec": 32.000
				,"percent": 99.79
				}
			,{
				"<=msec": 33.000
				,"percent": 99.85
				}
			,{
				"<=msec": 35.000
				,"percent": 99.87
				}
			,{
				"<=msec": 36.000
				,"percent": 99.90
				}
			,{
				"<=msec": 37.000
				,"percent": 99.96
				}
			,{
				"<=msec": 38.000
				,"percent": 99.96
				}
			,{
				"<=msec": 39.000
				,"percent": 99.97
				}
			,{
				"<=msec": 40.000
				,"percent": 99.98
				}
			,{
				"<=msec": 41.000
				,"percent": 99.99
				}
			,{
				"<=msec": 48.000
				,"percent": 100.00
				}
			]
		,"WAIT":[
		]
		}
	}
