{
	"configuration":{
		"server": "10.0.0.8"
		,"port": 6379
		,"unix socket": "(null)"
		,"protocol": "memcache_text"
		,"out_file": "(null)"
		,"client_stats": "(null)"
		,"run_count": 1
		,"debug": 0
		,"requests": 0
		,"clients": 2
		,"threads": 1
		,"test_time": 75
		,"ratio": "1:6"
		,"pipeline": 1
		,"data_size": 1024
		,"data_offset": 0
		,"random_data": "false"
		,"data_size_range": "0:0"
		,"data_size_list": ""
		,"data_size_pattern": "R"
		,"expiry_range": "9999:10000"
		,"data_import": "(null)"
		,"data_verify": "false"
		,"verify_only": "false"
		,"generate_keys": "false"
		,"key_prefix": "memtier-"
		,"key_minimum":           0
		,"key_maximum":       10000
		,"key_pattern": "R:R"
		,"key_stddev": 0.000000
		,"key_median": 0.000000
		,"reconnect_interval": 0
		,"multi_key_get": 6
		,"authenticate": ""
		,"select-db": 0
		,"no-expiry": "false"
		,"wait-ratio": "0:0"
		,"num-slaves": "0:0"
		,"wait-timeout": "0-0"
		}
	,"run information":{
		"Threads": 1
		,"Connections per thread": 2
		,"Seconds": 75
		}
	,"ALL STATS":{
		"Sets":{
			"Ops/sec": 187.22
			,"Hits/sec": 0.00
			,"Misses/sec": 0.00
			,"Latency": 4.98
			,"KB/sec": 194.61
			}
		,"Gets":{
			"Ops/sec": 187.21
			,"Hits/sec": 1123.27
			,"Misses/sec": 0.00
			,"Latency": 5.67
			,"KB/sec": 1170.92
			}
		,"Waits":{
			"Ops/sec": 0.00
			,"Hits/sec": 0.00
			,"Misses/sec": 0.00
			,"Latency": 0.00
			,"KB/sec": 0.00
			}
		,"Totals":{
			"Ops/sec": 374.44
			,"Hits/sec": 1123.27
			,"Misses/sec": 0.00
			,"Latency": 5.33
			,"KB/sec": 1365.53
			}
		,"SET":[
			{
				"<=msec": 0.900
				,"percent": 0.01
				}
			,{
				"<=msec": 0.920
				,"percent": 0.01
				}
			,{
				"<=msec": 0.940
				,"percent": 0.03
				}
			,{
				"<=msec": 0.950
				,"percent": 0.05
				}
			,{
				"<=msec": 0.960
				,"percent": 0.06
				}
			,{
				"<=msec": 0.970
				,"percent": 0.07
				}
			,{
				"<=msec": 0.980
				,"percent": 0.09
				}
			,{
				"<=msec": 0.990
				,"percent": 0.09
				}
			,{
				"<=msec": 1.000
				,"percent": 0.36
				}
			,{
				"<=msec": 1.100
				,"percent": 1.27
				}
			,{
				"<=msec": 1.200
				,"percent": 2.90
				}
			,{
				"<=msec": 1.300
				,"percent": 5.81
				}
			,{
				"<=msec": 1.400
				,"percent": 9.27
				}
			,{
				"<=msec": 1.500
				,"percent": 13.14
				}
			,{
				"<=msec": 1.600
				,"percent": 16.98
				}
			,{
				"<=msec": 1.700
				,"percent": 20.82
				}
			,{
				"<=msec": 1.800
				,"percent": 23.89
				}
			,{
				"<=msec": 1.900
				,"percent": 26.74
				}
			,{
				"<=msec": 2.000
				,"percent": 29.45
				}
			,{
				"<=msec": 2.100
				,"percent": 31.95
				}
			,{
				"<=msec": 2.200
				,"percent": 34.39
				}
			,{
				"<=msec": 2.300
				,"percent": 36.31
				}
			,{
				"<=msec": 2.400
				,"percent": 38.20
				}
			,{
				"<=msec": 2.500
				,"percent": 39.83
				}
			,{
				"<=msec": 2.600
				,"percent": 41.20
				}
			,{
				"<=msec": 2.700
				,"percent": 42.37
				}
			,{
				"<=msec": 2.800
				,"percent": 43.66
				}
			,{
				"<=msec": 2.900
				,"percent": 44.70
				}
			,{
				"<=msec": 3.000
				,"percent": 45.61
				}
			,{
				"<=msec": 3.100
				,"percent": 46.58
				}
			,{
				"<=msec": 3.200
				,"percent": 47.29
				}
			,{
				"<=msec": 3.300
				,"percent": 48.08
				}
			,{
				"<=msec": 3.400
				,"percent": 48.82
				}
			,{
				"<=msec": 3.500
				,"percent": 49.62
				}
			,{
				"<=msec": 3.600
				,"percent": 50.19
				}
			,{
				"<=msec": 3.700
				,"percent": 50.84
				}
			,{
				"<=msec": 3.800
				,"percent": 51.41
				}
			,{
				"<=msec": 3.900
				,"percent": 51.92
				}
			,{
				"<=msec": 4.000
				,"percent": 52.37
				}
			,{
				"<=msec": 4.100
				,"percent": 52.86
				}
			,{
				"<=msec": 4.200
				,"percent": 53.35
				}
			,{
				"<=msec": 4.300
				,"percent": 53.79
				}
			,{
				"<=msec": 4.400
				,"percent": 54.32
				}
			,{
				"<=msec": 4.500
				,"percent": 54.76
				}
			,{
				"<=msec": 4.600
				,"percent": 55.18
				}
			,{
				"<=msec": 4.700
				,"percent": 55.62
				}
			,{
				"<=msec": 4.800
				,"percent": 56.06
				}
			,{
				"<=msec": 4.900
				,"percent": 56.41
				}
			,{
				"<=msec": 5.000
				,"percent": 56.76
				}
			,{
				"<=msec": 5.100
				,"percent": 57.20
				}
			,{
				"<=msec": 5.200
				,"percent": 57.67
				}
			,{
				"<=msec": 5.300
				,"percent": 58.11
				}
			,{
				"<=msec": 5.400
				,"percent": 58.52
				}
			,{
				"<=msec": 5.500
				,"percent": 58.96
				}
			,{
				"<=msec": 5.600
				,"percent": 59.45
				}
			,{
				"<=msec": 5.700
				,"percent": 60.01
				}
			,{
				"<=msec": 5.800
				,"percent": 60.56
				}
			,{
				"<=msec": 5.900
				,"percent": 61.18
				}
			,{
				"<=msec": 6.000
				,"percent": 61.81
				}
			,{
				"<=msec": 6.100
				,"percent": 62.58
				}
			,{
				"<=msec": 6.200
				,"percent": 63.37
				}
			,{
				"<=msec": 6.300
				,"percent": 64.14
				}
			,{
				"<=msec": 6.400
				,"percent": 64.95
				}
			,{
				"<=msec": 6.500
				,"percent": 65.82
				}
			,{
				"<=msec": 6.600
				,"percent": 66.82
				}
			,{
				"<=msec": 6.700
				,"percent": 67.90
				}
			,{
				"<=msec": 6.800
				,"percent": 69.07
				}
			,{
				"<=msec": 6.900
				,"percent": 70.36
				}
			,{
				"<=msec": 7.000
				,"percent": 71.46
				}
			,{
				"<=msec": 7.100
				,"percent": 72.60
				}
			,{
				"<=msec": 7.200
				,"percent": 73.79
				}
			,{
				"<=msec": 7.300
				,"percent": 74.95
				}
			,{
				"<=msec": 7.400
				,"percent": 76.16
				}
			,{
				"<=msec": 7.500
				,"percent": 77.23
				}
			,{
				"<=msec": 7.600
				,"percent": 78.31
				}
			,{
				"<=msec": 7.700
				,"percent": 79.27
				}
			,{
				"<=msec": 7.800
				,"percent": 80.39
				}
			,{
				"<=msec": 7.900
				,"percent": 81.33
				}
			,{
				"<=msec": 8.000
				,"percent": 82.27
				}
			,{
				"<=msec": 8.100
				,"percent": 83.24
				}
			,{
				"<=msec": 8.200
				,"percent": 84.15
				}
			,{
				"<=msec": 8.300
				,"percent": 84.99
				}
			,{
				"<=msec": 8.400
				,"percent": 85.71
				}
			,{
				"<=msec": 8.500
				,"percent": 86.55
				}
			,{
				"<=msec": 8.600
				,"percent": 87.25
				}
			,{
				"<=msec": 8.700
				,"percent": 87.91
				}
			,{
				"<=msec": 8.800
				,"percent": 88.63
				}
			,{
				"<=msec": 8.900
				,"percent": 89.36
				}
			,{
				"<=msec": 9.000
				,"percent": 90.08
				}
			,{
				"<=msec": 9.100
				,"percent": 90.74
				}
			,{
				"<=msec": 9.200
				,"percent": 91.19
				}
			,{
				"<=msec": 9.300
				,"percent": 91.72
				}
			,{
				"<=msec": 9.400
				,"percent": 92.25
				}
			,{
				"<=msec": 9.500
				,"percent": 92.74
				}
			,{
				"<=msec": 9.600
				,"percent": 93.11
				}
			,{
				"<=msec": 9.700
				,"percent": 93.55
				}
			,{
				"<=msec": 9.800
				,"percent": 93.84
				}
			,{
				"<=msec": 9.900
				,"percent": 94.11
				}
			,{
				"<=msec": 10.000
				,"percent": 95.46
				}
			,{
				"<=msec": 11.000
				,"percent": 97.00
				}
			,{
				"<=msec": 12.000
				,"percent": 97.53
				}
			,{
				"<=msec": 13.000
				,"percent": 97.84
				}
			,{
				"<=msec": 14.000
				,"percent": 98.03
				}
			,{
				"<=msec": 15.000
				,"percent": 98.18
				}
			,{
				"<=msec": 16.000
				,"percent": 98.35
				}
			,{
				"<=msec": 17.000
				,"percent": 98.53
				}
			,{
				"<=msec": 18.000
				,"percent": 98.68
				}
			,{
				"<=msec": 19.000
				,"percent": 98.85
				}
			,{
				"<=msec": 20.000
				,"percent": 98.90
				}
			,{
				"<=msec": 21.000
				,"percent": 98.99
				}
			,{
				"<=msec": 22.000
				,"percent": 99.07
				}
			,{
				"<=msec": 23.000
				,"percent": 99.15
				}
			,{
				"<=msec": 24.000
				,"percent": 99.22
				}
			,{
				"<=msec": 25.000
				,"percent": 99.29
				}
			,{
				"<=msec": 26.000
				,"percent": 99.38
				}
			,{
				"<=msec": 27.000
				,"percent": 99.45
				}
			,{
				"<=msec": 28.000
				,"percent": 99.54
				}
			,{
				"<=msec": 29.000
				,"percent": 99.59
				}
			,{
				"<=msec": 30.000
				,"percent": 99.64
				}
			,{
				"<=msec": 31.000
				,"percent": 99.70
				}
			,{
				"<=msec": 32.000
				,"percent": 99.74
				}
			,{
				"<=msec": 33.000
				,"percent": 99.78
				}
			,{
				"<=msec": 34.000
				,"percent": 99.82
				}
			,{
				"<=msec": 35.000
				,"percent": 99.84
				}
			,{
				"<=msec": 36.000
				,"percent": 99.84
				}
			,{
				"<=msec": 37.000
				,"percent": 99.86
				}
			,{
				"<=msec": 38.000
				,"percent": 99.89
				}
			,{
				"<=msec": 39.000
				,"percent": 99.92
				}
			,{
				"<=msec": 40.000
				,"percent": 99.96
				}
			,{
				"<=msec": 42.000
				,"percent": 99.97
				}
			,{
				"<=msec": 43.000
				,"percent": 99.98
				}
			,{
				"<=msec": 52.000
				,"percent": 99.99
				}
			,{
				"<=msec": 75.000
				,"percent": 99.99
				}
			,{
				"<=msec": 78.000
				,"percent": 100.00
				}
			]
		,"GET":[
			{
				"<=msec": 1.200
				,"percent": 0.03
				}
			,{
				"<=msec": 1.300
				,"percent": 0.24
				}
			,{
				"<=msec": 1.400
				,"percent": 0.71
				}
			,{
				"<=msec": 1.500
				,"percent": 1.82
				}
			,{
				"<=msec": 1.600
				,"percent": 3.43
				}
			,{
				"<=msec": 1.700
				,"percent": 5.53
				}
			,{
				"<=msec": 1.800
				,"percent": 8.02
				}
			,{
				"<=msec": 1.900
				,"percent": 10.88
				}
			,{
				"<=msec": 2.000
				,"percent": 13.87
				}
			,{
				"<=msec": 2.100
				,"percent": 17.03
				}
			,{
				"<=msec": 2.200
				,"percent": 20.13
				}
			,{
				"<=msec": 2.300
				,"percent": 22.87
				}
			,{
				"<=msec": 2.400
				,"percent": 25.51
				}
			,{
				"<=msec": 2.500
				,"percent": 28.24
				}
			,{
				"<=msec": 2.600
				,"percent": 30.51
				}
			,{
				"<=msec": 2.700
				,"percent": 32.67
				}
			,{
				"<=msec": 2.800
				,"percent": 34.56
				}
			,{
				"<=msec": 2.900
				,"percent": 36.32
				}
			,{
				"<=msec": 3.000
				,"percent": 37.75
				}
			,{
				"<=msec": 3.100
				,"percent": 39.13
				}
			,{
				"<=msec": 3.200
				,"percent": 40.31
				}
			,{
				"<=msec": 3.300
				,"percent": 41.33
				}
			,{
				"<=msec": 3.400
				,"percent": 42.43
				}
			,{
				"<=msec": 3.500
				,"percent": 43.55
				}
			,{
				"<=msec": 3.600
				,"percent": 44.56
				}
			,{
				"<=msec": 3.700
				,"percent": 45.25
				}
			,{
				"<=msec": 3.800
				,"percent": 46.16
				}
			,{
				"<=msec": 3.900
				,"percent": 46.96
				}
			,{
				"<=msec": 4.000
				,"percent": 47.65
				}
			,{
				"<=msec": 4.100
				,"percent": 48.24
				}
			,{
				"<=msec": 4.200
				,"percent": 48.86
				}
			,{
				"<=msec": 4.300
				,"percent": 49.43
				}
			,{
				"<=msec": 4.400
				,"percent": 50.00
				}
			,{
				"<=msec": 4.500
				,"percent": 50.56
				}
			,{
				"<=msec": 4.600
				,"percent": 51.07
				}
			,{
				"<=msec": 4.700
				,"percent": 51.63
				}
			,{
				"<=msec": 4.800
				,"percent": 52.14
				}
			,{
				"<=msec": 4.900
				,"percent": 52.55
				}
			,{
				"<=msec": 5.000
				,"percent": 52.97
				}
			,{
				"<=msec": 5.100
				,"percent": 53.33
				}
			,{
				"<=msec": 5.200
				,"percent": 53.84
				}
			,{
				"<=msec": 5.300
				,"percent": 54.28
				}
			,{
				"<=msec": 5.400
				,"percent": 54.75
				}
			,{
				"<=msec": 5.500
				,"percent": 55.20
				}
			,{
				"<=msec": 5.600
				,"percent": 55.69
				}
			,{
				"<=msec": 5.700
				,"percent": 56.14
				}
			,{
				"<=msec": 5.800
				,"percent": 56.57
				}
			,{
				"<=msec": 5.900
				,"percent": 57.00
				}
			,{
				"<=msec": 6.000
				,"percent": 57.35
				}
			,{
				"<=msec": 6.100
				,"percent": 57.92
				}
			,{
				"<=msec": 6.200
				,"percent": 58.44
				}
			,{
				"<=msec": 6.300
				,"percent": 59.04
				}
			,{
				"<=msec": 6.400
				,"percent": 59.61
				}
			,{
				"<=msec": 6.500
				,"percent": 60.15
				}
			,{
				"<=msec": 6.600
				,"percent": 60.75
				}
			,{
				"<=msec": 6.700
				,"percent": 61.43
				}
			,{
				"<=msec": 6.800
				,"percent": 62.25
				}
			,{
				"<=msec": 6.900
				,"percent": 62.98
				}
			,{
				"<=msec": 7.000
				,"percent": 63.76
				}
			,{
				"<=msec": 7.100
				,"percent": 64.68
				}
			,{
				"<=msec": 7.200
				,"percent": 65.66
				}
			,{
				"<=msec": 7.300
				,"percent": 66.70
				}
			,{
				"<=msec": 7.400
				,"percent": 67.79
				}
			,{
				"<=msec": 7.500
				,"percent": 68.96
				}
			,{
				"<=msec": 7.600
				,"percent": 70.08
				}
			,{
				"<=msec": 7.700
				,"percent": 71.13
				}
			,{
				"<=msec": 7.800
				,"percent": 72.32
				}
			,{
				"<=msec": 7.900
				,"percent": 73.28
				}
			,{
				"<=msec": 8.000
				,"percent": 74.25
				}
			,{
				"<=msec": 8.100
				,"percent": 75.29
				}
			,{
				"<=msec": 8.200
				,"percent": 76.33
				}
			,{
				"<=msec": 8.300
				,"percent": 77.26
				}
			,{
				"<=msec": 8.400
				,"percent": 78.24
				}
			,{
				"<=msec": 8.500
				,"percent": 79.30
				}
			,{
				"<=msec": 8.600
				,"percent": 80.22
				}
			,{
				"<=msec": 8.700
				,"percent": 81.19
				}
			,{
				"<=msec": 8.800
				,"percent": 82.16
				}
			,{
				"<=msec": 8.900
				,"percent": 82.97
				}
			,{
				"<=msec": 9.000
				,"percent": 83.68
				}
			,{
				"<=msec": 9.100
				,"percent": 84.39
				}
			,{
				"<=msec": 9.200
				,"percent": 85.02
				}
			,{
				"<=msec": 9.300
				,"percent": 85.77
				}
			,{
				"<=msec": 9.400
				,"percent": 86.37
				}
			,{
				"<=msec": 9.500
				,"percent": 87.00
				}
			,{
				"<=msec": 9.600
				,"percent": 87.69
				}
			,{
				"<=msec": 9.700
				,"percent": 88.36
				}
			,{
				"<=msec": 9.800
				,"percent": 89.05
				}
			,{
				"<=msec": 9.900
				,"percent": 89.72
				}
			,{
				"<=msec": 10.000
				,"percent": 92.22
				}
			,{
				"<=msec": 11.000
				,"percent": 95.34
				}
			,{
				"<=msec": 12.000
				,"percent": 96.67
				}
			,{
				"<=msec": 13.000
				,"percent": 97.30
				}
			,{
				"<=msec": 14.000
				,"percent": 97.64
				}
			,{
				"<=msec": 15.000
				,"percent": 97.95
				}
			,{
				"<=msec": 16.000
				,"percent": 98.14
				}
			,{
				"<=msec": 17.000
				,"percent": 98.33
				}
			,{
				"<=msec": 18.000
				,"percent": 98.64
				}
			,{
				"<=msec": 19.000
				,"percent": 98.90
				}
			,{
				"<=msec": 20.000
				,"percent": 99.02
				}
			,{
				"<=msec": 21.000
				,"percent": 99.07
				}
			,{
				"<=msec": 22.000
				,"percent": 99.14
				}
			,{
				"<=msec": 23.000
				,"percent": 99.20
				}
			,{
				"<=msec": 24.000
				,"percent": 99.29
				}
			,{
				"<=msec": 25.000
				,"percent": 99.34
				}
			,{
				"<=msec": 26.000
				,"percent": 99.39
				}
			,{
				"<=msec": 27.000
				,"percent": 99.43
				}
			,{
				"<=msec": 28.000
				,"percent": 99.52
				}
			,{
				"<=msec": 29.000
				,"percent": 99.56
				}
			,{
				"<=msec": 30.000
				,"percent": 99.59
				}
			,{
				"<=msec": 31.000
				,"percent": 99.64
				}
			,{
				"<=msec": 32.000
				,"percent": 99.74
				}
			,{
				"<=msec": 33.000
				,"percent": 99.77
				}
			,{
				"<=msec": 34.000
				,"percent": 99.83
				}
			,{
				"<=msec": 35.000
				,"percent": 99.86
				}
			,{
				"<=msec": 36.000
				,"percent": 99.88
				}
			,{
				"<=msec": 37.000
				,"percent": 99.90
				}
			,{
				"<=msec": 38.000
				,"percent": 99.94
				}
			,{
				"<=msec": 39.000
				,"percent": 99.96
				}
			,{
				"<=msec": 40.000
				,"percent": 99.97
				}
			,{
				"<=msec": 42.000
				,"percent": 99.98
				}
			,{
				"<=msec": 49.000
				,"percent": 99.99
				}
			,{
				"<=msec": 50.000
				,"percent": 99.99
				}
			,{
				"<=msec": 52.000
				,"percent": 100.00
				}
			]
		,"WAIT":[
		]
		}
	}
