{
	"configuration":{
		"server": "10.0.0.9"
		,"port": 6379
		,"unix socket": "(null)"
		,"protocol": "memcache_text"
		,"out_file": "(null)"
		,"client_stats": "(null)"
		,"run_count": 1
		,"debug": 0
		,"requests": 0
		,"clients": 32
		,"threads": 1
		,"test_time": 75
		,"ratio": "1:0"
		,"pipeline": 1
		,"data_size": 1024
		,"data_offset": 0
		,"random_data": "false"
		,"data_size_range": "0:0"
		,"data_size_list": ""
		,"data_size_pattern": "R"
		,"expiry_range": "9999:10000"
		,"data_import": "(null)"
		,"data_verify": "false"
		,"verify_only": "false"
		,"generate_keys": "false"
		,"key_prefix": "memtier-"
		,"key_minimum":           0
		,"key_maximum":       10000
		,"key_pattern": "R:R"
		,"key_stddev": 0.000000
		,"key_median": 0.000000
		,"reconnect_interval": 0
		,"multi_key_get": 0
		,"authenticate": ""
		,"select-db": 0
		,"no-expiry": "false"
		,"wait-ratio": "0:0"
		,"num-slaves": "0:0"
		,"wait-timeout": "0-0"
		}
	,"run information":{
		"Threads": 1
		,"Connections per thread": 32
		,"Seconds": 75
		}
	,"ALL STATS":{
		"Sets":{
			"Ops/sec": 809.52
			,"Hits/sec": 0.00
			,"Misses/sec": 0.00
			,"Latency": 39.52
			,"KB/sec": 841.43
			}
		,"Gets":{
			"Ops/sec": 0.00
			,"Hits/sec": 0.00
			,"Misses/sec": 0.00
			,"Latency": 0.00
			,"KB/sec": 0.00
			}
		,"Waits":{
			"Ops/sec": 0.00
			,"Hits/sec": 0.00
			,"Misses/sec": 0.00
			,"Latency": 0.00
			,"KB/sec": 0.00
			}
		,"Totals":{
			"Ops/sec": 809.52
			,"Hits/sec": 0.00
			,"Misses/sec": 0.00
			,"Latency": 39.52
			,"KB/sec": 841.43
			}
		,"SET":[
			{
				"<=msec": 2.400
				,"percent": 0.00
				}
			,{
				"<=msec": 2.500
				,"percent": 0.01
				}
			,{
				"<=msec": 2.800
				,"percent": 0.01
				}
			,{
				"<=msec": 2.900
				,"percent": 0.01
				}
			,{
				"<=msec": 3.000
				,"percent": 0.01
				}
			,{
				"<=msec": 3.100
				,"percent": 0.02
				}
			,{
				"<=msec": 3.200
				,"percent": 0.02
				}
			,{
				"<=msec": 3.300
				,"percent": 0.02
				}
			,{
				"<=msec": 3.400
				,"percent": 0.02
				}
			,{
				"<=msec": 3.500
				,"percent": 0.02
				}
			,{
				"<=msec": 3.700
				,"percent": 0.03
				}
			,{
				"<=msec": 3.800
				,"percent": 0.03
				}
			,{
				"<=msec": 3.900
				,"percent": 0.03
				}
			,{
				"<=msec": 4.000
				,"percent": 0.03
				}
			,{
				"<=msec": 4.100
				,"percent": 0.04
				}
			,{
				"<=msec": 4.200
				,"percent": 0.05
				}
			,{
				"<=msec": 4.300
				,"percent": 0.06
				}
			,{
				"<=msec": 4.400
				,"percent": 0.08
				}
			,{
				"<=msec": 4.500
				,"percent": 0.09
				}
			,{
				"<=msec": 4.600
				,"percent": 0.10
				}
			,{
				"<=msec": 4.700
				,"percent": 0.11
				}
			,{
				"<=msec": 4.800
				,"percent": 0.13
				}
			,{
				"<=msec": 4.900
				,"percent": 0.17
				}
			,{
				"<=msec": 5.000
				,"percent": 0.20
				}
			,{
				"<=msec": 5.100
				,"percent": 0.24
				}
			,{
				"<=msec": 5.200
				,"percent": 0.27
				}
			,{
				"<=msec": 5.300
				,"percent": 0.30
				}
			,{
				"<=msec": 5.400
				,"percent": 0.35
				}
			,{
				"<=msec": 5.500
				,"percent": 0.39
				}
			,{
				"<=msec": 5.600
				,"percent": 0.43
				}
			,{
				"<=msec": 5.700
				,"percent": 0.45
				}
			,{
				"<=msec": 5.800
				,"percent": 0.48
				}
			,{
				"<=msec": 5.900
				,"percent": 0.50
				}
			,{
				"<=msec": 6.000
				,"percent": 0.52
				}
			,{
				"<=msec": 6.100
				,"percent": 0.54
				}
			,{
				"<=msec": 6.200
				,"percent": 0.55
				}
			,{
				"<=msec": 6.300
				,"percent": 0.57
				}
			,{
				"<=msec": 6.400
				,"percent": 0.60
				}
			,{
				"<=msec": 6.500
				,"percent": 0.61
				}
			,{
				"<=msec": 6.600
				,"percent": 0.63
				}
			,{
				"<=msec": 6.700
				,"percent": 0.65
				}
			,{
				"<=msec": 6.800
				,"percent": 0.67
				}
			,{
				"<=msec": 6.900
				,"percent": 0.68
				}
			,{
				"<=msec": 7.000
				,"percent": 0.69
				}
			,{
				"<=msec": 7.100
				,"percent": 0.69
				}
			,{
				"<=msec": 7.200
				,"percent": 0.70
				}
			,{
				"<=msec": 7.300
				,"percent": 0.70
				}
			,{
				"<=msec": 7.400
				,"percent": 0.71
				}
			,{
				"<=msec": 7.500
				,"percent": 0.72
				}
			,{
				"<=msec": 7.600
				,"percent": 0.72
				}
			,{
				"<=msec": 7.700
				,"percent": 0.74
				}
			,{
				"<=msec": 7.800
				,"percent": 0.75
				}
			,{
				"<=msec": 7.900
				,"percent": 0.77
				}
			,{
				"<=msec": 8.000
				,"percent": 0.78
				}
			,{
				"<=msec": 8.100
				,"percent": 0.78
				}
			,{
				"<=msec": 8.200
				,"percent": 0.80
				}
			,{
				"<=msec": 8.300
				,"percent": 0.82
				}
			,{
				"<=msec": 8.400
				,"percent": 0.84
				}
			,{
				"<=msec": 8.500
				,"percent": 0.86
				}
			,{
				"<=msec": 8.600
				,"percent": 0.87
				}
			,{
				"<=msec": 8.700
				,"percent": 0.88
				}
			,{
				"<=msec": 8.800
				,"percent": 0.89
				}
			,{
				"<=msec": 8.900
				,"percent": 0.90
				}
			,{
				"<=msec": 9.000
				,"percent": 0.91
				}
			,{
				"<=msec": 9.100
				,"percent": 0.92
				}
			,{
				"<=msec": 9.200
				,"percent": 0.94
				}
			,{
				"<=msec": 9.300
				,"percent": 0.95
				}
			,{
				"<=msec": 9.400
				,"percent": 0.96
				}
			,{
				"<=msec": 9.500
				,"percent": 1.00
				}
			,{
				"<=msec": 9.600
				,"percent": 1.02
				}
			,{
				"<=msec": 9.700
				,"percent": 1.06
				}
			,{
				"<=msec": 9.800
				,"percent": 1.10
				}
			,{
				"<=msec": 9.900
				,"percent": 1.17
				}
			,{
				"<=msec": 10.000
				,"percent": 1.71
				}
			,{
				"<=msec": 11.000
				,"percent": 3.46
				}
			,{
				"<=msec": 12.000
				,"percent": 5.10
				}
			,{
				"<=msec": 13.000
				,"percent": 5.84
				}
			,{
				"<=msec": 14.000
				,"percent": 6.35
				}
			,{
				"<=msec": 15.000
				,"percent": 6.62
				}
			,{
				"<=msec": 16.000
				,"percent": 7.03
				}
			,{
				"<=msec": 17.000
				,"percent": 7.48
				}
			,{
				"<=msec": 18.000
				,"percent": 7.86
				}
			,{
				"<=msec": 19.000
				,"percent": 8.13
				}
			,{
				"<=msec": 20.000
				,"percent": 8.36
				}
			,{
				"<=msec": 21.000
				,"percent": 8.75
				}
			,{
				"<=msec": 22.000
				,"percent": 9.25
				}
			,{
				"<=msec": 23.000
				,"percent": 9.82
				}
			,{
				"<=msec": 24.000
				,"percent": 10.43
				}
			,{
				"<=msec": 25.000
				,"percent": 11.19
				}
			,{
				"<=msec": 26.000
				,"percent": 12.77
				}
			,{
				"<=msec": 27.000
				,"percent": 14.54
				}
			,{
				"<=msec": 28.000
				,"percent": 16.24
				}
			,{
				"<=msec": 29.000
				,"percent": 17.76
				}
			,{
				"<=msec": 30.000
				,"percent": 19.40
				}
			,{
				"<=msec": 31.000
				,"percent": 21.98
				}
			,{
				"<=msec": 32.000
				,"percent": 26.62
				}
			,{
				"<=msec": 33.000
				,"percent": 32.71
				}
			,{
				"<=msec": 34.000
				,"percent": 38.29
				}
			,{
				"<=msec": 35.000
				,"percent": 42.97
				}
			,{
				"<=msec": 36.000
				,"percent": 47.26
				}
			,{
				"<=msec": 37.000
				,"percent": 51.35
				}
			,{
				"<=msec": 38.000
				,"percent": 55.44
				}
			,{
				"<=msec": 39.000
				,"percent": 59.38
				}
			,{
				"<=msec": 40.000
				,"percent": 62.47
				}
			,{
				"<=msec": 41.000
				,"percent": 64.83
				}
			,{
				"<=msec": 42.000
				,"percent": 66.80
				}
			,{
				"<=msec": 43.000
				,"percent": 68.72
				}
			,{
				"<=msec": 44.000
				,"percent": 70.56
				}
			,{
				"<=msec": 45.000
				,"percent": 72.26
				}
			,{
				"<=msec": 46.000
				,"percent": 73.77
				}
			,{
				"<=msec": 47.000
				,"percent": 75.34
				}
			,{
				"<=msec": 48.000
				,"percent": 76.65
				}
			,{
				"<=msec": 49.000
				,"percent": 77.87
				}
			,{
				"<=msec": 50.000
				,"percent": 79.06
				}
			,{
				"<=msec": 51.000
				,"percent": 80.38
				}
			,{
				"<=msec": 52.000
				,"percent": 81.77
				}
			,{
				"<=msec": 53.000
				,"percent": 83.36
				}
			,{
				"<=msec": 54.000
				,"percent": 84.95
				}
			,{
				"<=msec": 55.000
				,"percent": 86.26
				}
			,{
				"<=msec": 56.000
				,"percent": 87.45
				}
			,{
				"<=msec": 57.000
				,"percent": 88.50
				}
			,{
				"<=msec": 58.000
				,"percent": 89.51
				}
			,{
				"<=msec": 59.000
				,"percent": 90.48
				}
			,{
				"<=msec": 60.000
				,"percent": 91.32
				}
			,{
				"<=msec": 61.000
				,"percent": 92.19
				}
			,{
				"<=msec": 62.000
				,"percent": 92.86
				}
			,{
				"<=msec": 63.000
				,"percent": 93.53
				}
			,{
				"<=msec": 64.000
				,"percent": 94.22
				}
			,{
				"<=msec": 65.000
				,"percent": 94.78
				}
			,{
				"<=msec": 66.000
				,"percent": 95.27
				}
			,{
				"<=msec": 67.000
				,"percent": 95.74
				}
			,{
				"<=msec": 68.000
				,"percent": 96.20
				}
			,{
				"<=msec": 69.000
				,"percent": 96.51
				}
			,{
				"<=msec": 70.000
				,"percent": 96.83
				}
			,{
				"<=msec": 71.000
				,"percent": 97.17
				}
			,{
				"<=msec": 72.000
				,"percent": 97.40
				}
			,{
				"<=msec": 73.000
				,"percent": 97.66
				}
			,{
				"<=msec": 74.000
				,"percent": 97.89
				}
			,{
				"<=msec": 75.000
				,"percent": 98.11
				}
			,{
				"<=msec": 76.000
				,"percent": 98.27
				}
			,{
				"<=msec": 77.000
				,"percent": 98.43
				}
			,{
				"<=msec": 78.000
				,"percent": 98.58
				}
			,{
				"<=msec": 79.000
				,"percent": 98.67
				}
			,{
				"<=msec": 80.000
				,"percent": 98.81
				}
			,{
				"<=msec": 81.000
				,"percent": 98.92
				}
			,{
				"<=msec": 82.000
				,"percent": 99.07
				}
			,{
				"<=msec": 83.000
				,"percent": 99.17
				}
			,{
				"<=msec": 84.000
				,"percent": 99.25
				}
			,{
				"<=msec": 85.000
				,"percent": 99.33
				}
			,{
				"<=msec": 86.000
				,"percent": 99.39
				}
			,{
				"<=msec": 87.000
				,"percent": 99.45
				}
			,{
				"<=msec": 88.000
				,"percent": 99.48
				}
			,{
				"<=msec": 89.000
				,"percent": 99.54
				}
			,{
				"<=msec": 90.000
				,"percent": 99.59
				}
			,{
				"<=msec": 91.000
				,"percent": 99.60
				}
			,{
				"<=msec": 92.000
				,"percent": 99.65
				}
			,{
				"<=msec": 93.000
				,"percent": 99.70
				}
			,{
				"<=msec": 94.000
				,"percent": 99.73
				}
			,{
				"<=msec": 95.000
				,"percent": 99.76
				}
			,{
				"<=msec": 96.000
				,"percent": 99.77
				}
			,{
				"<=msec": 97.000
				,"percent": 99.78
				}
			,{
				"<=msec": 98.000
				,"percent": 99.79
				}
			,{
				"<=msec": 99.000
				,"percent": 99.80
				}
			,{
				"<=msec": 100.000
				,"percent": 99.86
				}
			,{
				"<=msec": 110.000
				,"percent": 99.98
				}
			,{
				"<=msec": 120.000
				,"percent": 99.99
				}
			,{
				"<=msec": 140.000
				,"percent": 99.99
				}
			,{
				"<=msec": 150.000
				,"percent": 99.99
				}
			,{
				"<=msec": 160.000
				,"percent": 100.00
				}
			,{
				"<=msec": 170.000
				,"percent": 100.00
				}
			,{
				"<=msec": 200.000
				,"percent": 100.00
				}
			]
		,"GET":[
		]
		,"WAIT":[
		]
		}
	}
