{
	"configuration":{
		"server": "10.0.0.9"
		,"port": 6379
		,"unix socket": "(null)"
		,"protocol": "memcache_text"
		,"out_file": "(null)"
		,"client_stats": "(null)"
		,"run_count": 1
		,"debug": 0
		,"requests": 0
		,"clients": 32
		,"threads": 1
		,"test_time": 75
		,"ratio": "1:0"
		,"pipeline": 1
		,"data_size": 1024
		,"data_offset": 0
		,"random_data": "false"
		,"data_size_range": "0:0"
		,"data_size_list": ""
		,"data_size_pattern": "R"
		,"expiry_range": "9999:10000"
		,"data_import": "(null)"
		,"data_verify": "false"
		,"verify_only": "false"
		,"generate_keys": "false"
		,"key_prefix": "memtier-"
		,"key_minimum":           0
		,"key_maximum":       10000
		,"key_pattern": "R:R"
		,"key_stddev": 0.000000
		,"key_median": 0.000000
		,"reconnect_interval": 0
		,"multi_key_get": 0
		,"authenticate": ""
		,"select-db": 0
		,"no-expiry": "false"
		,"wait-ratio": "0:0"
		,"num-slaves": "0:0"
		,"wait-timeout": "0-0"
		}
	,"run information":{
		"Threads": 1
		,"Connections per thread": 32
		,"Seconds": 75
		}
	,"ALL STATS":{
		"Sets":{
			"Ops/sec": 803.14
			,"Hits/sec": 0.00
			,"Misses/sec": 0.00
			,"Latency": 39.84
			,"KB/sec": 834.80
			}
		,"Gets":{
			"Ops/sec": 0.00
			,"Hits/sec": 0.00
			,"Misses/sec": 0.00
			,"Latency": 0.00
			,"KB/sec": 0.00
			}
		,"Waits":{
			"Ops/sec": 0.00
			,"Hits/sec": 0.00
			,"Misses/sec": 0.00
			,"Latency": 0.00
			,"KB/sec": 0.00
			}
		,"Totals":{
			"Ops/sec": 803.14
			,"Hits/sec": 0.00
			,"Misses/sec": 0.00
			,"Latency": 39.84
			,"KB/sec": 834.80
			}
		,"SET":[
			{
				"<=msec": 2.100
				,"percent": 0.00
				}
			,{
				"<=msec": 2.200
				,"percent": 0.01
				}
			,{
				"<=msec": 2.400
				,"percent": 0.01
				}
			,{
				"<=msec": 2.600
				,"percent": 0.01
				}
			,{
				"<=msec": 2.800
				,"percent": 0.02
				}
			,{
				"<=msec": 2.900
				,"percent": 0.03
				}
			,{
				"<=msec": 3.000
				,"percent": 0.04
				}
			,{
				"<=msec": 3.100
				,"percent": 0.04
				}
			,{
				"<=msec": 3.200
				,"percent": 0.05
				}
			,{
				"<=msec": 3.300
				,"percent": 0.07
				}
			,{
				"<=msec": 3.400
				,"percent": 0.08
				}
			,{
				"<=msec": 3.500
				,"percent": 0.09
				}
			,{
				"<=msec": 3.600
				,"percent": 0.11
				}
			,{
				"<=msec": 3.700
				,"percent": 0.13
				}
			,{
				"<=msec": 3.800
				,"percent": 0.15
				}
			,{
				"<=msec": 3.900
				,"percent": 0.17
				}
			,{
				"<=msec": 4.000
				,"percent": 0.20
				}
			,{
				"<=msec": 4.100
				,"percent": 0.24
				}
			,{
				"<=msec": 4.200
				,"percent": 0.28
				}
			,{
				"<=msec": 4.300
				,"percent": 0.31
				}
			,{
				"<=msec": 4.400
				,"percent": 0.36
				}
			,{
				"<=msec": 4.500
				,"percent": 0.43
				}
			,{
				"<=msec": 4.600
				,"percent": 0.48
				}
			,{
				"<=msec": 4.700
				,"percent": 0.55
				}
			,{
				"<=msec": 4.800
				,"percent": 0.60
				}
			,{
				"<=msec": 4.900
				,"percent": 0.67
				}
			,{
				"<=msec": 5.000
				,"percent": 0.74
				}
			,{
				"<=msec": 5.100
				,"percent": 0.82
				}
			,{
				"<=msec": 5.200
				,"percent": 0.89
				}
			,{
				"<=msec": 5.300
				,"percent": 1.00
				}
			,{
				"<=msec": 5.400
				,"percent": 1.08
				}
			,{
				"<=msec": 5.500
				,"percent": 1.16
				}
			,{
				"<=msec": 5.600
				,"percent": 1.26
				}
			,{
				"<=msec": 5.700
				,"percent": 1.35
				}
			,{
				"<=msec": 5.800
				,"percent": 1.43
				}
			,{
				"<=msec": 5.900
				,"percent": 1.49
				}
			,{
				"<=msec": 6.000
				,"percent": 1.55
				}
			,{
				"<=msec": 6.100
				,"percent": 1.63
				}
			,{
				"<=msec": 6.200
				,"percent": 1.69
				}
			,{
				"<=msec": 6.300
				,"percent": 1.72
				}
			,{
				"<=msec": 6.400
				,"percent": 1.76
				}
			,{
				"<=msec": 6.500
				,"percent": 1.81
				}
			,{
				"<=msec": 6.600
				,"percent": 1.87
				}
			,{
				"<=msec": 6.700
				,"percent": 1.93
				}
			,{
				"<=msec": 6.800
				,"percent": 1.96
				}
			,{
				"<=msec": 6.900
				,"percent": 2.00
				}
			,{
				"<=msec": 7.000
				,"percent": 2.04
				}
			,{
				"<=msec": 7.100
				,"percent": 2.08
				}
			,{
				"<=msec": 7.200
				,"percent": 2.14
				}
			,{
				"<=msec": 7.300
				,"percent": 2.19
				}
			,{
				"<=msec": 7.400
				,"percent": 2.24
				}
			,{
				"<=msec": 7.500
				,"percent": 2.30
				}
			,{
				"<=msec": 7.600
				,"percent": 2.36
				}
			,{
				"<=msec": 7.700
				,"percent": 2.42
				}
			,{
				"<=msec": 7.800
				,"percent": 2.46
				}
			,{
				"<=msec": 7.900
				,"percent": 2.49
				}
			,{
				"<=msec": 8.000
				,"percent": 2.53
				}
			,{
				"<=msec": 8.100
				,"percent": 2.58
				}
			,{
				"<=msec": 8.200
				,"percent": 2.62
				}
			,{
				"<=msec": 8.300
				,"percent": 2.69
				}
			,{
				"<=msec": 8.400
				,"percent": 2.74
				}
			,{
				"<=msec": 8.500
				,"percent": 2.78
				}
			,{
				"<=msec": 8.600
				,"percent": 2.81
				}
			,{
				"<=msec": 8.700
				,"percent": 2.85
				}
			,{
				"<=msec": 8.800
				,"percent": 2.90
				}
			,{
				"<=msec": 8.900
				,"percent": 2.95
				}
			,{
				"<=msec": 9.000
				,"percent": 3.04
				}
			,{
				"<=msec": 9.100
				,"percent": 3.11
				}
			,{
				"<=msec": 9.200
				,"percent": 3.23
				}
			,{
				"<=msec": 9.300
				,"percent": 3.32
				}
			,{
				"<=msec": 9.400
				,"percent": 3.41
				}
			,{
				"<=msec": 9.500
				,"percent": 3.53
				}
			,{
				"<=msec": 9.600
				,"percent": 3.63
				}
			,{
				"<=msec": 9.700
				,"percent": 3.75
				}
			,{
				"<=msec": 9.800
				,"percent": 3.87
				}
			,{
				"<=msec": 9.900
				,"percent": 4.05
				}
			,{
				"<=msec": 10.000
				,"percent": 5.01
				}
			,{
				"<=msec": 11.000
				,"percent": 6.90
				}
			,{
				"<=msec": 12.000
				,"percent": 8.18
				}
			,{
				"<=msec": 13.000
				,"percent": 9.11
				}
			,{
				"<=msec": 14.000
				,"percent": 9.68
				}
			,{
				"<=msec": 15.000
				,"percent": 10.03
				}
			,{
				"<=msec": 16.000
				,"percent": 10.38
				}
			,{
				"<=msec": 17.000
				,"percent": 10.64
				}
			,{
				"<=msec": 18.000
				,"percent": 10.87
				}
			,{
				"<=msec": 19.000
				,"percent": 11.04
				}
			,{
				"<=msec": 20.000
				,"percent": 11.18
				}
			,{
				"<=msec": 21.000
				,"percent": 11.46
				}
			,{
				"<=msec": 22.000
				,"percent": 11.91
				}
			,{
				"<=msec": 23.000
				,"percent": 12.41
				}
			,{
				"<=msec": 24.000
				,"percent": 12.89
				}
			,{
				"<=msec": 25.000
				,"percent": 13.32
				}
			,{
				"<=msec": 26.000
				,"percent": 13.95
				}
			,{
				"<=msec": 27.000
				,"percent": 14.93
				}
			,{
				"<=msec": 28.000
				,"percent": 16.05
				}
			,{
				"<=msec": 29.000
				,"percent": 17.09
				}
			,{
				"<=msec": 30.000
				,"percent": 18.38
				}
			,{
				"<=msec": 31.000
				,"percent": 20.17
				}
			,{
				"<=msec": 32.000
				,"percent": 22.92
				}
			,{
				"<=msec": 33.000
				,"percent": 27.44
				}
			,{
				"<=msec": 34.000
				,"percent": 32.38
				}
			,{
				"<=msec": 35.000
				,"percent": 37.18
				}
			,{
				"<=msec": 36.000
				,"percent": 41.90
				}
			,{
				"<=msec": 37.000
				,"percent": 46.50
				}
			,{
				"<=msec": 38.000
				,"percent": 51.03
				}
			,{
				"<=msec": 39.000
				,"percent": 54.93
				}
			,{
				"<=msec": 40.000
				,"percent": 58.66
				}
			,{
				"<=msec": 41.000
				,"percent": 61.84
				}
			,{
				"<=msec": 42.000
				,"percent": 64.40
				}
			,{
				"<=msec": 43.000
				,"percent": 66.70
				}
			,{
				"<=msec": 44.000
				,"percent": 68.60
				}
			,{
				"<=msec": 45.000
				,"percent": 70.39
				}
			,{
				"<=msec": 46.000
				,"percent": 72.06
				}
			,{
				"<=msec": 47.000
				,"percent": 73.57
				}
			,{
				"<=msec": 48.000
				,"percent": 74.92
				}
			,{
				"<=msec": 49.000
				,"percent": 76.30
				}
			,{
				"<=msec": 50.000
				,"percent": 77.69
				}
			,{
				"<=msec": 51.000
				,"percent": 79.00
				}
			,{
				"<=msec": 52.000
				,"percent": 80.35
				}
			,{
				"<=msec": 53.000
				,"percent": 81.89
				}
			,{
				"<=msec": 54.000
				,"percent": 83.37
				}
			,{
				"<=msec": 55.000
				,"percent": 84.81
				}
			,{
				"<=msec": 56.000
				,"percent": 86.05
				}
			,{
				"<=msec": 57.000
				,"percent": 87.27
				}
			,{
				"<=msec": 58.000
				,"percent": 88.43
				}
			,{
				"<=msec": 59.000
				,"percent": 89.48
				}
			,{
				"<=msec": 60.000
				,"percent": 90.52
				}
			,{
				"<=msec": 61.000
				,"percent": 91.43
				}
			,{
				"<=msec": 62.000
				,"percent": 92.25
				}
			,{
				"<=msec": 63.000
				,"percent": 93.06
				}
			,{
				"<=msec": 64.000
				,"percent": 93.79
				}
			,{
				"<=msec": 65.000
				,"percent": 94.40
				}
			,{
				"<=msec": 66.000
				,"percent": 94.91
				}
			,{
				"<=msec": 67.000
				,"percent": 95.38
				}
			,{
				"<=msec": 68.000
				,"percent": 95.83
				}
			,{
				"<=msec": 69.000
				,"percent": 96.26
				}
			,{
				"<=msec": 70.000
				,"percent": 96.63
				}
			,{
				"<=msec": 71.000
				,"percent": 96.96
				}
			,{
				"<=msec": 72.000
				,"percent": 97.21
				}
			,{
				"<=msec": 73.000
				,"percent": 97.39
				}
			,{
				"<=msec": 74.000
				,"percent": 97.60
				}
			,{
				"<=msec": 75.000
				,"percent": 97.81
				}
			,{
				"<=msec": 76.000
				,"percent": 97.98
				}
			,{
				"<=msec": 77.000
				,"percent": 98.16
				}
			,{
				"<=msec": 78.000
				,"percent": 98.27
				}
			,{
				"<=msec": 79.000
				,"percent": 98.37
				}
			,{
				"<=msec": 80.000
				,"percent": 98.51
				}
			,{
				"<=msec": 81.000
				,"percent": 98.61
				}
			,{
				"<=msec": 82.000
				,"percent": 98.71
				}
			,{
				"<=msec": 83.000
				,"percent": 98.84
				}
			,{
				"<=msec": 84.000
				,"percent": 98.94
				}
			,{
				"<=msec": 85.000
				,"percent": 99.04
				}
			,{
				"<=msec": 86.000
				,"percent": 99.16
				}
			,{
				"<=msec": 87.000
				,"percent": 99.24
				}
			,{
				"<=msec": 88.000
				,"percent": 99.31
				}
			,{
				"<=msec": 89.000
				,"percent": 99.42
				}
			,{
				"<=msec": 90.000
				,"percent": 99.49
				}
			,{
				"<=msec": 91.000
				,"percent": 99.53
				}
			,{
				"<=msec": 92.000
				,"percent": 99.57
				}
			,{
				"<=msec": 93.000
				,"percent": 99.62
				}
			,{
				"<=msec": 94.000
				,"percent": 99.69
				}
			,{
				"<=msec": 95.000
				,"percent": 99.72
				}
			,{
				"<=msec": 96.000
				,"percent": 99.75
				}
			,{
				"<=msec": 97.000
				,"percent": 99.77
				}
			,{
				"<=msec": 98.000
				,"percent": 99.80
				}
			,{
				"<=msec": 99.000
				,"percent": 99.83
				}
			,{
				"<=msec": 100.000
				,"percent": 99.89
				}
			,{
				"<=msec": 110.000
				,"percent": 99.93
				}
			,{
				"<=msec": 120.000
				,"percent": 100.00
				}
			,{
				"<=msec": 130.000
				,"percent": 100.00
				}
			,{
				"<=msec": 140.000
				,"percent": 100.00
				}
			]
		,"GET":[
		]
		,"WAIT":[
		]
		}
	}
