{
	"configuration":{
		"server": "10.0.0.9"
		,"port": 6379
		,"unix socket": "(null)"
		,"protocol": "memcache_text"
		,"out_file": "(null)"
		,"client_stats": "(null)"
		,"run_count": 1
		,"debug": 0
		,"requests": 0
		,"clients": 2
		,"threads": 1
		,"test_time": 75
		,"ratio": "1:3"
		,"pipeline": 1
		,"data_size": 1024
		,"data_offset": 0
		,"random_data": "false"
		,"data_size_range": "0:0"
		,"data_size_list": ""
		,"data_size_pattern": "R"
		,"expiry_range": "9999:10000"
		,"data_import": "(null)"
		,"data_verify": "false"
		,"verify_only": "false"
		,"generate_keys": "false"
		,"key_prefix": "memtier-"
		,"key_minimum":           0
		,"key_maximum":       10000
		,"key_pattern": "R:R"
		,"key_stddev": 0.000000
		,"key_median": 0.000000
		,"reconnect_interval": 0
		,"multi_key_get": 3
		,"authenticate": ""
		,"select-db": 0
		,"no-expiry": "false"
		,"wait-ratio": "0:0"
		,"num-slaves": "0:0"
		,"wait-timeout": "0-0"
		}
	,"run information":{
		"Threads": 1
		,"Connections per thread": 2
		,"Seconds": 75
		}
	,"ALL STATS":{
		"Sets":{
			"Ops/sec": 145.41
			,"Hits/sec": 0.00
			,"Misses/sec": 0.00
			,"Latency": 7.45
			,"KB/sec": 151.15
			}
		,"Gets":{
			"Ops/sec": 145.38
			,"Hits/sec": 436.15
			,"Misses/sec": 0.00
			,"Latency": 6.28
			,"KB/sec": 455.37
			}
		,"Waits":{
			"Ops/sec": 0.00
			,"Hits/sec": 0.00
			,"Misses/sec": 0.00
			,"Latency": 0.00
			,"KB/sec": 0.00
			}
		,"Totals":{
			"Ops/sec": 290.80
			,"Hits/sec": 436.15
			,"Misses/sec": 0.00
			,"Latency": 6.87
			,"KB/sec": 606.51
			}
		,"SET":[
			{
				"<=msec": 3.700
				,"percent": 0.06
				}
			,{
				"<=msec": 3.800
				,"percent": 0.61
				}
			,{
				"<=msec": 3.900
				,"percent": 2.07
				}
			,{
				"<=msec": 4.000
				,"percent": 4.47
				}
			,{
				"<=msec": 4.100
				,"percent": 7.21
				}
			,{
				"<=msec": 4.200
				,"percent": 10.51
				}
			,{
				"<=msec": 4.300
				,"percent": 13.88
				}
			,{
				"<=msec": 4.400
				,"percent": 16.92
				}
			,{
				"<=msec": 4.500
				,"percent": 19.66
				}
			,{
				"<=msec": 4.600
				,"percent": 21.96
				}
			,{
				"<=msec": 4.700
				,"percent": 24.17
				}
			,{
				"<=msec": 4.800
				,"percent": 26.30
				}
			,{
				"<=msec": 4.900
				,"percent": 28.43
				}
			,{
				"<=msec": 5.000
				,"percent": 30.19
				}
			,{
				"<=msec": 5.100
				,"percent": 31.82
				}
			,{
				"<=msec": 5.200
				,"percent": 33.29
				}
			,{
				"<=msec": 5.300
				,"percent": 35.07
				}
			,{
				"<=msec": 5.400
				,"percent": 36.35
				}
			,{
				"<=msec": 5.500
				,"percent": 37.63
				}
			,{
				"<=msec": 5.600
				,"percent": 39.06
				}
			,{
				"<=msec": 5.700
				,"percent": 40.15
				}
			,{
				"<=msec": 5.800
				,"percent": 41.31
				}
			,{
				"<=msec": 5.900
				,"percent": 42.30
				}
			,{
				"<=msec": 6.000
				,"percent": 43.34
				}
			,{
				"<=msec": 6.100
				,"percent": 44.37
				}
			,{
				"<=msec": 6.200
				,"percent": 45.65
				}
			,{
				"<=msec": 6.300
				,"percent": 46.67
				}
			,{
				"<=msec": 6.400
				,"percent": 47.60
				}
			,{
				"<=msec": 6.500
				,"percent": 48.69
				}
			,{
				"<=msec": 6.600
				,"percent": 49.72
				}
			,{
				"<=msec": 6.700
				,"percent": 50.72
				}
			,{
				"<=msec": 6.800
				,"percent": 51.84
				}
			,{
				"<=msec": 6.900
				,"percent": 52.98
				}
			,{
				"<=msec": 7.000
				,"percent": 54.07
				}
			,{
				"<=msec": 7.100
				,"percent": 55.02
				}
			,{
				"<=msec": 7.200
				,"percent": 56.12
				}
			,{
				"<=msec": 7.300
				,"percent": 57.12
				}
			,{
				"<=msec": 7.400
				,"percent": 58.13
				}
			,{
				"<=msec": 7.500
				,"percent": 59.05
				}
			,{
				"<=msec": 7.600
				,"percent": 59.93
				}
			,{
				"<=msec": 7.700
				,"percent": 61.14
				}
			,{
				"<=msec": 7.800
				,"percent": 62.10
				}
			,{
				"<=msec": 7.900
				,"percent": 62.94
				}
			,{
				"<=msec": 8.000
				,"percent": 63.93
				}
			,{
				"<=msec": 8.100
				,"percent": 64.98
				}
			,{
				"<=msec": 8.200
				,"percent": 66.06
				}
			,{
				"<=msec": 8.300
				,"percent": 67.05
				}
			,{
				"<=msec": 8.400
				,"percent": 67.99
				}
			,{
				"<=msec": 8.500
				,"percent": 69.00
				}
			,{
				"<=msec": 8.600
				,"percent": 69.94
				}
			,{
				"<=msec": 8.700
				,"percent": 71.05
				}
			,{
				"<=msec": 8.800
				,"percent": 72.03
				}
			,{
				"<=msec": 8.900
				,"percent": 73.12
				}
			,{
				"<=msec": 9.000
				,"percent": 74.43
				}
			,{
				"<=msec": 9.100
				,"percent": 75.68
				}
			,{
				"<=msec": 9.200
				,"percent": 76.67
				}
			,{
				"<=msec": 9.300
				,"percent": 77.74
				}
			,{
				"<=msec": 9.400
				,"percent": 78.99
				}
			,{
				"<=msec": 9.500
				,"percent": 80.07
				}
			,{
				"<=msec": 9.600
				,"percent": 81.24
				}
			,{
				"<=msec": 9.700
				,"percent": 82.30
				}
			,{
				"<=msec": 9.800
				,"percent": 83.42
				}
			,{
				"<=msec": 9.900
				,"percent": 84.40
				}
			,{
				"<=msec": 10.000
				,"percent": 89.06
				}
			,{
				"<=msec": 11.000
				,"percent": 93.76
				}
			,{
				"<=msec": 12.000
				,"percent": 95.45
				}
			,{
				"<=msec": 13.000
				,"percent": 96.41
				}
			,{
				"<=msec": 14.000
				,"percent": 96.82
				}
			,{
				"<=msec": 15.000
				,"percent": 97.19
				}
			,{
				"<=msec": 16.000
				,"percent": 97.52
				}
			,{
				"<=msec": 17.000
				,"percent": 97.64
				}
			,{
				"<=msec": 18.000
				,"percent": 97.80
				}
			,{
				"<=msec": 19.000
				,"percent": 98.08
				}
			,{
				"<=msec": 20.000
				,"percent": 98.22
				}
			,{
				"<=msec": 21.000
				,"percent": 98.43
				}
			,{
				"<=msec": 22.000
				,"percent": 98.58
				}
			,{
				"<=msec": 23.000
				,"percent": 98.70
				}
			,{
				"<=msec": 24.000
				,"percent": 98.76
				}
			,{
				"<=msec": 25.000
				,"percent": 98.94
				}
			,{
				"<=msec": 26.000
				,"percent": 99.04
				}
			,{
				"<=msec": 27.000
				,"percent": 99.20
				}
			,{
				"<=msec": 28.000
				,"percent": 99.33
				}
			,{
				"<=msec": 29.000
				,"percent": 99.47
				}
			,{
				"<=msec": 30.000
				,"percent": 99.57
				}
			,{
				"<=msec": 31.000
				,"percent": 99.64
				}
			,{
				"<=msec": 32.000
				,"percent": 99.71
				}
			,{
				"<=msec": 33.000
				,"percent": 99.74
				}
			,{
				"<=msec": 34.000
				,"percent": 99.78
				}
			,{
				"<=msec": 35.000
				,"percent": 99.83
				}
			,{
				"<=msec": 36.000
				,"percent": 99.86
				}
			,{
				"<=msec": 37.000
				,"percent": 99.88
				}
			,{
				"<=msec": 38.000
				,"percent": 99.91
				}
			,{
				"<=msec": 39.000
				,"percent": 99.96
				}
			,{
				"<=msec": 40.000
				,"percent": 99.98
				}
			,{
				"<=msec": 49.000
				,"percent": 99.99
				}
			,{
				"<=msec": 50.000
				,"percent": 100.00
				}
			]
		,"GET":[
			{
				"<=msec": 3.400
				,"percent": 0.15
				}
			,{
				"<=msec": 3.500
				,"percent": 0.69
				}
			,{
				"<=msec": 3.600
				,"percent": 2.39
				}
			,{
				"<=msec": 3.700
				,"percent": 4.48
				}
			,{
				"<=msec": 3.800
				,"percent": 7.31
				}
			,{
				"<=msec": 3.900
				,"percent": 11.06
				}
			,{
				"<=msec": 4.000
				,"percent": 15.19
				}
			,{
				"<=msec": 4.100
				,"percent": 19.80
				}
			,{
				"<=msec": 4.200
				,"percent": 24.31
				}
			,{
				"<=msec": 4.300
				,"percent": 28.88
				}
			,{
				"<=msec": 4.400
				,"percent": 33.60
				}
			,{
				"<=msec": 4.500
				,"percent": 37.63
				}
			,{
				"<=msec": 4.600
				,"percent": 41.50
				}
			,{
				"<=msec": 4.700
				,"percent": 44.71
				}
			,{
				"<=msec": 4.800
				,"percent": 47.91
				}
			,{
				"<=msec": 4.900
				,"percent": 50.84
				}
			,{
				"<=msec": 5.000
				,"percent": 53.66
				}
			,{
				"<=msec": 5.100
				,"percent": 55.78
				}
			,{
				"<=msec": 5.200
				,"percent": 57.83
				}
			,{
				"<=msec": 5.300
				,"percent": 59.63
				}
			,{
				"<=msec": 5.400
				,"percent": 61.06
				}
			,{
				"<=msec": 5.500
				,"percent": 62.35
				}
			,{
				"<=msec": 5.600
				,"percent": 63.46
				}
			,{
				"<=msec": 5.700
				,"percent": 64.50
				}
			,{
				"<=msec": 5.800
				,"percent": 65.24
				}
			,{
				"<=msec": 5.900
				,"percent": 66.08
				}
			,{
				"<=msec": 6.000
				,"percent": 66.78
				}
			,{
				"<=msec": 6.100
				,"percent": 67.44
				}
			,{
				"<=msec": 6.200
				,"percent": 68.08
				}
			,{
				"<=msec": 6.300
				,"percent": 68.53
				}
			,{
				"<=msec": 6.400
				,"percent": 69.10
				}
			,{
				"<=msec": 6.500
				,"percent": 69.67
				}
			,{
				"<=msec": 6.600
				,"percent": 70.15
				}
			,{
				"<=msec": 6.700
				,"percent": 70.55
				}
			,{
				"<=msec": 6.800
				,"percent": 71.02
				}
			,{
				"<=msec": 6.900
				,"percent": 71.42
				}
			,{
				"<=msec": 7.000
				,"percent": 71.97
				}
			,{
				"<=msec": 7.100
				,"percent": 72.40
				}
			,{
				"<=msec": 7.200
				,"percent": 72.83
				}
			,{
				"<=msec": 7.300
				,"percent": 73.30
				}
			,{
				"<=msec": 7.400
				,"percent": 73.66
				}
			,{
				"<=msec": 7.500
				,"percent": 74.00
				}
			,{
				"<=msec": 7.600
				,"percent": 74.51
				}
			,{
				"<=msec": 7.700
				,"percent": 74.98
				}
			,{
				"<=msec": 7.800
				,"percent": 75.48
				}
			,{
				"<=msec": 7.900
				,"percent": 75.93
				}
			,{
				"<=msec": 8.000
				,"percent": 76.39
				}
			,{
				"<=msec": 8.100
				,"percent": 76.98
				}
			,{
				"<=msec": 8.200
				,"percent": 77.50
				}
			,{
				"<=msec": 8.300
				,"percent": 77.93
				}
			,{
				"<=msec": 8.400
				,"percent": 78.35
				}
			,{
				"<=msec": 8.500
				,"percent": 78.82
				}
			,{
				"<=msec": 8.600
				,"percent": 79.32
				}
			,{
				"<=msec": 8.700
				,"percent": 79.95
				}
			,{
				"<=msec": 8.800
				,"percent": 80.62
				}
			,{
				"<=msec": 8.900
				,"percent": 81.22
				}
			,{
				"<=msec": 9.000
				,"percent": 81.83
				}
			,{
				"<=msec": 9.100
				,"percent": 82.35
				}
			,{
				"<=msec": 9.200
				,"percent": 82.83
				}
			,{
				"<=msec": 9.300
				,"percent": 83.42
				}
			,{
				"<=msec": 9.400
				,"percent": 84.05
				}
			,{
				"<=msec": 9.500
				,"percent": 84.63
				}
			,{
				"<=msec": 9.600
				,"percent": 85.28
				}
			,{
				"<=msec": 9.700
				,"percent": 85.85
				}
			,{
				"<=msec": 9.800
				,"percent": 86.45
				}
			,{
				"<=msec": 9.900
				,"percent": 87.02
				}
			,{
				"<=msec": 10.000
				,"percent": 90.37
				}
			,{
				"<=msec": 11.000
				,"percent": 94.60
				}
			,{
				"<=msec": 12.000
				,"percent": 96.89
				}
			,{
				"<=msec": 13.000
				,"percent": 98.05
				}
			,{
				"<=msec": 14.000
				,"percent": 98.51
				}
			,{
				"<=msec": 15.000
				,"percent": 98.73
				}
			,{
				"<=msec": 16.000
				,"percent": 98.95
				}
			,{
				"<=msec": 17.000
				,"percent": 99.05
				}
			,{
				"<=msec": 18.000
				,"percent": 99.17
				}
			,{
				"<=msec": 19.000
				,"percent": 99.24
				}
			,{
				"<=msec": 20.000
				,"percent": 99.35
				}
			,{
				"<=msec": 21.000
				,"percent": 99.39
				}
			,{
				"<=msec": 22.000
				,"percent": 99.47
				}
			,{
				"<=msec": 23.000
				,"percent": 99.55
				}
			,{
				"<=msec": 24.000
				,"percent": 99.56
				}
			,{
				"<=msec": 25.000
				,"percent": 99.61
				}
			,{
				"<=msec": 26.000
				,"percent": 99.61
				}
			,{
				"<=msec": 27.000
				,"percent": 99.64
				}
			,{
				"<=msec": 28.000
				,"percent": 99.68
				}
			,{
				"<=msec": 29.000
				,"percent": 99.70
				}
			,{
				"<=msec": 30.000
				,"percent": 99.75
				}
			,{
				"<=msec": 31.000
				,"percent": 99.80
				}
			,{
				"<=msec": 32.000
				,"percent": 99.84
				}
			,{
				"<=msec": 33.000
				,"percent": 99.85
				}
			,{
				"<=msec": 34.000
				,"percent": 99.89
				}
			,{
				"<=msec": 36.000
				,"percent": 99.94
				}
			,{
				"<=msec": 37.000
				,"percent": 99.95
				}
			,{
				"<=msec": 39.000
				,"percent": 99.96
				}
			,{
				"<=msec": 40.000
				,"percent": 99.97
				}
			,{
				"<=msec": 44.000
				,"percent": 99.98
				}
			,{
				"<=msec": 49.000
				,"percent": 99.99
				}
			,{
				"<=msec": 56.000
				,"percent": 100.00
				}
			]
		,"WAIT":[
		]
		}
	}
