{
	"configuration":{
		"server": "10.0.0.9"
		,"port": 6379
		,"unix socket": "(null)"
		,"protocol": "memcache_text"
		,"out_file": "(null)"
		,"client_stats": "(null)"
		,"run_count": 1
		,"debug": 0
		,"requests": 0
		,"clients": 2
		,"threads": 1
		,"test_time": 75
		,"ratio": "1:3"
		,"pipeline": 1
		,"data_size": 1024
		,"data_offset": 0
		,"random_data": "false"
		,"data_size_range": "0:0"
		,"data_size_list": ""
		,"data_size_pattern": "R"
		,"expiry_range": "9999:10000"
		,"data_import": "(null)"
		,"data_verify": "false"
		,"verify_only": "false"
		,"generate_keys": "false"
		,"key_prefix": "memtier-"
		,"key_minimum":           0
		,"key_maximum":       10000
		,"key_pattern": "R:R"
		,"key_stddev": 0.000000
		,"key_median": 0.000000
		,"reconnect_interval": 0
		,"multi_key_get": 3
		,"authenticate": ""
		,"select-db": 0
		,"no-expiry": "false"
		,"wait-ratio": "0:0"
		,"num-slaves": "0:0"
		,"wait-timeout": "0-0"
		}
	,"run information":{
		"Threads": 1
		,"Connections per thread": 2
		,"Seconds": 75
		}
	,"ALL STATS":{
		"Sets":{
			"Ops/sec": 141.09
			,"Hits/sec": 0.00
			,"Misses/sec": 0.00
			,"Latency": 7.57
			,"KB/sec": 146.65
			}
		,"Gets":{
			"Ops/sec": 141.07
			,"Hits/sec": 423.22
			,"Misses/sec": 0.00
			,"Latency": 6.59
			,"KB/sec": 441.87
			}
		,"Waits":{
			"Ops/sec": 0.00
			,"Hits/sec": 0.00
			,"Misses/sec": 0.00
			,"Latency": 0.00
			,"KB/sec": 0.00
			}
		,"Totals":{
			"Ops/sec": 282.16
			,"Hits/sec": 423.22
			,"Misses/sec": 0.00
			,"Latency": 7.08
			,"KB/sec": 588.52
			}
		,"SET":[
			{
				"<=msec": 3.900
				,"percent": 0.01
				}
			,{
				"<=msec": 4.000
				,"percent": 0.26
				}
			,{
				"<=msec": 4.100
				,"percent": 0.78
				}
			,{
				"<=msec": 4.200
				,"percent": 1.99
				}
			,{
				"<=msec": 4.300
				,"percent": 4.06
				}
			,{
				"<=msec": 4.400
				,"percent": 6.51
				}
			,{
				"<=msec": 4.500
				,"percent": 9.25
				}
			,{
				"<=msec": 4.600
				,"percent": 12.13
				}
			,{
				"<=msec": 4.700
				,"percent": 15.27
				}
			,{
				"<=msec": 4.800
				,"percent": 18.21
				}
			,{
				"<=msec": 4.900
				,"percent": 21.43
				}
			,{
				"<=msec": 5.000
				,"percent": 24.25
				}
			,{
				"<=msec": 5.100
				,"percent": 26.99
				}
			,{
				"<=msec": 5.200
				,"percent": 29.61
				}
			,{
				"<=msec": 5.300
				,"percent": 31.73
				}
			,{
				"<=msec": 5.400
				,"percent": 33.78
				}
			,{
				"<=msec": 5.500
				,"percent": 35.81
				}
			,{
				"<=msec": 5.600
				,"percent": 37.65
				}
			,{
				"<=msec": 5.700
				,"percent": 39.48
				}
			,{
				"<=msec": 5.800
				,"percent": 40.93
				}
			,{
				"<=msec": 5.900
				,"percent": 42.48
				}
			,{
				"<=msec": 6.000
				,"percent": 43.93
				}
			,{
				"<=msec": 6.100
				,"percent": 45.41
				}
			,{
				"<=msec": 6.200
				,"percent": 46.89
				}
			,{
				"<=msec": 6.300
				,"percent": 48.12
				}
			,{
				"<=msec": 6.400
				,"percent": 49.37
				}
			,{
				"<=msec": 6.500
				,"percent": 50.68
				}
			,{
				"<=msec": 6.600
				,"percent": 51.95
				}
			,{
				"<=msec": 6.700
				,"percent": 53.07
				}
			,{
				"<=msec": 6.800
				,"percent": 54.06
				}
			,{
				"<=msec": 6.900
				,"percent": 55.21
				}
			,{
				"<=msec": 7.000
				,"percent": 56.21
				}
			,{
				"<=msec": 7.100
				,"percent": 57.11
				}
			,{
				"<=msec": 7.200
				,"percent": 58.14
				}
			,{
				"<=msec": 7.300
				,"percent": 59.03
				}
			,{
				"<=msec": 7.400
				,"percent": 59.92
				}
			,{
				"<=msec": 7.500
				,"percent": 60.87
				}
			,{
				"<=msec": 7.600
				,"percent": 61.68
				}
			,{
				"<=msec": 7.700
				,"percent": 62.63
				}
			,{
				"<=msec": 7.800
				,"percent": 63.62
				}
			,{
				"<=msec": 7.900
				,"percent": 64.46
				}
			,{
				"<=msec": 8.000
				,"percent": 65.33
				}
			,{
				"<=msec": 8.100
				,"percent": 66.21
				}
			,{
				"<=msec": 8.200
				,"percent": 67.04
				}
			,{
				"<=msec": 8.300
				,"percent": 67.95
				}
			,{
				"<=msec": 8.400
				,"percent": 68.76
				}
			,{
				"<=msec": 8.500
				,"percent": 69.67
				}
			,{
				"<=msec": 8.600
				,"percent": 70.63
				}
			,{
				"<=msec": 8.700
				,"percent": 71.53
				}
			,{
				"<=msec": 8.800
				,"percent": 72.79
				}
			,{
				"<=msec": 8.900
				,"percent": 73.62
				}
			,{
				"<=msec": 9.000
				,"percent": 74.49
				}
			,{
				"<=msec": 9.100
				,"percent": 75.35
				}
			,{
				"<=msec": 9.200
				,"percent": 76.31
				}
			,{
				"<=msec": 9.300
				,"percent": 77.11
				}
			,{
				"<=msec": 9.400
				,"percent": 78.12
				}
			,{
				"<=msec": 9.500
				,"percent": 79.05
				}
			,{
				"<=msec": 9.600
				,"percent": 80.08
				}
			,{
				"<=msec": 9.700
				,"percent": 81.01
				}
			,{
				"<=msec": 9.800
				,"percent": 81.94
				}
			,{
				"<=msec": 9.900
				,"percent": 82.76
				}
			,{
				"<=msec": 10.000
				,"percent": 87.11
				}
			,{
				"<=msec": 11.000
				,"percent": 92.47
				}
			,{
				"<=msec": 12.000
				,"percent": 94.93
				}
			,{
				"<=msec": 13.000
				,"percent": 96.26
				}
			,{
				"<=msec": 14.000
				,"percent": 96.87
				}
			,{
				"<=msec": 15.000
				,"percent": 97.13
				}
			,{
				"<=msec": 16.000
				,"percent": 97.39
				}
			,{
				"<=msec": 17.000
				,"percent": 97.56
				}
			,{
				"<=msec": 18.000
				,"percent": 97.76
				}
			,{
				"<=msec": 19.000
				,"percent": 97.94
				}
			,{
				"<=msec": 20.000
				,"percent": 98.15
				}
			,{
				"<=msec": 21.000
				,"percent": 98.36
				}
			,{
				"<=msec": 22.000
				,"percent": 98.50
				}
			,{
				"<=msec": 23.000
				,"percent": 98.63
				}
			,{
				"<=msec": 24.000
				,"percent": 98.87
				}
			,{
				"<=msec": 25.000
				,"percent": 99.00
				}
			,{
				"<=msec": 26.000
				,"percent": 99.10
				}
			,{
				"<=msec": 27.000
				,"percent": 99.21
				}
			,{
				"<=msec": 28.000
				,"percent": 99.32
				}
			,{
				"<=msec": 29.000
				,"percent": 99.40
				}
			,{
				"<=msec": 30.000
				,"percent": 99.52
				}
			,{
				"<=msec": 31.000
				,"percent": 99.57
				}
			,{
				"<=msec": 32.000
				,"percent": 99.64
				}
			,{
				"<=msec": 33.000
				,"percent": 99.75
				}
			,{
				"<=msec": 34.000
				,"percent": 99.86
				}
			,{
				"<=msec": 35.000
				,"percent": 99.91
				}
			,{
				"<=msec": 36.000
				,"percent": 99.94
				}
			,{
				"<=msec": 37.000
				,"percent": 99.95
				}
			,{
				"<=msec": 39.000
				,"percent": 99.97
				}
			,{
				"<=msec": 40.000
				,"percent": 99.99
				}
			,{
				"<=msec": 43.000
				,"percent": 100.00
				}
			]
		,"GET":[
			{
				"<=msec": 3.500
				,"percent": 0.01
				}
			,{
				"<=msec": 3.600
				,"percent": 0.08
				}
			,{
				"<=msec": 3.700
				,"percent": 0.31
				}
			,{
				"<=msec": 3.800
				,"percent": 1.05
				}
			,{
				"<=msec": 3.900
				,"percent": 2.38
				}
			,{
				"<=msec": 4.000
				,"percent": 4.24
				}
			,{
				"<=msec": 4.100
				,"percent": 6.51
				}
			,{
				"<=msec": 4.200
				,"percent": 9.56
				}
			,{
				"<=msec": 4.300
				,"percent": 13.00
				}
			,{
				"<=msec": 4.400
				,"percent": 16.57
				}
			,{
				"<=msec": 4.500
				,"percent": 20.57
				}
			,{
				"<=msec": 4.600
				,"percent": 24.62
				}
			,{
				"<=msec": 4.700
				,"percent": 28.57
				}
			,{
				"<=msec": 4.800
				,"percent": 32.74
				}
			,{
				"<=msec": 4.900
				,"percent": 36.89
				}
			,{
				"<=msec": 5.000
				,"percent": 40.88
				}
			,{
				"<=msec": 5.100
				,"percent": 44.41
				}
			,{
				"<=msec": 5.200
				,"percent": 47.59
				}
			,{
				"<=msec": 5.300
				,"percent": 50.53
				}
			,{
				"<=msec": 5.400
				,"percent": 52.99
				}
			,{
				"<=msec": 5.500
				,"percent": 55.12
				}
			,{
				"<=msec": 5.600
				,"percent": 57.40
				}
			,{
				"<=msec": 5.700
				,"percent": 59.49
				}
			,{
				"<=msec": 5.800
				,"percent": 60.99
				}
			,{
				"<=msec": 5.900
				,"percent": 62.74
				}
			,{
				"<=msec": 6.000
				,"percent": 64.11
				}
			,{
				"<=msec": 6.100
				,"percent": 65.20
				}
			,{
				"<=msec": 6.200
				,"percent": 66.14
				}
			,{
				"<=msec": 6.300
				,"percent": 67.15
				}
			,{
				"<=msec": 6.400
				,"percent": 67.98
				}
			,{
				"<=msec": 6.500
				,"percent": 68.91
				}
			,{
				"<=msec": 6.600
				,"percent": 69.73
				}
			,{
				"<=msec": 6.700
				,"percent": 70.42
				}
			,{
				"<=msec": 6.800
				,"percent": 71.19
				}
			,{
				"<=msec": 6.900
				,"percent": 71.83
				}
			,{
				"<=msec": 7.000
				,"percent": 72.43
				}
			,{
				"<=msec": 7.100
				,"percent": 73.03
				}
			,{
				"<=msec": 7.200
				,"percent": 73.68
				}
			,{
				"<=msec": 7.300
				,"percent": 74.12
				}
			,{
				"<=msec": 7.400
				,"percent": 74.62
				}
			,{
				"<=msec": 7.500
				,"percent": 75.13
				}
			,{
				"<=msec": 7.600
				,"percent": 75.66
				}
			,{
				"<=msec": 7.700
				,"percent": 76.16
				}
			,{
				"<=msec": 7.800
				,"percent": 76.72
				}
			,{
				"<=msec": 7.900
				,"percent": 77.23
				}
			,{
				"<=msec": 8.000
				,"percent": 77.57
				}
			,{
				"<=msec": 8.100
				,"percent": 78.07
				}
			,{
				"<=msec": 8.200
				,"percent": 78.54
				}
			,{
				"<=msec": 8.300
				,"percent": 78.92
				}
			,{
				"<=msec": 8.400
				,"percent": 79.46
				}
			,{
				"<=msec": 8.500
				,"percent": 79.88
				}
			,{
				"<=msec": 8.600
				,"percent": 80.37
				}
			,{
				"<=msec": 8.700
				,"percent": 80.73
				}
			,{
				"<=msec": 8.800
				,"percent": 81.15
				}
			,{
				"<=msec": 8.900
				,"percent": 81.59
				}
			,{
				"<=msec": 9.000
				,"percent": 82.14
				}
			,{
				"<=msec": 9.100
				,"percent": 82.62
				}
			,{
				"<=msec": 9.200
				,"percent": 83.05
				}
			,{
				"<=msec": 9.300
				,"percent": 83.49
				}
			,{
				"<=msec": 9.400
				,"percent": 83.93
				}
			,{
				"<=msec": 9.500
				,"percent": 84.44
				}
			,{
				"<=msec": 9.600
				,"percent": 84.84
				}
			,{
				"<=msec": 9.700
				,"percent": 85.37
				}
			,{
				"<=msec": 9.800
				,"percent": 85.82
				}
			,{
				"<=msec": 9.900
				,"percent": 86.25
				}
			,{
				"<=msec": 10.000
				,"percent": 89.10
				}
			,{
				"<=msec": 11.000
				,"percent": 93.54
				}
			,{
				"<=msec": 12.000
				,"percent": 96.27
				}
			,{
				"<=msec": 13.000
				,"percent": 97.64
				}
			,{
				"<=msec": 14.000
				,"percent": 98.18
				}
			,{
				"<=msec": 15.000
				,"percent": 98.57
				}
			,{
				"<=msec": 16.000
				,"percent": 98.68
				}
			,{
				"<=msec": 17.000
				,"percent": 98.78
				}
			,{
				"<=msec": 18.000
				,"percent": 98.91
				}
			,{
				"<=msec": 19.000
				,"percent": 99.02
				}
			,{
				"<=msec": 20.000
				,"percent": 99.07
				}
			,{
				"<=msec": 21.000
				,"percent": 99.20
				}
			,{
				"<=msec": 22.000
				,"percent": 99.27
				}
			,{
				"<=msec": 23.000
				,"percent": 99.38
				}
			,{
				"<=msec": 24.000
				,"percent": 99.43
				}
			,{
				"<=msec": 25.000
				,"percent": 99.54
				}
			,{
				"<=msec": 26.000
				,"percent": 99.60
				}
			,{
				"<=msec": 27.000
				,"percent": 99.63
				}
			,{
				"<=msec": 28.000
				,"percent": 99.70
				}
			,{
				"<=msec": 29.000
				,"percent": 99.74
				}
			,{
				"<=msec": 30.000
				,"percent": 99.77
				}
			,{
				"<=msec": 31.000
				,"percent": 99.81
				}
			,{
				"<=msec": 32.000
				,"percent": 99.86
				}
			,{
				"<=msec": 33.000
				,"percent": 99.88
				}
			,{
				"<=msec": 34.000
				,"percent": 99.89
				}
			,{
				"<=msec": 35.000
				,"percent": 99.91
				}
			,{
				"<=msec": 36.000
				,"percent": 99.92
				}
			,{
				"<=msec": 38.000
				,"percent": 99.93
				}
			,{
				"<=msec": 39.000
				,"percent": 99.95
				}
			,{
				"<=msec": 40.000
				,"percent": 99.96
				}
			,{
				"<=msec": 41.000
				,"percent": 99.97
				}
			,{
				"<=msec": 42.000
				,"percent": 99.98
				}
			,{
				"<=msec": 55.000
				,"percent": 100.00
				}
			]
		,"WAIT":[
		]
		}
	}
