{
	"configuration":{
		"server": "10.0.0.9"
		,"port": 6379
		,"unix socket": "(null)"
		,"protocol": "memcache_text"
		,"out_file": "(null)"
		,"client_stats": "(null)"
		,"run_count": 1
		,"debug": 0
		,"requests": 0
		,"clients": 2
		,"threads": 1
		,"test_time": 75
		,"ratio": "1:3"
		,"pipeline": 1
		,"data_size": 1024
		,"data_offset": 0
		,"random_data": "false"
		,"data_size_range": "0:0"
		,"data_size_list": ""
		,"data_size_pattern": "R"
		,"expiry_range": "9999:10000"
		,"data_import": "(null)"
		,"data_verify": "false"
		,"verify_only": "false"
		,"generate_keys": "false"
		,"key_prefix": "memtier-"
		,"key_minimum":           0
		,"key_maximum":       10000
		,"key_pattern": "R:R"
		,"key_stddev": 0.000000
		,"key_median": 0.000000
		,"reconnect_interval": 0
		,"multi_key_get": 3
		,"authenticate": ""
		,"select-db": 0
		,"no-expiry": "false"
		,"wait-ratio": "0:0"
		,"num-slaves": "0:0"
		,"wait-timeout": "0-0"
		}
	,"run information":{
		"Threads": 1
		,"Connections per thread": 2
		,"Seconds": 75
		}
	,"ALL STATS":{
		"Sets":{
			"Ops/sec": 144.10
			,"Hits/sec": 0.00
			,"Misses/sec": 0.00
			,"Latency": 7.51
			,"KB/sec": 149.79
			}
		,"Gets":{
			"Ops/sec": 144.10
			,"Hits/sec": 432.31
			,"Misses/sec": 0.00
			,"Latency": 6.35
			,"KB/sec": 451.36
			}
		,"Waits":{
			"Ops/sec": 0.00
			,"Hits/sec": 0.00
			,"Misses/sec": 0.00
			,"Latency": 0.00
			,"KB/sec": 0.00
			}
		,"Totals":{
			"Ops/sec": 288.21
			,"Hits/sec": 432.31
			,"Misses/sec": 0.00
			,"Latency": 6.93
			,"KB/sec": 601.14
			}
		,"SET":[
			{
				"<=msec": 3.700
				,"percent": 0.08
				}
			,{
				"<=msec": 3.800
				,"percent": 0.44
				}
			,{
				"<=msec": 3.900
				,"percent": 1.92
				}
			,{
				"<=msec": 4.000
				,"percent": 3.97
				}
			,{
				"<=msec": 4.100
				,"percent": 6.54
				}
			,{
				"<=msec": 4.200
				,"percent": 9.42
				}
			,{
				"<=msec": 4.300
				,"percent": 12.54
				}
			,{
				"<=msec": 4.400
				,"percent": 15.26
				}
			,{
				"<=msec": 4.500
				,"percent": 17.76
				}
			,{
				"<=msec": 4.600
				,"percent": 20.25
				}
			,{
				"<=msec": 4.700
				,"percent": 22.72
				}
			,{
				"<=msec": 4.800
				,"percent": 24.81
				}
			,{
				"<=msec": 4.900
				,"percent": 26.79
				}
			,{
				"<=msec": 5.000
				,"percent": 28.75
				}
			,{
				"<=msec": 5.100
				,"percent": 30.58
				}
			,{
				"<=msec": 5.200
				,"percent": 32.32
				}
			,{
				"<=msec": 5.300
				,"percent": 33.75
				}
			,{
				"<=msec": 5.400
				,"percent": 35.29
				}
			,{
				"<=msec": 5.500
				,"percent": 36.45
				}
			,{
				"<=msec": 5.600
				,"percent": 37.61
				}
			,{
				"<=msec": 5.700
				,"percent": 39.02
				}
			,{
				"<=msec": 5.800
				,"percent": 40.19
				}
			,{
				"<=msec": 5.900
				,"percent": 41.48
				}
			,{
				"<=msec": 6.000
				,"percent": 42.51
				}
			,{
				"<=msec": 6.100
				,"percent": 43.71
				}
			,{
				"<=msec": 6.200
				,"percent": 44.95
				}
			,{
				"<=msec": 6.300
				,"percent": 45.88
				}
			,{
				"<=msec": 6.400
				,"percent": 46.85
				}
			,{
				"<=msec": 6.500
				,"percent": 47.89
				}
			,{
				"<=msec": 6.600
				,"percent": 49.06
				}
			,{
				"<=msec": 6.700
				,"percent": 50.23
				}
			,{
				"<=msec": 6.800
				,"percent": 51.18
				}
			,{
				"<=msec": 6.900
				,"percent": 52.17
				}
			,{
				"<=msec": 7.000
				,"percent": 53.10
				}
			,{
				"<=msec": 7.100
				,"percent": 54.05
				}
			,{
				"<=msec": 7.200
				,"percent": 55.03
				}
			,{
				"<=msec": 7.300
				,"percent": 56.05
				}
			,{
				"<=msec": 7.400
				,"percent": 57.08
				}
			,{
				"<=msec": 7.500
				,"percent": 57.98
				}
			,{
				"<=msec": 7.600
				,"percent": 58.92
				}
			,{
				"<=msec": 7.700
				,"percent": 59.92
				}
			,{
				"<=msec": 7.800
				,"percent": 60.75
				}
			,{
				"<=msec": 7.900
				,"percent": 61.69
				}
			,{
				"<=msec": 8.000
				,"percent": 62.75
				}
			,{
				"<=msec": 8.100
				,"percent": 63.56
				}
			,{
				"<=msec": 8.200
				,"percent": 64.57
				}
			,{
				"<=msec": 8.300
				,"percent": 65.62
				}
			,{
				"<=msec": 8.400
				,"percent": 66.60
				}
			,{
				"<=msec": 8.500
				,"percent": 67.62
				}
			,{
				"<=msec": 8.600
				,"percent": 68.64
				}
			,{
				"<=msec": 8.700
				,"percent": 69.75
				}
			,{
				"<=msec": 8.800
				,"percent": 70.75
				}
			,{
				"<=msec": 8.900
				,"percent": 71.97
				}
			,{
				"<=msec": 9.000
				,"percent": 73.07
				}
			,{
				"<=msec": 9.100
				,"percent": 74.20
				}
			,{
				"<=msec": 9.200
				,"percent": 75.27
				}
			,{
				"<=msec": 9.300
				,"percent": 76.55
				}
			,{
				"<=msec": 9.400
				,"percent": 77.67
				}
			,{
				"<=msec": 9.500
				,"percent": 78.91
				}
			,{
				"<=msec": 9.600
				,"percent": 80.23
				}
			,{
				"<=msec": 9.700
				,"percent": 81.65
				}
			,{
				"<=msec": 9.800
				,"percent": 83.04
				}
			,{
				"<=msec": 9.900
				,"percent": 84.31
				}
			,{
				"<=msec": 10.000
				,"percent": 89.03
				}
			,{
				"<=msec": 11.000
				,"percent": 93.22
				}
			,{
				"<=msec": 12.000
				,"percent": 95.21
				}
			,{
				"<=msec": 13.000
				,"percent": 96.21
				}
			,{
				"<=msec": 14.000
				,"percent": 96.79
				}
			,{
				"<=msec": 15.000
				,"percent": 97.09
				}
			,{
				"<=msec": 16.000
				,"percent": 97.48
				}
			,{
				"<=msec": 17.000
				,"percent": 97.83
				}
			,{
				"<=msec": 18.000
				,"percent": 98.11
				}
			,{
				"<=msec": 19.000
				,"percent": 98.28
				}
			,{
				"<=msec": 20.000
				,"percent": 98.44
				}
			,{
				"<=msec": 21.000
				,"percent": 98.63
				}
			,{
				"<=msec": 22.000
				,"percent": 98.77
				}
			,{
				"<=msec": 23.000
				,"percent": 98.89
				}
			,{
				"<=msec": 24.000
				,"percent": 99.00
				}
			,{
				"<=msec": 25.000
				,"percent": 99.12
				}
			,{
				"<=msec": 26.000
				,"percent": 99.21
				}
			,{
				"<=msec": 27.000
				,"percent": 99.32
				}
			,{
				"<=msec": 28.000
				,"percent": 99.36
				}
			,{
				"<=msec": 29.000
				,"percent": 99.46
				}
			,{
				"<=msec": 30.000
				,"percent": 99.51
				}
			,{
				"<=msec": 31.000
				,"percent": 99.60
				}
			,{
				"<=msec": 32.000
				,"percent": 99.67
				}
			,{
				"<=msec": 33.000
				,"percent": 99.74
				}
			,{
				"<=msec": 34.000
				,"percent": 99.81
				}
			,{
				"<=msec": 35.000
				,"percent": 99.85
				}
			,{
				"<=msec": 36.000
				,"percent": 99.90
				}
			,{
				"<=msec": 37.000
				,"percent": 99.95
				}
			,{
				"<=msec": 38.000
				,"percent": 99.97
				}
			,{
				"<=msec": 39.000
				,"percent": 99.99
				}
			,{
				"<=msec": 45.000
				,"percent": 100.00
				}
			]
		,"GET":[
			{
				"<=msec": 3.400
				,"percent": 0.08
				}
			,{
				"<=msec": 3.500
				,"percent": 0.52
				}
			,{
				"<=msec": 3.600
				,"percent": 1.68
				}
			,{
				"<=msec": 3.700
				,"percent": 3.33
				}
			,{
				"<=msec": 3.800
				,"percent": 6.05
				}
			,{
				"<=msec": 3.900
				,"percent": 9.10
				}
			,{
				"<=msec": 4.000
				,"percent": 13.15
				}
			,{
				"<=msec": 4.100
				,"percent": 17.32
				}
			,{
				"<=msec": 4.200
				,"percent": 22.44
				}
			,{
				"<=msec": 4.300
				,"percent": 26.90
				}
			,{
				"<=msec": 4.400
				,"percent": 31.25
				}
			,{
				"<=msec": 4.500
				,"percent": 35.50
				}
			,{
				"<=msec": 4.600
				,"percent": 39.52
				}
			,{
				"<=msec": 4.700
				,"percent": 43.28
				}
			,{
				"<=msec": 4.800
				,"percent": 46.39
				}
			,{
				"<=msec": 4.900
				,"percent": 49.57
				}
			,{
				"<=msec": 5.000
				,"percent": 52.14
				}
			,{
				"<=msec": 5.100
				,"percent": 54.35
				}
			,{
				"<=msec": 5.200
				,"percent": 56.34
				}
			,{
				"<=msec": 5.300
				,"percent": 57.86
				}
			,{
				"<=msec": 5.400
				,"percent": 59.63
				}
			,{
				"<=msec": 5.500
				,"percent": 61.19
				}
			,{
				"<=msec": 5.600
				,"percent": 62.39
				}
			,{
				"<=msec": 5.700
				,"percent": 63.43
				}
			,{
				"<=msec": 5.800
				,"percent": 64.29
				}
			,{
				"<=msec": 5.900
				,"percent": 65.15
				}
			,{
				"<=msec": 6.000
				,"percent": 65.92
				}
			,{
				"<=msec": 6.100
				,"percent": 66.66
				}
			,{
				"<=msec": 6.200
				,"percent": 67.41
				}
			,{
				"<=msec": 6.300
				,"percent": 68.02
				}
			,{
				"<=msec": 6.400
				,"percent": 68.66
				}
			,{
				"<=msec": 6.500
				,"percent": 69.13
				}
			,{
				"<=msec": 6.600
				,"percent": 69.59
				}
			,{
				"<=msec": 6.700
				,"percent": 70.19
				}
			,{
				"<=msec": 6.800
				,"percent": 70.72
				}
			,{
				"<=msec": 6.900
				,"percent": 71.10
				}
			,{
				"<=msec": 7.000
				,"percent": 71.60
				}
			,{
				"<=msec": 7.100
				,"percent": 72.02
				}
			,{
				"<=msec": 7.200
				,"percent": 72.42
				}
			,{
				"<=msec": 7.300
				,"percent": 72.83
				}
			,{
				"<=msec": 7.400
				,"percent": 73.24
				}
			,{
				"<=msec": 7.500
				,"percent": 73.64
				}
			,{
				"<=msec": 7.600
				,"percent": 74.15
				}
			,{
				"<=msec": 7.700
				,"percent": 74.58
				}
			,{
				"<=msec": 7.800
				,"percent": 75.04
				}
			,{
				"<=msec": 7.900
				,"percent": 75.36
				}
			,{
				"<=msec": 8.000
				,"percent": 75.71
				}
			,{
				"<=msec": 8.100
				,"percent": 76.29
				}
			,{
				"<=msec": 8.200
				,"percent": 76.66
				}
			,{
				"<=msec": 8.300
				,"percent": 77.08
				}
			,{
				"<=msec": 8.400
				,"percent": 77.65
				}
			,{
				"<=msec": 8.500
				,"percent": 78.05
				}
			,{
				"<=msec": 8.600
				,"percent": 78.49
				}
			,{
				"<=msec": 8.700
				,"percent": 78.91
				}
			,{
				"<=msec": 8.800
				,"percent": 79.26
				}
			,{
				"<=msec": 8.900
				,"percent": 79.74
				}
			,{
				"<=msec": 9.000
				,"percent": 80.19
				}
			,{
				"<=msec": 9.100
				,"percent": 80.88
				}
			,{
				"<=msec": 9.200
				,"percent": 81.43
				}
			,{
				"<=msec": 9.300
				,"percent": 82.07
				}
			,{
				"<=msec": 9.400
				,"percent": 82.69
				}
			,{
				"<=msec": 9.500
				,"percent": 83.26
				}
			,{
				"<=msec": 9.600
				,"percent": 84.16
				}
			,{
				"<=msec": 9.700
				,"percent": 85.00
				}
			,{
				"<=msec": 9.800
				,"percent": 86.11
				}
			,{
				"<=msec": 9.900
				,"percent": 87.27
				}
			,{
				"<=msec": 10.000
				,"percent": 90.73
				}
			,{
				"<=msec": 11.000
				,"percent": 94.52
				}
			,{
				"<=msec": 12.000
				,"percent": 96.70
				}
			,{
				"<=msec": 13.000
				,"percent": 97.67
				}
			,{
				"<=msec": 14.000
				,"percent": 98.26
				}
			,{
				"<=msec": 15.000
				,"percent": 98.54
				}
			,{
				"<=msec": 16.000
				,"percent": 98.75
				}
			,{
				"<=msec": 17.000
				,"percent": 99.02
				}
			,{
				"<=msec": 18.000
				,"percent": 99.20
				}
			,{
				"<=msec": 19.000
				,"percent": 99.32
				}
			,{
				"<=msec": 20.000
				,"percent": 99.39
				}
			,{
				"<=msec": 21.000
				,"percent": 99.44
				}
			,{
				"<=msec": 22.000
				,"percent": 99.57
				}
			,{
				"<=msec": 23.000
				,"percent": 99.57
				}
			,{
				"<=msec": 24.000
				,"percent": 99.60
				}
			,{
				"<=msec": 25.000
				,"percent": 99.66
				}
			,{
				"<=msec": 26.000
				,"percent": 99.69
				}
			,{
				"<=msec": 27.000
				,"percent": 99.72
				}
			,{
				"<=msec": 28.000
				,"percent": 99.76
				}
			,{
				"<=msec": 29.000
				,"percent": 99.81
				}
			,{
				"<=msec": 30.000
				,"percent": 99.82
				}
			,{
				"<=msec": 31.000
				,"percent": 99.86
				}
			,{
				"<=msec": 32.000
				,"percent": 99.87
				}
			,{
				"<=msec": 34.000
				,"percent": 99.91
				}
			,{
				"<=msec": 35.000
				,"percent": 99.93
				}
			,{
				"<=msec": 38.000
				,"percent": 99.94
				}
			,{
				"<=msec": 39.000
				,"percent": 99.96
				}
			,{
				"<=msec": 43.000
				,"percent": 99.98
				}
			,{
				"<=msec": 45.000
				,"percent": 99.99
				}
			,{
				"<=msec": 48.000
				,"percent": 100.00
				}
			]
		,"WAIT":[
		]
		}
	}
