{
	"configuration":{
		"server": "10.0.0.8"
		,"port": 6379
		,"unix socket": "(null)"
		,"protocol": "memcache_text"
		,"out_file": "(null)"
		,"client_stats": "(null)"
		,"run_count": 1
		,"debug": 0
		,"requests": 0
		,"clients": 2
		,"threads": 1
		,"test_time": 75
		,"ratio": "1:3"
		,"pipeline": 1
		,"data_size": 1024
		,"data_offset": 0
		,"random_data": "false"
		,"data_size_range": "0:0"
		,"data_size_list": ""
		,"data_size_pattern": "R"
		,"expiry_range": "9999:10000"
		,"data_import": "(null)"
		,"data_verify": "false"
		,"verify_only": "false"
		,"generate_keys": "false"
		,"key_prefix": "memtier-"
		,"key_minimum":           0
		,"key_maximum":       10000
		,"key_pattern": "R:R"
		,"key_stddev": 0.000000
		,"key_median": 0.000000
		,"reconnect_interval": 0
		,"multi_key_get": 3
		,"authenticate": ""
		,"select-db": 0
		,"no-expiry": "false"
		,"wait-ratio": "0:0"
		,"num-slaves": "0:0"
		,"wait-timeout": "0-0"
		}
	,"run information":{
		"Threads": 1
		,"Connections per thread": 2
		,"Seconds": 75
		}
	,"ALL STATS":{
		"Sets":{
			"Ops/sec": 295.37
			,"Hits/sec": 0.00
			,"Misses/sec": 0.00
			,"Latency": 3.89
			,"KB/sec": 307.02
			}
		,"Gets":{
			"Ops/sec": 295.35
			,"Hits/sec": 886.06
			,"Misses/sec": 0.00
			,"Latency": 2.86
			,"KB/sec": 925.09
			}
		,"Waits":{
			"Ops/sec": 0.00
			,"Hits/sec": 0.00
			,"Misses/sec": 0.00
			,"Latency": 0.00
			,"KB/sec": 0.00
			}
		,"Totals":{
			"Ops/sec": 590.72
			,"Hits/sec": 886.06
			,"Misses/sec": 0.00
			,"Latency": 3.38
			,"KB/sec": 1232.10
			}
		,"SET":[
			{
				"<=msec": 0.770
				,"percent": 0.00
				}
			,{
				"<=msec": 0.780
				,"percent": 0.02
				}
			,{
				"<=msec": 0.790
				,"percent": 0.05
				}
			,{
				"<=msec": 0.800
				,"percent": 0.06
				}
			,{
				"<=msec": 0.810
				,"percent": 0.09
				}
			,{
				"<=msec": 0.820
				,"percent": 0.09
				}
			,{
				"<=msec": 0.830
				,"percent": 0.14
				}
			,{
				"<=msec": 0.840
				,"percent": 0.21
				}
			,{
				"<=msec": 0.850
				,"percent": 0.29
				}
			,{
				"<=msec": 0.860
				,"percent": 0.38
				}
			,{
				"<=msec": 0.870
				,"percent": 0.45
				}
			,{
				"<=msec": 0.880
				,"percent": 0.51
				}
			,{
				"<=msec": 0.890
				,"percent": 0.63
				}
			,{
				"<=msec": 0.900
				,"percent": 0.74
				}
			,{
				"<=msec": 0.910
				,"percent": 0.92
				}
			,{
				"<=msec": 0.920
				,"percent": 1.13
				}
			,{
				"<=msec": 0.930
				,"percent": 1.30
				}
			,{
				"<=msec": 0.940
				,"percent": 1.45
				}
			,{
				"<=msec": 0.950
				,"percent": 1.67
				}
			,{
				"<=msec": 0.960
				,"percent": 1.96
				}
			,{
				"<=msec": 0.970
				,"percent": 2.18
				}
			,{
				"<=msec": 0.980
				,"percent": 2.49
				}
			,{
				"<=msec": 0.990
				,"percent": 2.78
				}
			,{
				"<=msec": 1.000
				,"percent": 4.88
				}
			,{
				"<=msec": 1.100
				,"percent": 9.58
				}
			,{
				"<=msec": 1.200
				,"percent": 14.99
				}
			,{
				"<=msec": 1.300
				,"percent": 20.48
				}
			,{
				"<=msec": 1.400
				,"percent": 25.36
				}
			,{
				"<=msec": 1.500
				,"percent": 29.71
				}
			,{
				"<=msec": 1.600
				,"percent": 33.57
				}
			,{
				"<=msec": 1.700
				,"percent": 37.14
				}
			,{
				"<=msec": 1.800
				,"percent": 40.08
				}
			,{
				"<=msec": 1.900
				,"percent": 42.58
				}
			,{
				"<=msec": 2.000
				,"percent": 44.90
				}
			,{
				"<=msec": 2.100
				,"percent": 46.90
				}
			,{
				"<=msec": 2.200
				,"percent": 48.47
				}
			,{
				"<=msec": 2.300
				,"percent": 49.84
				}
			,{
				"<=msec": 2.400
				,"percent": 51.11
				}
			,{
				"<=msec": 2.500
				,"percent": 52.28
				}
			,{
				"<=msec": 2.600
				,"percent": 53.31
				}
			,{
				"<=msec": 2.700
				,"percent": 54.30
				}
			,{
				"<=msec": 2.800
				,"percent": 55.18
				}
			,{
				"<=msec": 2.900
				,"percent": 55.97
				}
			,{
				"<=msec": 3.000
				,"percent": 56.62
				}
			,{
				"<=msec": 3.100
				,"percent": 57.32
				}
			,{
				"<=msec": 3.200
				,"percent": 58.02
				}
			,{
				"<=msec": 3.300
				,"percent": 58.55
				}
			,{
				"<=msec": 3.400
				,"percent": 59.11
				}
			,{
				"<=msec": 3.500
				,"percent": 59.59
				}
			,{
				"<=msec": 3.600
				,"percent": 60.10
				}
			,{
				"<=msec": 3.700
				,"percent": 60.54
				}
			,{
				"<=msec": 3.800
				,"percent": 61.07
				}
			,{
				"<=msec": 3.900
				,"percent": 61.56
				}
			,{
				"<=msec": 4.000
				,"percent": 62.21
				}
			,{
				"<=msec": 4.100
				,"percent": 62.69
				}
			,{
				"<=msec": 4.200
				,"percent": 63.18
				}
			,{
				"<=msec": 4.300
				,"percent": 63.65
				}
			,{
				"<=msec": 4.400
				,"percent": 64.11
				}
			,{
				"<=msec": 4.500
				,"percent": 64.67
				}
			,{
				"<=msec": 4.600
				,"percent": 65.18
				}
			,{
				"<=msec": 4.700
				,"percent": 65.71
				}
			,{
				"<=msec": 4.800
				,"percent": 66.27
				}
			,{
				"<=msec": 4.900
				,"percent": 66.80
				}
			,{
				"<=msec": 5.000
				,"percent": 67.31
				}
			,{
				"<=msec": 5.100
				,"percent": 67.86
				}
			,{
				"<=msec": 5.200
				,"percent": 68.60
				}
			,{
				"<=msec": 5.300
				,"percent": 69.28
				}
			,{
				"<=msec": 5.400
				,"percent": 70.02
				}
			,{
				"<=msec": 5.500
				,"percent": 70.80
				}
			,{
				"<=msec": 5.600
				,"percent": 71.61
				}
			,{
				"<=msec": 5.700
				,"percent": 72.27
				}
			,{
				"<=msec": 5.800
				,"percent": 73.03
				}
			,{
				"<=msec": 5.900
				,"percent": 73.92
				}
			,{
				"<=msec": 6.000
				,"percent": 74.74
				}
			,{
				"<=msec": 6.100
				,"percent": 75.44
				}
			,{
				"<=msec": 6.200
				,"percent": 76.41
				}
			,{
				"<=msec": 6.300
				,"percent": 77.35
				}
			,{
				"<=msec": 6.400
				,"percent": 78.38
				}
			,{
				"<=msec": 6.500
				,"percent": 79.36
				}
			,{
				"<=msec": 6.600
				,"percent": 80.40
				}
			,{
				"<=msec": 6.700
				,"percent": 81.52
				}
			,{
				"<=msec": 6.800
				,"percent": 82.59
				}
			,{
				"<=msec": 6.900
				,"percent": 83.68
				}
			,{
				"<=msec": 7.000
				,"percent": 84.64
				}
			,{
				"<=msec": 7.100
				,"percent": 85.56
				}
			,{
				"<=msec": 7.200
				,"percent": 86.54
				}
			,{
				"<=msec": 7.300
				,"percent": 87.46
				}
			,{
				"<=msec": 7.400
				,"percent": 88.38
				}
			,{
				"<=msec": 7.500
				,"percent": 89.14
				}
			,{
				"<=msec": 7.600
				,"percent": 89.75
				}
			,{
				"<=msec": 7.700
				,"percent": 90.42
				}
			,{
				"<=msec": 7.800
				,"percent": 91.09
				}
			,{
				"<=msec": 7.900
				,"percent": 91.67
				}
			,{
				"<=msec": 8.000
				,"percent": 92.28
				}
			,{
				"<=msec": 8.100
				,"percent": 92.72
				}
			,{
				"<=msec": 8.200
				,"percent": 93.18
				}
			,{
				"<=msec": 8.300
				,"percent": 93.61
				}
			,{
				"<=msec": 8.400
				,"percent": 94.01
				}
			,{
				"<=msec": 8.500
				,"percent": 94.38
				}
			,{
				"<=msec": 8.600
				,"percent": 94.77
				}
			,{
				"<=msec": 8.700
				,"percent": 95.08
				}
			,{
				"<=msec": 8.800
				,"percent": 95.38
				}
			,{
				"<=msec": 8.900
				,"percent": 95.63
				}
			,{
				"<=msec": 9.000
				,"percent": 95.87
				}
			,{
				"<=msec": 9.100
				,"percent": 96.10
				}
			,{
				"<=msec": 9.200
				,"percent": 96.30
				}
			,{
				"<=msec": 9.300
				,"percent": 96.49
				}
			,{
				"<=msec": 9.400
				,"percent": 96.65
				}
			,{
				"<=msec": 9.500
				,"percent": 96.78
				}
			,{
				"<=msec": 9.600
				,"percent": 96.93
				}
			,{
				"<=msec": 9.700
				,"percent": 97.07
				}
			,{
				"<=msec": 9.800
				,"percent": 97.14
				}
			,{
				"<=msec": 9.900
				,"percent": 97.23
				}
			,{
				"<=msec": 10.000
				,"percent": 97.73
				}
			,{
				"<=msec": 11.000
				,"percent": 98.22
				}
			,{
				"<=msec": 12.000
				,"percent": 98.44
				}
			,{
				"<=msec": 13.000
				,"percent": 98.62
				}
			,{
				"<=msec": 14.000
				,"percent": 98.70
				}
			,{
				"<=msec": 15.000
				,"percent": 98.79
				}
			,{
				"<=msec": 16.000
				,"percent": 98.91
				}
			,{
				"<=msec": 17.000
				,"percent": 98.98
				}
			,{
				"<=msec": 18.000
				,"percent": 99.05
				}
			,{
				"<=msec": 19.000
				,"percent": 99.12
				}
			,{
				"<=msec": 20.000
				,"percent": 99.23
				}
			,{
				"<=msec": 21.000
				,"percent": 99.30
				}
			,{
				"<=msec": 22.000
				,"percent": 99.36
				}
			,{
				"<=msec": 23.000
				,"percent": 99.44
				}
			,{
				"<=msec": 24.000
				,"percent": 99.49
				}
			,{
				"<=msec": 25.000
				,"percent": 99.58
				}
			,{
				"<=msec": 26.000
				,"percent": 99.64
				}
			,{
				"<=msec": 27.000
				,"percent": 99.72
				}
			,{
				"<=msec": 28.000
				,"percent": 99.77
				}
			,{
				"<=msec": 29.000
				,"percent": 99.83
				}
			,{
				"<=msec": 30.000
				,"percent": 99.86
				}
			,{
				"<=msec": 31.000
				,"percent": 99.89
				}
			,{
				"<=msec": 32.000
				,"percent": 99.90
				}
			,{
				"<=msec": 33.000
				,"percent": 99.92
				}
			,{
				"<=msec": 34.000
				,"percent": 99.94
				}
			,{
				"<=msec": 35.000
				,"percent": 99.95
				}
			,{
				"<=msec": 36.000
				,"percent": 99.97
				}
			,{
				"<=msec": 37.000
				,"percent": 99.98
				}
			,{
				"<=msec": 38.000
				,"percent": 99.99
				}
			,{
				"<=msec": 39.000
				,"percent": 100.00
				}
			]
		,"GET":[
			{
				"<=msec": 0.720
				,"percent": 0.00
				}
			,{
				"<=msec": 0.740
				,"percent": 0.01
				}
			,{
				"<=msec": 0.750
				,"percent": 0.02
				}
			,{
				"<=msec": 0.760
				,"percent": 0.04
				}
			,{
				"<=msec": 0.770
				,"percent": 0.05
				}
			,{
				"<=msec": 0.780
				,"percent": 0.08
				}
			,{
				"<=msec": 0.790
				,"percent": 0.12
				}
			,{
				"<=msec": 0.800
				,"percent": 0.14
				}
			,{
				"<=msec": 0.810
				,"percent": 0.18
				}
			,{
				"<=msec": 0.820
				,"percent": 0.24
				}
			,{
				"<=msec": 0.830
				,"percent": 0.30
				}
			,{
				"<=msec": 0.840
				,"percent": 0.37
				}
			,{
				"<=msec": 0.850
				,"percent": 0.48
				}
			,{
				"<=msec": 0.860
				,"percent": 0.59
				}
			,{
				"<=msec": 0.870
				,"percent": 0.69
				}
			,{
				"<=msec": 0.880
				,"percent": 0.80
				}
			,{
				"<=msec": 0.890
				,"percent": 0.94
				}
			,{
				"<=msec": 0.900
				,"percent": 1.12
				}
			,{
				"<=msec": 0.910
				,"percent": 1.31
				}
			,{
				"<=msec": 0.920
				,"percent": 1.50
				}
			,{
				"<=msec": 0.930
				,"percent": 1.77
				}
			,{
				"<=msec": 0.940
				,"percent": 1.98
				}
			,{
				"<=msec": 0.950
				,"percent": 2.26
				}
			,{
				"<=msec": 0.960
				,"percent": 2.49
				}
			,{
				"<=msec": 0.970
				,"percent": 2.76
				}
			,{
				"<=msec": 0.980
				,"percent": 3.03
				}
			,{
				"<=msec": 0.990
				,"percent": 3.39
				}
			,{
				"<=msec": 1.000
				,"percent": 5.55
				}
			,{
				"<=msec": 1.100
				,"percent": 10.24
				}
			,{
				"<=msec": 1.200
				,"percent": 15.97
				}
			,{
				"<=msec": 1.300
				,"percent": 22.15
				}
			,{
				"<=msec": 1.400
				,"percent": 28.84
				}
			,{
				"<=msec": 1.500
				,"percent": 36.19
				}
			,{
				"<=msec": 1.600
				,"percent": 42.61
				}
			,{
				"<=msec": 1.700
				,"percent": 48.55
				}
			,{
				"<=msec": 1.800
				,"percent": 53.73
				}
			,{
				"<=msec": 1.900
				,"percent": 58.07
				}
			,{
				"<=msec": 2.000
				,"percent": 61.73
				}
			,{
				"<=msec": 2.100
				,"percent": 64.66
				}
			,{
				"<=msec": 2.200
				,"percent": 67.16
				}
			,{
				"<=msec": 2.300
				,"percent": 69.29
				}
			,{
				"<=msec": 2.400
				,"percent": 71.01
				}
			,{
				"<=msec": 2.500
				,"percent": 72.41
				}
			,{
				"<=msec": 2.600
				,"percent": 73.67
				}
			,{
				"<=msec": 2.700
				,"percent": 74.85
				}
			,{
				"<=msec": 2.800
				,"percent": 75.82
				}
			,{
				"<=msec": 2.900
				,"percent": 76.44
				}
			,{
				"<=msec": 3.000
				,"percent": 77.03
				}
			,{
				"<=msec": 3.100
				,"percent": 77.61
				}
			,{
				"<=msec": 3.200
				,"percent": 78.18
				}
			,{
				"<=msec": 3.300
				,"percent": 78.69
				}
			,{
				"<=msec": 3.400
				,"percent": 79.11
				}
			,{
				"<=msec": 3.500
				,"percent": 79.48
				}
			,{
				"<=msec": 3.600
				,"percent": 79.86
				}
			,{
				"<=msec": 3.700
				,"percent": 80.20
				}
			,{
				"<=msec": 3.800
				,"percent": 80.52
				}
			,{
				"<=msec": 3.900
				,"percent": 80.86
				}
			,{
				"<=msec": 4.000
				,"percent": 81.17
				}
			,{
				"<=msec": 4.100
				,"percent": 81.41
				}
			,{
				"<=msec": 4.200
				,"percent": 81.65
				}
			,{
				"<=msec": 4.300
				,"percent": 81.85
				}
			,{
				"<=msec": 4.400
				,"percent": 82.07
				}
			,{
				"<=msec": 4.500
				,"percent": 82.24
				}
			,{
				"<=msec": 4.600
				,"percent": 82.43
				}
			,{
				"<=msec": 4.700
				,"percent": 82.59
				}
			,{
				"<=msec": 4.800
				,"percent": 82.79
				}
			,{
				"<=msec": 4.900
				,"percent": 83.02
				}
			,{
				"<=msec": 5.000
				,"percent": 83.24
				}
			,{
				"<=msec": 5.100
				,"percent": 83.47
				}
			,{
				"<=msec": 5.200
				,"percent": 83.72
				}
			,{
				"<=msec": 5.300
				,"percent": 83.89
				}
			,{
				"<=msec": 5.400
				,"percent": 84.14
				}
			,{
				"<=msec": 5.500
				,"percent": 84.42
				}
			,{
				"<=msec": 5.600
				,"percent": 84.67
				}
			,{
				"<=msec": 5.700
				,"percent": 84.89
				}
			,{
				"<=msec": 5.800
				,"percent": 85.11
				}
			,{
				"<=msec": 5.900
				,"percent": 85.42
				}
			,{
				"<=msec": 6.000
				,"percent": 85.71
				}
			,{
				"<=msec": 6.100
				,"percent": 85.99
				}
			,{
				"<=msec": 6.200
				,"percent": 86.30
				}
			,{
				"<=msec": 6.300
				,"percent": 86.67
				}
			,{
				"<=msec": 6.400
				,"percent": 87.02
				}
			,{
				"<=msec": 6.500
				,"percent": 87.33
				}
			,{
				"<=msec": 6.600
				,"percent": 87.74
				}
			,{
				"<=msec": 6.700
				,"percent": 88.18
				}
			,{
				"<=msec": 6.800
				,"percent": 88.65
				}
			,{
				"<=msec": 6.900
				,"percent": 89.13
				}
			,{
				"<=msec": 7.000
				,"percent": 89.62
				}
			,{
				"<=msec": 7.100
				,"percent": 90.16
				}
			,{
				"<=msec": 7.200
				,"percent": 90.69
				}
			,{
				"<=msec": 7.300
				,"percent": 91.18
				}
			,{
				"<=msec": 7.400
				,"percent": 91.74
				}
			,{
				"<=msec": 7.500
				,"percent": 92.20
				}
			,{
				"<=msec": 7.600
				,"percent": 92.66
				}
			,{
				"<=msec": 7.700
				,"percent": 93.06
				}
			,{
				"<=msec": 7.800
				,"percent": 93.50
				}
			,{
				"<=msec": 7.900
				,"percent": 93.90
				}
			,{
				"<=msec": 8.000
				,"percent": 94.33
				}
			,{
				"<=msec": 8.100
				,"percent": 94.66
				}
			,{
				"<=msec": 8.200
				,"percent": 95.01
				}
			,{
				"<=msec": 8.300
				,"percent": 95.34
				}
			,{
				"<=msec": 8.400
				,"percent": 95.68
				}
			,{
				"<=msec": 8.500
				,"percent": 95.92
				}
			,{
				"<=msec": 8.600
				,"percent": 96.18
				}
			,{
				"<=msec": 8.700
				,"percent": 96.37
				}
			,{
				"<=msec": 8.800
				,"percent": 96.57
				}
			,{
				"<=msec": 8.900
				,"percent": 96.76
				}
			,{
				"<=msec": 9.000
				,"percent": 96.96
				}
			,{
				"<=msec": 9.100
				,"percent": 97.12
				}
			,{
				"<=msec": 9.200
				,"percent": 97.26
				}
			,{
				"<=msec": 9.300
				,"percent": 97.36
				}
			,{
				"<=msec": 9.400
				,"percent": 97.52
				}
			,{
				"<=msec": 9.500
				,"percent": 97.63
				}
			,{
				"<=msec": 9.600
				,"percent": 97.80
				}
			,{
				"<=msec": 9.700
				,"percent": 97.88
				}
			,{
				"<=msec": 9.800
				,"percent": 98.03
				}
			,{
				"<=msec": 9.900
				,"percent": 98.11
				}
			,{
				"<=msec": 10.000
				,"percent": 98.63
				}
			,{
				"<=msec": 11.000
				,"percent": 99.12
				}
			,{
				"<=msec": 12.000
				,"percent": 99.34
				}
			,{
				"<=msec": 13.000
				,"percent": 99.43
				}
			,{
				"<=msec": 14.000
				,"percent": 99.49
				}
			,{
				"<=msec": 15.000
				,"percent": 99.51
				}
			,{
				"<=msec": 16.000
				,"percent": 99.60
				}
			,{
				"<=msec": 17.000
				,"percent": 99.67
				}
			,{
				"<=msec": 18.000
				,"percent": 99.73
				}
			,{
				"<=msec": 19.000
				,"percent": 99.78
				}
			,{
				"<=msec": 20.000
				,"percent": 99.82
				}
			,{
				"<=msec": 21.000
				,"percent": 99.84
				}
			,{
				"<=msec": 22.000
				,"percent": 99.84
				}
			,{
				"<=msec": 23.000
				,"percent": 99.85
				}
			,{
				"<=msec": 24.000
				,"percent": 99.87
				}
			,{
				"<=msec": 25.000
				,"percent": 99.89
				}
			,{
				"<=msec": 26.000
				,"percent": 99.90
				}
			,{
				"<=msec": 27.000
				,"percent": 99.91
				}
			,{
				"<=msec": 28.000
				,"percent": 99.91
				}
			,{
				"<=msec": 29.000
				,"percent": 99.92
				}
			,{
				"<=msec": 30.000
				,"percent": 99.94
				}
			,{
				"<=msec": 31.000
				,"percent": 99.96
				}
			,{
				"<=msec": 32.000
				,"percent": 99.97
				}
			,{
				"<=msec": 33.000
				,"percent": 99.98
				}
			,{
				"<=msec": 34.000
				,"percent": 99.98
				}
			,{
				"<=msec": 35.000
				,"percent": 99.99
				}
			,{
				"<=msec": 36.000
				,"percent": 100.00
				}
			,{
				"<=msec": 38.000
				,"percent": 100.00
				}
			]
		,"WAIT":[
		]
		}
	}
