{
	"configuration":{
		"server": "10.0.0.8"
		,"port": 6379
		,"unix socket": "(null)"
		,"protocol": "memcache_text"
		,"out_file": "(null)"
		,"client_stats": "(null)"
		,"run_count": 1
		,"debug": 0
		,"requests": 0
		,"clients": 2
		,"threads": 1
		,"test_time": 75
		,"ratio": "1:3"
		,"pipeline": 1
		,"data_size": 1024
		,"data_offset": 0
		,"random_data": "false"
		,"data_size_range": "0:0"
		,"data_size_list": ""
		,"data_size_pattern": "R"
		,"expiry_range": "9999:10000"
		,"data_import": "(null)"
		,"data_verify": "false"
		,"verify_only": "false"
		,"generate_keys": "false"
		,"key_prefix": "memtier-"
		,"key_minimum":           0
		,"key_maximum":       10000
		,"key_pattern": "R:R"
		,"key_stddev": 0.000000
		,"key_median": 0.000000
		,"reconnect_interval": 0
		,"multi_key_get": 3
		,"authenticate": ""
		,"select-db": 0
		,"no-expiry": "false"
		,"wait-ratio": "0:0"
		,"num-slaves": "0:0"
		,"wait-timeout": "0-0"
		}
	,"run information":{
		"Threads": 1
		,"Connections per thread": 2
		,"Seconds": 75
		}
	,"ALL STATS":{
		"Sets":{
			"Ops/sec": 276.55
			,"Hits/sec": 0.00
			,"Misses/sec": 0.00
			,"Latency": 4.14
			,"KB/sec": 287.46
			}
		,"Gets":{
			"Ops/sec": 276.54
			,"Hits/sec": 829.62
			,"Misses/sec": 0.00
			,"Latency": 3.07
			,"KB/sec": 866.16
			}
		,"Waits":{
			"Ops/sec": 0.00
			,"Hits/sec": 0.00
			,"Misses/sec": 0.00
			,"Latency": 0.00
			,"KB/sec": 0.00
			}
		,"Totals":{
			"Ops/sec": 553.09
			,"Hits/sec": 829.62
			,"Misses/sec": 0.00
			,"Latency": 3.61
			,"KB/sec": 1153.62
			}
		,"SET":[
			{
				"<=msec": 0.770
				,"percent": 0.00
				}
			,{
				"<=msec": 0.790
				,"percent": 0.01
				}
			,{
				"<=msec": 0.800
				,"percent": 0.01
				}
			,{
				"<=msec": 0.810
				,"percent": 0.02
				}
			,{
				"<=msec": 0.820
				,"percent": 0.03
				}
			,{
				"<=msec": 0.840
				,"percent": 0.04
				}
			,{
				"<=msec": 0.850
				,"percent": 0.05
				}
			,{
				"<=msec": 0.860
				,"percent": 0.08
				}
			,{
				"<=msec": 0.870
				,"percent": 0.11
				}
			,{
				"<=msec": 0.880
				,"percent": 0.13
				}
			,{
				"<=msec": 0.890
				,"percent": 0.18
				}
			,{
				"<=msec": 0.900
				,"percent": 0.24
				}
			,{
				"<=msec": 0.910
				,"percent": 0.28
				}
			,{
				"<=msec": 0.920
				,"percent": 0.34
				}
			,{
				"<=msec": 0.930
				,"percent": 0.37
				}
			,{
				"<=msec": 0.940
				,"percent": 0.45
				}
			,{
				"<=msec": 0.950
				,"percent": 0.52
				}
			,{
				"<=msec": 0.960
				,"percent": 0.62
				}
			,{
				"<=msec": 0.970
				,"percent": 0.71
				}
			,{
				"<=msec": 0.980
				,"percent": 0.83
				}
			,{
				"<=msec": 0.990
				,"percent": 1.01
				}
			,{
				"<=msec": 1.000
				,"percent": 2.01
				}
			,{
				"<=msec": 1.100
				,"percent": 4.85
				}
			,{
				"<=msec": 1.200
				,"percent": 8.68
				}
			,{
				"<=msec": 1.300
				,"percent": 12.82
				}
			,{
				"<=msec": 1.400
				,"percent": 17.32
				}
			,{
				"<=msec": 1.500
				,"percent": 21.59
				}
			,{
				"<=msec": 1.600
				,"percent": 25.74
				}
			,{
				"<=msec": 1.700
				,"percent": 29.40
				}
			,{
				"<=msec": 1.800
				,"percent": 32.80
				}
			,{
				"<=msec": 1.900
				,"percent": 35.76
				}
			,{
				"<=msec": 2.000
				,"percent": 38.73
				}
			,{
				"<=msec": 2.100
				,"percent": 41.16
				}
			,{
				"<=msec": 2.200
				,"percent": 43.07
				}
			,{
				"<=msec": 2.300
				,"percent": 44.99
				}
			,{
				"<=msec": 2.400
				,"percent": 46.73
				}
			,{
				"<=msec": 2.500
				,"percent": 48.13
				}
			,{
				"<=msec": 2.600
				,"percent": 49.42
				}
			,{
				"<=msec": 2.700
				,"percent": 50.51
				}
			,{
				"<=msec": 2.800
				,"percent": 51.53
				}
			,{
				"<=msec": 2.900
				,"percent": 52.63
				}
			,{
				"<=msec": 3.000
				,"percent": 53.59
				}
			,{
				"<=msec": 3.100
				,"percent": 54.48
				}
			,{
				"<=msec": 3.200
				,"percent": 55.26
				}
			,{
				"<=msec": 3.300
				,"percent": 56.08
				}
			,{
				"<=msec": 3.400
				,"percent": 56.72
				}
			,{
				"<=msec": 3.500
				,"percent": 57.38
				}
			,{
				"<=msec": 3.600
				,"percent": 57.92
				}
			,{
				"<=msec": 3.700
				,"percent": 58.47
				}
			,{
				"<=msec": 3.800
				,"percent": 59.01
				}
			,{
				"<=msec": 3.900
				,"percent": 59.65
				}
			,{
				"<=msec": 4.000
				,"percent": 60.23
				}
			,{
				"<=msec": 4.100
				,"percent": 60.80
				}
			,{
				"<=msec": 4.200
				,"percent": 61.33
				}
			,{
				"<=msec": 4.300
				,"percent": 61.84
				}
			,{
				"<=msec": 4.400
				,"percent": 62.31
				}
			,{
				"<=msec": 4.500
				,"percent": 62.75
				}
			,{
				"<=msec": 4.600
				,"percent": 63.40
				}
			,{
				"<=msec": 4.700
				,"percent": 64.00
				}
			,{
				"<=msec": 4.800
				,"percent": 64.62
				}
			,{
				"<=msec": 4.900
				,"percent": 65.19
				}
			,{
				"<=msec": 5.000
				,"percent": 65.83
				}
			,{
				"<=msec": 5.100
				,"percent": 66.46
				}
			,{
				"<=msec": 5.200
				,"percent": 67.11
				}
			,{
				"<=msec": 5.300
				,"percent": 67.65
				}
			,{
				"<=msec": 5.400
				,"percent": 68.33
				}
			,{
				"<=msec": 5.500
				,"percent": 69.07
				}
			,{
				"<=msec": 5.600
				,"percent": 69.85
				}
			,{
				"<=msec": 5.700
				,"percent": 70.65
				}
			,{
				"<=msec": 5.800
				,"percent": 71.44
				}
			,{
				"<=msec": 5.900
				,"percent": 72.25
				}
			,{
				"<=msec": 6.000
				,"percent": 72.95
				}
			,{
				"<=msec": 6.100
				,"percent": 73.78
				}
			,{
				"<=msec": 6.200
				,"percent": 74.58
				}
			,{
				"<=msec": 6.300
				,"percent": 75.40
				}
			,{
				"<=msec": 6.400
				,"percent": 76.19
				}
			,{
				"<=msec": 6.500
				,"percent": 77.17
				}
			,{
				"<=msec": 6.600
				,"percent": 78.17
				}
			,{
				"<=msec": 6.700
				,"percent": 79.17
				}
			,{
				"<=msec": 6.800
				,"percent": 80.22
				}
			,{
				"<=msec": 6.900
				,"percent": 81.20
				}
			,{
				"<=msec": 7.000
				,"percent": 82.18
				}
			,{
				"<=msec": 7.100
				,"percent": 83.28
				}
			,{
				"<=msec": 7.200
				,"percent": 84.36
				}
			,{
				"<=msec": 7.300
				,"percent": 85.25
				}
			,{
				"<=msec": 7.400
				,"percent": 86.20
				}
			,{
				"<=msec": 7.500
				,"percent": 87.07
				}
			,{
				"<=msec": 7.600
				,"percent": 87.76
				}
			,{
				"<=msec": 7.700
				,"percent": 88.55
				}
			,{
				"<=msec": 7.800
				,"percent": 89.31
				}
			,{
				"<=msec": 7.900
				,"percent": 89.98
				}
			,{
				"<=msec": 8.000
				,"percent": 90.65
				}
			,{
				"<=msec": 8.100
				,"percent": 91.22
				}
			,{
				"<=msec": 8.200
				,"percent": 91.78
				}
			,{
				"<=msec": 8.300
				,"percent": 92.35
				}
			,{
				"<=msec": 8.400
				,"percent": 92.81
				}
			,{
				"<=msec": 8.500
				,"percent": 93.25
				}
			,{
				"<=msec": 8.600
				,"percent": 93.63
				}
			,{
				"<=msec": 8.700
				,"percent": 94.05
				}
			,{
				"<=msec": 8.800
				,"percent": 94.36
				}
			,{
				"<=msec": 8.900
				,"percent": 94.70
				}
			,{
				"<=msec": 9.000
				,"percent": 94.92
				}
			,{
				"<=msec": 9.100
				,"percent": 95.16
				}
			,{
				"<=msec": 9.200
				,"percent": 95.39
				}
			,{
				"<=msec": 9.300
				,"percent": 95.65
				}
			,{
				"<=msec": 9.400
				,"percent": 95.83
				}
			,{
				"<=msec": 9.500
				,"percent": 96.02
				}
			,{
				"<=msec": 9.600
				,"percent": 96.17
				}
			,{
				"<=msec": 9.700
				,"percent": 96.30
				}
			,{
				"<=msec": 9.800
				,"percent": 96.47
				}
			,{
				"<=msec": 9.900
				,"percent": 96.66
				}
			,{
				"<=msec": 10.000
				,"percent": 97.21
				}
			,{
				"<=msec": 11.000
				,"percent": 97.83
				}
			,{
				"<=msec": 12.000
				,"percent": 98.23
				}
			,{
				"<=msec": 13.000
				,"percent": 98.47
				}
			,{
				"<=msec": 14.000
				,"percent": 98.64
				}
			,{
				"<=msec": 15.000
				,"percent": 98.72
				}
			,{
				"<=msec": 16.000
				,"percent": 98.85
				}
			,{
				"<=msec": 17.000
				,"percent": 98.96
				}
			,{
				"<=msec": 18.000
				,"percent": 99.06
				}
			,{
				"<=msec": 19.000
				,"percent": 99.13
				}
			,{
				"<=msec": 20.000
				,"percent": 99.21
				}
			,{
				"<=msec": 21.000
				,"percent": 99.29
				}
			,{
				"<=msec": 22.000
				,"percent": 99.33
				}
			,{
				"<=msec": 23.000
				,"percent": 99.41
				}
			,{
				"<=msec": 24.000
				,"percent": 99.49
				}
			,{
				"<=msec": 25.000
				,"percent": 99.60
				}
			,{
				"<=msec": 26.000
				,"percent": 99.65
				}
			,{
				"<=msec": 27.000
				,"percent": 99.72
				}
			,{
				"<=msec": 28.000
				,"percent": 99.76
				}
			,{
				"<=msec": 29.000
				,"percent": 99.80
				}
			,{
				"<=msec": 30.000
				,"percent": 99.85
				}
			,{
				"<=msec": 31.000
				,"percent": 99.87
				}
			,{
				"<=msec": 32.000
				,"percent": 99.89
				}
			,{
				"<=msec": 33.000
				,"percent": 99.90
				}
			,{
				"<=msec": 34.000
				,"percent": 99.93
				}
			,{
				"<=msec": 35.000
				,"percent": 99.94
				}
			,{
				"<=msec": 36.000
				,"percent": 99.96
				}
			,{
				"<=msec": 37.000
				,"percent": 99.98
				}
			,{
				"<=msec": 38.000
				,"percent": 99.99
				}
			,{
				"<=msec": 39.000
				,"percent": 100.00
				}
			]
		,"GET":[
			{
				"<=msec": 0.760
				,"percent": 0.00
				}
			,{
				"<=msec": 0.780
				,"percent": 0.01
				}
			,{
				"<=msec": 0.790
				,"percent": 0.01
				}
			,{
				"<=msec": 0.820
				,"percent": 0.02
				}
			,{
				"<=msec": 0.830
				,"percent": 0.03
				}
			,{
				"<=msec": 0.840
				,"percent": 0.04
				}
			,{
				"<=msec": 0.850
				,"percent": 0.06
				}
			,{
				"<=msec": 0.860
				,"percent": 0.11
				}
			,{
				"<=msec": 0.870
				,"percent": 0.15
				}
			,{
				"<=msec": 0.880
				,"percent": 0.17
				}
			,{
				"<=msec": 0.890
				,"percent": 0.22
				}
			,{
				"<=msec": 0.900
				,"percent": 0.26
				}
			,{
				"<=msec": 0.910
				,"percent": 0.33
				}
			,{
				"<=msec": 0.920
				,"percent": 0.40
				}
			,{
				"<=msec": 0.930
				,"percent": 0.48
				}
			,{
				"<=msec": 0.940
				,"percent": 0.58
				}
			,{
				"<=msec": 0.950
				,"percent": 0.71
				}
			,{
				"<=msec": 0.960
				,"percent": 0.83
				}
			,{
				"<=msec": 0.970
				,"percent": 0.96
				}
			,{
				"<=msec": 0.980
				,"percent": 1.13
				}
			,{
				"<=msec": 0.990
				,"percent": 1.28
				}
			,{
				"<=msec": 1.000
				,"percent": 2.44
				}
			,{
				"<=msec": 1.100
				,"percent": 5.44
				}
			,{
				"<=msec": 1.200
				,"percent": 9.96
				}
			,{
				"<=msec": 1.300
				,"percent": 15.06
				}
			,{
				"<=msec": 1.400
				,"percent": 20.63
				}
			,{
				"<=msec": 1.500
				,"percent": 27.11
				}
			,{
				"<=msec": 1.600
				,"percent": 33.02
				}
			,{
				"<=msec": 1.700
				,"percent": 38.96
				}
			,{
				"<=msec": 1.800
				,"percent": 44.40
				}
			,{
				"<=msec": 1.900
				,"percent": 49.33
				}
			,{
				"<=msec": 2.000
				,"percent": 53.91
				}
			,{
				"<=msec": 2.100
				,"percent": 57.72
				}
			,{
				"<=msec": 2.200
				,"percent": 60.92
				}
			,{
				"<=msec": 2.300
				,"percent": 63.65
				}
			,{
				"<=msec": 2.400
				,"percent": 65.90
				}
			,{
				"<=msec": 2.500
				,"percent": 68.00
				}
			,{
				"<=msec": 2.600
				,"percent": 69.78
				}
			,{
				"<=msec": 2.700
				,"percent": 71.26
				}
			,{
				"<=msec": 2.800
				,"percent": 72.63
				}
			,{
				"<=msec": 2.900
				,"percent": 73.72
				}
			,{
				"<=msec": 3.000
				,"percent": 74.80
				}
			,{
				"<=msec": 3.100
				,"percent": 75.58
				}
			,{
				"<=msec": 3.200
				,"percent": 76.31
				}
			,{
				"<=msec": 3.300
				,"percent": 77.03
				}
			,{
				"<=msec": 3.400
				,"percent": 77.66
				}
			,{
				"<=msec": 3.500
				,"percent": 78.12
				}
			,{
				"<=msec": 3.600
				,"percent": 78.57
				}
			,{
				"<=msec": 3.700
				,"percent": 79.03
				}
			,{
				"<=msec": 3.800
				,"percent": 79.44
				}
			,{
				"<=msec": 3.900
				,"percent": 79.76
				}
			,{
				"<=msec": 4.000
				,"percent": 80.21
				}
			,{
				"<=msec": 4.100
				,"percent": 80.51
				}
			,{
				"<=msec": 4.200
				,"percent": 80.81
				}
			,{
				"<=msec": 4.300
				,"percent": 81.05
				}
			,{
				"<=msec": 4.400
				,"percent": 81.32
				}
			,{
				"<=msec": 4.500
				,"percent": 81.57
				}
			,{
				"<=msec": 4.600
				,"percent": 81.78
				}
			,{
				"<=msec": 4.700
				,"percent": 82.02
				}
			,{
				"<=msec": 4.800
				,"percent": 82.23
				}
			,{
				"<=msec": 4.900
				,"percent": 82.48
				}
			,{
				"<=msec": 5.000
				,"percent": 82.67
				}
			,{
				"<=msec": 5.100
				,"percent": 82.88
				}
			,{
				"<=msec": 5.200
				,"percent": 83.11
				}
			,{
				"<=msec": 5.300
				,"percent": 83.30
				}
			,{
				"<=msec": 5.400
				,"percent": 83.51
				}
			,{
				"<=msec": 5.500
				,"percent": 83.73
				}
			,{
				"<=msec": 5.600
				,"percent": 83.94
				}
			,{
				"<=msec": 5.700
				,"percent": 84.15
				}
			,{
				"<=msec": 5.800
				,"percent": 84.39
				}
			,{
				"<=msec": 5.900
				,"percent": 84.61
				}
			,{
				"<=msec": 6.000
				,"percent": 84.82
				}
			,{
				"<=msec": 6.100
				,"percent": 85.10
				}
			,{
				"<=msec": 6.200
				,"percent": 85.35
				}
			,{
				"<=msec": 6.300
				,"percent": 85.60
				}
			,{
				"<=msec": 6.400
				,"percent": 85.91
				}
			,{
				"<=msec": 6.500
				,"percent": 86.27
				}
			,{
				"<=msec": 6.600
				,"percent": 86.63
				}
			,{
				"<=msec": 6.700
				,"percent": 86.97
				}
			,{
				"<=msec": 6.800
				,"percent": 87.30
				}
			,{
				"<=msec": 6.900
				,"percent": 87.73
				}
			,{
				"<=msec": 7.000
				,"percent": 88.19
				}
			,{
				"<=msec": 7.100
				,"percent": 88.61
				}
			,{
				"<=msec": 7.200
				,"percent": 89.18
				}
			,{
				"<=msec": 7.300
				,"percent": 89.64
				}
			,{
				"<=msec": 7.400
				,"percent": 90.10
				}
			,{
				"<=msec": 7.500
				,"percent": 90.53
				}
			,{
				"<=msec": 7.600
				,"percent": 90.99
				}
			,{
				"<=msec": 7.700
				,"percent": 91.55
				}
			,{
				"<=msec": 7.800
				,"percent": 92.06
				}
			,{
				"<=msec": 7.900
				,"percent": 92.52
				}
			,{
				"<=msec": 8.000
				,"percent": 93.02
				}
			,{
				"<=msec": 8.100
				,"percent": 93.41
				}
			,{
				"<=msec": 8.200
				,"percent": 93.72
				}
			,{
				"<=msec": 8.300
				,"percent": 94.10
				}
			,{
				"<=msec": 8.400
				,"percent": 94.46
				}
			,{
				"<=msec": 8.500
				,"percent": 94.79
				}
			,{
				"<=msec": 8.600
				,"percent": 95.13
				}
			,{
				"<=msec": 8.700
				,"percent": 95.40
				}
			,{
				"<=msec": 8.800
				,"percent": 95.65
				}
			,{
				"<=msec": 8.900
				,"percent": 95.94
				}
			,{
				"<=msec": 9.000
				,"percent": 96.19
				}
			,{
				"<=msec": 9.100
				,"percent": 96.41
				}
			,{
				"<=msec": 9.200
				,"percent": 96.59
				}
			,{
				"<=msec": 9.300
				,"percent": 96.80
				}
			,{
				"<=msec": 9.400
				,"percent": 97.04
				}
			,{
				"<=msec": 9.500
				,"percent": 97.20
				}
			,{
				"<=msec": 9.600
				,"percent": 97.33
				}
			,{
				"<=msec": 9.700
				,"percent": 97.47
				}
			,{
				"<=msec": 9.800
				,"percent": 97.61
				}
			,{
				"<=msec": 9.900
				,"percent": 97.79
				}
			,{
				"<=msec": 10.000
				,"percent": 98.35
				}
			,{
				"<=msec": 11.000
				,"percent": 98.92
				}
			,{
				"<=msec": 12.000
				,"percent": 99.20
				}
			,{
				"<=msec": 13.000
				,"percent": 99.33
				}
			,{
				"<=msec": 14.000
				,"percent": 99.42
				}
			,{
				"<=msec": 15.000
				,"percent": 99.49
				}
			,{
				"<=msec": 16.000
				,"percent": 99.57
				}
			,{
				"<=msec": 17.000
				,"percent": 99.62
				}
			,{
				"<=msec": 18.000
				,"percent": 99.69
				}
			,{
				"<=msec": 19.000
				,"percent": 99.73
				}
			,{
				"<=msec": 20.000
				,"percent": 99.76
				}
			,{
				"<=msec": 21.000
				,"percent": 99.77
				}
			,{
				"<=msec": 22.000
				,"percent": 99.80
				}
			,{
				"<=msec": 23.000
				,"percent": 99.81
				}
			,{
				"<=msec": 24.000
				,"percent": 99.83
				}
			,{
				"<=msec": 25.000
				,"percent": 99.86
				}
			,{
				"<=msec": 26.000
				,"percent": 99.88
				}
			,{
				"<=msec": 27.000
				,"percent": 99.89
				}
			,{
				"<=msec": 28.000
				,"percent": 99.90
				}
			,{
				"<=msec": 29.000
				,"percent": 99.92
				}
			,{
				"<=msec": 30.000
				,"percent": 99.94
				}
			,{
				"<=msec": 31.000
				,"percent": 99.95
				}
			,{
				"<=msec": 32.000
				,"percent": 99.95
				}
			,{
				"<=msec": 33.000
				,"percent": 99.96
				}
			,{
				"<=msec": 34.000
				,"percent": 99.97
				}
			,{
				"<=msec": 35.000
				,"percent": 99.98
				}
			,{
				"<=msec": 36.000
				,"percent": 99.98
				}
			,{
				"<=msec": 37.000
				,"percent": 99.99
				}
			,{
				"<=msec": 38.000
				,"percent": 100.00
				}
			,{
				"<=msec": 39.000
				,"percent": 100.00
				}
			]
		,"WAIT":[
		]
		}
	}
