{
	"configuration":{
		"server": "10.0.0.9"
		,"port": 6379
		,"unix socket": "(null)"
		,"protocol": "memcache_text"
		,"out_file": "(null)"
		,"client_stats": "(null)"
		,"run_count": 1
		,"debug": 0
		,"requests": 0
		,"clients": 2
		,"threads": 1
		,"test_time": 75
		,"ratio": "1:3"
		,"pipeline": 1
		,"data_size": 1024
		,"data_offset": 0
		,"random_data": "false"
		,"data_size_range": "0:0"
		,"data_size_list": ""
		,"data_size_pattern": "R"
		,"expiry_range": "9999:10000"
		,"data_import": "(null)"
		,"data_verify": "false"
		,"verify_only": "false"
		,"generate_keys": "false"
		,"key_prefix": "memtier-"
		,"key_minimum":           0
		,"key_maximum":       10000
		,"key_pattern": "R:R"
		,"key_stddev": 0.000000
		,"key_median": 0.000000
		,"reconnect_interval": 0
		,"multi_key_get": 3
		,"authenticate": ""
		,"select-db": 0
		,"no-expiry": "false"
		,"wait-ratio": "0:0"
		,"num-slaves": "0:0"
		,"wait-timeout": "0-0"
		}
	,"run information":{
		"Threads": 1
		,"Connections per thread": 2
		,"Seconds": 75
		}
	,"ALL STATS":{
		"Sets":{
			"Ops/sec": 150.12
			,"Hits/sec": 0.00
			,"Misses/sec": 0.00
			,"Latency": 7.20
			,"KB/sec": 156.04
			}
		,"Gets":{
			"Ops/sec": 150.12
			,"Hits/sec": 450.37
			,"Misses/sec": 0.00
			,"Latency": 6.10
			,"KB/sec": 470.21
			}
		,"Waits":{
			"Ops/sec": 0.00
			,"Hits/sec": 0.00
			,"Misses/sec": 0.00
			,"Latency": 0.00
			,"KB/sec": 0.00
			}
		,"Totals":{
			"Ops/sec": 300.25
			,"Hits/sec": 450.37
			,"Misses/sec": 0.00
			,"Latency": 6.65
			,"KB/sec": 626.25
			}
		,"SET":[
			{
				"<=msec": 3.400
				,"percent": 0.01
				}
			,{
				"<=msec": 3.500
				,"percent": 0.05
				}
			,{
				"<=msec": 3.600
				,"percent": 0.30
				}
			,{
				"<=msec": 3.700
				,"percent": 1.15
				}
			,{
				"<=msec": 3.800
				,"percent": 2.70
				}
			,{
				"<=msec": 3.900
				,"percent": 4.96
				}
			,{
				"<=msec": 4.000
				,"percent": 7.74
				}
			,{
				"<=msec": 4.100
				,"percent": 10.56
				}
			,{
				"<=msec": 4.200
				,"percent": 13.75
				}
			,{
				"<=msec": 4.300
				,"percent": 16.69
				}
			,{
				"<=msec": 4.400
				,"percent": 19.66
				}
			,{
				"<=msec": 4.500
				,"percent": 22.33
				}
			,{
				"<=msec": 4.600
				,"percent": 24.74
				}
			,{
				"<=msec": 4.700
				,"percent": 27.08
				}
			,{
				"<=msec": 4.800
				,"percent": 29.24
				}
			,{
				"<=msec": 4.900
				,"percent": 31.31
				}
			,{
				"<=msec": 5.000
				,"percent": 33.09
				}
			,{
				"<=msec": 5.100
				,"percent": 34.94
				}
			,{
				"<=msec": 5.200
				,"percent": 36.80
				}
			,{
				"<=msec": 5.300
				,"percent": 38.26
				}
			,{
				"<=msec": 5.400
				,"percent": 39.71
				}
			,{
				"<=msec": 5.500
				,"percent": 41.07
				}
			,{
				"<=msec": 5.600
				,"percent": 42.47
				}
			,{
				"<=msec": 5.700
				,"percent": 43.69
				}
			,{
				"<=msec": 5.800
				,"percent": 44.78
				}
			,{
				"<=msec": 5.900
				,"percent": 46.07
				}
			,{
				"<=msec": 6.000
				,"percent": 47.26
				}
			,{
				"<=msec": 6.100
				,"percent": 48.44
				}
			,{
				"<=msec": 6.200
				,"percent": 49.63
				}
			,{
				"<=msec": 6.300
				,"percent": 50.62
				}
			,{
				"<=msec": 6.400
				,"percent": 51.67
				}
			,{
				"<=msec": 6.500
				,"percent": 52.71
				}
			,{
				"<=msec": 6.600
				,"percent": 53.85
				}
			,{
				"<=msec": 6.700
				,"percent": 54.68
				}
			,{
				"<=msec": 6.800
				,"percent": 55.66
				}
			,{
				"<=msec": 6.900
				,"percent": 56.44
				}
			,{
				"<=msec": 7.000
				,"percent": 57.66
				}
			,{
				"<=msec": 7.100
				,"percent": 58.56
				}
			,{
				"<=msec": 7.200
				,"percent": 59.78
				}
			,{
				"<=msec": 7.300
				,"percent": 60.73
				}
			,{
				"<=msec": 7.400
				,"percent": 61.87
				}
			,{
				"<=msec": 7.500
				,"percent": 62.89
				}
			,{
				"<=msec": 7.600
				,"percent": 63.69
				}
			,{
				"<=msec": 7.700
				,"percent": 64.60
				}
			,{
				"<=msec": 7.800
				,"percent": 65.47
				}
			,{
				"<=msec": 7.900
				,"percent": 66.39
				}
			,{
				"<=msec": 8.000
				,"percent": 67.62
				}
			,{
				"<=msec": 8.100
				,"percent": 68.58
				}
			,{
				"<=msec": 8.200
				,"percent": 69.65
				}
			,{
				"<=msec": 8.300
				,"percent": 70.59
				}
			,{
				"<=msec": 8.400
				,"percent": 71.65
				}
			,{
				"<=msec": 8.500
				,"percent": 72.74
				}
			,{
				"<=msec": 8.600
				,"percent": 73.86
				}
			,{
				"<=msec": 8.700
				,"percent": 74.83
				}
			,{
				"<=msec": 8.800
				,"percent": 75.83
				}
			,{
				"<=msec": 8.900
				,"percent": 76.87
				}
			,{
				"<=msec": 9.000
				,"percent": 77.87
				}
			,{
				"<=msec": 9.100
				,"percent": 78.92
				}
			,{
				"<=msec": 9.200
				,"percent": 79.78
				}
			,{
				"<=msec": 9.300
				,"percent": 80.79
				}
			,{
				"<=msec": 9.400
				,"percent": 81.85
				}
			,{
				"<=msec": 9.500
				,"percent": 82.69
				}
			,{
				"<=msec": 9.600
				,"percent": 83.60
				}
			,{
				"<=msec": 9.700
				,"percent": 84.51
				}
			,{
				"<=msec": 9.800
				,"percent": 85.29
				}
			,{
				"<=msec": 9.900
				,"percent": 85.92
				}
			,{
				"<=msec": 10.000
				,"percent": 89.86
				}
			,{
				"<=msec": 11.000
				,"percent": 93.80
				}
			,{
				"<=msec": 12.000
				,"percent": 95.71
				}
			,{
				"<=msec": 13.000
				,"percent": 96.57
				}
			,{
				"<=msec": 14.000
				,"percent": 97.02
				}
			,{
				"<=msec": 15.000
				,"percent": 97.35
				}
			,{
				"<=msec": 16.000
				,"percent": 97.66
				}
			,{
				"<=msec": 17.000
				,"percent": 97.87
				}
			,{
				"<=msec": 18.000
				,"percent": 98.04
				}
			,{
				"<=msec": 19.000
				,"percent": 98.20
				}
			,{
				"<=msec": 20.000
				,"percent": 98.41
				}
			,{
				"<=msec": 21.000
				,"percent": 98.53
				}
			,{
				"<=msec": 22.000
				,"percent": 98.66
				}
			,{
				"<=msec": 23.000
				,"percent": 98.85
				}
			,{
				"<=msec": 24.000
				,"percent": 98.99
				}
			,{
				"<=msec": 25.000
				,"percent": 99.11
				}
			,{
				"<=msec": 26.000
				,"percent": 99.23
				}
			,{
				"<=msec": 27.000
				,"percent": 99.31
				}
			,{
				"<=msec": 28.000
				,"percent": 99.43
				}
			,{
				"<=msec": 29.000
				,"percent": 99.53
				}
			,{
				"<=msec": 30.000
				,"percent": 99.57
				}
			,{
				"<=msec": 31.000
				,"percent": 99.67
				}
			,{
				"<=msec": 32.000
				,"percent": 99.72
				}
			,{
				"<=msec": 33.000
				,"percent": 99.75
				}
			,{
				"<=msec": 34.000
				,"percent": 99.78
				}
			,{
				"<=msec": 35.000
				,"percent": 99.81
				}
			,{
				"<=msec": 36.000
				,"percent": 99.83
				}
			,{
				"<=msec": 37.000
				,"percent": 99.88
				}
			,{
				"<=msec": 38.000
				,"percent": 99.91
				}
			,{
				"<=msec": 39.000
				,"percent": 99.97
				}
			,{
				"<=msec": 40.000
				,"percent": 99.98
				}
			,{
				"<=msec": 41.000
				,"percent": 100.00
				}
			]
		,"GET":[
			{
				"<=msec": 3.100
				,"percent": 0.01
				}
			,{
				"<=msec": 3.200
				,"percent": 0.07
				}
			,{
				"<=msec": 3.300
				,"percent": 0.26
				}
			,{
				"<=msec": 3.400
				,"percent": 0.97
				}
			,{
				"<=msec": 3.500
				,"percent": 2.42
				}
			,{
				"<=msec": 3.600
				,"percent": 4.24
				}
			,{
				"<=msec": 3.700
				,"percent": 6.65
				}
			,{
				"<=msec": 3.800
				,"percent": 9.88
				}
			,{
				"<=msec": 3.900
				,"percent": 13.97
				}
			,{
				"<=msec": 4.000
				,"percent": 18.13
				}
			,{
				"<=msec": 4.100
				,"percent": 22.98
				}
			,{
				"<=msec": 4.200
				,"percent": 27.61
				}
			,{
				"<=msec": 4.300
				,"percent": 32.23
				}
			,{
				"<=msec": 4.400
				,"percent": 36.70
				}
			,{
				"<=msec": 4.500
				,"percent": 40.38
				}
			,{
				"<=msec": 4.600
				,"percent": 44.14
				}
			,{
				"<=msec": 4.700
				,"percent": 47.56
				}
			,{
				"<=msec": 4.800
				,"percent": 50.52
				}
			,{
				"<=msec": 4.900
				,"percent": 53.20
				}
			,{
				"<=msec": 5.000
				,"percent": 55.73
				}
			,{
				"<=msec": 5.100
				,"percent": 57.94
				}
			,{
				"<=msec": 5.200
				,"percent": 59.88
				}
			,{
				"<=msec": 5.300
				,"percent": 61.70
				}
			,{
				"<=msec": 5.400
				,"percent": 63.22
				}
			,{
				"<=msec": 5.500
				,"percent": 64.48
				}
			,{
				"<=msec": 5.600
				,"percent": 65.46
				}
			,{
				"<=msec": 5.700
				,"percent": 66.55
				}
			,{
				"<=msec": 5.800
				,"percent": 67.31
				}
			,{
				"<=msec": 5.900
				,"percent": 68.28
				}
			,{
				"<=msec": 6.000
				,"percent": 69.20
				}
			,{
				"<=msec": 6.100
				,"percent": 70.00
				}
			,{
				"<=msec": 6.200
				,"percent": 70.70
				}
			,{
				"<=msec": 6.300
				,"percent": 71.13
				}
			,{
				"<=msec": 6.400
				,"percent": 71.70
				}
			,{
				"<=msec": 6.500
				,"percent": 72.28
				}
			,{
				"<=msec": 6.600
				,"percent": 72.85
				}
			,{
				"<=msec": 6.700
				,"percent": 73.41
				}
			,{
				"<=msec": 6.800
				,"percent": 73.79
				}
			,{
				"<=msec": 6.900
				,"percent": 74.34
				}
			,{
				"<=msec": 7.000
				,"percent": 74.93
				}
			,{
				"<=msec": 7.100
				,"percent": 75.33
				}
			,{
				"<=msec": 7.200
				,"percent": 75.80
				}
			,{
				"<=msec": 7.300
				,"percent": 76.31
				}
			,{
				"<=msec": 7.400
				,"percent": 76.76
				}
			,{
				"<=msec": 7.500
				,"percent": 77.06
				}
			,{
				"<=msec": 7.600
				,"percent": 77.58
				}
			,{
				"<=msec": 7.700
				,"percent": 78.04
				}
			,{
				"<=msec": 7.800
				,"percent": 78.45
				}
			,{
				"<=msec": 7.900
				,"percent": 78.93
				}
			,{
				"<=msec": 8.000
				,"percent": 79.45
				}
			,{
				"<=msec": 8.100
				,"percent": 79.95
				}
			,{
				"<=msec": 8.200
				,"percent": 80.28
				}
			,{
				"<=msec": 8.300
				,"percent": 80.75
				}
			,{
				"<=msec": 8.400
				,"percent": 81.14
				}
			,{
				"<=msec": 8.500
				,"percent": 81.60
				}
			,{
				"<=msec": 8.600
				,"percent": 82.00
				}
			,{
				"<=msec": 8.700
				,"percent": 82.40
				}
			,{
				"<=msec": 8.800
				,"percent": 82.76
				}
			,{
				"<=msec": 8.900
				,"percent": 83.21
				}
			,{
				"<=msec": 9.000
				,"percent": 83.69
				}
			,{
				"<=msec": 9.100
				,"percent": 84.29
				}
			,{
				"<=msec": 9.200
				,"percent": 84.80
				}
			,{
				"<=msec": 9.300
				,"percent": 85.35
				}
			,{
				"<=msec": 9.400
				,"percent": 85.80
				}
			,{
				"<=msec": 9.500
				,"percent": 86.29
				}
			,{
				"<=msec": 9.600
				,"percent": 86.98
				}
			,{
				"<=msec": 9.700
				,"percent": 87.50
				}
			,{
				"<=msec": 9.800
				,"percent": 88.02
				}
			,{
				"<=msec": 9.900
				,"percent": 88.55
				}
			,{
				"<=msec": 10.000
				,"percent": 91.05
				}
			,{
				"<=msec": 11.000
				,"percent": 94.58
				}
			,{
				"<=msec": 12.000
				,"percent": 96.84
				}
			,{
				"<=msec": 13.000
				,"percent": 98.08
				}
			,{
				"<=msec": 14.000
				,"percent": 98.69
				}
			,{
				"<=msec": 15.000
				,"percent": 98.85
				}
			,{
				"<=msec": 16.000
				,"percent": 98.98
				}
			,{
				"<=msec": 17.000
				,"percent": 99.12
				}
			,{
				"<=msec": 18.000
				,"percent": 99.21
				}
			,{
				"<=msec": 19.000
				,"percent": 99.29
				}
			,{
				"<=msec": 20.000
				,"percent": 99.35
				}
			,{
				"<=msec": 21.000
				,"percent": 99.43
				}
			,{
				"<=msec": 22.000
				,"percent": 99.48
				}
			,{
				"<=msec": 23.000
				,"percent": 99.60
				}
			,{
				"<=msec": 24.000
				,"percent": 99.62
				}
			,{
				"<=msec": 25.000
				,"percent": 99.68
				}
			,{
				"<=msec": 26.000
				,"percent": 99.71
				}
			,{
				"<=msec": 27.000
				,"percent": 99.73
				}
			,{
				"<=msec": 28.000
				,"percent": 99.79
				}
			,{
				"<=msec": 29.000
				,"percent": 99.80
				}
			,{
				"<=msec": 30.000
				,"percent": 99.84
				}
			,{
				"<=msec": 31.000
				,"percent": 99.86
				}
			,{
				"<=msec": 32.000
				,"percent": 99.88
				}
			,{
				"<=msec": 34.000
				,"percent": 99.89
				}
			,{
				"<=msec": 35.000
				,"percent": 99.90
				}
			,{
				"<=msec": 38.000
				,"percent": 99.93
				}
			,{
				"<=msec": 40.000
				,"percent": 99.94
				}
			,{
				"<=msec": 41.000
				,"percent": 99.95
				}
			,{
				"<=msec": 42.000
				,"percent": 99.96
				}
			,{
				"<=msec": 43.000
				,"percent": 99.96
				}
			,{
				"<=msec": 44.000
				,"percent": 99.97
				}
			,{
				"<=msec": 45.000
				,"percent": 99.99
				}
			,{
				"<=msec": 49.000
				,"percent": 100.00
				}
			]
		,"WAIT":[
		]
		}
	}
