{
	"configuration":{
		"server": "10.0.0.8"
		,"port": 6379
		,"unix socket": "(null)"
		,"protocol": "memcache_text"
		,"out_file": "(null)"
		,"client_stats": "(null)"
		,"run_count": 1
		,"debug": 0
		,"requests": 0
		,"clients": 2
		,"threads": 1
		,"test_time": 75
		,"ratio": "1:3"
		,"pipeline": 1
		,"data_size": 1024
		,"data_offset": 0
		,"random_data": "false"
		,"data_size_range": "0:0"
		,"data_size_list": ""
		,"data_size_pattern": "R"
		,"expiry_range": "9999:10000"
		,"data_import": "(null)"
		,"data_verify": "false"
		,"verify_only": "false"
		,"generate_keys": "false"
		,"key_prefix": "memtier-"
		,"key_minimum":           0
		,"key_maximum":       10000
		,"key_pattern": "R:R"
		,"key_stddev": 0.000000
		,"key_median": 0.000000
		,"reconnect_interval": 0
		,"multi_key_get": 3
		,"authenticate": ""
		,"select-db": 0
		,"no-expiry": "false"
		,"wait-ratio": "0:0"
		,"num-slaves": "0:0"
		,"wait-timeout": "0-0"
		}
	,"run information":{
		"Threads": 1
		,"Connections per thread": 2
		,"Seconds": 75
		}
	,"ALL STATS":{
		"Sets":{
			"Ops/sec": 296.91
			,"Hits/sec": 0.00
			,"Misses/sec": 0.00
			,"Latency": 3.89
			,"KB/sec": 308.62
			}
		,"Gets":{
			"Ops/sec": 296.91
			,"Hits/sec": 890.73
			,"Misses/sec": 0.00
			,"Latency": 2.82
			,"KB/sec": 929.97
			}
		,"Waits":{
			"Ops/sec": 0.00
			,"Hits/sec": 0.00
			,"Misses/sec": 0.00
			,"Latency": 0.00
			,"KB/sec": 0.00
			}
		,"Totals":{
			"Ops/sec": 593.82
			,"Hits/sec": 890.73
			,"Misses/sec": 0.00
			,"Latency": 3.36
			,"KB/sec": 1238.59
			}
		,"SET":[
			{
				"<=msec": 0.760
				,"percent": 0.01
				}
			,{
				"<=msec": 0.770
				,"percent": 0.01
				}
			,{
				"<=msec": 0.790
				,"percent": 0.02
				}
			,{
				"<=msec": 0.800
				,"percent": 0.05
				}
			,{
				"<=msec": 0.810
				,"percent": 0.09
				}
			,{
				"<=msec": 0.830
				,"percent": 0.11
				}
			,{
				"<=msec": 0.840
				,"percent": 0.15
				}
			,{
				"<=msec": 0.850
				,"percent": 0.20
				}
			,{
				"<=msec": 0.860
				,"percent": 0.27
				}
			,{
				"<=msec": 0.870
				,"percent": 0.36
				}
			,{
				"<=msec": 0.880
				,"percent": 0.47
				}
			,{
				"<=msec": 0.890
				,"percent": 0.55
				}
			,{
				"<=msec": 0.900
				,"percent": 0.67
				}
			,{
				"<=msec": 0.910
				,"percent": 0.81
				}
			,{
				"<=msec": 0.920
				,"percent": 0.98
				}
			,{
				"<=msec": 0.930
				,"percent": 1.13
				}
			,{
				"<=msec": 0.940
				,"percent": 1.25
				}
			,{
				"<=msec": 0.950
				,"percent": 1.45
				}
			,{
				"<=msec": 0.960
				,"percent": 1.71
				}
			,{
				"<=msec": 0.970
				,"percent": 1.95
				}
			,{
				"<=msec": 0.980
				,"percent": 2.21
				}
			,{
				"<=msec": 0.990
				,"percent": 2.53
				}
			,{
				"<=msec": 1.000
				,"percent": 4.39
				}
			,{
				"<=msec": 1.100
				,"percent": 9.02
				}
			,{
				"<=msec": 1.200
				,"percent": 14.33
				}
			,{
				"<=msec": 1.300
				,"percent": 19.65
				}
			,{
				"<=msec": 1.400
				,"percent": 24.41
				}
			,{
				"<=msec": 1.500
				,"percent": 28.90
				}
			,{
				"<=msec": 1.600
				,"percent": 32.60
				}
			,{
				"<=msec": 1.700
				,"percent": 36.30
				}
			,{
				"<=msec": 1.800
				,"percent": 39.46
				}
			,{
				"<=msec": 1.900
				,"percent": 42.12
				}
			,{
				"<=msec": 2.000
				,"percent": 44.49
				}
			,{
				"<=msec": 2.100
				,"percent": 46.48
				}
			,{
				"<=msec": 2.200
				,"percent": 48.29
				}
			,{
				"<=msec": 2.300
				,"percent": 49.84
				}
			,{
				"<=msec": 2.400
				,"percent": 51.05
				}
			,{
				"<=msec": 2.500
				,"percent": 52.24
				}
			,{
				"<=msec": 2.600
				,"percent": 53.29
				}
			,{
				"<=msec": 2.700
				,"percent": 54.17
				}
			,{
				"<=msec": 2.800
				,"percent": 55.01
				}
			,{
				"<=msec": 2.900
				,"percent": 55.70
				}
			,{
				"<=msec": 3.000
				,"percent": 56.43
				}
			,{
				"<=msec": 3.100
				,"percent": 57.18
				}
			,{
				"<=msec": 3.200
				,"percent": 57.83
				}
			,{
				"<=msec": 3.300
				,"percent": 58.39
				}
			,{
				"<=msec": 3.400
				,"percent": 59.03
				}
			,{
				"<=msec": 3.500
				,"percent": 59.64
				}
			,{
				"<=msec": 3.600
				,"percent": 60.11
				}
			,{
				"<=msec": 3.700
				,"percent": 60.64
				}
			,{
				"<=msec": 3.800
				,"percent": 61.21
				}
			,{
				"<=msec": 3.900
				,"percent": 61.73
				}
			,{
				"<=msec": 4.000
				,"percent": 62.35
				}
			,{
				"<=msec": 4.100
				,"percent": 62.78
				}
			,{
				"<=msec": 4.200
				,"percent": 63.31
				}
			,{
				"<=msec": 4.300
				,"percent": 63.89
				}
			,{
				"<=msec": 4.400
				,"percent": 64.37
				}
			,{
				"<=msec": 4.500
				,"percent": 64.97
				}
			,{
				"<=msec": 4.600
				,"percent": 65.53
				}
			,{
				"<=msec": 4.700
				,"percent": 66.14
				}
			,{
				"<=msec": 4.800
				,"percent": 66.73
				}
			,{
				"<=msec": 4.900
				,"percent": 67.30
				}
			,{
				"<=msec": 5.000
				,"percent": 67.93
				}
			,{
				"<=msec": 5.100
				,"percent": 68.50
				}
			,{
				"<=msec": 5.200
				,"percent": 69.14
				}
			,{
				"<=msec": 5.300
				,"percent": 69.78
				}
			,{
				"<=msec": 5.400
				,"percent": 70.45
				}
			,{
				"<=msec": 5.500
				,"percent": 71.14
				}
			,{
				"<=msec": 5.600
				,"percent": 71.84
				}
			,{
				"<=msec": 5.700
				,"percent": 72.61
				}
			,{
				"<=msec": 5.800
				,"percent": 73.33
				}
			,{
				"<=msec": 5.900
				,"percent": 74.19
				}
			,{
				"<=msec": 6.000
				,"percent": 75.07
				}
			,{
				"<=msec": 6.100
				,"percent": 75.96
				}
			,{
				"<=msec": 6.200
				,"percent": 76.87
				}
			,{
				"<=msec": 6.300
				,"percent": 77.93
				}
			,{
				"<=msec": 6.400
				,"percent": 78.92
				}
			,{
				"<=msec": 6.500
				,"percent": 79.82
				}
			,{
				"<=msec": 6.600
				,"percent": 80.83
				}
			,{
				"<=msec": 6.700
				,"percent": 81.89
				}
			,{
				"<=msec": 6.800
				,"percent": 82.93
				}
			,{
				"<=msec": 6.900
				,"percent": 83.93
				}
			,{
				"<=msec": 7.000
				,"percent": 85.01
				}
			,{
				"<=msec": 7.100
				,"percent": 85.96
				}
			,{
				"<=msec": 7.200
				,"percent": 86.94
				}
			,{
				"<=msec": 7.300
				,"percent": 87.75
				}
			,{
				"<=msec": 7.400
				,"percent": 88.54
				}
			,{
				"<=msec": 7.500
				,"percent": 89.28
				}
			,{
				"<=msec": 7.600
				,"percent": 90.03
				}
			,{
				"<=msec": 7.700
				,"percent": 90.71
				}
			,{
				"<=msec": 7.800
				,"percent": 91.29
				}
			,{
				"<=msec": 7.900
				,"percent": 91.83
				}
			,{
				"<=msec": 8.000
				,"percent": 92.26
				}
			,{
				"<=msec": 8.100
				,"percent": 92.72
				}
			,{
				"<=msec": 8.200
				,"percent": 93.19
				}
			,{
				"<=msec": 8.300
				,"percent": 93.54
				}
			,{
				"<=msec": 8.400
				,"percent": 93.88
				}
			,{
				"<=msec": 8.500
				,"percent": 94.18
				}
			,{
				"<=msec": 8.600
				,"percent": 94.49
				}
			,{
				"<=msec": 8.700
				,"percent": 94.76
				}
			,{
				"<=msec": 8.800
				,"percent": 95.04
				}
			,{
				"<=msec": 8.900
				,"percent": 95.33
				}
			,{
				"<=msec": 9.000
				,"percent": 95.59
				}
			,{
				"<=msec": 9.100
				,"percent": 95.73
				}
			,{
				"<=msec": 9.200
				,"percent": 95.90
				}
			,{
				"<=msec": 9.300
				,"percent": 96.10
				}
			,{
				"<=msec": 9.400
				,"percent": 96.29
				}
			,{
				"<=msec": 9.500
				,"percent": 96.47
				}
			,{
				"<=msec": 9.600
				,"percent": 96.65
				}
			,{
				"<=msec": 9.700
				,"percent": 96.76
				}
			,{
				"<=msec": 9.800
				,"percent": 96.90
				}
			,{
				"<=msec": 9.900
				,"percent": 97.02
				}
			,{
				"<=msec": 10.000
				,"percent": 97.62
				}
			,{
				"<=msec": 11.000
				,"percent": 98.20
				}
			,{
				"<=msec": 12.000
				,"percent": 98.50
				}
			,{
				"<=msec": 13.000
				,"percent": 98.63
				}
			,{
				"<=msec": 14.000
				,"percent": 98.73
				}
			,{
				"<=msec": 15.000
				,"percent": 98.80
				}
			,{
				"<=msec": 16.000
				,"percent": 98.90
				}
			,{
				"<=msec": 17.000
				,"percent": 99.00
				}
			,{
				"<=msec": 18.000
				,"percent": 99.08
				}
			,{
				"<=msec": 19.000
				,"percent": 99.12
				}
			,{
				"<=msec": 20.000
				,"percent": 99.21
				}
			,{
				"<=msec": 21.000
				,"percent": 99.32
				}
			,{
				"<=msec": 22.000
				,"percent": 99.43
				}
			,{
				"<=msec": 23.000
				,"percent": 99.48
				}
			,{
				"<=msec": 24.000
				,"percent": 99.54
				}
			,{
				"<=msec": 25.000
				,"percent": 99.57
				}
			,{
				"<=msec": 26.000
				,"percent": 99.63
				}
			,{
				"<=msec": 27.000
				,"percent": 99.71
				}
			,{
				"<=msec": 28.000
				,"percent": 99.75
				}
			,{
				"<=msec": 29.000
				,"percent": 99.79
				}
			,{
				"<=msec": 30.000
				,"percent": 99.82
				}
			,{
				"<=msec": 31.000
				,"percent": 99.84
				}
			,{
				"<=msec": 32.000
				,"percent": 99.87
				}
			,{
				"<=msec": 33.000
				,"percent": 99.90
				}
			,{
				"<=msec": 34.000
				,"percent": 99.91
				}
			,{
				"<=msec": 35.000
				,"percent": 99.95
				}
			,{
				"<=msec": 36.000
				,"percent": 99.97
				}
			,{
				"<=msec": 37.000
				,"percent": 99.97
				}
			,{
				"<=msec": 38.000
				,"percent": 99.98
				}
			,{
				"<=msec": 39.000
				,"percent": 99.98
				}
			,{
				"<=msec": 40.000
				,"percent": 99.99
				}
			,{
				"<=msec": 51.000
				,"percent": 100.00
				}
			,{
				"<=msec": 54.000
				,"percent": 100.00
				}
			]
		,"GET":[
			{
				"<=msec": 0.720
				,"percent": 0.00
				}
			,{
				"<=msec": 0.750
				,"percent": 0.01
				}
			,{
				"<=msec": 0.760
				,"percent": 0.01
				}
			,{
				"<=msec": 0.770
				,"percent": 0.02
				}
			,{
				"<=msec": 0.780
				,"percent": 0.04
				}
			,{
				"<=msec": 0.790
				,"percent": 0.05
				}
			,{
				"<=msec": 0.800
				,"percent": 0.10
				}
			,{
				"<=msec": 0.810
				,"percent": 0.13
				}
			,{
				"<=msec": 0.820
				,"percent": 0.17
				}
			,{
				"<=msec": 0.830
				,"percent": 0.22
				}
			,{
				"<=msec": 0.840
				,"percent": 0.32
				}
			,{
				"<=msec": 0.850
				,"percent": 0.40
				}
			,{
				"<=msec": 0.860
				,"percent": 0.50
				}
			,{
				"<=msec": 0.870
				,"percent": 0.60
				}
			,{
				"<=msec": 0.880
				,"percent": 0.71
				}
			,{
				"<=msec": 0.890
				,"percent": 0.83
				}
			,{
				"<=msec": 0.900
				,"percent": 0.97
				}
			,{
				"<=msec": 0.910
				,"percent": 1.11
				}
			,{
				"<=msec": 0.920
				,"percent": 1.29
				}
			,{
				"<=msec": 0.930
				,"percent": 1.45
				}
			,{
				"<=msec": 0.940
				,"percent": 1.69
				}
			,{
				"<=msec": 0.950
				,"percent": 1.93
				}
			,{
				"<=msec": 0.960
				,"percent": 2.19
				}
			,{
				"<=msec": 0.970
				,"percent": 2.47
				}
			,{
				"<=msec": 0.980
				,"percent": 2.74
				}
			,{
				"<=msec": 0.990
				,"percent": 3.05
				}
			,{
				"<=msec": 1.000
				,"percent": 5.49
				}
			,{
				"<=msec": 1.100
				,"percent": 10.31
				}
			,{
				"<=msec": 1.200
				,"percent": 15.82
				}
			,{
				"<=msec": 1.300
				,"percent": 21.69
				}
			,{
				"<=msec": 1.400
				,"percent": 28.35
				}
			,{
				"<=msec": 1.500
				,"percent": 35.35
				}
			,{
				"<=msec": 1.600
				,"percent": 41.95
				}
			,{
				"<=msec": 1.700
				,"percent": 48.02
				}
			,{
				"<=msec": 1.800
				,"percent": 53.03
				}
			,{
				"<=msec": 1.900
				,"percent": 57.42
				}
			,{
				"<=msec": 2.000
				,"percent": 60.97
				}
			,{
				"<=msec": 2.100
				,"percent": 63.96
				}
			,{
				"<=msec": 2.200
				,"percent": 66.46
				}
			,{
				"<=msec": 2.300
				,"percent": 68.79
				}
			,{
				"<=msec": 2.400
				,"percent": 70.62
				}
			,{
				"<=msec": 2.500
				,"percent": 72.12
				}
			,{
				"<=msec": 2.600
				,"percent": 73.47
				}
			,{
				"<=msec": 2.700
				,"percent": 74.65
				}
			,{
				"<=msec": 2.800
				,"percent": 75.55
				}
			,{
				"<=msec": 2.900
				,"percent": 76.34
				}
			,{
				"<=msec": 3.000
				,"percent": 77.04
				}
			,{
				"<=msec": 3.100
				,"percent": 77.62
				}
			,{
				"<=msec": 3.200
				,"percent": 78.28
				}
			,{
				"<=msec": 3.300
				,"percent": 78.79
				}
			,{
				"<=msec": 3.400
				,"percent": 79.36
				}
			,{
				"<=msec": 3.500
				,"percent": 79.78
				}
			,{
				"<=msec": 3.600
				,"percent": 80.18
				}
			,{
				"<=msec": 3.700
				,"percent": 80.58
				}
			,{
				"<=msec": 3.800
				,"percent": 80.92
				}
			,{
				"<=msec": 3.900
				,"percent": 81.22
				}
			,{
				"<=msec": 4.000
				,"percent": 81.52
				}
			,{
				"<=msec": 4.100
				,"percent": 81.76
				}
			,{
				"<=msec": 4.200
				,"percent": 82.03
				}
			,{
				"<=msec": 4.300
				,"percent": 82.34
				}
			,{
				"<=msec": 4.400
				,"percent": 82.52
				}
			,{
				"<=msec": 4.500
				,"percent": 82.76
				}
			,{
				"<=msec": 4.600
				,"percent": 83.01
				}
			,{
				"<=msec": 4.700
				,"percent": 83.26
				}
			,{
				"<=msec": 4.800
				,"percent": 83.53
				}
			,{
				"<=msec": 4.900
				,"percent": 83.70
				}
			,{
				"<=msec": 5.000
				,"percent": 83.89
				}
			,{
				"<=msec": 5.100
				,"percent": 84.13
				}
			,{
				"<=msec": 5.200
				,"percent": 84.38
				}
			,{
				"<=msec": 5.300
				,"percent": 84.65
				}
			,{
				"<=msec": 5.400
				,"percent": 84.97
				}
			,{
				"<=msec": 5.500
				,"percent": 85.19
				}
			,{
				"<=msec": 5.600
				,"percent": 85.48
				}
			,{
				"<=msec": 5.700
				,"percent": 85.76
				}
			,{
				"<=msec": 5.800
				,"percent": 86.04
				}
			,{
				"<=msec": 5.900
				,"percent": 86.32
				}
			,{
				"<=msec": 6.000
				,"percent": 86.62
				}
			,{
				"<=msec": 6.100
				,"percent": 86.90
				}
			,{
				"<=msec": 6.200
				,"percent": 87.26
				}
			,{
				"<=msec": 6.300
				,"percent": 87.58
				}
			,{
				"<=msec": 6.400
				,"percent": 87.88
				}
			,{
				"<=msec": 6.500
				,"percent": 88.24
				}
			,{
				"<=msec": 6.600
				,"percent": 88.61
				}
			,{
				"<=msec": 6.700
				,"percent": 89.05
				}
			,{
				"<=msec": 6.800
				,"percent": 89.44
				}
			,{
				"<=msec": 6.900
				,"percent": 89.86
				}
			,{
				"<=msec": 7.000
				,"percent": 90.25
				}
			,{
				"<=msec": 7.100
				,"percent": 90.76
				}
			,{
				"<=msec": 7.200
				,"percent": 91.22
				}
			,{
				"<=msec": 7.300
				,"percent": 91.72
				}
			,{
				"<=msec": 7.400
				,"percent": 92.20
				}
			,{
				"<=msec": 7.500
				,"percent": 92.67
				}
			,{
				"<=msec": 7.600
				,"percent": 93.15
				}
			,{
				"<=msec": 7.700
				,"percent": 93.61
				}
			,{
				"<=msec": 7.800
				,"percent": 93.92
				}
			,{
				"<=msec": 7.900
				,"percent": 94.30
				}
			,{
				"<=msec": 8.000
				,"percent": 94.67
				}
			,{
				"<=msec": 8.100
				,"percent": 95.03
				}
			,{
				"<=msec": 8.200
				,"percent": 95.37
				}
			,{
				"<=msec": 8.300
				,"percent": 95.64
				}
			,{
				"<=msec": 8.400
				,"percent": 95.89
				}
			,{
				"<=msec": 8.500
				,"percent": 96.11
				}
			,{
				"<=msec": 8.600
				,"percent": 96.32
				}
			,{
				"<=msec": 8.700
				,"percent": 96.54
				}
			,{
				"<=msec": 8.800
				,"percent": 96.74
				}
			,{
				"<=msec": 8.900
				,"percent": 96.90
				}
			,{
				"<=msec": 9.000
				,"percent": 97.07
				}
			,{
				"<=msec": 9.100
				,"percent": 97.29
				}
			,{
				"<=msec": 9.200
				,"percent": 97.46
				}
			,{
				"<=msec": 9.300
				,"percent": 97.64
				}
			,{
				"<=msec": 9.400
				,"percent": 97.74
				}
			,{
				"<=msec": 9.500
				,"percent": 97.90
				}
			,{
				"<=msec": 9.600
				,"percent": 98.04
				}
			,{
				"<=msec": 9.700
				,"percent": 98.16
				}
			,{
				"<=msec": 9.800
				,"percent": 98.28
				}
			,{
				"<=msec": 9.900
				,"percent": 98.37
				}
			,{
				"<=msec": 10.000
				,"percent": 98.79
				}
			,{
				"<=msec": 11.000
				,"percent": 99.23
				}
			,{
				"<=msec": 12.000
				,"percent": 99.43
				}
			,{
				"<=msec": 13.000
				,"percent": 99.53
				}
			,{
				"<=msec": 14.000
				,"percent": 99.59
				}
			,{
				"<=msec": 15.000
				,"percent": 99.65
				}
			,{
				"<=msec": 16.000
				,"percent": 99.69
				}
			,{
				"<=msec": 17.000
				,"percent": 99.73
				}
			,{
				"<=msec": 18.000
				,"percent": 99.77
				}
			,{
				"<=msec": 19.000
				,"percent": 99.82
				}
			,{
				"<=msec": 20.000
				,"percent": 99.83
				}
			,{
				"<=msec": 21.000
				,"percent": 99.85
				}
			,{
				"<=msec": 22.000
				,"percent": 99.86
				}
			,{
				"<=msec": 23.000
				,"percent": 99.89
				}
			,{
				"<=msec": 24.000
				,"percent": 99.91
				}
			,{
				"<=msec": 25.000
				,"percent": 99.92
				}
			,{
				"<=msec": 27.000
				,"percent": 99.92
				}
			,{
				"<=msec": 28.000
				,"percent": 99.93
				}
			,{
				"<=msec": 29.000
				,"percent": 99.94
				}
			,{
				"<=msec": 31.000
				,"percent": 99.96
				}
			,{
				"<=msec": 32.000
				,"percent": 99.96
				}
			,{
				"<=msec": 33.000
				,"percent": 99.98
				}
			,{
				"<=msec": 34.000
				,"percent": 100.00
				}
			,{
				"<=msec": 42.000
				,"percent": 100.00
				}
			]
		,"WAIT":[
		]
		}
	}
