{
	"configuration":{
		"server": "10.0.0.9"
		,"port": 6379
		,"unix socket": "(null)"
		,"protocol": "memcache_text"
		,"out_file": "(null)"
		,"client_stats": "(null)"
		,"run_count": 1
		,"debug": 0
		,"requests": 0
		,"clients": 2
		,"threads": 1
		,"test_time": 75
		,"ratio": "1:3"
		,"pipeline": 1
		,"data_size": 1024
		,"data_offset": 0
		,"random_data": "false"
		,"data_size_range": "0:0"
		,"data_size_list": ""
		,"data_size_pattern": "R"
		,"expiry_range": "9999:10000"
		,"data_import": "(null)"
		,"data_verify": "false"
		,"verify_only": "false"
		,"generate_keys": "false"
		,"key_prefix": "memtier-"
		,"key_minimum":           0
		,"key_maximum":       10000
		,"key_pattern": "R:R"
		,"key_stddev": 0.000000
		,"key_median": 0.000000
		,"reconnect_interval": 0
		,"multi_key_get": 3
		,"authenticate": ""
		,"select-db": 0
		,"no-expiry": "false"
		,"wait-ratio": "0:0"
		,"num-slaves": "0:0"
		,"wait-timeout": "0-0"
		}
	,"run information":{
		"Threads": 1
		,"Connections per thread": 2
		,"Seconds": 75
		}
	,"ALL STATS":{
		"Sets":{
			"Ops/sec": 140.63
			,"Hits/sec": 0.00
			,"Misses/sec": 0.00
			,"Latency": 7.63
			,"KB/sec": 146.17
			}
		,"Gets":{
			"Ops/sec": 140.63
			,"Hits/sec": 421.89
			,"Misses/sec": 0.00
			,"Latency": 6.57
			,"KB/sec": 440.48
			}
		,"Waits":{
			"Ops/sec": 0.00
			,"Hits/sec": 0.00
			,"Misses/sec": 0.00
			,"Latency": 0.00
			,"KB/sec": 0.00
			}
		,"Totals":{
			"Ops/sec": 281.26
			,"Hits/sec": 421.89
			,"Misses/sec": 0.00
			,"Latency": 7.10
			,"KB/sec": 586.65
			}
		,"SET":[
			{
				"<=msec": 3.900
				,"percent": 0.04
				}
			,{
				"<=msec": 4.000
				,"percent": 0.20
				}
			,{
				"<=msec": 4.100
				,"percent": 0.82
				}
			,{
				"<=msec": 4.200
				,"percent": 1.91
				}
			,{
				"<=msec": 4.300
				,"percent": 3.71
				}
			,{
				"<=msec": 4.400
				,"percent": 6.14
				}
			,{
				"<=msec": 4.500
				,"percent": 8.78
				}
			,{
				"<=msec": 4.600
				,"percent": 11.85
				}
			,{
				"<=msec": 4.700
				,"percent": 14.92
				}
			,{
				"<=msec": 4.800
				,"percent": 17.85
				}
			,{
				"<=msec": 4.900
				,"percent": 20.77
				}
			,{
				"<=msec": 5.000
				,"percent": 23.24
				}
			,{
				"<=msec": 5.100
				,"percent": 25.67
				}
			,{
				"<=msec": 5.200
				,"percent": 27.85
				}
			,{
				"<=msec": 5.300
				,"percent": 30.20
				}
			,{
				"<=msec": 5.400
				,"percent": 32.57
				}
			,{
				"<=msec": 5.500
				,"percent": 34.39
				}
			,{
				"<=msec": 5.600
				,"percent": 36.29
				}
			,{
				"<=msec": 5.700
				,"percent": 37.96
				}
			,{
				"<=msec": 5.800
				,"percent": 39.61
				}
			,{
				"<=msec": 5.900
				,"percent": 41.15
				}
			,{
				"<=msec": 6.000
				,"percent": 42.75
				}
			,{
				"<=msec": 6.100
				,"percent": 44.02
				}
			,{
				"<=msec": 6.200
				,"percent": 45.51
				}
			,{
				"<=msec": 6.300
				,"percent": 46.72
				}
			,{
				"<=msec": 6.400
				,"percent": 47.89
				}
			,{
				"<=msec": 6.500
				,"percent": 49.12
				}
			,{
				"<=msec": 6.600
				,"percent": 50.36
				}
			,{
				"<=msec": 6.700
				,"percent": 51.53
				}
			,{
				"<=msec": 6.800
				,"percent": 52.79
				}
			,{
				"<=msec": 6.900
				,"percent": 53.90
				}
			,{
				"<=msec": 7.000
				,"percent": 54.80
				}
			,{
				"<=msec": 7.100
				,"percent": 55.80
				}
			,{
				"<=msec": 7.200
				,"percent": 56.94
				}
			,{
				"<=msec": 7.300
				,"percent": 58.04
				}
			,{
				"<=msec": 7.400
				,"percent": 59.21
				}
			,{
				"<=msec": 7.500
				,"percent": 60.23
				}
			,{
				"<=msec": 7.600
				,"percent": 61.21
				}
			,{
				"<=msec": 7.700
				,"percent": 62.13
				}
			,{
				"<=msec": 7.800
				,"percent": 63.07
				}
			,{
				"<=msec": 7.900
				,"percent": 64.16
				}
			,{
				"<=msec": 8.000
				,"percent": 65.05
				}
			,{
				"<=msec": 8.100
				,"percent": 66.06
				}
			,{
				"<=msec": 8.200
				,"percent": 66.85
				}
			,{
				"<=msec": 8.300
				,"percent": 67.86
				}
			,{
				"<=msec": 8.400
				,"percent": 68.87
				}
			,{
				"<=msec": 8.500
				,"percent": 69.86
				}
			,{
				"<=msec": 8.600
				,"percent": 70.99
				}
			,{
				"<=msec": 8.700
				,"percent": 71.89
				}
			,{
				"<=msec": 8.800
				,"percent": 72.90
				}
			,{
				"<=msec": 8.900
				,"percent": 73.87
				}
			,{
				"<=msec": 9.000
				,"percent": 74.95
				}
			,{
				"<=msec": 9.100
				,"percent": 75.64
				}
			,{
				"<=msec": 9.200
				,"percent": 76.55
				}
			,{
				"<=msec": 9.300
				,"percent": 77.49
				}
			,{
				"<=msec": 9.400
				,"percent": 78.49
				}
			,{
				"<=msec": 9.500
				,"percent": 79.44
				}
			,{
				"<=msec": 9.600
				,"percent": 80.38
				}
			,{
				"<=msec": 9.700
				,"percent": 81.28
				}
			,{
				"<=msec": 9.800
				,"percent": 82.10
				}
			,{
				"<=msec": 9.900
				,"percent": 83.07
				}
			,{
				"<=msec": 10.000
				,"percent": 86.94
				}
			,{
				"<=msec": 11.000
				,"percent": 92.11
				}
			,{
				"<=msec": 12.000
				,"percent": 94.71
				}
			,{
				"<=msec": 13.000
				,"percent": 95.88
				}
			,{
				"<=msec": 14.000
				,"percent": 96.62
				}
			,{
				"<=msec": 15.000
				,"percent": 97.00
				}
			,{
				"<=msec": 16.000
				,"percent": 97.35
				}
			,{
				"<=msec": 17.000
				,"percent": 97.62
				}
			,{
				"<=msec": 18.000
				,"percent": 97.78
				}
			,{
				"<=msec": 19.000
				,"percent": 97.92
				}
			,{
				"<=msec": 20.000
				,"percent": 98.09
				}
			,{
				"<=msec": 21.000
				,"percent": 98.27
				}
			,{
				"<=msec": 22.000
				,"percent": 98.46
				}
			,{
				"<=msec": 23.000
				,"percent": 98.63
				}
			,{
				"<=msec": 24.000
				,"percent": 98.72
				}
			,{
				"<=msec": 25.000
				,"percent": 98.90
				}
			,{
				"<=msec": 26.000
				,"percent": 99.05
				}
			,{
				"<=msec": 27.000
				,"percent": 99.16
				}
			,{
				"<=msec": 28.000
				,"percent": 99.26
				}
			,{
				"<=msec": 29.000
				,"percent": 99.39
				}
			,{
				"<=msec": 30.000
				,"percent": 99.46
				}
			,{
				"<=msec": 31.000
				,"percent": 99.55
				}
			,{
				"<=msec": 32.000
				,"percent": 99.63
				}
			,{
				"<=msec": 33.000
				,"percent": 99.68
				}
			,{
				"<=msec": 34.000
				,"percent": 99.76
				}
			,{
				"<=msec": 35.000
				,"percent": 99.83
				}
			,{
				"<=msec": 36.000
				,"percent": 99.88
				}
			,{
				"<=msec": 37.000
				,"percent": 99.92
				}
			,{
				"<=msec": 38.000
				,"percent": 99.94
				}
			,{
				"<=msec": 39.000
				,"percent": 99.98
				}
			,{
				"<=msec": 40.000
				,"percent": 99.99
				}
			,{
				"<=msec": 43.000
				,"percent": 100.00
				}
			]
		,"GET":[
			{
				"<=msec": 3.500
				,"percent": 0.01
				}
			,{
				"<=msec": 3.600
				,"percent": 0.03
				}
			,{
				"<=msec": 3.700
				,"percent": 0.21
				}
			,{
				"<=msec": 3.800
				,"percent": 0.77
				}
			,{
				"<=msec": 3.900
				,"percent": 2.17
				}
			,{
				"<=msec": 4.000
				,"percent": 4.09
				}
			,{
				"<=msec": 4.100
				,"percent": 6.15
				}
			,{
				"<=msec": 4.200
				,"percent": 8.69
				}
			,{
				"<=msec": 4.300
				,"percent": 11.94
				}
			,{
				"<=msec": 4.400
				,"percent": 15.68
				}
			,{
				"<=msec": 4.500
				,"percent": 19.51
				}
			,{
				"<=msec": 4.600
				,"percent": 24.00
				}
			,{
				"<=msec": 4.700
				,"percent": 28.14
				}
			,{
				"<=msec": 4.800
				,"percent": 32.12
				}
			,{
				"<=msec": 4.900
				,"percent": 35.96
				}
			,{
				"<=msec": 5.000
				,"percent": 39.52
				}
			,{
				"<=msec": 5.100
				,"percent": 42.87
				}
			,{
				"<=msec": 5.200
				,"percent": 46.32
				}
			,{
				"<=msec": 5.300
				,"percent": 49.54
				}
			,{
				"<=msec": 5.400
				,"percent": 52.48
				}
			,{
				"<=msec": 5.500
				,"percent": 54.54
				}
			,{
				"<=msec": 5.600
				,"percent": 56.91
				}
			,{
				"<=msec": 5.700
				,"percent": 58.84
				}
			,{
				"<=msec": 5.800
				,"percent": 60.72
				}
			,{
				"<=msec": 5.900
				,"percent": 62.39
				}
			,{
				"<=msec": 6.000
				,"percent": 63.88
				}
			,{
				"<=msec": 6.100
				,"percent": 65.13
				}
			,{
				"<=msec": 6.200
				,"percent": 66.19
				}
			,{
				"<=msec": 6.300
				,"percent": 67.27
				}
			,{
				"<=msec": 6.400
				,"percent": 68.11
				}
			,{
				"<=msec": 6.500
				,"percent": 68.89
				}
			,{
				"<=msec": 6.600
				,"percent": 69.70
				}
			,{
				"<=msec": 6.700
				,"percent": 70.60
				}
			,{
				"<=msec": 6.800
				,"percent": 71.38
				}
			,{
				"<=msec": 6.900
				,"percent": 72.04
				}
			,{
				"<=msec": 7.000
				,"percent": 72.74
				}
			,{
				"<=msec": 7.100
				,"percent": 73.37
				}
			,{
				"<=msec": 7.200
				,"percent": 73.96
				}
			,{
				"<=msec": 7.300
				,"percent": 74.45
				}
			,{
				"<=msec": 7.400
				,"percent": 74.99
				}
			,{
				"<=msec": 7.500
				,"percent": 75.53
				}
			,{
				"<=msec": 7.600
				,"percent": 76.04
				}
			,{
				"<=msec": 7.700
				,"percent": 76.60
				}
			,{
				"<=msec": 7.800
				,"percent": 77.12
				}
			,{
				"<=msec": 7.900
				,"percent": 77.50
				}
			,{
				"<=msec": 8.000
				,"percent": 78.06
				}
			,{
				"<=msec": 8.100
				,"percent": 78.48
				}
			,{
				"<=msec": 8.200
				,"percent": 78.84
				}
			,{
				"<=msec": 8.300
				,"percent": 79.24
				}
			,{
				"<=msec": 8.400
				,"percent": 79.75
				}
			,{
				"<=msec": 8.500
				,"percent": 80.16
				}
			,{
				"<=msec": 8.600
				,"percent": 80.48
				}
			,{
				"<=msec": 8.700
				,"percent": 80.96
				}
			,{
				"<=msec": 8.800
				,"percent": 81.34
				}
			,{
				"<=msec": 8.900
				,"percent": 81.79
				}
			,{
				"<=msec": 9.000
				,"percent": 82.08
				}
			,{
				"<=msec": 9.100
				,"percent": 82.48
				}
			,{
				"<=msec": 9.200
				,"percent": 82.95
				}
			,{
				"<=msec": 9.300
				,"percent": 83.55
				}
			,{
				"<=msec": 9.400
				,"percent": 84.03
				}
			,{
				"<=msec": 9.500
				,"percent": 84.38
				}
			,{
				"<=msec": 9.600
				,"percent": 84.81
				}
			,{
				"<=msec": 9.700
				,"percent": 85.24
				}
			,{
				"<=msec": 9.800
				,"percent": 85.81
				}
			,{
				"<=msec": 9.900
				,"percent": 86.27
				}
			,{
				"<=msec": 10.000
				,"percent": 89.09
				}
			,{
				"<=msec": 11.000
				,"percent": 93.35
				}
			,{
				"<=msec": 12.000
				,"percent": 96.02
				}
			,{
				"<=msec": 13.000
				,"percent": 97.64
				}
			,{
				"<=msec": 14.000
				,"percent": 98.43
				}
			,{
				"<=msec": 15.000
				,"percent": 98.79
				}
			,{
				"<=msec": 16.000
				,"percent": 98.95
				}
			,{
				"<=msec": 17.000
				,"percent": 99.08
				}
			,{
				"<=msec": 18.000
				,"percent": 99.20
				}
			,{
				"<=msec": 19.000
				,"percent": 99.30
				}
			,{
				"<=msec": 20.000
				,"percent": 99.36
				}
			,{
				"<=msec": 21.000
				,"percent": 99.43
				}
			,{
				"<=msec": 22.000
				,"percent": 99.51
				}
			,{
				"<=msec": 23.000
				,"percent": 99.54
				}
			,{
				"<=msec": 24.000
				,"percent": 99.59
				}
			,{
				"<=msec": 25.000
				,"percent": 99.63
				}
			,{
				"<=msec": 26.000
				,"percent": 99.67
				}
			,{
				"<=msec": 27.000
				,"percent": 99.70
				}
			,{
				"<=msec": 28.000
				,"percent": 99.71
				}
			,{
				"<=msec": 29.000
				,"percent": 99.74
				}
			,{
				"<=msec": 30.000
				,"percent": 99.76
				}
			,{
				"<=msec": 31.000
				,"percent": 99.81
				}
			,{
				"<=msec": 32.000
				,"percent": 99.84
				}
			,{
				"<=msec": 33.000
				,"percent": 99.88
				}
			,{
				"<=msec": 35.000
				,"percent": 99.89
				}
			,{
				"<=msec": 36.000
				,"percent": 99.91
				}
			,{
				"<=msec": 37.000
				,"percent": 99.93
				}
			,{
				"<=msec": 38.000
				,"percent": 99.94
				}
			,{
				"<=msec": 41.000
				,"percent": 99.97
				}
			,{
				"<=msec": 43.000
				,"percent": 99.99
				}
			,{
				"<=msec": 47.000
				,"percent": 100.00
				}
			]
		,"WAIT":[
		]
		}
	}
