{
	"configuration":{
		"server": "10.0.0.8"
		,"port": 6379
		,"unix socket": "(null)"
		,"protocol": "memcache_text"
		,"out_file": "(null)"
		,"client_stats": "(null)"
		,"run_count": 1
		,"debug": 0
		,"requests": 0
		,"clients": 2
		,"threads": 1
		,"test_time": 75
		,"ratio": "1:3"
		,"pipeline": 1
		,"data_size": 1024
		,"data_offset": 0
		,"random_data": "false"
		,"data_size_range": "0:0"
		,"data_size_list": ""
		,"data_size_pattern": "R"
		,"expiry_range": "9999:10000"
		,"data_import": "(null)"
		,"data_verify": "false"
		,"verify_only": "false"
		,"generate_keys": "false"
		,"key_prefix": "memtier-"
		,"key_minimum":           0
		,"key_maximum":       10000
		,"key_pattern": "R:R"
		,"key_stddev": 0.000000
		,"key_median": 0.000000
		,"reconnect_interval": 0
		,"multi_key_get": 3
		,"authenticate": ""
		,"select-db": 0
		,"no-expiry": "false"
		,"wait-ratio": "0:0"
		,"num-slaves": "0:0"
		,"wait-timeout": "0-0"
		}
	,"run information":{
		"Threads": 1
		,"Connections per thread": 2
		,"Seconds": 75
		}
	,"ALL STATS":{
		"Sets":{
			"Ops/sec": 269.18
			,"Hits/sec": 0.00
			,"Misses/sec": 0.00
			,"Latency": 4.23
			,"KB/sec": 279.80
			}
		,"Gets":{
			"Ops/sec": 269.17
			,"Hits/sec": 807.51
			,"Misses/sec": 0.00
			,"Latency": 3.18
			,"KB/sec": 843.08
			}
		,"Waits":{
			"Ops/sec": 0.00
			,"Hits/sec": 0.00
			,"Misses/sec": 0.00
			,"Latency": 0.00
			,"KB/sec": 0.00
			}
		,"Totals":{
			"Ops/sec": 538.35
			,"Hits/sec": 807.51
			,"Misses/sec": 0.00
			,"Latency": 3.70
			,"KB/sec": 1122.88
			}
		,"SET":[
			{
				"<=msec": 0.760
				,"percent": 0.00
				}
			,{
				"<=msec": 0.810
				,"percent": 0.01
				}
			,{
				"<=msec": 0.860
				,"percent": 0.02
				}
			,{
				"<=msec": 0.870
				,"percent": 0.03
				}
			,{
				"<=msec": 0.890
				,"percent": 0.05
				}
			,{
				"<=msec": 0.900
				,"percent": 0.06
				}
			,{
				"<=msec": 0.910
				,"percent": 0.08
				}
			,{
				"<=msec": 0.920
				,"percent": 0.11
				}
			,{
				"<=msec": 0.930
				,"percent": 0.13
				}
			,{
				"<=msec": 0.940
				,"percent": 0.16
				}
			,{
				"<=msec": 0.950
				,"percent": 0.18
				}
			,{
				"<=msec": 0.960
				,"percent": 0.20
				}
			,{
				"<=msec": 0.970
				,"percent": 0.24
				}
			,{
				"<=msec": 0.980
				,"percent": 0.32
				}
			,{
				"<=msec": 0.990
				,"percent": 0.39
				}
			,{
				"<=msec": 1.000
				,"percent": 1.00
				}
			,{
				"<=msec": 1.100
				,"percent": 2.91
				}
			,{
				"<=msec": 1.200
				,"percent": 6.14
				}
			,{
				"<=msec": 1.300
				,"percent": 9.96
				}
			,{
				"<=msec": 1.400
				,"percent": 14.08
				}
			,{
				"<=msec": 1.500
				,"percent": 18.46
				}
			,{
				"<=msec": 1.600
				,"percent": 22.36
				}
			,{
				"<=msec": 1.700
				,"percent": 26.48
				}
			,{
				"<=msec": 1.800
				,"percent": 30.18
				}
			,{
				"<=msec": 1.900
				,"percent": 33.60
				}
			,{
				"<=msec": 2.000
				,"percent": 36.49
				}
			,{
				"<=msec": 2.100
				,"percent": 38.97
				}
			,{
				"<=msec": 2.200
				,"percent": 41.30
				}
			,{
				"<=msec": 2.300
				,"percent": 43.45
				}
			,{
				"<=msec": 2.400
				,"percent": 45.14
				}
			,{
				"<=msec": 2.500
				,"percent": 46.83
				}
			,{
				"<=msec": 2.600
				,"percent": 48.27
				}
			,{
				"<=msec": 2.700
				,"percent": 49.58
				}
			,{
				"<=msec": 2.800
				,"percent": 50.73
				}
			,{
				"<=msec": 2.900
				,"percent": 51.81
				}
			,{
				"<=msec": 3.000
				,"percent": 52.76
				}
			,{
				"<=msec": 3.100
				,"percent": 53.64
				}
			,{
				"<=msec": 3.200
				,"percent": 54.44
				}
			,{
				"<=msec": 3.300
				,"percent": 55.23
				}
			,{
				"<=msec": 3.400
				,"percent": 55.88
				}
			,{
				"<=msec": 3.500
				,"percent": 56.51
				}
			,{
				"<=msec": 3.600
				,"percent": 57.17
				}
			,{
				"<=msec": 3.700
				,"percent": 57.84
				}
			,{
				"<=msec": 3.800
				,"percent": 58.48
				}
			,{
				"<=msec": 3.900
				,"percent": 59.13
				}
			,{
				"<=msec": 4.000
				,"percent": 59.68
				}
			,{
				"<=msec": 4.100
				,"percent": 60.32
				}
			,{
				"<=msec": 4.200
				,"percent": 60.85
				}
			,{
				"<=msec": 4.300
				,"percent": 61.50
				}
			,{
				"<=msec": 4.400
				,"percent": 62.06
				}
			,{
				"<=msec": 4.500
				,"percent": 62.71
				}
			,{
				"<=msec": 4.600
				,"percent": 63.22
				}
			,{
				"<=msec": 4.700
				,"percent": 63.77
				}
			,{
				"<=msec": 4.800
				,"percent": 64.33
				}
			,{
				"<=msec": 4.900
				,"percent": 64.90
				}
			,{
				"<=msec": 5.000
				,"percent": 65.52
				}
			,{
				"<=msec": 5.100
				,"percent": 66.14
				}
			,{
				"<=msec": 5.200
				,"percent": 66.68
				}
			,{
				"<=msec": 5.300
				,"percent": 67.35
				}
			,{
				"<=msec": 5.400
				,"percent": 68.06
				}
			,{
				"<=msec": 5.500
				,"percent": 68.73
				}
			,{
				"<=msec": 5.600
				,"percent": 69.31
				}
			,{
				"<=msec": 5.700
				,"percent": 69.93
				}
			,{
				"<=msec": 5.800
				,"percent": 70.76
				}
			,{
				"<=msec": 5.900
				,"percent": 71.46
				}
			,{
				"<=msec": 6.000
				,"percent": 72.30
				}
			,{
				"<=msec": 6.100
				,"percent": 73.17
				}
			,{
				"<=msec": 6.200
				,"percent": 74.03
				}
			,{
				"<=msec": 6.300
				,"percent": 74.89
				}
			,{
				"<=msec": 6.400
				,"percent": 75.61
				}
			,{
				"<=msec": 6.500
				,"percent": 76.61
				}
			,{
				"<=msec": 6.600
				,"percent": 77.67
				}
			,{
				"<=msec": 6.700
				,"percent": 78.62
				}
			,{
				"<=msec": 6.800
				,"percent": 79.65
				}
			,{
				"<=msec": 6.900
				,"percent": 80.69
				}
			,{
				"<=msec": 7.000
				,"percent": 81.75
				}
			,{
				"<=msec": 7.100
				,"percent": 82.85
				}
			,{
				"<=msec": 7.200
				,"percent": 83.76
				}
			,{
				"<=msec": 7.300
				,"percent": 84.77
				}
			,{
				"<=msec": 7.400
				,"percent": 85.69
				}
			,{
				"<=msec": 7.500
				,"percent": 86.59
				}
			,{
				"<=msec": 7.600
				,"percent": 87.51
				}
			,{
				"<=msec": 7.700
				,"percent": 88.28
				}
			,{
				"<=msec": 7.800
				,"percent": 89.00
				}
			,{
				"<=msec": 7.900
				,"percent": 89.63
				}
			,{
				"<=msec": 8.000
				,"percent": 90.33
				}
			,{
				"<=msec": 8.100
				,"percent": 90.93
				}
			,{
				"<=msec": 8.200
				,"percent": 91.44
				}
			,{
				"<=msec": 8.300
				,"percent": 91.94
				}
			,{
				"<=msec": 8.400
				,"percent": 92.43
				}
			,{
				"<=msec": 8.500
				,"percent": 92.89
				}
			,{
				"<=msec": 8.600
				,"percent": 93.29
				}
			,{
				"<=msec": 8.700
				,"percent": 93.68
				}
			,{
				"<=msec": 8.800
				,"percent": 94.02
				}
			,{
				"<=msec": 8.900
				,"percent": 94.37
				}
			,{
				"<=msec": 9.000
				,"percent": 94.68
				}
			,{
				"<=msec": 9.100
				,"percent": 94.94
				}
			,{
				"<=msec": 9.200
				,"percent": 95.20
				}
			,{
				"<=msec": 9.300
				,"percent": 95.48
				}
			,{
				"<=msec": 9.400
				,"percent": 95.75
				}
			,{
				"<=msec": 9.500
				,"percent": 96.02
				}
			,{
				"<=msec": 9.600
				,"percent": 96.19
				}
			,{
				"<=msec": 9.700
				,"percent": 96.42
				}
			,{
				"<=msec": 9.800
				,"percent": 96.57
				}
			,{
				"<=msec": 9.900
				,"percent": 96.68
				}
			,{
				"<=msec": 10.000
				,"percent": 97.26
				}
			,{
				"<=msec": 11.000
				,"percent": 97.89
				}
			,{
				"<=msec": 12.000
				,"percent": 98.27
				}
			,{
				"<=msec": 13.000
				,"percent": 98.46
				}
			,{
				"<=msec": 14.000
				,"percent": 98.55
				}
			,{
				"<=msec": 15.000
				,"percent": 98.64
				}
			,{
				"<=msec": 16.000
				,"percent": 98.77
				}
			,{
				"<=msec": 17.000
				,"percent": 98.86
				}
			,{
				"<=msec": 18.000
				,"percent": 98.95
				}
			,{
				"<=msec": 19.000
				,"percent": 99.06
				}
			,{
				"<=msec": 20.000
				,"percent": 99.13
				}
			,{
				"<=msec": 21.000
				,"percent": 99.20
				}
			,{
				"<=msec": 22.000
				,"percent": 99.24
				}
			,{
				"<=msec": 23.000
				,"percent": 99.32
				}
			,{
				"<=msec": 24.000
				,"percent": 99.40
				}
			,{
				"<=msec": 25.000
				,"percent": 99.51
				}
			,{
				"<=msec": 26.000
				,"percent": 99.55
				}
			,{
				"<=msec": 27.000
				,"percent": 99.67
				}
			,{
				"<=msec": 28.000
				,"percent": 99.72
				}
			,{
				"<=msec": 29.000
				,"percent": 99.74
				}
			,{
				"<=msec": 30.000
				,"percent": 99.78
				}
			,{
				"<=msec": 31.000
				,"percent": 99.79
				}
			,{
				"<=msec": 32.000
				,"percent": 99.84
				}
			,{
				"<=msec": 33.000
				,"percent": 99.87
				}
			,{
				"<=msec": 34.000
				,"percent": 99.89
				}
			,{
				"<=msec": 35.000
				,"percent": 99.92
				}
			,{
				"<=msec": 36.000
				,"percent": 99.94
				}
			,{
				"<=msec": 37.000
				,"percent": 99.96
				}
			,{
				"<=msec": 38.000
				,"percent": 99.98
				}
			,{
				"<=msec": 39.000
				,"percent": 99.99
				}
			,{
				"<=msec": 40.000
				,"percent": 100.00
				}
			,{
				"<=msec": 43.000
				,"percent": 100.00
				}
			]
		,"GET":[
			{
				"<=msec": 0.790
				,"percent": 0.00
				}
			,{
				"<=msec": 0.830
				,"percent": 0.01
				}
			,{
				"<=msec": 0.840
				,"percent": 0.01
				}
			,{
				"<=msec": 0.850
				,"percent": 0.02
				}
			,{
				"<=msec": 0.870
				,"percent": 0.02
				}
			,{
				"<=msec": 0.880
				,"percent": 0.04
				}
			,{
				"<=msec": 0.890
				,"percent": 0.07
				}
			,{
				"<=msec": 0.900
				,"percent": 0.09
				}
			,{
				"<=msec": 0.910
				,"percent": 0.12
				}
			,{
				"<=msec": 0.920
				,"percent": 0.15
				}
			,{
				"<=msec": 0.930
				,"percent": 0.21
				}
			,{
				"<=msec": 0.940
				,"percent": 0.26
				}
			,{
				"<=msec": 0.950
				,"percent": 0.33
				}
			,{
				"<=msec": 0.960
				,"percent": 0.39
				}
			,{
				"<=msec": 0.970
				,"percent": 0.46
				}
			,{
				"<=msec": 0.980
				,"percent": 0.55
				}
			,{
				"<=msec": 0.990
				,"percent": 0.65
				}
			,{
				"<=msec": 1.000
				,"percent": 1.43
				}
			,{
				"<=msec": 1.100
				,"percent": 3.93
				}
			,{
				"<=msec": 1.200
				,"percent": 7.59
				}
			,{
				"<=msec": 1.300
				,"percent": 11.93
				}
			,{
				"<=msec": 1.400
				,"percent": 16.84
				}
			,{
				"<=msec": 1.500
				,"percent": 21.94
				}
			,{
				"<=msec": 1.600
				,"percent": 27.39
				}
			,{
				"<=msec": 1.700
				,"percent": 33.28
				}
			,{
				"<=msec": 1.800
				,"percent": 38.46
				}
			,{
				"<=msec": 1.900
				,"percent": 43.61
				}
			,{
				"<=msec": 2.000
				,"percent": 48.23
				}
			,{
				"<=msec": 2.100
				,"percent": 52.68
				}
			,{
				"<=msec": 2.200
				,"percent": 56.24
				}
			,{
				"<=msec": 2.300
				,"percent": 59.40
				}
			,{
				"<=msec": 2.400
				,"percent": 61.99
				}
			,{
				"<=msec": 2.500
				,"percent": 64.57
				}
			,{
				"<=msec": 2.600
				,"percent": 66.46
				}
			,{
				"<=msec": 2.700
				,"percent": 68.36
				}
			,{
				"<=msec": 2.800
				,"percent": 70.00
				}
			,{
				"<=msec": 2.900
				,"percent": 71.34
				}
			,{
				"<=msec": 3.000
				,"percent": 72.52
				}
			,{
				"<=msec": 3.100
				,"percent": 73.53
				}
			,{
				"<=msec": 3.200
				,"percent": 74.52
				}
			,{
				"<=msec": 3.300
				,"percent": 75.38
				}
			,{
				"<=msec": 3.400
				,"percent": 75.99
				}
			,{
				"<=msec": 3.500
				,"percent": 76.64
				}
			,{
				"<=msec": 3.600
				,"percent": 77.35
				}
			,{
				"<=msec": 3.700
				,"percent": 77.87
				}
			,{
				"<=msec": 3.800
				,"percent": 78.38
				}
			,{
				"<=msec": 3.900
				,"percent": 78.84
				}
			,{
				"<=msec": 4.000
				,"percent": 79.36
				}
			,{
				"<=msec": 4.100
				,"percent": 79.71
				}
			,{
				"<=msec": 4.200
				,"percent": 80.04
				}
			,{
				"<=msec": 4.300
				,"percent": 80.33
				}
			,{
				"<=msec": 4.400
				,"percent": 80.62
				}
			,{
				"<=msec": 4.500
				,"percent": 80.98
				}
			,{
				"<=msec": 4.600
				,"percent": 81.21
				}
			,{
				"<=msec": 4.700
				,"percent": 81.51
				}
			,{
				"<=msec": 4.800
				,"percent": 81.78
				}
			,{
				"<=msec": 4.900
				,"percent": 82.01
				}
			,{
				"<=msec": 5.000
				,"percent": 82.22
				}
			,{
				"<=msec": 5.100
				,"percent": 82.45
				}
			,{
				"<=msec": 5.200
				,"percent": 82.66
				}
			,{
				"<=msec": 5.300
				,"percent": 82.89
				}
			,{
				"<=msec": 5.400
				,"percent": 83.16
				}
			,{
				"<=msec": 5.500
				,"percent": 83.37
				}
			,{
				"<=msec": 5.600
				,"percent": 83.59
				}
			,{
				"<=msec": 5.700
				,"percent": 83.91
				}
			,{
				"<=msec": 5.800
				,"percent": 84.11
				}
			,{
				"<=msec": 5.900
				,"percent": 84.39
				}
			,{
				"<=msec": 6.000
				,"percent": 84.62
				}
			,{
				"<=msec": 6.100
				,"percent": 84.84
				}
			,{
				"<=msec": 6.200
				,"percent": 85.13
				}
			,{
				"<=msec": 6.300
				,"percent": 85.36
				}
			,{
				"<=msec": 6.400
				,"percent": 85.60
				}
			,{
				"<=msec": 6.500
				,"percent": 85.88
				}
			,{
				"<=msec": 6.600
				,"percent": 86.27
				}
			,{
				"<=msec": 6.700
				,"percent": 86.61
				}
			,{
				"<=msec": 6.800
				,"percent": 86.95
				}
			,{
				"<=msec": 6.900
				,"percent": 87.36
				}
			,{
				"<=msec": 7.000
				,"percent": 87.87
				}
			,{
				"<=msec": 7.100
				,"percent": 88.36
				}
			,{
				"<=msec": 7.200
				,"percent": 88.75
				}
			,{
				"<=msec": 7.300
				,"percent": 89.29
				}
			,{
				"<=msec": 7.400
				,"percent": 89.77
				}
			,{
				"<=msec": 7.500
				,"percent": 90.22
				}
			,{
				"<=msec": 7.600
				,"percent": 90.76
				}
			,{
				"<=msec": 7.700
				,"percent": 91.21
				}
			,{
				"<=msec": 7.800
				,"percent": 91.68
				}
			,{
				"<=msec": 7.900
				,"percent": 92.14
				}
			,{
				"<=msec": 8.000
				,"percent": 92.70
				}
			,{
				"<=msec": 8.100
				,"percent": 93.08
				}
			,{
				"<=msec": 8.200
				,"percent": 93.53
				}
			,{
				"<=msec": 8.300
				,"percent": 93.97
				}
			,{
				"<=msec": 8.400
				,"percent": 94.29
				}
			,{
				"<=msec": 8.500
				,"percent": 94.63
				}
			,{
				"<=msec": 8.600
				,"percent": 94.99
				}
			,{
				"<=msec": 8.700
				,"percent": 95.29
				}
			,{
				"<=msec": 8.800
				,"percent": 95.53
				}
			,{
				"<=msec": 8.900
				,"percent": 95.81
				}
			,{
				"<=msec": 9.000
				,"percent": 96.07
				}
			,{
				"<=msec": 9.100
				,"percent": 96.29
				}
			,{
				"<=msec": 9.200
				,"percent": 96.50
				}
			,{
				"<=msec": 9.300
				,"percent": 96.64
				}
			,{
				"<=msec": 9.400
				,"percent": 96.83
				}
			,{
				"<=msec": 9.500
				,"percent": 97.01
				}
			,{
				"<=msec": 9.600
				,"percent": 97.18
				}
			,{
				"<=msec": 9.700
				,"percent": 97.34
				}
			,{
				"<=msec": 9.800
				,"percent": 97.48
				}
			,{
				"<=msec": 9.900
				,"percent": 97.61
				}
			,{
				"<=msec": 10.000
				,"percent": 98.26
				}
			,{
				"<=msec": 11.000
				,"percent": 98.92
				}
			,{
				"<=msec": 12.000
				,"percent": 99.27
				}
			,{
				"<=msec": 13.000
				,"percent": 99.39
				}
			,{
				"<=msec": 14.000
				,"percent": 99.47
				}
			,{
				"<=msec": 15.000
				,"percent": 99.53
				}
			,{
				"<=msec": 16.000
				,"percent": 99.56
				}
			,{
				"<=msec": 17.000
				,"percent": 99.63
				}
			,{
				"<=msec": 18.000
				,"percent": 99.69
				}
			,{
				"<=msec": 19.000
				,"percent": 99.74
				}
			,{
				"<=msec": 20.000
				,"percent": 99.77
				}
			,{
				"<=msec": 21.000
				,"percent": 99.80
				}
			,{
				"<=msec": 22.000
				,"percent": 99.84
				}
			,{
				"<=msec": 23.000
				,"percent": 99.87
				}
			,{
				"<=msec": 24.000
				,"percent": 99.90
				}
			,{
				"<=msec": 25.000
				,"percent": 99.91
				}
			,{
				"<=msec": 27.000
				,"percent": 99.93
				}
			,{
				"<=msec": 28.000
				,"percent": 99.93
				}
			,{
				"<=msec": 29.000
				,"percent": 99.95
				}
			,{
				"<=msec": 30.000
				,"percent": 99.97
				}
			,{
				"<=msec": 31.000
				,"percent": 99.99
				}
			,{
				"<=msec": 32.000
				,"percent": 100.00
				}
			,{
				"<=msec": 46.000
				,"percent": 100.00
				}
			]
		,"WAIT":[
		]
		}
	}
