{
	"configuration":{
		"server": "10.0.0.8"
		,"port": 6379
		,"unix socket": "(null)"
		,"protocol": "memcache_text"
		,"out_file": "(null)"
		,"client_stats": "(null)"
		,"run_count": 1
		,"debug": 0
		,"requests": 0
		,"clients": 32
		,"threads": 1
		,"test_time": 75
		,"ratio": "1:1"
		,"pipeline": 1
		,"data_size": 1024
		,"data_offset": 0
		,"random_data": "false"
		,"data_size_range": "0:0"
		,"data_size_list": ""
		,"data_size_pattern": "R"
		,"expiry_range": "9999:10000"
		,"data_import": "(null)"
		,"data_verify": "false"
		,"verify_only": "false"
		,"generate_keys": "false"
		,"key_prefix": "memtier-"
		,"key_minimum":           0
		,"key_maximum":       10000
		,"key_pattern": "R:R"
		,"key_stddev": 0.000000
		,"key_median": 0.000000
		,"reconnect_interval": 0
		,"multi_key_get": 0
		,"authenticate": ""
		,"select-db": 0
		,"no-expiry": "false"
		,"wait-ratio": "0:0"
		,"num-slaves": "0:0"
		,"wait-timeout": "0-0"
		}
	,"run information":{
		"Threads": 1
		,"Connections per thread": 32
		,"Seconds": 75
		}
	,"ALL STATS":{
		"Sets":{
			"Ops/sec": 266.08
			,"Hits/sec": 0.00
			,"Misses/sec": 0.00
			,"Latency": 60.29
			,"KB/sec": 276.59
			}
		,"Gets":{
			"Ops/sec": 265.87
			,"Hits/sec": 265.87
			,"Misses/sec": 0.00
			,"Latency": 60.00
			,"KB/sec": 279.33
			}
		,"Waits":{
			"Ops/sec": 0.00
			,"Hits/sec": 0.00
			,"Misses/sec": 0.00
			,"Latency": 0.00
			,"KB/sec": 0.00
			}
		,"Totals":{
			"Ops/sec": 531.95
			,"Hits/sec": 265.87
			,"Misses/sec": 0.00
			,"Latency": 60.15
			,"KB/sec": 555.92
			}
		,"SET":[
			{
				"<=msec": 19.000
				,"percent": 0.01
				}
			,{
				"<=msec": 20.000
				,"percent": 0.03
				}
			,{
				"<=msec": 21.000
				,"percent": 0.06
				}
			,{
				"<=msec": 22.000
				,"percent": 0.10
				}
			,{
				"<=msec": 23.000
				,"percent": 0.21
				}
			,{
				"<=msec": 24.000
				,"percent": 0.31
				}
			,{
				"<=msec": 25.000
				,"percent": 0.53
				}
			,{
				"<=msec": 26.000
				,"percent": 0.91
				}
			,{
				"<=msec": 27.000
				,"percent": 1.41
				}
			,{
				"<=msec": 28.000
				,"percent": 1.98
				}
			,{
				"<=msec": 29.000
				,"percent": 2.45
				}
			,{
				"<=msec": 30.000
				,"percent": 2.81
				}
			,{
				"<=msec": 31.000
				,"percent": 3.09
				}
			,{
				"<=msec": 32.000
				,"percent": 3.31
				}
			,{
				"<=msec": 33.000
				,"percent": 3.66
				}
			,{
				"<=msec": 34.000
				,"percent": 4.21
				}
			,{
				"<=msec": 35.000
				,"percent": 4.77
				}
			,{
				"<=msec": 36.000
				,"percent": 5.44
				}
			,{
				"<=msec": 37.000
				,"percent": 6.13
				}
			,{
				"<=msec": 38.000
				,"percent": 6.86
				}
			,{
				"<=msec": 39.000
				,"percent": 7.28
				}
			,{
				"<=msec": 40.000
				,"percent": 7.74
				}
			,{
				"<=msec": 41.000
				,"percent": 8.21
				}
			,{
				"<=msec": 42.000
				,"percent": 8.57
				}
			,{
				"<=msec": 43.000
				,"percent": 8.94
				}
			,{
				"<=msec": 44.000
				,"percent": 9.36
				}
			,{
				"<=msec": 45.000
				,"percent": 9.86
				}
			,{
				"<=msec": 46.000
				,"percent": 10.30
				}
			,{
				"<=msec": 47.000
				,"percent": 10.71
				}
			,{
				"<=msec": 48.000
				,"percent": 11.08
				}
			,{
				"<=msec": 49.000
				,"percent": 11.50
				}
			,{
				"<=msec": 50.000
				,"percent": 12.35
				}
			,{
				"<=msec": 51.000
				,"percent": 14.36
				}
			,{
				"<=msec": 52.000
				,"percent": 17.06
				}
			,{
				"<=msec": 53.000
				,"percent": 20.76
				}
			,{
				"<=msec": 54.000
				,"percent": 24.72
				}
			,{
				"<=msec": 55.000
				,"percent": 29.02
				}
			,{
				"<=msec": 56.000
				,"percent": 33.45
				}
			,{
				"<=msec": 57.000
				,"percent": 38.58
				}
			,{
				"<=msec": 58.000
				,"percent": 43.89
				}
			,{
				"<=msec": 59.000
				,"percent": 48.83
				}
			,{
				"<=msec": 60.000
				,"percent": 53.99
				}
			,{
				"<=msec": 61.000
				,"percent": 58.72
				}
			,{
				"<=msec": 62.000
				,"percent": 63.25
				}
			,{
				"<=msec": 63.000
				,"percent": 66.93
				}
			,{
				"<=msec": 64.000
				,"percent": 70.51
				}
			,{
				"<=msec": 65.000
				,"percent": 73.62
				}
			,{
				"<=msec": 66.000
				,"percent": 76.29
				}
			,{
				"<=msec": 67.000
				,"percent": 78.78
				}
			,{
				"<=msec": 68.000
				,"percent": 80.69
				}
			,{
				"<=msec": 69.000
				,"percent": 82.71
				}
			,{
				"<=msec": 70.000
				,"percent": 84.33
				}
			,{
				"<=msec": 71.000
				,"percent": 85.77
				}
			,{
				"<=msec": 72.000
				,"percent": 87.39
				}
			,{
				"<=msec": 73.000
				,"percent": 88.68
				}
			,{
				"<=msec": 74.000
				,"percent": 89.69
				}
			,{
				"<=msec": 75.000
				,"percent": 90.55
				}
			,{
				"<=msec": 76.000
				,"percent": 91.47
				}
			,{
				"<=msec": 77.000
				,"percent": 92.28
				}
			,{
				"<=msec": 78.000
				,"percent": 93.12
				}
			,{
				"<=msec": 79.000
				,"percent": 93.89
				}
			,{
				"<=msec": 80.000
				,"percent": 94.37
				}
			,{
				"<=msec": 81.000
				,"percent": 94.94
				}
			,{
				"<=msec": 82.000
				,"percent": 95.41
				}
			,{
				"<=msec": 83.000
				,"percent": 95.90
				}
			,{
				"<=msec": 84.000
				,"percent": 96.30
				}
			,{
				"<=msec": 85.000
				,"percent": 96.73
				}
			,{
				"<=msec": 86.000
				,"percent": 97.23
				}
			,{
				"<=msec": 87.000
				,"percent": 97.60
				}
			,{
				"<=msec": 88.000
				,"percent": 97.83
				}
			,{
				"<=msec": 89.000
				,"percent": 98.02
				}
			,{
				"<=msec": 90.000
				,"percent": 98.28
				}
			,{
				"<=msec": 91.000
				,"percent": 98.59
				}
			,{
				"<=msec": 92.000
				,"percent": 98.85
				}
			,{
				"<=msec": 93.000
				,"percent": 99.08
				}
			,{
				"<=msec": 94.000
				,"percent": 99.20
				}
			,{
				"<=msec": 95.000
				,"percent": 99.27
				}
			,{
				"<=msec": 96.000
				,"percent": 99.35
				}
			,{
				"<=msec": 97.000
				,"percent": 99.42
				}
			,{
				"<=msec": 98.000
				,"percent": 99.46
				}
			,{
				"<=msec": 99.000
				,"percent": 99.54
				}
			,{
				"<=msec": 100.000
				,"percent": 99.67
				}
			,{
				"<=msec": 110.000
				,"percent": 99.72
				}
			,{
				"<=msec": 120.000
				,"percent": 99.76
				}
			,{
				"<=msec": 130.000
				,"percent": 99.79
				}
			,{
				"<=msec": 140.000
				,"percent": 99.81
				}
			,{
				"<=msec": 150.000
				,"percent": 99.82
				}
			,{
				"<=msec": 160.000
				,"percent": 99.92
				}
			,{
				"<=msec": 220.000
				,"percent": 99.92
				}
			,{
				"<=msec": 260.000
				,"percent": 99.97
				}
			,{
				"<=msec": 270.000
				,"percent": 100.00
				}
			]
		,"GET":[
			{
				"<=msec": 19.000
				,"percent": 0.02
				}
			,{
				"<=msec": 20.000
				,"percent": 0.05
				}
			,{
				"<=msec": 21.000
				,"percent": 0.07
				}
			,{
				"<=msec": 22.000
				,"percent": 0.11
				}
			,{
				"<=msec": 23.000
				,"percent": 0.17
				}
			,{
				"<=msec": 24.000
				,"percent": 0.29
				}
			,{
				"<=msec": 25.000
				,"percent": 0.61
				}
			,{
				"<=msec": 26.000
				,"percent": 1.05
				}
			,{
				"<=msec": 27.000
				,"percent": 1.54
				}
			,{
				"<=msec": 28.000
				,"percent": 2.01
				}
			,{
				"<=msec": 29.000
				,"percent": 2.44
				}
			,{
				"<=msec": 30.000
				,"percent": 2.82
				}
			,{
				"<=msec": 31.000
				,"percent": 3.11
				}
			,{
				"<=msec": 32.000
				,"percent": 3.39
				}
			,{
				"<=msec": 33.000
				,"percent": 3.81
				}
			,{
				"<=msec": 34.000
				,"percent": 4.58
				}
			,{
				"<=msec": 35.000
				,"percent": 5.28
				}
			,{
				"<=msec": 36.000
				,"percent": 5.85
				}
			,{
				"<=msec": 37.000
				,"percent": 6.26
				}
			,{
				"<=msec": 38.000
				,"percent": 6.71
				}
			,{
				"<=msec": 39.000
				,"percent": 7.05
				}
			,{
				"<=msec": 40.000
				,"percent": 7.34
				}
			,{
				"<=msec": 41.000
				,"percent": 7.64
				}
			,{
				"<=msec": 42.000
				,"percent": 8.13
				}
			,{
				"<=msec": 43.000
				,"percent": 8.74
				}
			,{
				"<=msec": 44.000
				,"percent": 9.31
				}
			,{
				"<=msec": 45.000
				,"percent": 9.93
				}
			,{
				"<=msec": 46.000
				,"percent": 10.52
				}
			,{
				"<=msec": 47.000
				,"percent": 10.95
				}
			,{
				"<=msec": 48.000
				,"percent": 11.40
				}
			,{
				"<=msec": 49.000
				,"percent": 11.95
				}
			,{
				"<=msec": 50.000
				,"percent": 13.07
				}
			,{
				"<=msec": 51.000
				,"percent": 15.48
				}
			,{
				"<=msec": 52.000
				,"percent": 18.52
				}
			,{
				"<=msec": 53.000
				,"percent": 21.86
				}
			,{
				"<=msec": 54.000
				,"percent": 25.62
				}
			,{
				"<=msec": 55.000
				,"percent": 29.75
				}
			,{
				"<=msec": 56.000
				,"percent": 34.43
				}
			,{
				"<=msec": 57.000
				,"percent": 39.57
				}
			,{
				"<=msec": 58.000
				,"percent": 44.85
				}
			,{
				"<=msec": 59.000
				,"percent": 50.06
				}
			,{
				"<=msec": 60.000
				,"percent": 54.84
				}
			,{
				"<=msec": 61.000
				,"percent": 59.47
				}
			,{
				"<=msec": 62.000
				,"percent": 63.87
				}
			,{
				"<=msec": 63.000
				,"percent": 67.52
				}
			,{
				"<=msec": 64.000
				,"percent": 71.32
				}
			,{
				"<=msec": 65.000
				,"percent": 74.52
				}
			,{
				"<=msec": 66.000
				,"percent": 77.18
				}
			,{
				"<=msec": 67.000
				,"percent": 79.49
				}
			,{
				"<=msec": 68.000
				,"percent": 81.51
				}
			,{
				"<=msec": 69.000
				,"percent": 83.27
				}
			,{
				"<=msec": 70.000
				,"percent": 84.86
				}
			,{
				"<=msec": 71.000
				,"percent": 86.23
				}
			,{
				"<=msec": 72.000
				,"percent": 87.89
				}
			,{
				"<=msec": 73.000
				,"percent": 89.05
				}
			,{
				"<=msec": 74.000
				,"percent": 90.11
				}
			,{
				"<=msec": 75.000
				,"percent": 91.10
				}
			,{
				"<=msec": 76.000
				,"percent": 91.90
				}
			,{
				"<=msec": 77.000
				,"percent": 92.77
				}
			,{
				"<=msec": 78.000
				,"percent": 93.54
				}
			,{
				"<=msec": 79.000
				,"percent": 94.19
				}
			,{
				"<=msec": 80.000
				,"percent": 94.75
				}
			,{
				"<=msec": 81.000
				,"percent": 95.29
				}
			,{
				"<=msec": 82.000
				,"percent": 95.70
				}
			,{
				"<=msec": 83.000
				,"percent": 96.13
				}
			,{
				"<=msec": 84.000
				,"percent": 96.50
				}
			,{
				"<=msec": 85.000
				,"percent": 96.94
				}
			,{
				"<=msec": 86.000
				,"percent": 97.48
				}
			,{
				"<=msec": 87.000
				,"percent": 97.82
				}
			,{
				"<=msec": 88.000
				,"percent": 97.97
				}
			,{
				"<=msec": 89.000
				,"percent": 98.16
				}
			,{
				"<=msec": 90.000
				,"percent": 98.35
				}
			,{
				"<=msec": 91.000
				,"percent": 98.60
				}
			,{
				"<=msec": 92.000
				,"percent": 98.86
				}
			,{
				"<=msec": 93.000
				,"percent": 99.08
				}
			,{
				"<=msec": 94.000
				,"percent": 99.15
				}
			,{
				"<=msec": 95.000
				,"percent": 99.25
				}
			,{
				"<=msec": 96.000
				,"percent": 99.32
				}
			,{
				"<=msec": 97.000
				,"percent": 99.42
				}
			,{
				"<=msec": 98.000
				,"percent": 99.49
				}
			,{
				"<=msec": 99.000
				,"percent": 99.55
				}
			,{
				"<=msec": 100.000
				,"percent": 99.71
				}
			,{
				"<=msec": 110.000
				,"percent": 99.78
				}
			,{
				"<=msec": 120.000
				,"percent": 99.81
				}
			,{
				"<=msec": 130.000
				,"percent": 99.83
				}
			,{
				"<=msec": 140.000
				,"percent": 99.86
				}
			,{
				"<=msec": 150.000
				,"percent": 99.86
				}
			,{
				"<=msec": 160.000
				,"percent": 99.92
				}
			,{
				"<=msec": 180.000
				,"percent": 99.92
				}
			,{
				"<=msec": 210.000
				,"percent": 99.93
				}
			,{
				"<=msec": 260.000
				,"percent": 99.96
				}
			,{
				"<=msec": 270.000
				,"percent": 100.00
				}
			]
		,"WAIT":[
		]
		}
	}
