{
	"configuration":{
		"server": "10.0.0.8"
		,"port": 6379
		,"unix socket": "(null)"
		,"protocol": "memcache_text"
		,"out_file": "(null)"
		,"client_stats": "(null)"
		,"run_count": 1
		,"debug": 0
		,"requests": 0
		,"clients": 32
		,"threads": 1
		,"test_time": 75
		,"ratio": "1:1"
		,"pipeline": 1
		,"data_size": 1024
		,"data_offset": 0
		,"random_data": "false"
		,"data_size_range": "0:0"
		,"data_size_list": ""
		,"data_size_pattern": "R"
		,"expiry_range": "9999:10000"
		,"data_import": "(null)"
		,"data_verify": "false"
		,"verify_only": "false"
		,"generate_keys": "false"
		,"key_prefix": "memtier-"
		,"key_minimum":           0
		,"key_maximum":       10000
		,"key_pattern": "R:R"
		,"key_stddev": 0.000000
		,"key_median": 0.000000
		,"reconnect_interval": 0
		,"multi_key_get": 0
		,"authenticate": ""
		,"select-db": 0
		,"no-expiry": "false"
		,"wait-ratio": "0:0"
		,"num-slaves": "0:0"
		,"wait-timeout": "0-0"
		}
	,"run information":{
		"Threads": 1
		,"Connections per thread": 32
		,"Seconds": 75
		}
	,"ALL STATS":{
		"Sets":{
			"Ops/sec": 272.19
			,"Hits/sec": 0.00
			,"Misses/sec": 0.00
			,"Latency": 59.19
			,"KB/sec": 282.93
			}
		,"Gets":{
			"Ops/sec": 271.96
			,"Hits/sec": 271.96
			,"Misses/sec": 0.00
			,"Latency": 58.40
			,"KB/sec": 285.73
			}
		,"Waits":{
			"Ops/sec": 0.00
			,"Hits/sec": 0.00
			,"Misses/sec": 0.00
			,"Latency": 0.00
			,"KB/sec": 0.00
			}
		,"Totals":{
			"Ops/sec": 544.16
			,"Hits/sec": 271.96
			,"Misses/sec": 0.00
			,"Latency": 58.80
			,"KB/sec": 568.67
			}
		,"SET":[
			{
				"<=msec": 10.000
				,"percent": 0.01
				}
			,{
				"<=msec": 11.000
				,"percent": 0.04
				}
			,{
				"<=msec": 12.000
				,"percent": 0.09
				}
			,{
				"<=msec": 13.000
				,"percent": 0.18
				}
			,{
				"<=msec": 14.000
				,"percent": 0.27
				}
			,{
				"<=msec": 15.000
				,"percent": 0.36
				}
			,{
				"<=msec": 16.000
				,"percent": 0.60
				}
			,{
				"<=msec": 17.000
				,"percent": 1.08
				}
			,{
				"<=msec": 18.000
				,"percent": 1.90
				}
			,{
				"<=msec": 19.000
				,"percent": 2.59
				}
			,{
				"<=msec": 20.000
				,"percent": 3.14
				}
			,{
				"<=msec": 21.000
				,"percent": 3.61
				}
			,{
				"<=msec": 22.000
				,"percent": 4.12
				}
			,{
				"<=msec": 23.000
				,"percent": 4.49
				}
			,{
				"<=msec": 24.000
				,"percent": 4.89
				}
			,{
				"<=msec": 25.000
				,"percent": 5.32
				}
			,{
				"<=msec": 26.000
				,"percent": 5.87
				}
			,{
				"<=msec": 27.000
				,"percent": 6.43
				}
			,{
				"<=msec": 28.000
				,"percent": 6.97
				}
			,{
				"<=msec": 29.000
				,"percent": 7.52
				}
			,{
				"<=msec": 30.000
				,"percent": 7.92
				}
			,{
				"<=msec": 31.000
				,"percent": 8.25
				}
			,{
				"<=msec": 32.000
				,"percent": 8.54
				}
			,{
				"<=msec": 33.000
				,"percent": 8.76
				}
			,{
				"<=msec": 34.000
				,"percent": 9.10
				}
			,{
				"<=msec": 35.000
				,"percent": 9.45
				}
			,{
				"<=msec": 36.000
				,"percent": 9.72
				}
			,{
				"<=msec": 37.000
				,"percent": 10.03
				}
			,{
				"<=msec": 38.000
				,"percent": 10.33
				}
			,{
				"<=msec": 39.000
				,"percent": 10.53
				}
			,{
				"<=msec": 40.000
				,"percent": 10.73
				}
			,{
				"<=msec": 41.000
				,"percent": 10.93
				}
			,{
				"<=msec": 42.000
				,"percent": 11.24
				}
			,{
				"<=msec": 43.000
				,"percent": 11.62
				}
			,{
				"<=msec": 44.000
				,"percent": 12.05
				}
			,{
				"<=msec": 45.000
				,"percent": 12.42
				}
			,{
				"<=msec": 46.000
				,"percent": 12.92
				}
			,{
				"<=msec": 47.000
				,"percent": 13.53
				}
			,{
				"<=msec": 48.000
				,"percent": 14.02
				}
			,{
				"<=msec": 49.000
				,"percent": 14.38
				}
			,{
				"<=msec": 50.000
				,"percent": 15.12
				}
			,{
				"<=msec": 51.000
				,"percent": 16.59
				}
			,{
				"<=msec": 52.000
				,"percent": 18.92
				}
			,{
				"<=msec": 53.000
				,"percent": 21.85
				}
			,{
				"<=msec": 54.000
				,"percent": 25.07
				}
			,{
				"<=msec": 55.000
				,"percent": 28.59
				}
			,{
				"<=msec": 56.000
				,"percent": 32.50
				}
			,{
				"<=msec": 57.000
				,"percent": 37.08
				}
			,{
				"<=msec": 58.000
				,"percent": 42.26
				}
			,{
				"<=msec": 59.000
				,"percent": 47.42
				}
			,{
				"<=msec": 60.000
				,"percent": 52.54
				}
			,{
				"<=msec": 61.000
				,"percent": 57.37
				}
			,{
				"<=msec": 62.000
				,"percent": 61.98
				}
			,{
				"<=msec": 63.000
				,"percent": 66.10
				}
			,{
				"<=msec": 64.000
				,"percent": 69.77
				}
			,{
				"<=msec": 65.000
				,"percent": 73.28
				}
			,{
				"<=msec": 66.000
				,"percent": 76.04
				}
			,{
				"<=msec": 67.000
				,"percent": 78.49
				}
			,{
				"<=msec": 68.000
				,"percent": 80.41
				}
			,{
				"<=msec": 69.000
				,"percent": 82.25
				}
			,{
				"<=msec": 70.000
				,"percent": 83.89
				}
			,{
				"<=msec": 71.000
				,"percent": 85.37
				}
			,{
				"<=msec": 72.000
				,"percent": 86.82
				}
			,{
				"<=msec": 73.000
				,"percent": 88.04
				}
			,{
				"<=msec": 74.000
				,"percent": 89.18
				}
			,{
				"<=msec": 75.000
				,"percent": 90.08
				}
			,{
				"<=msec": 76.000
				,"percent": 91.17
				}
			,{
				"<=msec": 77.000
				,"percent": 92.03
				}
			,{
				"<=msec": 78.000
				,"percent": 92.93
				}
			,{
				"<=msec": 79.000
				,"percent": 93.60
				}
			,{
				"<=msec": 80.000
				,"percent": 94.19
				}
			,{
				"<=msec": 81.000
				,"percent": 94.71
				}
			,{
				"<=msec": 82.000
				,"percent": 95.29
				}
			,{
				"<=msec": 83.000
				,"percent": 95.64
				}
			,{
				"<=msec": 84.000
				,"percent": 96.10
				}
			,{
				"<=msec": 85.000
				,"percent": 96.52
				}
			,{
				"<=msec": 86.000
				,"percent": 96.95
				}
			,{
				"<=msec": 87.000
				,"percent": 97.31
				}
			,{
				"<=msec": 88.000
				,"percent": 97.59
				}
			,{
				"<=msec": 89.000
				,"percent": 97.79
				}
			,{
				"<=msec": 90.000
				,"percent": 98.03
				}
			,{
				"<=msec": 91.000
				,"percent": 98.27
				}
			,{
				"<=msec": 92.000
				,"percent": 98.54
				}
			,{
				"<=msec": 93.000
				,"percent": 98.83
				}
			,{
				"<=msec": 94.000
				,"percent": 99.05
				}
			,{
				"<=msec": 95.000
				,"percent": 99.12
				}
			,{
				"<=msec": 96.000
				,"percent": 99.20
				}
			,{
				"<=msec": 97.000
				,"percent": 99.34
				}
			,{
				"<=msec": 98.000
				,"percent": 99.40
				}
			,{
				"<=msec": 99.000
				,"percent": 99.47
				}
			,{
				"<=msec": 100.000
				,"percent": 99.63
				}
			,{
				"<=msec": 110.000
				,"percent": 99.73
				}
			,{
				"<=msec": 120.000
				,"percent": 99.75
				}
			,{
				"<=msec": 130.000
				,"percent": 99.78
				}
			,{
				"<=msec": 140.000
				,"percent": 99.81
				}
			,{
				"<=msec": 150.000
				,"percent": 99.83
				}
			,{
				"<=msec": 160.000
				,"percent": 99.91
				}
			,{
				"<=msec": 170.000
				,"percent": 99.91
				}
			,{
				"<=msec": 180.000
				,"percent": 99.92
				}
			,{
				"<=msec": 200.000
				,"percent": 99.92
				}
			,{
				"<=msec": 260.000
				,"percent": 99.95
				}
			,{
				"<=msec": 270.000
				,"percent": 100.00
				}
			]
		,"GET":[
			{
				"<=msec": 10.000
				,"percent": 0.00
				}
			,{
				"<=msec": 11.000
				,"percent": 0.03
				}
			,{
				"<=msec": 12.000
				,"percent": 0.08
				}
			,{
				"<=msec": 13.000
				,"percent": 0.15
				}
			,{
				"<=msec": 14.000
				,"percent": 0.25
				}
			,{
				"<=msec": 15.000
				,"percent": 0.43
				}
			,{
				"<=msec": 16.000
				,"percent": 0.80
				}
			,{
				"<=msec": 17.000
				,"percent": 1.29
				}
			,{
				"<=msec": 18.000
				,"percent": 2.15
				}
			,{
				"<=msec": 19.000
				,"percent": 2.80
				}
			,{
				"<=msec": 20.000
				,"percent": 3.35
				}
			,{
				"<=msec": 21.000
				,"percent": 3.83
				}
			,{
				"<=msec": 22.000
				,"percent": 4.30
				}
			,{
				"<=msec": 23.000
				,"percent": 4.74
				}
			,{
				"<=msec": 24.000
				,"percent": 5.10
				}
			,{
				"<=msec": 25.000
				,"percent": 5.54
				}
			,{
				"<=msec": 26.000
				,"percent": 6.12
				}
			,{
				"<=msec": 27.000
				,"percent": 6.62
				}
			,{
				"<=msec": 28.000
				,"percent": 7.18
				}
			,{
				"<=msec": 29.000
				,"percent": 7.68
				}
			,{
				"<=msec": 30.000
				,"percent": 8.02
				}
			,{
				"<=msec": 31.000
				,"percent": 8.32
				}
			,{
				"<=msec": 32.000
				,"percent": 8.57
				}
			,{
				"<=msec": 33.000
				,"percent": 8.84
				}
			,{
				"<=msec": 34.000
				,"percent": 9.22
				}
			,{
				"<=msec": 35.000
				,"percent": 9.50
				}
			,{
				"<=msec": 36.000
				,"percent": 9.88
				}
			,{
				"<=msec": 37.000
				,"percent": 10.22
				}
			,{
				"<=msec": 38.000
				,"percent": 10.44
				}
			,{
				"<=msec": 39.000
				,"percent": 10.65
				}
			,{
				"<=msec": 40.000
				,"percent": 10.91
				}
			,{
				"<=msec": 41.000
				,"percent": 11.09
				}
			,{
				"<=msec": 42.000
				,"percent": 11.37
				}
			,{
				"<=msec": 43.000
				,"percent": 11.63
				}
			,{
				"<=msec": 44.000
				,"percent": 12.08
				}
			,{
				"<=msec": 45.000
				,"percent": 12.56
				}
			,{
				"<=msec": 46.000
				,"percent": 13.04
				}
			,{
				"<=msec": 47.000
				,"percent": 13.46
				}
			,{
				"<=msec": 48.000
				,"percent": 13.94
				}
			,{
				"<=msec": 49.000
				,"percent": 14.36
				}
			,{
				"<=msec": 50.000
				,"percent": 15.30
				}
			,{
				"<=msec": 51.000
				,"percent": 17.30
				}
			,{
				"<=msec": 52.000
				,"percent": 20.25
				}
			,{
				"<=msec": 53.000
				,"percent": 23.50
				}
			,{
				"<=msec": 54.000
				,"percent": 27.31
				}
			,{
				"<=msec": 55.000
				,"percent": 31.45
				}
			,{
				"<=msec": 56.000
				,"percent": 36.20
				}
			,{
				"<=msec": 57.000
				,"percent": 41.14
				}
			,{
				"<=msec": 58.000
				,"percent": 46.58
				}
			,{
				"<=msec": 59.000
				,"percent": 51.59
				}
			,{
				"<=msec": 60.000
				,"percent": 56.19
				}
			,{
				"<=msec": 61.000
				,"percent": 60.79
				}
			,{
				"<=msec": 62.000
				,"percent": 65.27
				}
			,{
				"<=msec": 63.000
				,"percent": 68.98
				}
			,{
				"<=msec": 64.000
				,"percent": 72.32
				}
			,{
				"<=msec": 65.000
				,"percent": 75.27
				}
			,{
				"<=msec": 66.000
				,"percent": 77.80
				}
			,{
				"<=msec": 67.000
				,"percent": 79.99
				}
			,{
				"<=msec": 68.000
				,"percent": 81.99
				}
			,{
				"<=msec": 69.000
				,"percent": 83.79
				}
			,{
				"<=msec": 70.000
				,"percent": 85.31
				}
			,{
				"<=msec": 71.000
				,"percent": 86.84
				}
			,{
				"<=msec": 72.000
				,"percent": 88.14
				}
			,{
				"<=msec": 73.000
				,"percent": 89.43
				}
			,{
				"<=msec": 74.000
				,"percent": 90.50
				}
			,{
				"<=msec": 75.000
				,"percent": 91.52
				}
			,{
				"<=msec": 76.000
				,"percent": 92.32
				}
			,{
				"<=msec": 77.000
				,"percent": 93.02
				}
			,{
				"<=msec": 78.000
				,"percent": 93.79
				}
			,{
				"<=msec": 79.000
				,"percent": 94.39
				}
			,{
				"<=msec": 80.000
				,"percent": 95.05
				}
			,{
				"<=msec": 81.000
				,"percent": 95.50
				}
			,{
				"<=msec": 82.000
				,"percent": 95.98
				}
			,{
				"<=msec": 83.000
				,"percent": 96.33
				}
			,{
				"<=msec": 84.000
				,"percent": 96.72
				}
			,{
				"<=msec": 85.000
				,"percent": 97.02
				}
			,{
				"<=msec": 86.000
				,"percent": 97.40
				}
			,{
				"<=msec": 87.000
				,"percent": 97.71
				}
			,{
				"<=msec": 88.000
				,"percent": 97.99
				}
			,{
				"<=msec": 89.000
				,"percent": 98.15
				}
			,{
				"<=msec": 90.000
				,"percent": 98.40
				}
			,{
				"<=msec": 91.000
				,"percent": 98.57
				}
			,{
				"<=msec": 92.000
				,"percent": 98.84
				}
			,{
				"<=msec": 93.000
				,"percent": 99.00
				}
			,{
				"<=msec": 94.000
				,"percent": 99.15
				}
			,{
				"<=msec": 95.000
				,"percent": 99.25
				}
			,{
				"<=msec": 96.000
				,"percent": 99.35
				}
			,{
				"<=msec": 97.000
				,"percent": 99.41
				}
			,{
				"<=msec": 98.000
				,"percent": 99.49
				}
			,{
				"<=msec": 99.000
				,"percent": 99.57
				}
			,{
				"<=msec": 100.000
				,"percent": 99.73
				}
			,{
				"<=msec": 110.000
				,"percent": 99.79
				}
			,{
				"<=msec": 120.000
				,"percent": 99.80
				}
			,{
				"<=msec": 130.000
				,"percent": 99.83
				}
			,{
				"<=msec": 140.000
				,"percent": 99.86
				}
			,{
				"<=msec": 150.000
				,"percent": 99.87
				}
			,{
				"<=msec": 160.000
				,"percent": 99.94
				}
			,{
				"<=msec": 240.000
				,"percent": 99.95
				}
			,{
				"<=msec": 260.000
				,"percent": 99.97
				}
			,{
				"<=msec": 270.000
				,"percent": 100.00
				}
			]
		,"WAIT":[
		]
		}
	}
