{
	"configuration":{
		"server": "10.0.0.8"
		,"port": 6379
		,"unix socket": "(null)"
		,"protocol": "memcache_text"
		,"out_file": "(null)"
		,"client_stats": "(null)"
		,"run_count": 1
		,"debug": 0
		,"requests": 0
		,"clients": 32
		,"threads": 1
		,"test_time": 75
		,"ratio": "1:1"
		,"pipeline": 1
		,"data_size": 1024
		,"data_offset": 0
		,"random_data": "false"
		,"data_size_range": "0:0"
		,"data_size_list": ""
		,"data_size_pattern": "R"
		,"expiry_range": "9999:10000"
		,"data_import": "(null)"
		,"data_verify": "false"
		,"verify_only": "false"
		,"generate_keys": "false"
		,"key_prefix": "memtier-"
		,"key_minimum":           0
		,"key_maximum":       10000
		,"key_pattern": "R:R"
		,"key_stddev": 0.000000
		,"key_median": 0.000000
		,"reconnect_interval": 0
		,"multi_key_get": 0
		,"authenticate": ""
		,"select-db": 0
		,"no-expiry": "false"
		,"wait-ratio": "0:0"
		,"num-slaves": "0:0"
		,"wait-timeout": "0-0"
		}
	,"run information":{
		"Threads": 1
		,"Connections per thread": 32
		,"Seconds": 75
		}
	,"ALL STATS":{
		"Sets":{
			"Ops/sec": 272.95
			,"Hits/sec": 0.00
			,"Misses/sec": 0.00
			,"Latency": 58.95
			,"KB/sec": 283.72
			}
		,"Gets":{
			"Ops/sec": 272.69
			,"Hits/sec": 272.69
			,"Misses/sec": 0.00
			,"Latency": 58.32
			,"KB/sec": 286.49
			}
		,"Waits":{
			"Ops/sec": 0.00
			,"Hits/sec": 0.00
			,"Misses/sec": 0.00
			,"Latency": 0.00
			,"KB/sec": 0.00
			}
		,"Totals":{
			"Ops/sec": 545.64
			,"Hits/sec": 272.69
			,"Misses/sec": 0.00
			,"Latency": 58.64
			,"KB/sec": 570.22
			}
		,"SET":[
			{
				"<=msec": 20.000
				,"percent": 0.00
				}
			,{
				"<=msec": 21.000
				,"percent": 0.03
				}
			,{
				"<=msec": 22.000
				,"percent": 0.04
				}
			,{
				"<=msec": 23.000
				,"percent": 0.09
				}
			,{
				"<=msec": 24.000
				,"percent": 0.20
				}
			,{
				"<=msec": 25.000
				,"percent": 0.39
				}
			,{
				"<=msec": 26.000
				,"percent": 0.56
				}
			,{
				"<=msec": 27.000
				,"percent": 0.81
				}
			,{
				"<=msec": 28.000
				,"percent": 0.98
				}
			,{
				"<=msec": 29.000
				,"percent": 1.28
				}
			,{
				"<=msec": 30.000
				,"percent": 1.74
				}
			,{
				"<=msec": 31.000
				,"percent": 2.06
				}
			,{
				"<=msec": 32.000
				,"percent": 2.29
				}
			,{
				"<=msec": 33.000
				,"percent": 2.53
				}
			,{
				"<=msec": 34.000
				,"percent": 2.79
				}
			,{
				"<=msec": 35.000
				,"percent": 3.11
				}
			,{
				"<=msec": 36.000
				,"percent": 3.42
				}
			,{
				"<=msec": 37.000
				,"percent": 3.87
				}
			,{
				"<=msec": 38.000
				,"percent": 4.34
				}
			,{
				"<=msec": 39.000
				,"percent": 4.85
				}
			,{
				"<=msec": 40.000
				,"percent": 5.31
				}
			,{
				"<=msec": 41.000
				,"percent": 5.79
				}
			,{
				"<=msec": 42.000
				,"percent": 6.20
				}
			,{
				"<=msec": 43.000
				,"percent": 6.67
				}
			,{
				"<=msec": 44.000
				,"percent": 7.07
				}
			,{
				"<=msec": 45.000
				,"percent": 7.58
				}
			,{
				"<=msec": 46.000
				,"percent": 8.07
				}
			,{
				"<=msec": 47.000
				,"percent": 8.45
				}
			,{
				"<=msec": 48.000
				,"percent": 8.81
				}
			,{
				"<=msec": 49.000
				,"percent": 9.23
				}
			,{
				"<=msec": 50.000
				,"percent": 10.40
				}
			,{
				"<=msec": 51.000
				,"percent": 13.40
				}
			,{
				"<=msec": 52.000
				,"percent": 18.34
				}
			,{
				"<=msec": 53.000
				,"percent": 23.72
				}
			,{
				"<=msec": 54.000
				,"percent": 29.79
				}
			,{
				"<=msec": 55.000
				,"percent": 36.09
				}
			,{
				"<=msec": 56.000
				,"percent": 42.98
				}
			,{
				"<=msec": 57.000
				,"percent": 49.67
				}
			,{
				"<=msec": 58.000
				,"percent": 55.83
				}
			,{
				"<=msec": 59.000
				,"percent": 61.69
				}
			,{
				"<=msec": 60.000
				,"percent": 66.82
				}
			,{
				"<=msec": 61.000
				,"percent": 71.30
				}
			,{
				"<=msec": 62.000
				,"percent": 74.86
				}
			,{
				"<=msec": 63.000
				,"percent": 78.02
				}
			,{
				"<=msec": 64.000
				,"percent": 80.61
				}
			,{
				"<=msec": 65.000
				,"percent": 82.77
				}
			,{
				"<=msec": 66.000
				,"percent": 84.75
				}
			,{
				"<=msec": 67.000
				,"percent": 86.26
				}
			,{
				"<=msec": 68.000
				,"percent": 87.43
				}
			,{
				"<=msec": 69.000
				,"percent": 88.61
				}
			,{
				"<=msec": 70.000
				,"percent": 89.78
				}
			,{
				"<=msec": 71.000
				,"percent": 90.85
				}
			,{
				"<=msec": 72.000
				,"percent": 91.97
				}
			,{
				"<=msec": 73.000
				,"percent": 92.87
				}
			,{
				"<=msec": 74.000
				,"percent": 93.64
				}
			,{
				"<=msec": 75.000
				,"percent": 94.35
				}
			,{
				"<=msec": 76.000
				,"percent": 95.03
				}
			,{
				"<=msec": 77.000
				,"percent": 95.53
				}
			,{
				"<=msec": 78.000
				,"percent": 95.99
				}
			,{
				"<=msec": 79.000
				,"percent": 96.34
				}
			,{
				"<=msec": 80.000
				,"percent": 96.69
				}
			,{
				"<=msec": 81.000
				,"percent": 96.97
				}
			,{
				"<=msec": 82.000
				,"percent": 97.29
				}
			,{
				"<=msec": 83.000
				,"percent": 97.52
				}
			,{
				"<=msec": 84.000
				,"percent": 97.69
				}
			,{
				"<=msec": 85.000
				,"percent": 97.90
				}
			,{
				"<=msec": 86.000
				,"percent": 98.14
				}
			,{
				"<=msec": 87.000
				,"percent": 98.34
				}
			,{
				"<=msec": 88.000
				,"percent": 98.53
				}
			,{
				"<=msec": 89.000
				,"percent": 98.66
				}
			,{
				"<=msec": 90.000
				,"percent": 98.72
				}
			,{
				"<=msec": 91.000
				,"percent": 98.81
				}
			,{
				"<=msec": 92.000
				,"percent": 98.85
				}
			,{
				"<=msec": 93.000
				,"percent": 98.90
				}
			,{
				"<=msec": 94.000
				,"percent": 98.96
				}
			,{
				"<=msec": 95.000
				,"percent": 99.03
				}
			,{
				"<=msec": 96.000
				,"percent": 99.10
				}
			,{
				"<=msec": 97.000
				,"percent": 99.15
				}
			,{
				"<=msec": 98.000
				,"percent": 99.18
				}
			,{
				"<=msec": 99.000
				,"percent": 99.26
				}
			,{
				"<=msec": 100.000
				,"percent": 99.45
				}
			,{
				"<=msec": 110.000
				,"percent": 99.53
				}
			,{
				"<=msec": 120.000
				,"percent": 99.63
				}
			,{
				"<=msec": 130.000
				,"percent": 99.71
				}
			,{
				"<=msec": 140.000
				,"percent": 99.72
				}
			,{
				"<=msec": 150.000
				,"percent": 99.73
				}
			,{
				"<=msec": 170.000
				,"percent": 99.73
				}
			,{
				"<=msec": 180.000
				,"percent": 99.74
				}
			,{
				"<=msec": 190.000
				,"percent": 99.75
				}
			,{
				"<=msec": 220.000
				,"percent": 99.75
				}
			,{
				"<=msec": 230.000
				,"percent": 99.77
				}
			,{
				"<=msec": 240.000
				,"percent": 99.83
				}
			,{
				"<=msec": 250.000
				,"percent": 99.84
				}
			,{
				"<=msec": 260.000
				,"percent": 99.84
				}
			,{
				"<=msec": 270.000
				,"percent": 99.91
				}
			,{
				"<=msec": 280.000
				,"percent": 99.92
				}
			,{
				"<=msec": 310.000
				,"percent": 99.95
				}
			,{
				"<=msec": 320.000
				,"percent": 100.00
				}
			]
		,"GET":[
			{
				"<=msec": 22.000
				,"percent": 0.00
				}
			,{
				"<=msec": 23.000
				,"percent": 0.05
				}
			,{
				"<=msec": 24.000
				,"percent": 0.11
				}
			,{
				"<=msec": 25.000
				,"percent": 0.21
				}
			,{
				"<=msec": 26.000
				,"percent": 0.35
				}
			,{
				"<=msec": 27.000
				,"percent": 0.56
				}
			,{
				"<=msec": 28.000
				,"percent": 0.72
				}
			,{
				"<=msec": 29.000
				,"percent": 1.01
				}
			,{
				"<=msec": 30.000
				,"percent": 1.55
				}
			,{
				"<=msec": 31.000
				,"percent": 1.80
				}
			,{
				"<=msec": 32.000
				,"percent": 2.00
				}
			,{
				"<=msec": 33.000
				,"percent": 2.36
				}
			,{
				"<=msec": 34.000
				,"percent": 2.70
				}
			,{
				"<=msec": 35.000
				,"percent": 3.03
				}
			,{
				"<=msec": 36.000
				,"percent": 3.37
				}
			,{
				"<=msec": 37.000
				,"percent": 3.81
				}
			,{
				"<=msec": 38.000
				,"percent": 4.34
				}
			,{
				"<=msec": 39.000
				,"percent": 4.91
				}
			,{
				"<=msec": 40.000
				,"percent": 5.35
				}
			,{
				"<=msec": 41.000
				,"percent": 5.78
				}
			,{
				"<=msec": 42.000
				,"percent": 6.24
				}
			,{
				"<=msec": 43.000
				,"percent": 6.65
				}
			,{
				"<=msec": 44.000
				,"percent": 7.12
				}
			,{
				"<=msec": 45.000
				,"percent": 7.66
				}
			,{
				"<=msec": 46.000
				,"percent": 8.06
				}
			,{
				"<=msec": 47.000
				,"percent": 8.46
				}
			,{
				"<=msec": 48.000
				,"percent": 8.88
				}
			,{
				"<=msec": 49.000
				,"percent": 9.43
				}
			,{
				"<=msec": 50.000
				,"percent": 10.84
				}
			,{
				"<=msec": 51.000
				,"percent": 14.45
				}
			,{
				"<=msec": 52.000
				,"percent": 19.69
				}
			,{
				"<=msec": 53.000
				,"percent": 25.86
				}
			,{
				"<=msec": 54.000
				,"percent": 32.33
				}
			,{
				"<=msec": 55.000
				,"percent": 39.05
				}
			,{
				"<=msec": 56.000
				,"percent": 45.50
				}
			,{
				"<=msec": 57.000
				,"percent": 52.13
				}
			,{
				"<=msec": 58.000
				,"percent": 58.51
				}
			,{
				"<=msec": 59.000
				,"percent": 64.29
				}
			,{
				"<=msec": 60.000
				,"percent": 69.34
				}
			,{
				"<=msec": 61.000
				,"percent": 73.69
				}
			,{
				"<=msec": 62.000
				,"percent": 77.26
				}
			,{
				"<=msec": 63.000
				,"percent": 80.02
				}
			,{
				"<=msec": 64.000
				,"percent": 82.50
				}
			,{
				"<=msec": 65.000
				,"percent": 84.45
				}
			,{
				"<=msec": 66.000
				,"percent": 86.27
				}
			,{
				"<=msec": 67.000
				,"percent": 87.49
				}
			,{
				"<=msec": 68.000
				,"percent": 88.60
				}
			,{
				"<=msec": 69.000
				,"percent": 89.75
				}
			,{
				"<=msec": 70.000
				,"percent": 90.90
				}
			,{
				"<=msec": 71.000
				,"percent": 91.84
				}
			,{
				"<=msec": 72.000
				,"percent": 92.66
				}
			,{
				"<=msec": 73.000
				,"percent": 93.42
				}
			,{
				"<=msec": 74.000
				,"percent": 94.21
				}
			,{
				"<=msec": 75.000
				,"percent": 94.94
				}
			,{
				"<=msec": 76.000
				,"percent": 95.51
				}
			,{
				"<=msec": 77.000
				,"percent": 96.10
				}
			,{
				"<=msec": 78.000
				,"percent": 96.52
				}
			,{
				"<=msec": 79.000
				,"percent": 96.89
				}
			,{
				"<=msec": 80.000
				,"percent": 97.16
				}
			,{
				"<=msec": 81.000
				,"percent": 97.47
				}
			,{
				"<=msec": 82.000
				,"percent": 97.71
				}
			,{
				"<=msec": 83.000
				,"percent": 97.92
				}
			,{
				"<=msec": 84.000
				,"percent": 98.10
				}
			,{
				"<=msec": 85.000
				,"percent": 98.24
				}
			,{
				"<=msec": 86.000
				,"percent": 98.39
				}
			,{
				"<=msec": 87.000
				,"percent": 98.52
				}
			,{
				"<=msec": 88.000
				,"percent": 98.66
				}
			,{
				"<=msec": 89.000
				,"percent": 98.80
				}
			,{
				"<=msec": 90.000
				,"percent": 98.87
				}
			,{
				"<=msec": 91.000
				,"percent": 98.91
				}
			,{
				"<=msec": 92.000
				,"percent": 98.97
				}
			,{
				"<=msec": 93.000
				,"percent": 99.02
				}
			,{
				"<=msec": 94.000
				,"percent": 99.08
				}
			,{
				"<=msec": 95.000
				,"percent": 99.18
				}
			,{
				"<=msec": 96.000
				,"percent": 99.26
				}
			,{
				"<=msec": 97.000
				,"percent": 99.30
				}
			,{
				"<=msec": 98.000
				,"percent": 99.35
				}
			,{
				"<=msec": 99.000
				,"percent": 99.41
				}
			,{
				"<=msec": 100.000
				,"percent": 99.59
				}
			,{
				"<=msec": 110.000
				,"percent": 99.66
				}
			,{
				"<=msec": 120.000
				,"percent": 99.71
				}
			,{
				"<=msec": 130.000
				,"percent": 99.79
				}
			,{
				"<=msec": 140.000
				,"percent": 99.80
				}
			,{
				"<=msec": 160.000
				,"percent": 99.81
				}
			,{
				"<=msec": 200.000
				,"percent": 99.81
				}
			,{
				"<=msec": 220.000
				,"percent": 99.84
				}
			,{
				"<=msec": 240.000
				,"percent": 99.88
				}
			,{
				"<=msec": 260.000
				,"percent": 99.90
				}
			,{
				"<=msec": 270.000
				,"percent": 99.95
				}
			,{
				"<=msec": 310.000
				,"percent": 99.96
				}
			,{
				"<=msec": 320.000
				,"percent": 100.00
				}
			]
		,"WAIT":[
		]
		}
	}
