{
	"configuration":{
		"server": "10.0.0.8"
		,"port": 6379
		,"unix socket": "(null)"
		,"protocol": "memcache_text"
		,"out_file": "(null)"
		,"client_stats": "(null)"
		,"run_count": 1
		,"debug": 0
		,"requests": 0
		,"clients": 32
		,"threads": 1
		,"test_time": 75
		,"ratio": "1:1"
		,"pipeline": 1
		,"data_size": 1024
		,"data_offset": 0
		,"random_data": "false"
		,"data_size_range": "0:0"
		,"data_size_list": ""
		,"data_size_pattern": "R"
		,"expiry_range": "9999:10000"
		,"data_import": "(null)"
		,"data_verify": "false"
		,"verify_only": "false"
		,"generate_keys": "false"
		,"key_prefix": "memtier-"
		,"key_minimum":           0
		,"key_maximum":       10000
		,"key_pattern": "R:R"
		,"key_stddev": 0.000000
		,"key_median": 0.000000
		,"reconnect_interval": 0
		,"multi_key_get": 0
		,"authenticate": ""
		,"select-db": 0
		,"no-expiry": "false"
		,"wait-ratio": "0:0"
		,"num-slaves": "0:0"
		,"wait-timeout": "0-0"
		}
	,"run information":{
		"Threads": 1
		,"Connections per thread": 32
		,"Seconds": 75
		}
	,"ALL STATS":{
		"Sets":{
			"Ops/sec": 268.30
			,"Hits/sec": 0.00
			,"Misses/sec": 0.00
			,"Latency": 59.92
			,"KB/sec": 278.89
			}
		,"Gets":{
			"Ops/sec": 268.11
			,"Hits/sec": 268.11
			,"Misses/sec": 0.00
			,"Latency": 59.37
			,"KB/sec": 281.69
			}
		,"Waits":{
			"Ops/sec": 0.00
			,"Hits/sec": 0.00
			,"Misses/sec": 0.00
			,"Latency": 0.00
			,"KB/sec": 0.00
			}
		,"Totals":{
			"Ops/sec": 536.42
			,"Hits/sec": 268.11
			,"Misses/sec": 0.00
			,"Latency": 59.64
			,"KB/sec": 560.58
			}
		,"SET":[
			{
				"<=msec": 13.000
				,"percent": 0.02
				}
			,{
				"<=msec": 15.000
				,"percent": 0.03
				}
			,{
				"<=msec": 16.000
				,"percent": 0.14
				}
			,{
				"<=msec": 17.000
				,"percent": 0.49
				}
			,{
				"<=msec": 18.000
				,"percent": 1.42
				}
			,{
				"<=msec": 19.000
				,"percent": 2.19
				}
			,{
				"<=msec": 20.000
				,"percent": 2.72
				}
			,{
				"<=msec": 21.000
				,"percent": 3.03
				}
			,{
				"<=msec": 22.000
				,"percent": 3.26
				}
			,{
				"<=msec": 23.000
				,"percent": 3.49
				}
			,{
				"<=msec": 24.000
				,"percent": 3.77
				}
			,{
				"<=msec": 25.000
				,"percent": 4.05
				}
			,{
				"<=msec": 26.000
				,"percent": 4.47
				}
			,{
				"<=msec": 27.000
				,"percent": 4.82
				}
			,{
				"<=msec": 28.000
				,"percent": 5.36
				}
			,{
				"<=msec": 29.000
				,"percent": 5.95
				}
			,{
				"<=msec": 30.000
				,"percent": 6.55
				}
			,{
				"<=msec": 31.000
				,"percent": 6.92
				}
			,{
				"<=msec": 32.000
				,"percent": 7.22
				}
			,{
				"<=msec": 33.000
				,"percent": 7.42
				}
			,{
				"<=msec": 34.000
				,"percent": 7.75
				}
			,{
				"<=msec": 35.000
				,"percent": 8.14
				}
			,{
				"<=msec": 36.000
				,"percent": 8.53
				}
			,{
				"<=msec": 37.000
				,"percent": 8.87
				}
			,{
				"<=msec": 38.000
				,"percent": 9.19
				}
			,{
				"<=msec": 39.000
				,"percent": 9.41
				}
			,{
				"<=msec": 40.000
				,"percent": 9.55
				}
			,{
				"<=msec": 41.000
				,"percent": 9.76
				}
			,{
				"<=msec": 42.000
				,"percent": 9.99
				}
			,{
				"<=msec": 43.000
				,"percent": 10.27
				}
			,{
				"<=msec": 44.000
				,"percent": 10.73
				}
			,{
				"<=msec": 45.000
				,"percent": 11.38
				}
			,{
				"<=msec": 46.000
				,"percent": 11.93
				}
			,{
				"<=msec": 47.000
				,"percent": 12.40
				}
			,{
				"<=msec": 48.000
				,"percent": 12.93
				}
			,{
				"<=msec": 49.000
				,"percent": 13.31
				}
			,{
				"<=msec": 50.000
				,"percent": 13.89
				}
			,{
				"<=msec": 51.000
				,"percent": 15.23
				}
			,{
				"<=msec": 52.000
				,"percent": 17.44
				}
			,{
				"<=msec": 53.000
				,"percent": 20.37
				}
			,{
				"<=msec": 54.000
				,"percent": 23.87
				}
			,{
				"<=msec": 55.000
				,"percent": 27.50
				}
			,{
				"<=msec": 56.000
				,"percent": 31.48
				}
			,{
				"<=msec": 57.000
				,"percent": 35.76
				}
			,{
				"<=msec": 58.000
				,"percent": 40.92
				}
			,{
				"<=msec": 59.000
				,"percent": 46.12
				}
			,{
				"<=msec": 60.000
				,"percent": 51.10
				}
			,{
				"<=msec": 61.000
				,"percent": 55.72
				}
			,{
				"<=msec": 62.000
				,"percent": 60.42
				}
			,{
				"<=msec": 63.000
				,"percent": 64.49
				}
			,{
				"<=msec": 64.000
				,"percent": 68.19
				}
			,{
				"<=msec": 65.000
				,"percent": 71.50
				}
			,{
				"<=msec": 66.000
				,"percent": 74.60
				}
			,{
				"<=msec": 67.000
				,"percent": 77.17
				}
			,{
				"<=msec": 68.000
				,"percent": 79.34
				}
			,{
				"<=msec": 69.000
				,"percent": 81.34
				}
			,{
				"<=msec": 70.000
				,"percent": 83.24
				}
			,{
				"<=msec": 71.000
				,"percent": 84.89
				}
			,{
				"<=msec": 72.000
				,"percent": 86.48
				}
			,{
				"<=msec": 73.000
				,"percent": 87.78
				}
			,{
				"<=msec": 74.000
				,"percent": 88.89
				}
			,{
				"<=msec": 75.000
				,"percent": 89.92
				}
			,{
				"<=msec": 76.000
				,"percent": 90.70
				}
			,{
				"<=msec": 77.000
				,"percent": 91.58
				}
			,{
				"<=msec": 78.000
				,"percent": 92.43
				}
			,{
				"<=msec": 79.000
				,"percent": 93.23
				}
			,{
				"<=msec": 80.000
				,"percent": 93.84
				}
			,{
				"<=msec": 81.000
				,"percent": 94.46
				}
			,{
				"<=msec": 82.000
				,"percent": 95.07
				}
			,{
				"<=msec": 83.000
				,"percent": 95.50
				}
			,{
				"<=msec": 84.000
				,"percent": 95.92
				}
			,{
				"<=msec": 85.000
				,"percent": 96.24
				}
			,{
				"<=msec": 86.000
				,"percent": 96.70
				}
			,{
				"<=msec": 87.000
				,"percent": 97.14
				}
			,{
				"<=msec": 88.000
				,"percent": 97.54
				}
			,{
				"<=msec": 89.000
				,"percent": 97.79
				}
			,{
				"<=msec": 90.000
				,"percent": 97.95
				}
			,{
				"<=msec": 91.000
				,"percent": 98.19
				}
			,{
				"<=msec": 92.000
				,"percent": 98.47
				}
			,{
				"<=msec": 93.000
				,"percent": 98.75
				}
			,{
				"<=msec": 94.000
				,"percent": 98.97
				}
			,{
				"<=msec": 95.000
				,"percent": 99.12
				}
			,{
				"<=msec": 96.000
				,"percent": 99.20
				}
			,{
				"<=msec": 97.000
				,"percent": 99.26
				}
			,{
				"<=msec": 98.000
				,"percent": 99.32
				}
			,{
				"<=msec": 99.000
				,"percent": 99.44
				}
			,{
				"<=msec": 100.000
				,"percent": 99.66
				}
			,{
				"<=msec": 110.000
				,"percent": 99.73
				}
			,{
				"<=msec": 120.000
				,"percent": 99.76
				}
			,{
				"<=msec": 130.000
				,"percent": 99.78
				}
			,{
				"<=msec": 140.000
				,"percent": 99.82
				}
			,{
				"<=msec": 150.000
				,"percent": 99.83
				}
			,{
				"<=msec": 160.000
				,"percent": 99.91
				}
			,{
				"<=msec": 170.000
				,"percent": 99.91
				}
			,{
				"<=msec": 260.000
				,"percent": 99.94
				}
			,{
				"<=msec": 270.000
				,"percent": 100.00
				}
			]
		,"GET":[
			{
				"<=msec": 13.000
				,"percent": 0.00
				}
			,{
				"<=msec": 15.000
				,"percent": 0.04
				}
			,{
				"<=msec": 16.000
				,"percent": 0.15
				}
			,{
				"<=msec": 17.000
				,"percent": 0.63
				}
			,{
				"<=msec": 18.000
				,"percent": 1.48
				}
			,{
				"<=msec": 19.000
				,"percent": 2.32
				}
			,{
				"<=msec": 20.000
				,"percent": 2.92
				}
			,{
				"<=msec": 21.000
				,"percent": 3.22
				}
			,{
				"<=msec": 22.000
				,"percent": 3.44
				}
			,{
				"<=msec": 23.000
				,"percent": 3.59
				}
			,{
				"<=msec": 24.000
				,"percent": 3.82
				}
			,{
				"<=msec": 25.000
				,"percent": 4.14
				}
			,{
				"<=msec": 26.000
				,"percent": 4.62
				}
			,{
				"<=msec": 27.000
				,"percent": 5.15
				}
			,{
				"<=msec": 28.000
				,"percent": 5.76
				}
			,{
				"<=msec": 29.000
				,"percent": 6.34
				}
			,{
				"<=msec": 30.000
				,"percent": 6.81
				}
			,{
				"<=msec": 31.000
				,"percent": 7.15
				}
			,{
				"<=msec": 32.000
				,"percent": 7.48
				}
			,{
				"<=msec": 33.000
				,"percent": 7.72
				}
			,{
				"<=msec": 34.000
				,"percent": 8.01
				}
			,{
				"<=msec": 35.000
				,"percent": 8.40
				}
			,{
				"<=msec": 36.000
				,"percent": 8.75
				}
			,{
				"<=msec": 37.000
				,"percent": 9.09
				}
			,{
				"<=msec": 38.000
				,"percent": 9.57
				}
			,{
				"<=msec": 39.000
				,"percent": 9.86
				}
			,{
				"<=msec": 40.000
				,"percent": 10.05
				}
			,{
				"<=msec": 41.000
				,"percent": 10.30
				}
			,{
				"<=msec": 42.000
				,"percent": 10.49
				}
			,{
				"<=msec": 43.000
				,"percent": 10.86
				}
			,{
				"<=msec": 44.000
				,"percent": 11.24
				}
			,{
				"<=msec": 45.000
				,"percent": 11.77
				}
			,{
				"<=msec": 46.000
				,"percent": 12.24
				}
			,{
				"<=msec": 47.000
				,"percent": 12.71
				}
			,{
				"<=msec": 48.000
				,"percent": 13.16
				}
			,{
				"<=msec": 49.000
				,"percent": 13.48
				}
			,{
				"<=msec": 50.000
				,"percent": 14.10
				}
			,{
				"<=msec": 51.000
				,"percent": 15.60
				}
			,{
				"<=msec": 52.000
				,"percent": 18.04
				}
			,{
				"<=msec": 53.000
				,"percent": 21.27
				}
			,{
				"<=msec": 54.000
				,"percent": 25.00
				}
			,{
				"<=msec": 55.000
				,"percent": 28.79
				}
			,{
				"<=msec": 56.000
				,"percent": 33.06
				}
			,{
				"<=msec": 57.000
				,"percent": 37.77
				}
			,{
				"<=msec": 58.000
				,"percent": 42.66
				}
			,{
				"<=msec": 59.000
				,"percent": 47.85
				}
			,{
				"<=msec": 60.000
				,"percent": 52.61
				}
			,{
				"<=msec": 61.000
				,"percent": 57.05
				}
			,{
				"<=msec": 62.000
				,"percent": 61.94
				}
			,{
				"<=msec": 63.000
				,"percent": 65.93
				}
			,{
				"<=msec": 64.000
				,"percent": 69.58
				}
			,{
				"<=msec": 65.000
				,"percent": 72.99
				}
			,{
				"<=msec": 66.000
				,"percent": 75.87
				}
			,{
				"<=msec": 67.000
				,"percent": 78.56
				}
			,{
				"<=msec": 68.000
				,"percent": 80.76
				}
			,{
				"<=msec": 69.000
				,"percent": 82.76
				}
			,{
				"<=msec": 70.000
				,"percent": 84.63
				}
			,{
				"<=msec": 71.000
				,"percent": 86.19
				}
			,{
				"<=msec": 72.000
				,"percent": 87.52
				}
			,{
				"<=msec": 73.000
				,"percent": 88.75
				}
			,{
				"<=msec": 74.000
				,"percent": 89.72
				}
			,{
				"<=msec": 75.000
				,"percent": 90.63
				}
			,{
				"<=msec": 76.000
				,"percent": 91.45
				}
			,{
				"<=msec": 77.000
				,"percent": 92.26
				}
			,{
				"<=msec": 78.000
				,"percent": 93.05
				}
			,{
				"<=msec": 79.000
				,"percent": 93.92
				}
			,{
				"<=msec": 80.000
				,"percent": 94.47
				}
			,{
				"<=msec": 81.000
				,"percent": 95.03
				}
			,{
				"<=msec": 82.000
				,"percent": 95.52
				}
			,{
				"<=msec": 83.000
				,"percent": 95.89
				}
			,{
				"<=msec": 84.000
				,"percent": 96.34
				}
			,{
				"<=msec": 85.000
				,"percent": 96.73
				}
			,{
				"<=msec": 86.000
				,"percent": 97.16
				}
			,{
				"<=msec": 87.000
				,"percent": 97.52
				}
			,{
				"<=msec": 88.000
				,"percent": 97.81
				}
			,{
				"<=msec": 89.000
				,"percent": 98.04
				}
			,{
				"<=msec": 90.000
				,"percent": 98.25
				}
			,{
				"<=msec": 91.000
				,"percent": 98.44
				}
			,{
				"<=msec": 92.000
				,"percent": 98.75
				}
			,{
				"<=msec": 93.000
				,"percent": 99.00
				}
			,{
				"<=msec": 94.000
				,"percent": 99.16
				}
			,{
				"<=msec": 95.000
				,"percent": 99.26
				}
			,{
				"<=msec": 96.000
				,"percent": 99.34
				}
			,{
				"<=msec": 97.000
				,"percent": 99.42
				}
			,{
				"<=msec": 98.000
				,"percent": 99.47
				}
			,{
				"<=msec": 99.000
				,"percent": 99.55
				}
			,{
				"<=msec": 100.000
				,"percent": 99.70
				}
			,{
				"<=msec": 110.000
				,"percent": 99.78
				}
			,{
				"<=msec": 120.000
				,"percent": 99.79
				}
			,{
				"<=msec": 130.000
				,"percent": 99.82
				}
			,{
				"<=msec": 140.000
				,"percent": 99.85
				}
			,{
				"<=msec": 160.000
				,"percent": 99.94
				}
			,{
				"<=msec": 230.000
				,"percent": 99.94
				}
			,{
				"<=msec": 260.000
				,"percent": 99.98
				}
			,{
				"<=msec": 270.000
				,"percent": 100.00
				}
			]
		,"WAIT":[
		]
		}
	}
