{
	"configuration":{
		"server": "10.0.0.8"
		,"port": 6379
		,"unix socket": "(null)"
		,"protocol": "memcache_text"
		,"out_file": "(null)"
		,"client_stats": "(null)"
		,"run_count": 1
		,"debug": 0
		,"requests": 0
		,"clients": 32
		,"threads": 1
		,"test_time": 75
		,"ratio": "1:1"
		,"pipeline": 1
		,"data_size": 1024
		,"data_offset": 0
		,"random_data": "false"
		,"data_size_range": "0:0"
		,"data_size_list": ""
		,"data_size_pattern": "R"
		,"expiry_range": "9999:10000"
		,"data_import": "(null)"
		,"data_verify": "false"
		,"verify_only": "false"
		,"generate_keys": "false"
		,"key_prefix": "memtier-"
		,"key_minimum":           0
		,"key_maximum":       10000
		,"key_pattern": "R:R"
		,"key_stddev": 0.000000
		,"key_median": 0.000000
		,"reconnect_interval": 0
		,"multi_key_get": 0
		,"authenticate": ""
		,"select-db": 0
		,"no-expiry": "false"
		,"wait-ratio": "0:0"
		,"num-slaves": "0:0"
		,"wait-timeout": "0-0"
		}
	,"run information":{
		"Threads": 1
		,"Connections per thread": 32
		,"Seconds": 75
		}
	,"ALL STATS":{
		"Sets":{
			"Ops/sec": 303.39
			,"Hits/sec": 0.00
			,"Misses/sec": 0.00
			,"Latency": 52.93
			,"KB/sec": 315.36
			}
		,"Gets":{
			"Ops/sec": 303.18
			,"Hits/sec": 303.18
			,"Misses/sec": 0.00
			,"Latency": 52.57
			,"KB/sec": 318.53
			}
		,"Waits":{
			"Ops/sec": 0.00
			,"Hits/sec": 0.00
			,"Misses/sec": 0.00
			,"Latency": 0.00
			,"KB/sec": 0.00
			}
		,"Totals":{
			"Ops/sec": 606.58
			,"Hits/sec": 303.18
			,"Misses/sec": 0.00
			,"Latency": 52.75
			,"KB/sec": 633.89
			}
		,"SET":[
			{
				"<=msec": 4.600
				,"percent": 0.00
				}
			,{
				"<=msec": 4.700
				,"percent": 0.02
				}
			,{
				"<=msec": 4.800
				,"percent": 0.02
				}
			,{
				"<=msec": 5.000
				,"percent": 0.03
				}
			,{
				"<=msec": 5.100
				,"percent": 0.04
				}
			,{
				"<=msec": 5.400
				,"percent": 0.04
				}
			,{
				"<=msec": 5.600
				,"percent": 0.05
				}
			,{
				"<=msec": 5.700
				,"percent": 0.05
				}
			,{
				"<=msec": 6.000
				,"percent": 0.06
				}
			,{
				"<=msec": 6.200
				,"percent": 0.08
				}
			,{
				"<=msec": 6.300
				,"percent": 0.08
				}
			,{
				"<=msec": 6.600
				,"percent": 0.10
				}
			,{
				"<=msec": 6.700
				,"percent": 0.12
				}
			,{
				"<=msec": 6.800
				,"percent": 0.13
				}
			,{
				"<=msec": 6.900
				,"percent": 0.14
				}
			,{
				"<=msec": 7.000
				,"percent": 0.15
				}
			,{
				"<=msec": 7.100
				,"percent": 0.17
				}
			,{
				"<=msec": 7.200
				,"percent": 0.18
				}
			,{
				"<=msec": 7.300
				,"percent": 0.20
				}
			,{
				"<=msec": 7.400
				,"percent": 0.22
				}
			,{
				"<=msec": 7.500
				,"percent": 0.22
				}
			,{
				"<=msec": 7.600
				,"percent": 0.25
				}
			,{
				"<=msec": 7.700
				,"percent": 0.28
				}
			,{
				"<=msec": 7.800
				,"percent": 0.31
				}
			,{
				"<=msec": 7.900
				,"percent": 0.33
				}
			,{
				"<=msec": 8.000
				,"percent": 0.36
				}
			,{
				"<=msec": 8.100
				,"percent": 0.41
				}
			,{
				"<=msec": 8.200
				,"percent": 0.44
				}
			,{
				"<=msec": 8.300
				,"percent": 0.50
				}
			,{
				"<=msec": 8.400
				,"percent": 0.56
				}
			,{
				"<=msec": 8.500
				,"percent": 0.65
				}
			,{
				"<=msec": 8.600
				,"percent": 0.73
				}
			,{
				"<=msec": 8.700
				,"percent": 0.83
				}
			,{
				"<=msec": 8.800
				,"percent": 0.90
				}
			,{
				"<=msec": 8.900
				,"percent": 1.01
				}
			,{
				"<=msec": 9.000
				,"percent": 1.12
				}
			,{
				"<=msec": 9.100
				,"percent": 1.27
				}
			,{
				"<=msec": 9.200
				,"percent": 1.46
				}
			,{
				"<=msec": 9.300
				,"percent": 1.63
				}
			,{
				"<=msec": 9.400
				,"percent": 1.81
				}
			,{
				"<=msec": 9.500
				,"percent": 2.00
				}
			,{
				"<=msec": 9.600
				,"percent": 2.19
				}
			,{
				"<=msec": 9.700
				,"percent": 2.41
				}
			,{
				"<=msec": 9.800
				,"percent": 2.60
				}
			,{
				"<=msec": 9.900
				,"percent": 2.89
				}
			,{
				"<=msec": 10.000
				,"percent": 4.14
				}
			,{
				"<=msec": 11.000
				,"percent": 5.70
				}
			,{
				"<=msec": 12.000
				,"percent": 6.51
				}
			,{
				"<=msec": 13.000
				,"percent": 7.07
				}
			,{
				"<=msec": 14.000
				,"percent": 7.50
				}
			,{
				"<=msec": 15.000
				,"percent": 7.87
				}
			,{
				"<=msec": 16.000
				,"percent": 8.34
				}
			,{
				"<=msec": 17.000
				,"percent": 9.03
				}
			,{
				"<=msec": 18.000
				,"percent": 9.86
				}
			,{
				"<=msec": 19.000
				,"percent": 10.56
				}
			,{
				"<=msec": 20.000
				,"percent": 11.10
				}
			,{
				"<=msec": 21.000
				,"percent": 11.62
				}
			,{
				"<=msec": 22.000
				,"percent": 12.09
				}
			,{
				"<=msec": 23.000
				,"percent": 12.46
				}
			,{
				"<=msec": 24.000
				,"percent": 12.82
				}
			,{
				"<=msec": 25.000
				,"percent": 13.17
				}
			,{
				"<=msec": 26.000
				,"percent": 13.59
				}
			,{
				"<=msec": 27.000
				,"percent": 14.06
				}
			,{
				"<=msec": 28.000
				,"percent": 14.48
				}
			,{
				"<=msec": 29.000
				,"percent": 14.89
				}
			,{
				"<=msec": 30.000
				,"percent": 15.25
				}
			,{
				"<=msec": 31.000
				,"percent": 15.60
				}
			,{
				"<=msec": 32.000
				,"percent": 15.84
				}
			,{
				"<=msec": 33.000
				,"percent": 16.01
				}
			,{
				"<=msec": 34.000
				,"percent": 16.17
				}
			,{
				"<=msec": 35.000
				,"percent": 16.34
				}
			,{
				"<=msec": 36.000
				,"percent": 16.55
				}
			,{
				"<=msec": 37.000
				,"percent": 16.77
				}
			,{
				"<=msec": 38.000
				,"percent": 17.05
				}
			,{
				"<=msec": 39.000
				,"percent": 17.24
				}
			,{
				"<=msec": 40.000
				,"percent": 17.35
				}
			,{
				"<=msec": 41.000
				,"percent": 17.54
				}
			,{
				"<=msec": 42.000
				,"percent": 17.66
				}
			,{
				"<=msec": 43.000
				,"percent": 17.77
				}
			,{
				"<=msec": 44.000
				,"percent": 18.01
				}
			,{
				"<=msec": 45.000
				,"percent": 18.29
				}
			,{
				"<=msec": 46.000
				,"percent": 18.54
				}
			,{
				"<=msec": 47.000
				,"percent": 18.79
				}
			,{
				"<=msec": 48.000
				,"percent": 19.01
				}
			,{
				"<=msec": 49.000
				,"percent": 19.19
				}
			,{
				"<=msec": 50.000
				,"percent": 19.66
				}
			,{
				"<=msec": 51.000
				,"percent": 21.23
				}
			,{
				"<=msec": 52.000
				,"percent": 24.53
				}
			,{
				"<=msec": 53.000
				,"percent": 29.21
				}
			,{
				"<=msec": 54.000
				,"percent": 35.21
				}
			,{
				"<=msec": 55.000
				,"percent": 41.25
				}
			,{
				"<=msec": 56.000
				,"percent": 47.17
				}
			,{
				"<=msec": 57.000
				,"percent": 53.02
				}
			,{
				"<=msec": 58.000
				,"percent": 59.22
				}
			,{
				"<=msec": 59.000
				,"percent": 64.99
				}
			,{
				"<=msec": 60.000
				,"percent": 70.25
				}
			,{
				"<=msec": 61.000
				,"percent": 74.76
				}
			,{
				"<=msec": 62.000
				,"percent": 78.49
				}
			,{
				"<=msec": 63.000
				,"percent": 81.53
				}
			,{
				"<=msec": 64.000
				,"percent": 84.03
				}
			,{
				"<=msec": 65.000
				,"percent": 86.30
				}
			,{
				"<=msec": 66.000
				,"percent": 88.13
				}
			,{
				"<=msec": 67.000
				,"percent": 89.56
				}
			,{
				"<=msec": 68.000
				,"percent": 90.73
				}
			,{
				"<=msec": 69.000
				,"percent": 91.74
				}
			,{
				"<=msec": 70.000
				,"percent": 92.75
				}
			,{
				"<=msec": 71.000
				,"percent": 93.68
				}
			,{
				"<=msec": 72.000
				,"percent": 94.21
				}
			,{
				"<=msec": 73.000
				,"percent": 94.69
				}
			,{
				"<=msec": 74.000
				,"percent": 95.19
				}
			,{
				"<=msec": 75.000
				,"percent": 95.64
				}
			,{
				"<=msec": 76.000
				,"percent": 96.03
				}
			,{
				"<=msec": 77.000
				,"percent": 96.48
				}
			,{
				"<=msec": 78.000
				,"percent": 96.94
				}
			,{
				"<=msec": 79.000
				,"percent": 97.32
				}
			,{
				"<=msec": 80.000
				,"percent": 97.65
				}
			,{
				"<=msec": 81.000
				,"percent": 98.00
				}
			,{
				"<=msec": 82.000
				,"percent": 98.24
				}
			,{
				"<=msec": 83.000
				,"percent": 98.46
				}
			,{
				"<=msec": 84.000
				,"percent": 98.63
				}
			,{
				"<=msec": 85.000
				,"percent": 98.79
				}
			,{
				"<=msec": 86.000
				,"percent": 98.96
				}
			,{
				"<=msec": 87.000
				,"percent": 99.13
				}
			,{
				"<=msec": 88.000
				,"percent": 99.26
				}
			,{
				"<=msec": 89.000
				,"percent": 99.32
				}
			,{
				"<=msec": 90.000
				,"percent": 99.40
				}
			,{
				"<=msec": 91.000
				,"percent": 99.46
				}
			,{
				"<=msec": 92.000
				,"percent": 99.54
				}
			,{
				"<=msec": 93.000
				,"percent": 99.59
				}
			,{
				"<=msec": 94.000
				,"percent": 99.63
				}
			,{
				"<=msec": 95.000
				,"percent": 99.67
				}
			,{
				"<=msec": 96.000
				,"percent": 99.68
				}
			,{
				"<=msec": 97.000
				,"percent": 99.69
				}
			,{
				"<=msec": 98.000
				,"percent": 99.70
				}
			,{
				"<=msec": 99.000
				,"percent": 99.71
				}
			,{
				"<=msec": 100.000
				,"percent": 99.83
				}
			,{
				"<=msec": 110.000
				,"percent": 99.95
				}
			,{
				"<=msec": 210.000
				,"percent": 99.96
				}
			,{
				"<=msec": 230.000
				,"percent": 99.96
				}
			,{
				"<=msec": 340.000
				,"percent": 99.96
				}
			,{
				"<=msec": 370.000
				,"percent": 99.97
				}
			,{
				"<=msec": 380.000
				,"percent": 99.99
				}
			,{
				"<=msec": 390.000
				,"percent": 100.00
				}
			]
		,"GET":[
			{
				"<=msec": 4.300
				,"percent": 0.00
				}
			,{
				"<=msec": 4.400
				,"percent": 0.02
				}
			,{
				"<=msec": 4.700
				,"percent": 0.02
				}
			,{
				"<=msec": 4.800
				,"percent": 0.03
				}
			,{
				"<=msec": 4.900
				,"percent": 0.04
				}
			,{
				"<=msec": 5.200
				,"percent": 0.04
				}
			,{
				"<=msec": 5.300
				,"percent": 0.05
				}
			,{
				"<=msec": 5.400
				,"percent": 0.06
				}
			,{
				"<=msec": 5.600
				,"percent": 0.07
				}
			,{
				"<=msec": 5.700
				,"percent": 0.07
				}
			,{
				"<=msec": 5.800
				,"percent": 0.09
				}
			,{
				"<=msec": 6.000
				,"percent": 0.11
				}
			,{
				"<=msec": 6.100
				,"percent": 0.12
				}
			,{
				"<=msec": 6.200
				,"percent": 0.13
				}
			,{
				"<=msec": 6.300
				,"percent": 0.15
				}
			,{
				"<=msec": 6.500
				,"percent": 0.16
				}
			,{
				"<=msec": 6.600
				,"percent": 0.17
				}
			,{
				"<=msec": 6.700
				,"percent": 0.20
				}
			,{
				"<=msec": 6.800
				,"percent": 0.22
				}
			,{
				"<=msec": 6.900
				,"percent": 0.23
				}
			,{
				"<=msec": 7.000
				,"percent": 0.25
				}
			,{
				"<=msec": 7.100
				,"percent": 0.29
				}
			,{
				"<=msec": 7.200
				,"percent": 0.31
				}
			,{
				"<=msec": 7.300
				,"percent": 0.34
				}
			,{
				"<=msec": 7.400
				,"percent": 0.38
				}
			,{
				"<=msec": 7.500
				,"percent": 0.40
				}
			,{
				"<=msec": 7.600
				,"percent": 0.43
				}
			,{
				"<=msec": 7.700
				,"percent": 0.49
				}
			,{
				"<=msec": 7.800
				,"percent": 0.53
				}
			,{
				"<=msec": 7.900
				,"percent": 0.58
				}
			,{
				"<=msec": 8.000
				,"percent": 0.63
				}
			,{
				"<=msec": 8.100
				,"percent": 0.70
				}
			,{
				"<=msec": 8.200
				,"percent": 0.77
				}
			,{
				"<=msec": 8.300
				,"percent": 0.88
				}
			,{
				"<=msec": 8.400
				,"percent": 0.98
				}
			,{
				"<=msec": 8.500
				,"percent": 1.15
				}
			,{
				"<=msec": 8.600
				,"percent": 1.30
				}
			,{
				"<=msec": 8.700
				,"percent": 1.49
				}
			,{
				"<=msec": 8.800
				,"percent": 1.68
				}
			,{
				"<=msec": 8.900
				,"percent": 1.89
				}
			,{
				"<=msec": 9.000
				,"percent": 2.06
				}
			,{
				"<=msec": 9.100
				,"percent": 2.34
				}
			,{
				"<=msec": 9.200
				,"percent": 2.60
				}
			,{
				"<=msec": 9.300
				,"percent": 2.84
				}
			,{
				"<=msec": 9.400
				,"percent": 3.09
				}
			,{
				"<=msec": 9.500
				,"percent": 3.32
				}
			,{
				"<=msec": 9.600
				,"percent": 3.49
				}
			,{
				"<=msec": 9.700
				,"percent": 3.64
				}
			,{
				"<=msec": 9.800
				,"percent": 3.86
				}
			,{
				"<=msec": 9.900
				,"percent": 4.09
				}
			,{
				"<=msec": 10.000
				,"percent": 5.14
				}
			,{
				"<=msec": 11.000
				,"percent": 6.17
				}
			,{
				"<=msec": 12.000
				,"percent": 6.92
				}
			,{
				"<=msec": 13.000
				,"percent": 7.48
				}
			,{
				"<=msec": 14.000
				,"percent": 7.88
				}
			,{
				"<=msec": 15.000
				,"percent": 8.27
				}
			,{
				"<=msec": 16.000
				,"percent": 8.80
				}
			,{
				"<=msec": 17.000
				,"percent": 9.53
				}
			,{
				"<=msec": 18.000
				,"percent": 10.33
				}
			,{
				"<=msec": 19.000
				,"percent": 10.95
				}
			,{
				"<=msec": 20.000
				,"percent": 11.53
				}
			,{
				"<=msec": 21.000
				,"percent": 12.02
				}
			,{
				"<=msec": 22.000
				,"percent": 12.37
				}
			,{
				"<=msec": 23.000
				,"percent": 12.74
				}
			,{
				"<=msec": 24.000
				,"percent": 13.01
				}
			,{
				"<=msec": 25.000
				,"percent": 13.25
				}
			,{
				"<=msec": 26.000
				,"percent": 13.67
				}
			,{
				"<=msec": 27.000
				,"percent": 14.09
				}
			,{
				"<=msec": 28.000
				,"percent": 14.56
				}
			,{
				"<=msec": 29.000
				,"percent": 15.00
				}
			,{
				"<=msec": 30.000
				,"percent": 15.36
				}
			,{
				"<=msec": 31.000
				,"percent": 15.64
				}
			,{
				"<=msec": 32.000
				,"percent": 15.88
				}
			,{
				"<=msec": 33.000
				,"percent": 16.08
				}
			,{
				"<=msec": 34.000
				,"percent": 16.28
				}
			,{
				"<=msec": 35.000
				,"percent": 16.50
				}
			,{
				"<=msec": 36.000
				,"percent": 16.72
				}
			,{
				"<=msec": 37.000
				,"percent": 16.92
				}
			,{
				"<=msec": 38.000
				,"percent": 17.10
				}
			,{
				"<=msec": 39.000
				,"percent": 17.34
				}
			,{
				"<=msec": 40.000
				,"percent": 17.47
				}
			,{
				"<=msec": 41.000
				,"percent": 17.58
				}
			,{
				"<=msec": 42.000
				,"percent": 17.72
				}
			,{
				"<=msec": 43.000
				,"percent": 17.91
				}
			,{
				"<=msec": 44.000
				,"percent": 18.14
				}
			,{
				"<=msec": 45.000
				,"percent": 18.43
				}
			,{
				"<=msec": 46.000
				,"percent": 18.74
				}
			,{
				"<=msec": 47.000
				,"percent": 18.97
				}
			,{
				"<=msec": 48.000
				,"percent": 19.18
				}
			,{
				"<=msec": 49.000
				,"percent": 19.42
				}
			,{
				"<=msec": 50.000
				,"percent": 20.01
				}
			,{
				"<=msec": 51.000
				,"percent": 21.97
				}
			,{
				"<=msec": 52.000
				,"percent": 25.89
				}
			,{
				"<=msec": 53.000
				,"percent": 31.18
				}
			,{
				"<=msec": 54.000
				,"percent": 37.58
				}
			,{
				"<=msec": 55.000
				,"percent": 44.38
				}
			,{
				"<=msec": 56.000
				,"percent": 50.94
				}
			,{
				"<=msec": 57.000
				,"percent": 57.02
				}
			,{
				"<=msec": 58.000
				,"percent": 63.07
				}
			,{
				"<=msec": 59.000
				,"percent": 68.54
				}
			,{
				"<=msec": 60.000
				,"percent": 72.99
				}
			,{
				"<=msec": 61.000
				,"percent": 77.05
				}
			,{
				"<=msec": 62.000
				,"percent": 80.61
				}
			,{
				"<=msec": 63.000
				,"percent": 83.37
				}
			,{
				"<=msec": 64.000
				,"percent": 85.52
				}
			,{
				"<=msec": 65.000
				,"percent": 87.41
				}
			,{
				"<=msec": 66.000
				,"percent": 89.05
				}
			,{
				"<=msec": 67.000
				,"percent": 90.41
				}
			,{
				"<=msec": 68.000
				,"percent": 91.48
				}
			,{
				"<=msec": 69.000
				,"percent": 92.37
				}
			,{
				"<=msec": 70.000
				,"percent": 93.20
				}
			,{
				"<=msec": 71.000
				,"percent": 93.84
				}
			,{
				"<=msec": 72.000
				,"percent": 94.31
				}
			,{
				"<=msec": 73.000
				,"percent": 94.78
				}
			,{
				"<=msec": 74.000
				,"percent": 95.20
				}
			,{
				"<=msec": 75.000
				,"percent": 95.71
				}
			,{
				"<=msec": 76.000
				,"percent": 96.13
				}
			,{
				"<=msec": 77.000
				,"percent": 96.51
				}
			,{
				"<=msec": 78.000
				,"percent": 96.89
				}
			,{
				"<=msec": 79.000
				,"percent": 97.21
				}
			,{
				"<=msec": 80.000
				,"percent": 97.55
				}
			,{
				"<=msec": 81.000
				,"percent": 97.81
				}
			,{
				"<=msec": 82.000
				,"percent": 98.14
				}
			,{
				"<=msec": 83.000
				,"percent": 98.33
				}
			,{
				"<=msec": 84.000
				,"percent": 98.55
				}
			,{
				"<=msec": 85.000
				,"percent": 98.73
				}
			,{
				"<=msec": 86.000
				,"percent": 98.90
				}
			,{
				"<=msec": 87.000
				,"percent": 99.07
				}
			,{
				"<=msec": 88.000
				,"percent": 99.17
				}
			,{
				"<=msec": 89.000
				,"percent": 99.27
				}
			,{
				"<=msec": 90.000
				,"percent": 99.36
				}
			,{
				"<=msec": 91.000
				,"percent": 99.41
				}
			,{
				"<=msec": 92.000
				,"percent": 99.47
				}
			,{
				"<=msec": 93.000
				,"percent": 99.53
				}
			,{
				"<=msec": 94.000
				,"percent": 99.58
				}
			,{
				"<=msec": 95.000
				,"percent": 99.60
				}
			,{
				"<=msec": 96.000
				,"percent": 99.63
				}
			,{
				"<=msec": 97.000
				,"percent": 99.64
				}
			,{
				"<=msec": 98.000
				,"percent": 99.65
				}
			,{
				"<=msec": 99.000
				,"percent": 99.69
				}
			,{
				"<=msec": 100.000
				,"percent": 99.78
				}
			,{
				"<=msec": 110.000
				,"percent": 99.90
				}
			,{
				"<=msec": 220.000
				,"percent": 99.90
				}
			,{
				"<=msec": 240.000
				,"percent": 99.91
				}
			,{
				"<=msec": 330.000
				,"percent": 99.91
				}
			,{
				"<=msec": 340.000
				,"percent": 99.92
				}
			,{
				"<=msec": 380.000
				,"percent": 99.97
				}
			,{
				"<=msec": 390.000
				,"percent": 100.00
				}
			]
		,"WAIT":[
		]
		}
	}
