{
	"configuration":{
		"server": "10.0.0.8"
		,"port": 6379
		,"unix socket": "(null)"
		,"protocol": "memcache_text"
		,"out_file": "(null)"
		,"client_stats": "(null)"
		,"run_count": 1
		,"debug": 0
		,"requests": 0
		,"clients": 32
		,"threads": 1
		,"test_time": 75
		,"ratio": "1:1"
		,"pipeline": 1
		,"data_size": 1024
		,"data_offset": 0
		,"random_data": "false"
		,"data_size_range": "0:0"
		,"data_size_list": ""
		,"data_size_pattern": "R"
		,"expiry_range": "9999:10000"
		,"data_import": "(null)"
		,"data_verify": "false"
		,"verify_only": "false"
		,"generate_keys": "false"
		,"key_prefix": "memtier-"
		,"key_minimum":           0
		,"key_maximum":       10000
		,"key_pattern": "R:R"
		,"key_stddev": 0.000000
		,"key_median": 0.000000
		,"reconnect_interval": 0
		,"multi_key_get": 0
		,"authenticate": ""
		,"select-db": 0
		,"no-expiry": "false"
		,"wait-ratio": "0:0"
		,"num-slaves": "0:0"
		,"wait-timeout": "0-0"
		}
	,"run information":{
		"Threads": 1
		,"Connections per thread": 32
		,"Seconds": 75
		}
	,"ALL STATS":{
		"Sets":{
			"Ops/sec": 276.13
			,"Hits/sec": 0.00
			,"Misses/sec": 0.00
			,"Latency": 58.16
			,"KB/sec": 287.02
			}
		,"Gets":{
			"Ops/sec": 275.82
			,"Hits/sec": 275.82
			,"Misses/sec": 0.00
			,"Latency": 57.77
			,"KB/sec": 289.79
			}
		,"Waits":{
			"Ops/sec": 0.00
			,"Hits/sec": 0.00
			,"Misses/sec": 0.00
			,"Latency": 0.00
			,"KB/sec": 0.00
			}
		,"Totals":{
			"Ops/sec": 551.95
			,"Hits/sec": 275.82
			,"Misses/sec": 0.00
			,"Latency": 57.97
			,"KB/sec": 576.81
			}
		,"SET":[
			{
				"<=msec": 19.000
				,"percent": 0.00
				}
			,{
				"<=msec": 21.000
				,"percent": 0.01
				}
			,{
				"<=msec": 22.000
				,"percent": 0.02
				}
			,{
				"<=msec": 23.000
				,"percent": 0.03
				}
			,{
				"<=msec": 24.000
				,"percent": 0.06
				}
			,{
				"<=msec": 25.000
				,"percent": 0.13
				}
			,{
				"<=msec": 26.000
				,"percent": 0.18
				}
			,{
				"<=msec": 27.000
				,"percent": 0.35
				}
			,{
				"<=msec": 28.000
				,"percent": 0.64
				}
			,{
				"<=msec": 29.000
				,"percent": 0.91
				}
			,{
				"<=msec": 30.000
				,"percent": 1.29
				}
			,{
				"<=msec": 31.000
				,"percent": 1.71
				}
			,{
				"<=msec": 32.000
				,"percent": 1.92
				}
			,{
				"<=msec": 33.000
				,"percent": 2.24
				}
			,{
				"<=msec": 34.000
				,"percent": 2.69
				}
			,{
				"<=msec": 35.000
				,"percent": 3.23
				}
			,{
				"<=msec": 36.000
				,"percent": 3.80
				}
			,{
				"<=msec": 37.000
				,"percent": 4.46
				}
			,{
				"<=msec": 38.000
				,"percent": 5.04
				}
			,{
				"<=msec": 39.000
				,"percent": 5.45
				}
			,{
				"<=msec": 40.000
				,"percent": 5.85
				}
			,{
				"<=msec": 41.000
				,"percent": 6.13
				}
			,{
				"<=msec": 42.000
				,"percent": 6.40
				}
			,{
				"<=msec": 43.000
				,"percent": 6.73
				}
			,{
				"<=msec": 44.000
				,"percent": 7.18
				}
			,{
				"<=msec": 45.000
				,"percent": 7.57
				}
			,{
				"<=msec": 46.000
				,"percent": 7.97
				}
			,{
				"<=msec": 47.000
				,"percent": 8.49
				}
			,{
				"<=msec": 48.000
				,"percent": 8.92
				}
			,{
				"<=msec": 49.000
				,"percent": 9.24
				}
			,{
				"<=msec": 50.000
				,"percent": 10.15
				}
			,{
				"<=msec": 51.000
				,"percent": 12.35
				}
			,{
				"<=msec": 52.000
				,"percent": 16.81
				}
			,{
				"<=msec": 53.000
				,"percent": 22.77
				}
			,{
				"<=msec": 54.000
				,"percent": 29.67
				}
			,{
				"<=msec": 55.000
				,"percent": 37.00
				}
			,{
				"<=msec": 56.000
				,"percent": 44.08
				}
			,{
				"<=msec": 57.000
				,"percent": 50.76
				}
			,{
				"<=msec": 58.000
				,"percent": 57.31
				}
			,{
				"<=msec": 59.000
				,"percent": 63.65
				}
			,{
				"<=msec": 60.000
				,"percent": 68.92
				}
			,{
				"<=msec": 61.000
				,"percent": 73.34
				}
			,{
				"<=msec": 62.000
				,"percent": 77.10
				}
			,{
				"<=msec": 63.000
				,"percent": 80.09
				}
			,{
				"<=msec": 64.000
				,"percent": 82.84
				}
			,{
				"<=msec": 65.000
				,"percent": 85.20
				}
			,{
				"<=msec": 66.000
				,"percent": 87.11
				}
			,{
				"<=msec": 67.000
				,"percent": 88.89
				}
			,{
				"<=msec": 68.000
				,"percent": 90.19
				}
			,{
				"<=msec": 69.000
				,"percent": 91.22
				}
			,{
				"<=msec": 70.000
				,"percent": 92.15
				}
			,{
				"<=msec": 71.000
				,"percent": 92.86
				}
			,{
				"<=msec": 72.000
				,"percent": 93.42
				}
			,{
				"<=msec": 73.000
				,"percent": 93.92
				}
			,{
				"<=msec": 74.000
				,"percent": 94.48
				}
			,{
				"<=msec": 75.000
				,"percent": 95.06
				}
			,{
				"<=msec": 76.000
				,"percent": 95.51
				}
			,{
				"<=msec": 77.000
				,"percent": 96.00
				}
			,{
				"<=msec": 78.000
				,"percent": 96.42
				}
			,{
				"<=msec": 79.000
				,"percent": 96.79
				}
			,{
				"<=msec": 80.000
				,"percent": 97.19
				}
			,{
				"<=msec": 81.000
				,"percent": 97.46
				}
			,{
				"<=msec": 82.000
				,"percent": 97.79
				}
			,{
				"<=msec": 83.000
				,"percent": 98.16
				}
			,{
				"<=msec": 84.000
				,"percent": 98.43
				}
			,{
				"<=msec": 85.000
				,"percent": 98.62
				}
			,{
				"<=msec": 86.000
				,"percent": 98.82
				}
			,{
				"<=msec": 87.000
				,"percent": 98.97
				}
			,{
				"<=msec": 88.000
				,"percent": 99.10
				}
			,{
				"<=msec": 89.000
				,"percent": 99.24
				}
			,{
				"<=msec": 90.000
				,"percent": 99.35
				}
			,{
				"<=msec": 91.000
				,"percent": 99.42
				}
			,{
				"<=msec": 92.000
				,"percent": 99.45
				}
			,{
				"<=msec": 93.000
				,"percent": 99.55
				}
			,{
				"<=msec": 94.000
				,"percent": 99.62
				}
			,{
				"<=msec": 95.000
				,"percent": 99.66
				}
			,{
				"<=msec": 96.000
				,"percent": 99.67
				}
			,{
				"<=msec": 97.000
				,"percent": 99.68
				}
			,{
				"<=msec": 99.000
				,"percent": 99.71
				}
			,{
				"<=msec": 100.000
				,"percent": 99.81
				}
			,{
				"<=msec": 110.000
				,"percent": 99.92
				}
			,{
				"<=msec": 130.000
				,"percent": 99.92
				}
			,{
				"<=msec": 160.000
				,"percent": 99.93
				}
			,{
				"<=msec": 180.000
				,"percent": 99.93
				}
			,{
				"<=msec": 280.000
				,"percent": 99.94
				}
			,{
				"<=msec": 370.000
				,"percent": 99.94
				}
			,{
				"<=msec": 380.000
				,"percent": 100.00
				}
			,{
				"<=msec": 390.000
				,"percent": 100.00
				}
			]
		,"GET":[
			{
				"<=msec": 22.000
				,"percent": 0.01
				}
			,{
				"<=msec": 23.000
				,"percent": 0.06
				}
			,{
				"<=msec": 24.000
				,"percent": 0.11
				}
			,{
				"<=msec": 25.000
				,"percent": 0.24
				}
			,{
				"<=msec": 26.000
				,"percent": 0.48
				}
			,{
				"<=msec": 27.000
				,"percent": 0.86
				}
			,{
				"<=msec": 28.000
				,"percent": 1.21
				}
			,{
				"<=msec": 29.000
				,"percent": 1.66
				}
			,{
				"<=msec": 30.000
				,"percent": 2.13
				}
			,{
				"<=msec": 31.000
				,"percent": 2.40
				}
			,{
				"<=msec": 32.000
				,"percent": 2.62
				}
			,{
				"<=msec": 33.000
				,"percent": 2.88
				}
			,{
				"<=msec": 34.000
				,"percent": 3.22
				}
			,{
				"<=msec": 35.000
				,"percent": 3.62
				}
			,{
				"<=msec": 36.000
				,"percent": 4.19
				}
			,{
				"<=msec": 37.000
				,"percent": 4.74
				}
			,{
				"<=msec": 38.000
				,"percent": 5.37
				}
			,{
				"<=msec": 39.000
				,"percent": 5.77
				}
			,{
				"<=msec": 40.000
				,"percent": 6.06
				}
			,{
				"<=msec": 41.000
				,"percent": 6.31
				}
			,{
				"<=msec": 42.000
				,"percent": 6.54
				}
			,{
				"<=msec": 43.000
				,"percent": 6.80
				}
			,{
				"<=msec": 44.000
				,"percent": 7.16
				}
			,{
				"<=msec": 45.000
				,"percent": 7.67
				}
			,{
				"<=msec": 46.000
				,"percent": 8.24
				}
			,{
				"<=msec": 47.000
				,"percent": 8.65
				}
			,{
				"<=msec": 48.000
				,"percent": 8.99
				}
			,{
				"<=msec": 49.000
				,"percent": 9.52
				}
			,{
				"<=msec": 50.000
				,"percent": 10.64
				}
			,{
				"<=msec": 51.000
				,"percent": 13.21
				}
			,{
				"<=msec": 52.000
				,"percent": 18.25
				}
			,{
				"<=msec": 53.000
				,"percent": 24.48
				}
			,{
				"<=msec": 54.000
				,"percent": 32.00
				}
			,{
				"<=msec": 55.000
				,"percent": 39.23
				}
			,{
				"<=msec": 56.000
				,"percent": 46.03
				}
			,{
				"<=msec": 57.000
				,"percent": 52.58
				}
			,{
				"<=msec": 58.000
				,"percent": 59.72
				}
			,{
				"<=msec": 59.000
				,"percent": 65.85
				}
			,{
				"<=msec": 60.000
				,"percent": 71.00
				}
			,{
				"<=msec": 61.000
				,"percent": 75.29
				}
			,{
				"<=msec": 62.000
				,"percent": 78.64
				}
			,{
				"<=msec": 63.000
				,"percent": 81.51
				}
			,{
				"<=msec": 64.000
				,"percent": 84.06
				}
			,{
				"<=msec": 65.000
				,"percent": 86.26
				}
			,{
				"<=msec": 66.000
				,"percent": 87.96
				}
			,{
				"<=msec": 67.000
				,"percent": 89.53
				}
			,{
				"<=msec": 68.000
				,"percent": 90.89
				}
			,{
				"<=msec": 69.000
				,"percent": 91.85
				}
			,{
				"<=msec": 70.000
				,"percent": 92.79
				}
			,{
				"<=msec": 71.000
				,"percent": 93.47
				}
			,{
				"<=msec": 72.000
				,"percent": 93.91
				}
			,{
				"<=msec": 73.000
				,"percent": 94.42
				}
			,{
				"<=msec": 74.000
				,"percent": 95.08
				}
			,{
				"<=msec": 75.000
				,"percent": 95.57
				}
			,{
				"<=msec": 76.000
				,"percent": 95.96
				}
			,{
				"<=msec": 77.000
				,"percent": 96.45
				}
			,{
				"<=msec": 78.000
				,"percent": 96.84
				}
			,{
				"<=msec": 79.000
				,"percent": 97.28
				}
			,{
				"<=msec": 80.000
				,"percent": 97.53
				}
			,{
				"<=msec": 81.000
				,"percent": 97.77
				}
			,{
				"<=msec": 82.000
				,"percent": 98.04
				}
			,{
				"<=msec": 83.000
				,"percent": 98.27
				}
			,{
				"<=msec": 84.000
				,"percent": 98.45
				}
			,{
				"<=msec": 85.000
				,"percent": 98.67
				}
			,{
				"<=msec": 86.000
				,"percent": 98.84
				}
			,{
				"<=msec": 87.000
				,"percent": 99.00
				}
			,{
				"<=msec": 88.000
				,"percent": 99.15
				}
			,{
				"<=msec": 89.000
				,"percent": 99.29
				}
			,{
				"<=msec": 90.000
				,"percent": 99.38
				}
			,{
				"<=msec": 91.000
				,"percent": 99.41
				}
			,{
				"<=msec": 92.000
				,"percent": 99.47
				}
			,{
				"<=msec": 93.000
				,"percent": 99.52
				}
			,{
				"<=msec": 94.000
				,"percent": 99.57
				}
			,{
				"<=msec": 95.000
				,"percent": 99.59
				}
			,{
				"<=msec": 97.000
				,"percent": 99.59
				}
			,{
				"<=msec": 98.000
				,"percent": 99.61
				}
			,{
				"<=msec": 99.000
				,"percent": 99.64
				}
			,{
				"<=msec": 100.000
				,"percent": 99.73
				}
			,{
				"<=msec": 110.000
				,"percent": 99.91
				}
			,{
				"<=msec": 160.000
				,"percent": 99.91
				}
			,{
				"<=msec": 270.000
				,"percent": 99.92
				}
			,{
				"<=msec": 280.000
				,"percent": 99.92
				}
			,{
				"<=msec": 310.000
				,"percent": 99.93
				}
			,{
				"<=msec": 380.000
				,"percent": 99.99
				}
			,{
				"<=msec": 390.000
				,"percent": 100.00
				}
			]
		,"WAIT":[
		]
		}
	}
