{
	"configuration":{
		"server": "10.0.0.8"
		,"port": 6379
		,"unix socket": "(null)"
		,"protocol": "memcache_text"
		,"out_file": "(null)"
		,"client_stats": "(null)"
		,"run_count": 1
		,"debug": 0
		,"requests": 0
		,"clients": 32
		,"threads": 1
		,"test_time": 75
		,"ratio": "1:1"
		,"pipeline": 1
		,"data_size": 1024
		,"data_offset": 0
		,"random_data": "false"
		,"data_size_range": "0:0"
		,"data_size_list": ""
		,"data_size_pattern": "R"
		,"expiry_range": "9999:10000"
		,"data_import": "(null)"
		,"data_verify": "false"
		,"verify_only": "false"
		,"generate_keys": "false"
		,"key_prefix": "memtier-"
		,"key_minimum":           0
		,"key_maximum":       10000
		,"key_pattern": "R:R"
		,"key_stddev": 0.000000
		,"key_median": 0.000000
		,"reconnect_interval": 0
		,"multi_key_get": 0
		,"authenticate": ""
		,"select-db": 0
		,"no-expiry": "false"
		,"wait-ratio": "0:0"
		,"num-slaves": "0:0"
		,"wait-timeout": "0-0"
		}
	,"run information":{
		"Threads": 1
		,"Connections per thread": 32
		,"Seconds": 75
		}
	,"ALL STATS":{
		"Sets":{
			"Ops/sec": 265.63
			,"Hits/sec": 0.00
			,"Misses/sec": 0.00
			,"Latency": 60.53
			,"KB/sec": 276.11
			}
		,"Gets":{
			"Ops/sec": 265.40
			,"Hits/sec": 265.40
			,"Misses/sec": 0.00
			,"Latency": 59.97
			,"KB/sec": 278.84
			}
		,"Waits":{
			"Ops/sec": 0.00
			,"Hits/sec": 0.00
			,"Misses/sec": 0.00
			,"Latency": 0.00
			,"KB/sec": 0.00
			}
		,"Totals":{
			"Ops/sec": 531.04
			,"Hits/sec": 265.40
			,"Misses/sec": 0.00
			,"Latency": 60.25
			,"KB/sec": 554.96
			}
		,"SET":[
			{
				"<=msec": 19.000
				,"percent": 0.03
				}
			,{
				"<=msec": 20.000
				,"percent": 0.04
				}
			,{
				"<=msec": 24.000
				,"percent": 0.10
				}
			,{
				"<=msec": 25.000
				,"percent": 0.22
				}
			,{
				"<=msec": 26.000
				,"percent": 0.58
				}
			,{
				"<=msec": 27.000
				,"percent": 1.02
				}
			,{
				"<=msec": 28.000
				,"percent": 1.60
				}
			,{
				"<=msec": 29.000
				,"percent": 2.00
				}
			,{
				"<=msec": 30.000
				,"percent": 2.44
				}
			,{
				"<=msec": 31.000
				,"percent": 2.71
				}
			,{
				"<=msec": 32.000
				,"percent": 3.19
				}
			,{
				"<=msec": 33.000
				,"percent": 3.55
				}
			,{
				"<=msec": 34.000
				,"percent": 4.15
				}
			,{
				"<=msec": 35.000
				,"percent": 4.78
				}
			,{
				"<=msec": 36.000
				,"percent": 5.31
				}
			,{
				"<=msec": 37.000
				,"percent": 6.08
				}
			,{
				"<=msec": 38.000
				,"percent": 6.74
				}
			,{
				"<=msec": 39.000
				,"percent": 7.07
				}
			,{
				"<=msec": 40.000
				,"percent": 7.49
				}
			,{
				"<=msec": 41.000
				,"percent": 7.90
				}
			,{
				"<=msec": 42.000
				,"percent": 8.24
				}
			,{
				"<=msec": 43.000
				,"percent": 8.71
				}
			,{
				"<=msec": 44.000
				,"percent": 9.14
				}
			,{
				"<=msec": 45.000
				,"percent": 9.74
				}
			,{
				"<=msec": 46.000
				,"percent": 10.18
				}
			,{
				"<=msec": 47.000
				,"percent": 10.64
				}
			,{
				"<=msec": 48.000
				,"percent": 11.10
				}
			,{
				"<=msec": 49.000
				,"percent": 11.53
				}
			,{
				"<=msec": 50.000
				,"percent": 12.47
				}
			,{
				"<=msec": 51.000
				,"percent": 14.51
				}
			,{
				"<=msec": 52.000
				,"percent": 17.29
				}
			,{
				"<=msec": 53.000
				,"percent": 20.55
				}
			,{
				"<=msec": 54.000
				,"percent": 24.14
				}
			,{
				"<=msec": 55.000
				,"percent": 28.41
				}
			,{
				"<=msec": 56.000
				,"percent": 32.82
				}
			,{
				"<=msec": 57.000
				,"percent": 37.47
				}
			,{
				"<=msec": 58.000
				,"percent": 42.72
				}
			,{
				"<=msec": 59.000
				,"percent": 47.65
				}
			,{
				"<=msec": 60.000
				,"percent": 52.63
				}
			,{
				"<=msec": 61.000
				,"percent": 57.63
				}
			,{
				"<=msec": 62.000
				,"percent": 62.09
				}
			,{
				"<=msec": 63.000
				,"percent": 66.04
				}
			,{
				"<=msec": 64.000
				,"percent": 69.82
				}
			,{
				"<=msec": 65.000
				,"percent": 73.09
				}
			,{
				"<=msec": 66.000
				,"percent": 75.81
				}
			,{
				"<=msec": 67.000
				,"percent": 78.34
				}
			,{
				"<=msec": 68.000
				,"percent": 80.20
				}
			,{
				"<=msec": 69.000
				,"percent": 81.91
				}
			,{
				"<=msec": 70.000
				,"percent": 83.77
				}
			,{
				"<=msec": 71.000
				,"percent": 85.41
				}
			,{
				"<=msec": 72.000
				,"percent": 87.02
				}
			,{
				"<=msec": 73.000
				,"percent": 88.34
				}
			,{
				"<=msec": 74.000
				,"percent": 89.47
				}
			,{
				"<=msec": 75.000
				,"percent": 90.35
				}
			,{
				"<=msec": 76.000
				,"percent": 91.23
				}
			,{
				"<=msec": 77.000
				,"percent": 92.04
				}
			,{
				"<=msec": 78.000
				,"percent": 92.92
				}
			,{
				"<=msec": 79.000
				,"percent": 93.64
				}
			,{
				"<=msec": 80.000
				,"percent": 94.24
				}
			,{
				"<=msec": 81.000
				,"percent": 94.78
				}
			,{
				"<=msec": 82.000
				,"percent": 95.26
				}
			,{
				"<=msec": 83.000
				,"percent": 95.73
				}
			,{
				"<=msec": 84.000
				,"percent": 96.17
				}
			,{
				"<=msec": 85.000
				,"percent": 96.60
				}
			,{
				"<=msec": 86.000
				,"percent": 97.05
				}
			,{
				"<=msec": 87.000
				,"percent": 97.55
				}
			,{
				"<=msec": 88.000
				,"percent": 97.80
				}
			,{
				"<=msec": 89.000
				,"percent": 98.03
				}
			,{
				"<=msec": 90.000
				,"percent": 98.24
				}
			,{
				"<=msec": 91.000
				,"percent": 98.50
				}
			,{
				"<=msec": 92.000
				,"percent": 98.75
				}
			,{
				"<=msec": 93.000
				,"percent": 98.98
				}
			,{
				"<=msec": 94.000
				,"percent": 99.12
				}
			,{
				"<=msec": 95.000
				,"percent": 99.20
				}
			,{
				"<=msec": 96.000
				,"percent": 99.26
				}
			,{
				"<=msec": 97.000
				,"percent": 99.38
				}
			,{
				"<=msec": 98.000
				,"percent": 99.44
				}
			,{
				"<=msec": 99.000
				,"percent": 99.53
				}
			,{
				"<=msec": 100.000
				,"percent": 99.69
				}
			,{
				"<=msec": 110.000
				,"percent": 99.74
				}
			,{
				"<=msec": 120.000
				,"percent": 99.75
				}
			,{
				"<=msec": 130.000
				,"percent": 99.77
				}
			,{
				"<=msec": 140.000
				,"percent": 99.82
				}
			,{
				"<=msec": 150.000
				,"percent": 99.83
				}
			,{
				"<=msec": 160.000
				,"percent": 99.91
				}
			,{
				"<=msec": 260.000
				,"percent": 99.94
				}
			,{
				"<=msec": 270.000
				,"percent": 100.00
				}
			]
		,"GET":[
			{
				"<=msec": 24.000
				,"percent": 0.07
				}
			,{
				"<=msec": 25.000
				,"percent": 0.23
				}
			,{
				"<=msec": 26.000
				,"percent": 0.45
				}
			,{
				"<=msec": 27.000
				,"percent": 0.75
				}
			,{
				"<=msec": 28.000
				,"percent": 1.19
				}
			,{
				"<=msec": 29.000
				,"percent": 1.80
				}
			,{
				"<=msec": 30.000
				,"percent": 2.44
				}
			,{
				"<=msec": 31.000
				,"percent": 2.74
				}
			,{
				"<=msec": 32.000
				,"percent": 2.92
				}
			,{
				"<=msec": 33.000
				,"percent": 3.31
				}
			,{
				"<=msec": 34.000
				,"percent": 3.99
				}
			,{
				"<=msec": 35.000
				,"percent": 4.65
				}
			,{
				"<=msec": 36.000
				,"percent": 5.25
				}
			,{
				"<=msec": 37.000
				,"percent": 5.81
				}
			,{
				"<=msec": 38.000
				,"percent": 6.28
				}
			,{
				"<=msec": 39.000
				,"percent": 6.72
				}
			,{
				"<=msec": 40.000
				,"percent": 7.13
				}
			,{
				"<=msec": 41.000
				,"percent": 7.48
				}
			,{
				"<=msec": 42.000
				,"percent": 7.99
				}
			,{
				"<=msec": 43.000
				,"percent": 8.61
				}
			,{
				"<=msec": 44.000
				,"percent": 9.15
				}
			,{
				"<=msec": 45.000
				,"percent": 9.70
				}
			,{
				"<=msec": 46.000
				,"percent": 10.24
				}
			,{
				"<=msec": 47.000
				,"percent": 10.70
				}
			,{
				"<=msec": 48.000
				,"percent": 11.12
				}
			,{
				"<=msec": 49.000
				,"percent": 11.63
				}
			,{
				"<=msec": 50.000
				,"percent": 12.69
				}
			,{
				"<=msec": 51.000
				,"percent": 14.94
				}
			,{
				"<=msec": 52.000
				,"percent": 17.90
				}
			,{
				"<=msec": 53.000
				,"percent": 21.93
				}
			,{
				"<=msec": 54.000
				,"percent": 26.16
				}
			,{
				"<=msec": 55.000
				,"percent": 30.60
				}
			,{
				"<=msec": 56.000
				,"percent": 35.25
				}
			,{
				"<=msec": 57.000
				,"percent": 40.49
				}
			,{
				"<=msec": 58.000
				,"percent": 45.61
				}
			,{
				"<=msec": 59.000
				,"percent": 50.84
				}
			,{
				"<=msec": 60.000
				,"percent": 55.78
				}
			,{
				"<=msec": 61.000
				,"percent": 60.69
				}
			,{
				"<=msec": 62.000
				,"percent": 64.81
				}
			,{
				"<=msec": 63.000
				,"percent": 68.50
				}
			,{
				"<=msec": 64.000
				,"percent": 71.96
				}
			,{
				"<=msec": 65.000
				,"percent": 75.15
				}
			,{
				"<=msec": 66.000
				,"percent": 77.87
				}
			,{
				"<=msec": 67.000
				,"percent": 79.91
				}
			,{
				"<=msec": 68.000
				,"percent": 81.81
				}
			,{
				"<=msec": 69.000
				,"percent": 83.71
				}
			,{
				"<=msec": 70.000
				,"percent": 85.32
				}
			,{
				"<=msec": 71.000
				,"percent": 86.91
				}
			,{
				"<=msec": 72.000
				,"percent": 88.28
				}
			,{
				"<=msec": 73.000
				,"percent": 89.47
				}
			,{
				"<=msec": 74.000
				,"percent": 90.49
				}
			,{
				"<=msec": 75.000
				,"percent": 91.27
				}
			,{
				"<=msec": 76.000
				,"percent": 92.07
				}
			,{
				"<=msec": 77.000
				,"percent": 92.98
				}
			,{
				"<=msec": 78.000
				,"percent": 93.76
				}
			,{
				"<=msec": 79.000
				,"percent": 94.33
				}
			,{
				"<=msec": 80.000
				,"percent": 94.82
				}
			,{
				"<=msec": 81.000
				,"percent": 95.33
				}
			,{
				"<=msec": 82.000
				,"percent": 95.75
				}
			,{
				"<=msec": 83.000
				,"percent": 96.22
				}
			,{
				"<=msec": 84.000
				,"percent": 96.58
				}
			,{
				"<=msec": 85.000
				,"percent": 97.03
				}
			,{
				"<=msec": 86.000
				,"percent": 97.42
				}
			,{
				"<=msec": 87.000
				,"percent": 97.73
				}
			,{
				"<=msec": 88.000
				,"percent": 98.00
				}
			,{
				"<=msec": 89.000
				,"percent": 98.20
				}
			,{
				"<=msec": 90.000
				,"percent": 98.40
				}
			,{
				"<=msec": 91.000
				,"percent": 98.68
				}
			,{
				"<=msec": 92.000
				,"percent": 98.93
				}
			,{
				"<=msec": 93.000
				,"percent": 99.16
				}
			,{
				"<=msec": 94.000
				,"percent": 99.25
				}
			,{
				"<=msec": 95.000
				,"percent": 99.33
				}
			,{
				"<=msec": 96.000
				,"percent": 99.42
				}
			,{
				"<=msec": 97.000
				,"percent": 99.48
				}
			,{
				"<=msec": 98.000
				,"percent": 99.55
				}
			,{
				"<=msec": 99.000
				,"percent": 99.62
				}
			,{
				"<=msec": 100.000
				,"percent": 99.74
				}
			,{
				"<=msec": 110.000
				,"percent": 99.78
				}
			,{
				"<=msec": 120.000
				,"percent": 99.79
				}
			,{
				"<=msec": 130.000
				,"percent": 99.81
				}
			,{
				"<=msec": 140.000
				,"percent": 99.85
				}
			,{
				"<=msec": 150.000
				,"percent": 99.86
				}
			,{
				"<=msec": 160.000
				,"percent": 99.92
				}
			,{
				"<=msec": 260.000
				,"percent": 99.95
				}
			,{
				"<=msec": 270.000
				,"percent": 100.00
				}
			]
		,"WAIT":[
		]
		}
	}
