{
	"configuration":{
		"server": "10.0.0.8"
		,"port": 6379
		,"unix socket": "(null)"
		,"protocol": "memcache_text"
		,"out_file": "(null)"
		,"client_stats": "(null)"
		,"run_count": 1
		,"debug": 0
		,"requests": 0
		,"clients": 32
		,"threads": 1
		,"test_time": 75
		,"ratio": "1:0"
		,"pipeline": 1
		,"data_size": 1024
		,"data_offset": 0
		,"random_data": "false"
		,"data_size_range": "0:0"
		,"data_size_list": ""
		,"data_size_pattern": "R"
		,"expiry_range": "9999:10000"
		,"data_import": "(null)"
		,"data_verify": "false"
		,"verify_only": "false"
		,"generate_keys": "false"
		,"key_prefix": "memtier-"
		,"key_minimum":           0
		,"key_maximum":       10000
		,"key_pattern": "R:R"
		,"key_stddev": 0.000000
		,"key_median": 0.000000
		,"reconnect_interval": 0
		,"multi_key_get": 0
		,"authenticate": ""
		,"select-db": 0
		,"no-expiry": "false"
		,"wait-ratio": "0:0"
		,"num-slaves": "0:0"
		,"wait-timeout": "0-0"
		}
	,"run information":{
		"Threads": 1
		,"Connections per thread": 32
		,"Seconds": 75
		}
	,"ALL STATS":{
		"Sets":{
			"Ops/sec": 834.49
			,"Hits/sec": 0.00
			,"Misses/sec": 0.00
			,"Latency": 38.34
			,"KB/sec": 867.39
			}
		,"Gets":{
			"Ops/sec": 0.00
			,"Hits/sec": 0.00
			,"Misses/sec": 0.00
			,"Latency": 0.00
			,"KB/sec": 0.00
			}
		,"Waits":{
			"Ops/sec": 0.00
			,"Hits/sec": 0.00
			,"Misses/sec": 0.00
			,"Latency": 0.00
			,"KB/sec": 0.00
			}
		,"Totals":{
			"Ops/sec": 834.49
			,"Hits/sec": 0.00
			,"Misses/sec": 0.00
			,"Latency": 38.34
			,"KB/sec": 867.39
			}
		,"SET":[
			{
				"<=msec": 4.300
				,"percent": 0.00
				}
			,{
				"<=msec": 4.400
				,"percent": 0.01
				}
			,{
				"<=msec": 4.900
				,"percent": 0.01
				}
			,{
				"<=msec": 6.000
				,"percent": 0.01
				}
			,{
				"<=msec": 6.600
				,"percent": 0.01
				}
			,{
				"<=msec": 6.700
				,"percent": 0.02
				}
			,{
				"<=msec": 7.200
				,"percent": 0.02
				}
			,{
				"<=msec": 7.400
				,"percent": 0.02
				}
			,{
				"<=msec": 7.500
				,"percent": 0.02
				}
			,{
				"<=msec": 8.100
				,"percent": 0.02
				}
			,{
				"<=msec": 8.400
				,"percent": 0.03
				}
			,{
				"<=msec": 8.500
				,"percent": 0.03
				}
			,{
				"<=msec": 8.700
				,"percent": 0.04
				}
			,{
				"<=msec": 8.800
				,"percent": 0.04
				}
			,{
				"<=msec": 8.900
				,"percent": 0.05
				}
			,{
				"<=msec": 9.000
				,"percent": 0.05
				}
			,{
				"<=msec": 9.100
				,"percent": 0.06
				}
			,{
				"<=msec": 9.200
				,"percent": 0.06
				}
			,{
				"<=msec": 9.300
				,"percent": 0.07
				}
			,{
				"<=msec": 9.400
				,"percent": 0.08
				}
			,{
				"<=msec": 9.500
				,"percent": 0.09
				}
			,{
				"<=msec": 9.600
				,"percent": 0.10
				}
			,{
				"<=msec": 9.700
				,"percent": 0.11
				}
			,{
				"<=msec": 9.800
				,"percent": 0.12
				}
			,{
				"<=msec": 9.900
				,"percent": 0.13
				}
			,{
				"<=msec": 10.000
				,"percent": 0.24
				}
			,{
				"<=msec": 11.000
				,"percent": 0.52
				}
			,{
				"<=msec": 12.000
				,"percent": 0.89
				}
			,{
				"<=msec": 13.000
				,"percent": 1.21
				}
			,{
				"<=msec": 14.000
				,"percent": 1.50
				}
			,{
				"<=msec": 15.000
				,"percent": 1.79
				}
			,{
				"<=msec": 16.000
				,"percent": 2.18
				}
			,{
				"<=msec": 17.000
				,"percent": 2.74
				}
			,{
				"<=msec": 18.000
				,"percent": 3.47
				}
			,{
				"<=msec": 19.000
				,"percent": 4.58
				}
			,{
				"<=msec": 20.000
				,"percent": 5.94
				}
			,{
				"<=msec": 21.000
				,"percent": 7.65
				}
			,{
				"<=msec": 22.000
				,"percent": 9.55
				}
			,{
				"<=msec": 23.000
				,"percent": 11.50
				}
			,{
				"<=msec": 24.000
				,"percent": 13.33
				}
			,{
				"<=msec": 25.000
				,"percent": 15.19
				}
			,{
				"<=msec": 26.000
				,"percent": 17.41
				}
			,{
				"<=msec": 27.000
				,"percent": 20.33
				}
			,{
				"<=msec": 28.000
				,"percent": 24.20
				}
			,{
				"<=msec": 29.000
				,"percent": 28.68
				}
			,{
				"<=msec": 30.000
				,"percent": 33.39
				}
			,{
				"<=msec": 31.000
				,"percent": 37.58
				}
			,{
				"<=msec": 32.000
				,"percent": 41.27
				}
			,{
				"<=msec": 33.000
				,"percent": 44.28
				}
			,{
				"<=msec": 34.000
				,"percent": 47.01
				}
			,{
				"<=msec": 35.000
				,"percent": 49.58
				}
			,{
				"<=msec": 36.000
				,"percent": 52.37
				}
			,{
				"<=msec": 37.000
				,"percent": 55.30
				}
			,{
				"<=msec": 38.000
				,"percent": 58.21
				}
			,{
				"<=msec": 39.000
				,"percent": 61.32
				}
			,{
				"<=msec": 40.000
				,"percent": 64.12
				}
			,{
				"<=msec": 41.000
				,"percent": 66.56
				}
			,{
				"<=msec": 42.000
				,"percent": 68.70
				}
			,{
				"<=msec": 43.000
				,"percent": 70.50
				}
			,{
				"<=msec": 44.000
				,"percent": 72.17
				}
			,{
				"<=msec": 45.000
				,"percent": 73.67
				}
			,{
				"<=msec": 46.000
				,"percent": 75.23
				}
			,{
				"<=msec": 47.000
				,"percent": 76.84
				}
			,{
				"<=msec": 48.000
				,"percent": 78.74
				}
			,{
				"<=msec": 49.000
				,"percent": 80.53
				}
			,{
				"<=msec": 50.000
				,"percent": 82.30
				}
			,{
				"<=msec": 51.000
				,"percent": 83.75
				}
			,{
				"<=msec": 52.000
				,"percent": 84.88
				}
			,{
				"<=msec": 53.000
				,"percent": 85.95
				}
			,{
				"<=msec": 54.000
				,"percent": 87.00
				}
			,{
				"<=msec": 55.000
				,"percent": 87.93
				}
			,{
				"<=msec": 56.000
				,"percent": 88.88
				}
			,{
				"<=msec": 57.000
				,"percent": 89.84
				}
			,{
				"<=msec": 58.000
				,"percent": 90.81
				}
			,{
				"<=msec": 59.000
				,"percent": 91.70
				}
			,{
				"<=msec": 60.000
				,"percent": 92.45
				}
			,{
				"<=msec": 61.000
				,"percent": 93.03
				}
			,{
				"<=msec": 62.000
				,"percent": 93.56
				}
			,{
				"<=msec": 63.000
				,"percent": 94.10
				}
			,{
				"<=msec": 64.000
				,"percent": 94.54
				}
			,{
				"<=msec": 65.000
				,"percent": 94.99
				}
			,{
				"<=msec": 66.000
				,"percent": 95.39
				}
			,{
				"<=msec": 67.000
				,"percent": 95.80
				}
			,{
				"<=msec": 68.000
				,"percent": 96.16
				}
			,{
				"<=msec": 69.000
				,"percent": 96.56
				}
			,{
				"<=msec": 70.000
				,"percent": 96.92
				}
			,{
				"<=msec": 71.000
				,"percent": 97.20
				}
			,{
				"<=msec": 72.000
				,"percent": 97.45
				}
			,{
				"<=msec": 73.000
				,"percent": 97.66
				}
			,{
				"<=msec": 74.000
				,"percent": 97.88
				}
			,{
				"<=msec": 75.000
				,"percent": 98.07
				}
			,{
				"<=msec": 76.000
				,"percent": 98.26
				}
			,{
				"<=msec": 77.000
				,"percent": 98.43
				}
			,{
				"<=msec": 78.000
				,"percent": 98.57
				}
			,{
				"<=msec": 79.000
				,"percent": 98.69
				}
			,{
				"<=msec": 80.000
				,"percent": 98.83
				}
			,{
				"<=msec": 81.000
				,"percent": 98.97
				}
			,{
				"<=msec": 82.000
				,"percent": 99.07
				}
			,{
				"<=msec": 83.000
				,"percent": 99.16
				}
			,{
				"<=msec": 84.000
				,"percent": 99.23
				}
			,{
				"<=msec": 85.000
				,"percent": 99.29
				}
			,{
				"<=msec": 86.000
				,"percent": 99.39
				}
			,{
				"<=msec": 87.000
				,"percent": 99.43
				}
			,{
				"<=msec": 88.000
				,"percent": 99.48
				}
			,{
				"<=msec": 89.000
				,"percent": 99.53
				}
			,{
				"<=msec": 90.000
				,"percent": 99.56
				}
			,{
				"<=msec": 91.000
				,"percent": 99.60
				}
			,{
				"<=msec": 92.000
				,"percent": 99.63
				}
			,{
				"<=msec": 93.000
				,"percent": 99.65
				}
			,{
				"<=msec": 94.000
				,"percent": 99.69
				}
			,{
				"<=msec": 95.000
				,"percent": 99.72
				}
			,{
				"<=msec": 96.000
				,"percent": 99.75
				}
			,{
				"<=msec": 97.000
				,"percent": 99.78
				}
			,{
				"<=msec": 98.000
				,"percent": 99.79
				}
			,{
				"<=msec": 99.000
				,"percent": 99.81
				}
			,{
				"<=msec": 100.000
				,"percent": 99.86
				}
			,{
				"<=msec": 110.000
				,"percent": 99.93
				}
			,{
				"<=msec": 120.000
				,"percent": 99.98
				}
			,{
				"<=msec": 130.000
				,"percent": 99.99
				}
			,{
				"<=msec": 140.000
				,"percent": 99.99
				}
			,{
				"<=msec": 150.000
				,"percent": 100.00
				}
			,{
				"<=msec": 160.000
				,"percent": 100.00
				}
			]
		,"GET":[
		]
		,"WAIT":[
		]
		}
	}
