{
	"configuration":{
		"server": "10.0.0.8"
		,"port": 6379
		,"unix socket": "(null)"
		,"protocol": "memcache_text"
		,"out_file": "(null)"
		,"client_stats": "(null)"
		,"run_count": 1
		,"debug": 0
		,"requests": 0
		,"clients": 32
		,"threads": 1
		,"test_time": 75
		,"ratio": "1:0"
		,"pipeline": 1
		,"data_size": 1024
		,"data_offset": 0
		,"random_data": "false"
		,"data_size_range": "0:0"
		,"data_size_list": ""
		,"data_size_pattern": "R"
		,"expiry_range": "9999:10000"
		,"data_import": "(null)"
		,"data_verify": "false"
		,"verify_only": "false"
		,"generate_keys": "false"
		,"key_prefix": "memtier-"
		,"key_minimum":           0
		,"key_maximum":       10000
		,"key_pattern": "R:R"
		,"key_stddev": 0.000000
		,"key_median": 0.000000
		,"reconnect_interval": 0
		,"multi_key_get": 0
		,"authenticate": ""
		,"select-db": 0
		,"no-expiry": "false"
		,"wait-ratio": "0:0"
		,"num-slaves": "0:0"
		,"wait-timeout": "0-0"
		}
	,"run information":{
		"Threads": 1
		,"Connections per thread": 32
		,"Seconds": 75
		}
	,"ALL STATS":{
		"Sets":{
			"Ops/sec": 819.32
			,"Hits/sec": 0.00
			,"Misses/sec": 0.00
			,"Latency": 39.05
			,"KB/sec": 851.62
			}
		,"Gets":{
			"Ops/sec": 0.00
			,"Hits/sec": 0.00
			,"Misses/sec": 0.00
			,"Latency": 0.00
			,"KB/sec": 0.00
			}
		,"Waits":{
			"Ops/sec": 0.00
			,"Hits/sec": 0.00
			,"Misses/sec": 0.00
			,"Latency": 0.00
			,"KB/sec": 0.00
			}
		,"Totals":{
			"Ops/sec": 819.32
			,"Hits/sec": 0.00
			,"Misses/sec": 0.00
			,"Latency": 39.05
			,"KB/sec": 851.62
			}
		,"SET":[
			{
				"<=msec": 4.600
				,"percent": 0.00
				}
			,{
				"<=msec": 5.100
				,"percent": 0.00
				}
			,{
				"<=msec": 5.300
				,"percent": 0.01
				}
			,{
				"<=msec": 5.400
				,"percent": 0.01
				}
			,{
				"<=msec": 5.500
				,"percent": 0.02
				}
			,{
				"<=msec": 6.300
				,"percent": 0.02
				}
			,{
				"<=msec": 6.400
				,"percent": 0.02
				}
			,{
				"<=msec": 6.500
				,"percent": 0.02
				}
			,{
				"<=msec": 7.000
				,"percent": 0.03
				}
			,{
				"<=msec": 7.100
				,"percent": 0.03
				}
			,{
				"<=msec": 7.200
				,"percent": 0.03
				}
			,{
				"<=msec": 7.600
				,"percent": 0.04
				}
			,{
				"<=msec": 7.800
				,"percent": 0.04
				}
			,{
				"<=msec": 7.900
				,"percent": 0.04
				}
			,{
				"<=msec": 8.000
				,"percent": 0.05
				}
			,{
				"<=msec": 8.100
				,"percent": 0.05
				}
			,{
				"<=msec": 8.200
				,"percent": 0.05
				}
			,{
				"<=msec": 8.400
				,"percent": 0.05
				}
			,{
				"<=msec": 8.500
				,"percent": 0.06
				}
			,{
				"<=msec": 8.600
				,"percent": 0.06
				}
			,{
				"<=msec": 8.700
				,"percent": 0.07
				}
			,{
				"<=msec": 8.800
				,"percent": 0.07
				}
			,{
				"<=msec": 8.900
				,"percent": 0.07
				}
			,{
				"<=msec": 9.000
				,"percent": 0.07
				}
			,{
				"<=msec": 9.100
				,"percent": 0.07
				}
			,{
				"<=msec": 9.200
				,"percent": 0.08
				}
			,{
				"<=msec": 9.300
				,"percent": 0.08
				}
			,{
				"<=msec": 9.400
				,"percent": 0.09
				}
			,{
				"<=msec": 9.500
				,"percent": 0.10
				}
			,{
				"<=msec": 9.600
				,"percent": 0.10
				}
			,{
				"<=msec": 9.700
				,"percent": 0.11
				}
			,{
				"<=msec": 9.800
				,"percent": 0.12
				}
			,{
				"<=msec": 9.900
				,"percent": 0.13
				}
			,{
				"<=msec": 10.000
				,"percent": 0.26
				}
			,{
				"<=msec": 11.000
				,"percent": 0.50
				}
			,{
				"<=msec": 12.000
				,"percent": 0.83
				}
			,{
				"<=msec": 13.000
				,"percent": 1.14
				}
			,{
				"<=msec": 14.000
				,"percent": 1.38
				}
			,{
				"<=msec": 15.000
				,"percent": 1.71
				}
			,{
				"<=msec": 16.000
				,"percent": 2.13
				}
			,{
				"<=msec": 17.000
				,"percent": 2.60
				}
			,{
				"<=msec": 18.000
				,"percent": 3.41
				}
			,{
				"<=msec": 19.000
				,"percent": 4.45
				}
			,{
				"<=msec": 20.000
				,"percent": 5.82
				}
			,{
				"<=msec": 21.000
				,"percent": 7.25
				}
			,{
				"<=msec": 22.000
				,"percent": 9.08
				}
			,{
				"<=msec": 23.000
				,"percent": 10.98
				}
			,{
				"<=msec": 24.000
				,"percent": 12.68
				}
			,{
				"<=msec": 25.000
				,"percent": 14.51
				}
			,{
				"<=msec": 26.000
				,"percent": 16.58
				}
			,{
				"<=msec": 27.000
				,"percent": 19.42
				}
			,{
				"<=msec": 28.000
				,"percent": 23.15
				}
			,{
				"<=msec": 29.000
				,"percent": 27.56
				}
			,{
				"<=msec": 30.000
				,"percent": 32.04
				}
			,{
				"<=msec": 31.000
				,"percent": 36.07
				}
			,{
				"<=msec": 32.000
				,"percent": 39.38
				}
			,{
				"<=msec": 33.000
				,"percent": 42.22
				}
			,{
				"<=msec": 34.000
				,"percent": 44.96
				}
			,{
				"<=msec": 35.000
				,"percent": 47.53
				}
			,{
				"<=msec": 36.000
				,"percent": 50.43
				}
			,{
				"<=msec": 37.000
				,"percent": 53.48
				}
			,{
				"<=msec": 38.000
				,"percent": 56.47
				}
			,{
				"<=msec": 39.000
				,"percent": 59.28
				}
			,{
				"<=msec": 40.000
				,"percent": 62.01
				}
			,{
				"<=msec": 41.000
				,"percent": 64.38
				}
			,{
				"<=msec": 42.000
				,"percent": 66.56
				}
			,{
				"<=msec": 43.000
				,"percent": 68.39
				}
			,{
				"<=msec": 44.000
				,"percent": 70.01
				}
			,{
				"<=msec": 45.000
				,"percent": 71.47
				}
			,{
				"<=msec": 46.000
				,"percent": 72.94
				}
			,{
				"<=msec": 47.000
				,"percent": 74.64
				}
			,{
				"<=msec": 48.000
				,"percent": 76.50
				}
			,{
				"<=msec": 49.000
				,"percent": 78.40
				}
			,{
				"<=msec": 50.000
				,"percent": 80.10
				}
			,{
				"<=msec": 51.000
				,"percent": 81.64
				}
			,{
				"<=msec": 52.000
				,"percent": 83.01
				}
			,{
				"<=msec": 53.000
				,"percent": 84.32
				}
			,{
				"<=msec": 54.000
				,"percent": 85.54
				}
			,{
				"<=msec": 55.000
				,"percent": 86.67
				}
			,{
				"<=msec": 56.000
				,"percent": 87.66
				}
			,{
				"<=msec": 57.000
				,"percent": 88.56
				}
			,{
				"<=msec": 58.000
				,"percent": 89.56
				}
			,{
				"<=msec": 59.000
				,"percent": 90.55
				}
			,{
				"<=msec": 60.000
				,"percent": 91.54
				}
			,{
				"<=msec": 61.000
				,"percent": 92.30
				}
			,{
				"<=msec": 62.000
				,"percent": 92.92
				}
			,{
				"<=msec": 63.000
				,"percent": 93.49
				}
			,{
				"<=msec": 64.000
				,"percent": 93.99
				}
			,{
				"<=msec": 65.000
				,"percent": 94.45
				}
			,{
				"<=msec": 66.000
				,"percent": 94.90
				}
			,{
				"<=msec": 67.000
				,"percent": 95.35
				}
			,{
				"<=msec": 68.000
				,"percent": 95.77
				}
			,{
				"<=msec": 69.000
				,"percent": 96.13
				}
			,{
				"<=msec": 70.000
				,"percent": 96.49
				}
			,{
				"<=msec": 71.000
				,"percent": 96.80
				}
			,{
				"<=msec": 72.000
				,"percent": 97.08
				}
			,{
				"<=msec": 73.000
				,"percent": 97.34
				}
			,{
				"<=msec": 74.000
				,"percent": 97.56
				}
			,{
				"<=msec": 75.000
				,"percent": 97.79
				}
			,{
				"<=msec": 76.000
				,"percent": 97.98
				}
			,{
				"<=msec": 77.000
				,"percent": 98.15
				}
			,{
				"<=msec": 78.000
				,"percent": 98.36
				}
			,{
				"<=msec": 79.000
				,"percent": 98.56
				}
			,{
				"<=msec": 80.000
				,"percent": 98.68
				}
			,{
				"<=msec": 81.000
				,"percent": 98.80
				}
			,{
				"<=msec": 82.000
				,"percent": 98.92
				}
			,{
				"<=msec": 83.000
				,"percent": 99.03
				}
			,{
				"<=msec": 84.000
				,"percent": 99.13
				}
			,{
				"<=msec": 85.000
				,"percent": 99.20
				}
			,{
				"<=msec": 86.000
				,"percent": 99.31
				}
			,{
				"<=msec": 87.000
				,"percent": 99.39
				}
			,{
				"<=msec": 88.000
				,"percent": 99.48
				}
			,{
				"<=msec": 89.000
				,"percent": 99.54
				}
			,{
				"<=msec": 90.000
				,"percent": 99.58
				}
			,{
				"<=msec": 91.000
				,"percent": 99.61
				}
			,{
				"<=msec": 92.000
				,"percent": 99.64
				}
			,{
				"<=msec": 93.000
				,"percent": 99.69
				}
			,{
				"<=msec": 94.000
				,"percent": 99.73
				}
			,{
				"<=msec": 95.000
				,"percent": 99.78
				}
			,{
				"<=msec": 96.000
				,"percent": 99.79
				}
			,{
				"<=msec": 97.000
				,"percent": 99.81
				}
			,{
				"<=msec": 98.000
				,"percent": 99.82
				}
			,{
				"<=msec": 99.000
				,"percent": 99.84
				}
			,{
				"<=msec": 100.000
				,"percent": 99.92
				}
			,{
				"<=msec": 110.000
				,"percent": 99.98
				}
			,{
				"<=msec": 120.000
				,"percent": 99.99
				}
			,{
				"<=msec": 130.000
				,"percent": 100.00
				}
			,{
				"<=msec": 170.000
				,"percent": 100.00
				}
			]
		,"GET":[
		]
		,"WAIT":[
		]
		}
	}
