{
	"configuration":{
		"server": "10.0.0.8"
		,"port": 6379
		,"unix socket": "(null)"
		,"protocol": "memcache_text"
		,"out_file": "(null)"
		,"client_stats": "(null)"
		,"run_count": 1
		,"debug": 0
		,"requests": 0
		,"clients": 32
		,"threads": 1
		,"test_time": 75
		,"ratio": "1:0"
		,"pipeline": 1
		,"data_size": 1024
		,"data_offset": 0
		,"random_data": "false"
		,"data_size_range": "0:0"
		,"data_size_list": ""
		,"data_size_pattern": "R"
		,"expiry_range": "9999:10000"
		,"data_import": "(null)"
		,"data_verify": "false"
		,"verify_only": "false"
		,"generate_keys": "false"
		,"key_prefix": "memtier-"
		,"key_minimum":           0
		,"key_maximum":       10000
		,"key_pattern": "R:R"
		,"key_stddev": 0.000000
		,"key_median": 0.000000
		,"reconnect_interval": 0
		,"multi_key_get": 0
		,"authenticate": ""
		,"select-db": 0
		,"no-expiry": "false"
		,"wait-ratio": "0:0"
		,"num-slaves": "0:0"
		,"wait-timeout": "0-0"
		}
	,"run information":{
		"Threads": 1
		,"Connections per thread": 32
		,"Seconds": 75
		}
	,"ALL STATS":{
		"Sets":{
			"Ops/sec": 829.12
			,"Hits/sec": 0.00
			,"Misses/sec": 0.00
			,"Latency": 38.59
			,"KB/sec": 861.80
			}
		,"Gets":{
			"Ops/sec": 0.00
			,"Hits/sec": 0.00
			,"Misses/sec": 0.00
			,"Latency": 0.00
			,"KB/sec": 0.00
			}
		,"Waits":{
			"Ops/sec": 0.00
			,"Hits/sec": 0.00
			,"Misses/sec": 0.00
			,"Latency": 0.00
			,"KB/sec": 0.00
			}
		,"Totals":{
			"Ops/sec": 829.12
			,"Hits/sec": 0.00
			,"Misses/sec": 0.00
			,"Latency": 38.59
			,"KB/sec": 861.80
			}
		,"SET":[
			{
				"<=msec": 4.600
				,"percent": 0.00
				}
			,{
				"<=msec": 4.800
				,"percent": 0.00
				}
			,{
				"<=msec": 4.900
				,"percent": 0.00
				}
			,{
				"<=msec": 7.600
				,"percent": 0.01
				}
			,{
				"<=msec": 7.800
				,"percent": 0.01
				}
			,{
				"<=msec": 8.000
				,"percent": 0.01
				}
			,{
				"<=msec": 8.100
				,"percent": 0.02
				}
			,{
				"<=msec": 8.400
				,"percent": 0.02
				}
			,{
				"<=msec": 8.500
				,"percent": 0.02
				}
			,{
				"<=msec": 8.600
				,"percent": 0.03
				}
			,{
				"<=msec": 8.700
				,"percent": 0.03
				}
			,{
				"<=msec": 8.800
				,"percent": 0.03
				}
			,{
				"<=msec": 8.900
				,"percent": 0.03
				}
			,{
				"<=msec": 9.000
				,"percent": 0.04
				}
			,{
				"<=msec": 9.100
				,"percent": 0.04
				}
			,{
				"<=msec": 9.200
				,"percent": 0.05
				}
			,{
				"<=msec": 9.300
				,"percent": 0.05
				}
			,{
				"<=msec": 9.400
				,"percent": 0.06
				}
			,{
				"<=msec": 9.500
				,"percent": 0.08
				}
			,{
				"<=msec": 9.600
				,"percent": 0.10
				}
			,{
				"<=msec": 9.700
				,"percent": 0.12
				}
			,{
				"<=msec": 9.800
				,"percent": 0.13
				}
			,{
				"<=msec": 9.900
				,"percent": 0.15
				}
			,{
				"<=msec": 10.000
				,"percent": 0.28
				}
			,{
				"<=msec": 11.000
				,"percent": 0.49
				}
			,{
				"<=msec": 12.000
				,"percent": 0.77
				}
			,{
				"<=msec": 13.000
				,"percent": 1.07
				}
			,{
				"<=msec": 14.000
				,"percent": 1.39
				}
			,{
				"<=msec": 15.000
				,"percent": 1.69
				}
			,{
				"<=msec": 16.000
				,"percent": 2.00
				}
			,{
				"<=msec": 17.000
				,"percent": 2.63
				}
			,{
				"<=msec": 18.000
				,"percent": 3.45
				}
			,{
				"<=msec": 19.000
				,"percent": 4.40
				}
			,{
				"<=msec": 20.000
				,"percent": 5.75
				}
			,{
				"<=msec": 21.000
				,"percent": 7.28
				}
			,{
				"<=msec": 22.000
				,"percent": 9.08
				}
			,{
				"<=msec": 23.000
				,"percent": 11.04
				}
			,{
				"<=msec": 24.000
				,"percent": 12.99
				}
			,{
				"<=msec": 25.000
				,"percent": 15.01
				}
			,{
				"<=msec": 26.000
				,"percent": 17.43
				}
			,{
				"<=msec": 27.000
				,"percent": 20.42
				}
			,{
				"<=msec": 28.000
				,"percent": 24.12
				}
			,{
				"<=msec": 29.000
				,"percent": 28.64
				}
			,{
				"<=msec": 30.000
				,"percent": 33.06
				}
			,{
				"<=msec": 31.000
				,"percent": 37.30
				}
			,{
				"<=msec": 32.000
				,"percent": 40.83
				}
			,{
				"<=msec": 33.000
				,"percent": 44.00
				}
			,{
				"<=msec": 34.000
				,"percent": 47.02
				}
			,{
				"<=msec": 35.000
				,"percent": 49.80
				}
			,{
				"<=msec": 36.000
				,"percent": 52.44
				}
			,{
				"<=msec": 37.000
				,"percent": 55.25
				}
			,{
				"<=msec": 38.000
				,"percent": 58.16
				}
			,{
				"<=msec": 39.000
				,"percent": 61.16
				}
			,{
				"<=msec": 40.000
				,"percent": 63.99
				}
			,{
				"<=msec": 41.000
				,"percent": 66.35
				}
			,{
				"<=msec": 42.000
				,"percent": 68.44
				}
			,{
				"<=msec": 43.000
				,"percent": 70.24
				}
			,{
				"<=msec": 44.000
				,"percent": 71.88
				}
			,{
				"<=msec": 45.000
				,"percent": 73.38
				}
			,{
				"<=msec": 46.000
				,"percent": 74.90
				}
			,{
				"<=msec": 47.000
				,"percent": 76.65
				}
			,{
				"<=msec": 48.000
				,"percent": 78.44
				}
			,{
				"<=msec": 49.000
				,"percent": 80.19
				}
			,{
				"<=msec": 50.000
				,"percent": 81.79
				}
			,{
				"<=msec": 51.000
				,"percent": 83.22
				}
			,{
				"<=msec": 52.000
				,"percent": 84.55
				}
			,{
				"<=msec": 53.000
				,"percent": 85.68
				}
			,{
				"<=msec": 54.000
				,"percent": 86.63
				}
			,{
				"<=msec": 55.000
				,"percent": 87.57
				}
			,{
				"<=msec": 56.000
				,"percent": 88.49
				}
			,{
				"<=msec": 57.000
				,"percent": 89.48
				}
			,{
				"<=msec": 58.000
				,"percent": 90.35
				}
			,{
				"<=msec": 59.000
				,"percent": 91.32
				}
			,{
				"<=msec": 60.000
				,"percent": 92.12
				}
			,{
				"<=msec": 61.000
				,"percent": 92.73
				}
			,{
				"<=msec": 62.000
				,"percent": 93.29
				}
			,{
				"<=msec": 63.000
				,"percent": 93.80
				}
			,{
				"<=msec": 64.000
				,"percent": 94.26
				}
			,{
				"<=msec": 65.000
				,"percent": 94.65
				}
			,{
				"<=msec": 66.000
				,"percent": 95.06
				}
			,{
				"<=msec": 67.000
				,"percent": 95.52
				}
			,{
				"<=msec": 68.000
				,"percent": 95.94
				}
			,{
				"<=msec": 69.000
				,"percent": 96.30
				}
			,{
				"<=msec": 70.000
				,"percent": 96.63
				}
			,{
				"<=msec": 71.000
				,"percent": 96.93
				}
			,{
				"<=msec": 72.000
				,"percent": 97.15
				}
			,{
				"<=msec": 73.000
				,"percent": 97.39
				}
			,{
				"<=msec": 74.000
				,"percent": 97.61
				}
			,{
				"<=msec": 75.000
				,"percent": 97.79
				}
			,{
				"<=msec": 76.000
				,"percent": 97.98
				}
			,{
				"<=msec": 77.000
				,"percent": 98.14
				}
			,{
				"<=msec": 78.000
				,"percent": 98.32
				}
			,{
				"<=msec": 79.000
				,"percent": 98.45
				}
			,{
				"<=msec": 80.000
				,"percent": 98.58
				}
			,{
				"<=msec": 81.000
				,"percent": 98.70
				}
			,{
				"<=msec": 82.000
				,"percent": 98.82
				}
			,{
				"<=msec": 83.000
				,"percent": 98.91
				}
			,{
				"<=msec": 84.000
				,"percent": 99.03
				}
			,{
				"<=msec": 85.000
				,"percent": 99.13
				}
			,{
				"<=msec": 86.000
				,"percent": 99.20
				}
			,{
				"<=msec": 87.000
				,"percent": 99.27
				}
			,{
				"<=msec": 88.000
				,"percent": 99.34
				}
			,{
				"<=msec": 89.000
				,"percent": 99.38
				}
			,{
				"<=msec": 90.000
				,"percent": 99.44
				}
			,{
				"<=msec": 91.000
				,"percent": 99.49
				}
			,{
				"<=msec": 92.000
				,"percent": 99.55
				}
			,{
				"<=msec": 93.000
				,"percent": 99.57
				}
			,{
				"<=msec": 94.000
				,"percent": 99.61
				}
			,{
				"<=msec": 95.000
				,"percent": 99.65
				}
			,{
				"<=msec": 96.000
				,"percent": 99.68
				}
			,{
				"<=msec": 97.000
				,"percent": 99.69
				}
			,{
				"<=msec": 98.000
				,"percent": 99.71
				}
			,{
				"<=msec": 99.000
				,"percent": 99.74
				}
			,{
				"<=msec": 100.000
				,"percent": 99.83
				}
			,{
				"<=msec": 110.000
				,"percent": 99.90
				}
			,{
				"<=msec": 120.000
				,"percent": 99.93
				}
			,{
				"<=msec": 130.000
				,"percent": 99.94
				}
			,{
				"<=msec": 140.000
				,"percent": 99.95
				}
			,{
				"<=msec": 150.000
				,"percent": 99.95
				}
			,{
				"<=msec": 160.000
				,"percent": 99.95
				}
			,{
				"<=msec": 200.000
				,"percent": 99.95
				}
			,{
				"<=msec": 210.000
				,"percent": 99.97
				}
			,{
				"<=msec": 220.000
				,"percent": 99.99
				}
			,{
				"<=msec": 230.000
				,"percent": 100.00
				}
			]
		,"GET":[
		]
		,"WAIT":[
		]
		}
	}
