{
	"configuration":{
		"server": "10.0.0.9"
		,"port": 6379
		,"unix socket": "(null)"
		,"protocol": "memcache_text"
		,"out_file": "(null)"
		,"client_stats": "(null)"
		,"run_count": 1
		,"debug": 0
		,"requests": 0
		,"clients": 32
		,"threads": 1
		,"test_time": 75
		,"ratio": "1:0"
		,"pipeline": 1
		,"data_size": 1024
		,"data_offset": 0
		,"random_data": "false"
		,"data_size_range": "0:0"
		,"data_size_list": ""
		,"data_size_pattern": "R"
		,"expiry_range": "9999:10000"
		,"data_import": "(null)"
		,"data_verify": "false"
		,"verify_only": "false"
		,"generate_keys": "false"
		,"key_prefix": "memtier-"
		,"key_minimum":           0
		,"key_maximum":       10000
		,"key_pattern": "R:R"
		,"key_stddev": 0.000000
		,"key_median": 0.000000
		,"reconnect_interval": 0
		,"multi_key_get": 0
		,"authenticate": ""
		,"select-db": 0
		,"no-expiry": "false"
		,"wait-ratio": "0:0"
		,"num-slaves": "0:0"
		,"wait-timeout": "0-0"
		}
	,"run information":{
		"Threads": 1
		,"Connections per thread": 32
		,"Seconds": 75
		}
	,"ALL STATS":{
		"Sets":{
			"Ops/sec": 992.27
			,"Hits/sec": 0.00
			,"Misses/sec": 0.00
			,"Latency": 31.82
			,"KB/sec": 1031.39
			}
		,"Gets":{
			"Ops/sec": 0.00
			,"Hits/sec": 0.00
			,"Misses/sec": 0.00
			,"Latency": 0.00
			,"KB/sec": 0.00
			}
		,"Waits":{
			"Ops/sec": 0.00
			,"Hits/sec": 0.00
			,"Misses/sec": 0.00
			,"Latency": 0.00
			,"KB/sec": 0.00
			}
		,"Totals":{
			"Ops/sec": 992.27
			,"Hits/sec": 0.00
			,"Misses/sec": 0.00
			,"Latency": 31.82
			,"KB/sec": 1031.39
			}
		,"SET":[
			{
				"<=msec": 2.600
				,"percent": 0.00
				}
			,{
				"<=msec": 3.200
				,"percent": 0.00
				}
			,{
				"<=msec": 3.300
				,"percent": 0.00
				}
			,{
				"<=msec": 3.400
				,"percent": 0.01
				}
			,{
				"<=msec": 3.500
				,"percent": 0.01
				}
			,{
				"<=msec": 3.600
				,"percent": 0.01
				}
			,{
				"<=msec": 3.700
				,"percent": 0.01
				}
			,{
				"<=msec": 3.800
				,"percent": 0.01
				}
			,{
				"<=msec": 3.900
				,"percent": 0.02
				}
			,{
				"<=msec": 4.000
				,"percent": 0.02
				}
			,{
				"<=msec": 4.100
				,"percent": 0.02
				}
			,{
				"<=msec": 4.200
				,"percent": 0.02
				}
			,{
				"<=msec": 4.300
				,"percent": 0.03
				}
			,{
				"<=msec": 4.400
				,"percent": 0.03
				}
			,{
				"<=msec": 4.600
				,"percent": 0.03
				}
			,{
				"<=msec": 4.700
				,"percent": 0.03
				}
			,{
				"<=msec": 4.800
				,"percent": 0.04
				}
			,{
				"<=msec": 5.000
				,"percent": 0.04
				}
			,{
				"<=msec": 5.100
				,"percent": 0.05
				}
			,{
				"<=msec": 5.200
				,"percent": 0.05
				}
			,{
				"<=msec": 5.300
				,"percent": 0.06
				}
			,{
				"<=msec": 5.500
				,"percent": 0.06
				}
			,{
				"<=msec": 5.600
				,"percent": 0.06
				}
			,{
				"<=msec": 5.700
				,"percent": 0.07
				}
			,{
				"<=msec": 5.800
				,"percent": 0.07
				}
			,{
				"<=msec": 5.900
				,"percent": 0.07
				}
			,{
				"<=msec": 6.100
				,"percent": 0.08
				}
			,{
				"<=msec": 6.200
				,"percent": 0.08
				}
			,{
				"<=msec": 6.300
				,"percent": 0.08
				}
			,{
				"<=msec": 6.500
				,"percent": 0.08
				}
			,{
				"<=msec": 6.600
				,"percent": 0.08
				}
			,{
				"<=msec": 6.700
				,"percent": 0.09
				}
			,{
				"<=msec": 6.900
				,"percent": 0.09
				}
			,{
				"<=msec": 7.000
				,"percent": 0.09
				}
			,{
				"<=msec": 7.100
				,"percent": 0.10
				}
			,{
				"<=msec": 7.200
				,"percent": 0.10
				}
			,{
				"<=msec": 7.300
				,"percent": 0.11
				}
			,{
				"<=msec": 7.400
				,"percent": 0.12
				}
			,{
				"<=msec": 7.500
				,"percent": 0.12
				}
			,{
				"<=msec": 7.600
				,"percent": 0.13
				}
			,{
				"<=msec": 7.700
				,"percent": 0.14
				}
			,{
				"<=msec": 7.800
				,"percent": 0.14
				}
			,{
				"<=msec": 7.900
				,"percent": 0.16
				}
			,{
				"<=msec": 8.000
				,"percent": 0.17
				}
			,{
				"<=msec": 8.100
				,"percent": 0.19
				}
			,{
				"<=msec": 8.200
				,"percent": 0.20
				}
			,{
				"<=msec": 8.300
				,"percent": 0.21
				}
			,{
				"<=msec": 8.400
				,"percent": 0.22
				}
			,{
				"<=msec": 8.500
				,"percent": 0.24
				}
			,{
				"<=msec": 8.600
				,"percent": 0.25
				}
			,{
				"<=msec": 8.700
				,"percent": 0.27
				}
			,{
				"<=msec": 8.800
				,"percent": 0.29
				}
			,{
				"<=msec": 8.900
				,"percent": 0.34
				}
			,{
				"<=msec": 9.000
				,"percent": 0.36
				}
			,{
				"<=msec": 9.100
				,"percent": 0.38
				}
			,{
				"<=msec": 9.200
				,"percent": 0.43
				}
			,{
				"<=msec": 9.300
				,"percent": 0.45
				}
			,{
				"<=msec": 9.400
				,"percent": 0.49
				}
			,{
				"<=msec": 9.500
				,"percent": 0.51
				}
			,{
				"<=msec": 9.600
				,"percent": 0.56
				}
			,{
				"<=msec": 9.700
				,"percent": 0.60
				}
			,{
				"<=msec": 9.800
				,"percent": 0.65
				}
			,{
				"<=msec": 9.900
				,"percent": 0.69
				}
			,{
				"<=msec": 10.000
				,"percent": 0.93
				}
			,{
				"<=msec": 11.000
				,"percent": 1.54
				}
			,{
				"<=msec": 12.000
				,"percent": 2.33
				}
			,{
				"<=msec": 13.000
				,"percent": 3.11
				}
			,{
				"<=msec": 14.000
				,"percent": 3.76
				}
			,{
				"<=msec": 15.000
				,"percent": 4.52
				}
			,{
				"<=msec": 16.000
				,"percent": 5.42
				}
			,{
				"<=msec": 17.000
				,"percent": 6.52
				}
			,{
				"<=msec": 18.000
				,"percent": 8.25
				}
			,{
				"<=msec": 19.000
				,"percent": 10.92
				}
			,{
				"<=msec": 20.000
				,"percent": 15.17
				}
			,{
				"<=msec": 21.000
				,"percent": 20.08
				}
			,{
				"<=msec": 22.000
				,"percent": 24.65
				}
			,{
				"<=msec": 23.000
				,"percent": 28.84
				}
			,{
				"<=msec": 24.000
				,"percent": 32.59
				}
			,{
				"<=msec": 25.000
				,"percent": 36.45
				}
			,{
				"<=msec": 26.000
				,"percent": 40.57
				}
			,{
				"<=msec": 27.000
				,"percent": 45.18
				}
			,{
				"<=msec": 28.000
				,"percent": 49.83
				}
			,{
				"<=msec": 29.000
				,"percent": 54.15
				}
			,{
				"<=msec": 30.000
				,"percent": 57.64
				}
			,{
				"<=msec": 31.000
				,"percent": 60.70
				}
			,{
				"<=msec": 32.000
				,"percent": 63.29
				}
			,{
				"<=msec": 33.000
				,"percent": 65.50
				}
			,{
				"<=msec": 34.000
				,"percent": 67.38
				}
			,{
				"<=msec": 35.000
				,"percent": 69.18
				}
			,{
				"<=msec": 36.000
				,"percent": 71.10
				}
			,{
				"<=msec": 37.000
				,"percent": 72.98
				}
			,{
				"<=msec": 38.000
				,"percent": 74.94
				}
			,{
				"<=msec": 39.000
				,"percent": 76.83
				}
			,{
				"<=msec": 40.000
				,"percent": 78.64
				}
			,{
				"<=msec": 41.000
				,"percent": 80.32
				}
			,{
				"<=msec": 42.000
				,"percent": 81.80
				}
			,{
				"<=msec": 43.000
				,"percent": 82.98
				}
			,{
				"<=msec": 44.000
				,"percent": 84.10
				}
			,{
				"<=msec": 45.000
				,"percent": 85.11
				}
			,{
				"<=msec": 46.000
				,"percent": 86.22
				}
			,{
				"<=msec": 47.000
				,"percent": 87.42
				}
			,{
				"<=msec": 48.000
				,"percent": 88.66
				}
			,{
				"<=msec": 49.000
				,"percent": 89.81
				}
			,{
				"<=msec": 50.000
				,"percent": 90.87
				}
			,{
				"<=msec": 51.000
				,"percent": 91.74
				}
			,{
				"<=msec": 52.000
				,"percent": 92.45
				}
			,{
				"<=msec": 53.000
				,"percent": 93.05
				}
			,{
				"<=msec": 54.000
				,"percent": 93.52
				}
			,{
				"<=msec": 55.000
				,"percent": 94.01
				}
			,{
				"<=msec": 56.000
				,"percent": 94.57
				}
			,{
				"<=msec": 57.000
				,"percent": 95.09
				}
			,{
				"<=msec": 58.000
				,"percent": 95.58
				}
			,{
				"<=msec": 59.000
				,"percent": 96.02
				}
			,{
				"<=msec": 60.000
				,"percent": 96.41
				}
			,{
				"<=msec": 61.000
				,"percent": 96.72
				}
			,{
				"<=msec": 62.000
				,"percent": 97.00
				}
			,{
				"<=msec": 63.000
				,"percent": 97.26
				}
			,{
				"<=msec": 64.000
				,"percent": 97.46
				}
			,{
				"<=msec": 65.000
				,"percent": 97.66
				}
			,{
				"<=msec": 66.000
				,"percent": 97.90
				}
			,{
				"<=msec": 67.000
				,"percent": 98.09
				}
			,{
				"<=msec": 68.000
				,"percent": 98.28
				}
			,{
				"<=msec": 69.000
				,"percent": 98.44
				}
			,{
				"<=msec": 70.000
				,"percent": 98.60
				}
			,{
				"<=msec": 71.000
				,"percent": 98.76
				}
			,{
				"<=msec": 72.000
				,"percent": 98.90
				}
			,{
				"<=msec": 73.000
				,"percent": 99.00
				}
			,{
				"<=msec": 74.000
				,"percent": 99.08
				}
			,{
				"<=msec": 75.000
				,"percent": 99.16
				}
			,{
				"<=msec": 76.000
				,"percent": 99.25
				}
			,{
				"<=msec": 77.000
				,"percent": 99.32
				}
			,{
				"<=msec": 78.000
				,"percent": 99.39
				}
			,{
				"<=msec": 79.000
				,"percent": 99.44
				}
			,{
				"<=msec": 80.000
				,"percent": 99.49
				}
			,{
				"<=msec": 81.000
				,"percent": 99.54
				}
			,{
				"<=msec": 82.000
				,"percent": 99.59
				}
			,{
				"<=msec": 83.000
				,"percent": 99.63
				}
			,{
				"<=msec": 84.000
				,"percent": 99.66
				}
			,{
				"<=msec": 85.000
				,"percent": 99.69
				}
			,{
				"<=msec": 86.000
				,"percent": 99.71
				}
			,{
				"<=msec": 87.000
				,"percent": 99.74
				}
			,{
				"<=msec": 88.000
				,"percent": 99.76
				}
			,{
				"<=msec": 89.000
				,"percent": 99.78
				}
			,{
				"<=msec": 90.000
				,"percent": 99.80
				}
			,{
				"<=msec": 91.000
				,"percent": 99.81
				}
			,{
				"<=msec": 92.000
				,"percent": 99.82
				}
			,{
				"<=msec": 93.000
				,"percent": 99.84
				}
			,{
				"<=msec": 94.000
				,"percent": 99.85
				}
			,{
				"<=msec": 95.000
				,"percent": 99.86
				}
			,{
				"<=msec": 96.000
				,"percent": 99.87
				}
			,{
				"<=msec": 97.000
				,"percent": 99.89
				}
			,{
				"<=msec": 98.000
				,"percent": 99.89
				}
			,{
				"<=msec": 99.000
				,"percent": 99.90
				}
			,{
				"<=msec": 100.000
				,"percent": 99.94
				}
			,{
				"<=msec": 110.000
				,"percent": 99.98
				}
			,{
				"<=msec": 120.000
				,"percent": 99.99
				}
			,{
				"<=msec": 130.000
				,"percent": 100.00
				}
			,{
				"<=msec": 150.000
				,"percent": 100.00
				}
			]
		,"GET":[
		]
		,"WAIT":[
		]
		}
	}
