{
	"configuration":{
		"server": "10.0.0.9"
		,"port": 6379
		,"unix socket": "(null)"
		,"protocol": "memcache_text"
		,"out_file": "(null)"
		,"client_stats": "(null)"
		,"run_count": 1
		,"debug": 0
		,"requests": 0
		,"clients": 32
		,"threads": 1
		,"test_time": 75
		,"ratio": "1:0"
		,"pipeline": 1
		,"data_size": 1024
		,"data_offset": 0
		,"random_data": "false"
		,"data_size_range": "0:0"
		,"data_size_list": ""
		,"data_size_pattern": "R"
		,"expiry_range": "9999:10000"
		,"data_import": "(null)"
		,"data_verify": "false"
		,"verify_only": "false"
		,"generate_keys": "false"
		,"key_prefix": "memtier-"
		,"key_minimum":           0
		,"key_maximum":       10000
		,"key_pattern": "R:R"
		,"key_stddev": 0.000000
		,"key_median": 0.000000
		,"reconnect_interval": 0
		,"multi_key_get": 0
		,"authenticate": ""
		,"select-db": 0
		,"no-expiry": "false"
		,"wait-ratio": "0:0"
		,"num-slaves": "0:0"
		,"wait-timeout": "0-0"
		}
	,"run information":{
		"Threads": 1
		,"Connections per thread": 32
		,"Seconds": 75
		}
	,"ALL STATS":{
		"Sets":{
			"Ops/sec": 994.72
			,"Hits/sec": 0.00
			,"Misses/sec": 0.00
			,"Latency": 32.16
			,"KB/sec": 1033.94
			}
		,"Gets":{
			"Ops/sec": 0.00
			,"Hits/sec": 0.00
			,"Misses/sec": 0.00
			,"Latency": 0.00
			,"KB/sec": 0.00
			}
		,"Waits":{
			"Ops/sec": 0.00
			,"Hits/sec": 0.00
			,"Misses/sec": 0.00
			,"Latency": 0.00
			,"KB/sec": 0.00
			}
		,"Totals":{
			"Ops/sec": 994.72
			,"Hits/sec": 0.00
			,"Misses/sec": 0.00
			,"Latency": 32.16
			,"KB/sec": 1033.94
			}
		,"SET":[
			{
				"<=msec": 2.600
				,"percent": 0.00
				}
			,{
				"<=msec": 3.000
				,"percent": 0.00
				}
			,{
				"<=msec": 3.100
				,"percent": 0.01
				}
			,{
				"<=msec": 3.200
				,"percent": 0.01
				}
			,{
				"<=msec": 3.300
				,"percent": 0.01
				}
			,{
				"<=msec": 3.400
				,"percent": 0.01
				}
			,{
				"<=msec": 3.500
				,"percent": 0.02
				}
			,{
				"<=msec": 3.600
				,"percent": 0.02
				}
			,{
				"<=msec": 3.700
				,"percent": 0.03
				}
			,{
				"<=msec": 3.800
				,"percent": 0.03
				}
			,{
				"<=msec": 3.900
				,"percent": 0.03
				}
			,{
				"<=msec": 4.000
				,"percent": 0.03
				}
			,{
				"<=msec": 4.100
				,"percent": 0.04
				}
			,{
				"<=msec": 4.200
				,"percent": 0.05
				}
			,{
				"<=msec": 4.300
				,"percent": 0.05
				}
			,{
				"<=msec": 4.400
				,"percent": 0.05
				}
			,{
				"<=msec": 4.500
				,"percent": 0.05
				}
			,{
				"<=msec": 4.600
				,"percent": 0.06
				}
			,{
				"<=msec": 4.800
				,"percent": 0.06
				}
			,{
				"<=msec": 4.900
				,"percent": 0.06
				}
			,{
				"<=msec": 5.000
				,"percent": 0.07
				}
			,{
				"<=msec": 5.100
				,"percent": 0.07
				}
			,{
				"<=msec": 5.200
				,"percent": 0.07
				}
			,{
				"<=msec": 5.300
				,"percent": 0.08
				}
			,{
				"<=msec": 5.400
				,"percent": 0.08
				}
			,{
				"<=msec": 5.500
				,"percent": 0.08
				}
			,{
				"<=msec": 5.600
				,"percent": 0.09
				}
			,{
				"<=msec": 5.700
				,"percent": 0.10
				}
			,{
				"<=msec": 5.900
				,"percent": 0.10
				}
			,{
				"<=msec": 6.100
				,"percent": 0.10
				}
			,{
				"<=msec": 6.200
				,"percent": 0.10
				}
			,{
				"<=msec": 6.300
				,"percent": 0.11
				}
			,{
				"<=msec": 6.400
				,"percent": 0.11
				}
			,{
				"<=msec": 6.500
				,"percent": 0.11
				}
			,{
				"<=msec": 6.600
				,"percent": 0.12
				}
			,{
				"<=msec": 6.700
				,"percent": 0.12
				}
			,{
				"<=msec": 6.800
				,"percent": 0.12
				}
			,{
				"<=msec": 6.900
				,"percent": 0.13
				}
			,{
				"<=msec": 7.100
				,"percent": 0.13
				}
			,{
				"<=msec": 7.200
				,"percent": 0.13
				}
			,{
				"<=msec": 7.300
				,"percent": 0.14
				}
			,{
				"<=msec": 7.400
				,"percent": 0.14
				}
			,{
				"<=msec": 7.500
				,"percent": 0.15
				}
			,{
				"<=msec": 7.600
				,"percent": 0.15
				}
			,{
				"<=msec": 7.700
				,"percent": 0.16
				}
			,{
				"<=msec": 7.800
				,"percent": 0.17
				}
			,{
				"<=msec": 7.900
				,"percent": 0.17
				}
			,{
				"<=msec": 8.000
				,"percent": 0.18
				}
			,{
				"<=msec": 8.100
				,"percent": 0.19
				}
			,{
				"<=msec": 8.200
				,"percent": 0.21
				}
			,{
				"<=msec": 8.300
				,"percent": 0.22
				}
			,{
				"<=msec": 8.400
				,"percent": 0.24
				}
			,{
				"<=msec": 8.500
				,"percent": 0.25
				}
			,{
				"<=msec": 8.600
				,"percent": 0.27
				}
			,{
				"<=msec": 8.700
				,"percent": 0.29
				}
			,{
				"<=msec": 8.800
				,"percent": 0.32
				}
			,{
				"<=msec": 8.900
				,"percent": 0.33
				}
			,{
				"<=msec": 9.000
				,"percent": 0.36
				}
			,{
				"<=msec": 9.100
				,"percent": 0.38
				}
			,{
				"<=msec": 9.200
				,"percent": 0.40
				}
			,{
				"<=msec": 9.300
				,"percent": 0.43
				}
			,{
				"<=msec": 9.400
				,"percent": 0.46
				}
			,{
				"<=msec": 9.500
				,"percent": 0.50
				}
			,{
				"<=msec": 9.600
				,"percent": 0.54
				}
			,{
				"<=msec": 9.700
				,"percent": 0.58
				}
			,{
				"<=msec": 9.800
				,"percent": 0.63
				}
			,{
				"<=msec": 9.900
				,"percent": 0.68
				}
			,{
				"<=msec": 10.000
				,"percent": 1.00
				}
			,{
				"<=msec": 11.000
				,"percent": 1.70
				}
			,{
				"<=msec": 12.000
				,"percent": 2.49
				}
			,{
				"<=msec": 13.000
				,"percent": 3.17
				}
			,{
				"<=msec": 14.000
				,"percent": 3.89
				}
			,{
				"<=msec": 15.000
				,"percent": 4.72
				}
			,{
				"<=msec": 16.000
				,"percent": 5.64
				}
			,{
				"<=msec": 17.000
				,"percent": 6.78
				}
			,{
				"<=msec": 18.000
				,"percent": 8.44
				}
			,{
				"<=msec": 19.000
				,"percent": 11.12
				}
			,{
				"<=msec": 20.000
				,"percent": 15.25
				}
			,{
				"<=msec": 21.000
				,"percent": 19.96
				}
			,{
				"<=msec": 22.000
				,"percent": 24.39
				}
			,{
				"<=msec": 23.000
				,"percent": 28.29
				}
			,{
				"<=msec": 24.000
				,"percent": 31.75
				}
			,{
				"<=msec": 25.000
				,"percent": 35.37
				}
			,{
				"<=msec": 26.000
				,"percent": 39.59
				}
			,{
				"<=msec": 27.000
				,"percent": 44.11
				}
			,{
				"<=msec": 28.000
				,"percent": 48.56
				}
			,{
				"<=msec": 29.000
				,"percent": 52.76
				}
			,{
				"<=msec": 30.000
				,"percent": 56.41
				}
			,{
				"<=msec": 31.000
				,"percent": 59.53
				}
			,{
				"<=msec": 32.000
				,"percent": 62.06
				}
			,{
				"<=msec": 33.000
				,"percent": 64.25
				}
			,{
				"<=msec": 34.000
				,"percent": 66.13
				}
			,{
				"<=msec": 35.000
				,"percent": 67.82
				}
			,{
				"<=msec": 36.000
				,"percent": 69.55
				}
			,{
				"<=msec": 37.000
				,"percent": 71.43
				}
			,{
				"<=msec": 38.000
				,"percent": 73.42
				}
			,{
				"<=msec": 39.000
				,"percent": 75.38
				}
			,{
				"<=msec": 40.000
				,"percent": 77.34
				}
			,{
				"<=msec": 41.000
				,"percent": 79.13
				}
			,{
				"<=msec": 42.000
				,"percent": 80.66
				}
			,{
				"<=msec": 43.000
				,"percent": 81.97
				}
			,{
				"<=msec": 44.000
				,"percent": 83.11
				}
			,{
				"<=msec": 45.000
				,"percent": 84.30
				}
			,{
				"<=msec": 46.000
				,"percent": 85.38
				}
			,{
				"<=msec": 47.000
				,"percent": 86.60
				}
			,{
				"<=msec": 48.000
				,"percent": 87.88
				}
			,{
				"<=msec": 49.000
				,"percent": 89.02
				}
			,{
				"<=msec": 50.000
				,"percent": 90.12
				}
			,{
				"<=msec": 51.000
				,"percent": 91.09
				}
			,{
				"<=msec": 52.000
				,"percent": 91.94
				}
			,{
				"<=msec": 53.000
				,"percent": 92.59
				}
			,{
				"<=msec": 54.000
				,"percent": 93.19
				}
			,{
				"<=msec": 55.000
				,"percent": 93.76
				}
			,{
				"<=msec": 56.000
				,"percent": 94.33
				}
			,{
				"<=msec": 57.000
				,"percent": 94.82
				}
			,{
				"<=msec": 58.000
				,"percent": 95.31
				}
			,{
				"<=msec": 59.000
				,"percent": 95.76
				}
			,{
				"<=msec": 60.000
				,"percent": 96.17
				}
			,{
				"<=msec": 61.000
				,"percent": 96.51
				}
			,{
				"<=msec": 62.000
				,"percent": 96.85
				}
			,{
				"<=msec": 63.000
				,"percent": 97.16
				}
			,{
				"<=msec": 64.000
				,"percent": 97.38
				}
			,{
				"<=msec": 65.000
				,"percent": 97.54
				}
			,{
				"<=msec": 66.000
				,"percent": 97.75
				}
			,{
				"<=msec": 67.000
				,"percent": 97.95
				}
			,{
				"<=msec": 68.000
				,"percent": 98.12
				}
			,{
				"<=msec": 69.000
				,"percent": 98.31
				}
			,{
				"<=msec": 70.000
				,"percent": 98.47
				}
			,{
				"<=msec": 71.000
				,"percent": 98.68
				}
			,{
				"<=msec": 72.000
				,"percent": 98.84
				}
			,{
				"<=msec": 73.000
				,"percent": 98.96
				}
			,{
				"<=msec": 74.000
				,"percent": 99.08
				}
			,{
				"<=msec": 75.000
				,"percent": 99.17
				}
			,{
				"<=msec": 76.000
				,"percent": 99.24
				}
			,{
				"<=msec": 77.000
				,"percent": 99.32
				}
			,{
				"<=msec": 78.000
				,"percent": 99.40
				}
			,{
				"<=msec": 79.000
				,"percent": 99.47
				}
			,{
				"<=msec": 80.000
				,"percent": 99.52
				}
			,{
				"<=msec": 81.000
				,"percent": 99.55
				}
			,{
				"<=msec": 82.000
				,"percent": 99.60
				}
			,{
				"<=msec": 83.000
				,"percent": 99.64
				}
			,{
				"<=msec": 84.000
				,"percent": 99.68
				}
			,{
				"<=msec": 85.000
				,"percent": 99.70
				}
			,{
				"<=msec": 86.000
				,"percent": 99.73
				}
			,{
				"<=msec": 87.000
				,"percent": 99.76
				}
			,{
				"<=msec": 88.000
				,"percent": 99.78
				}
			,{
				"<=msec": 89.000
				,"percent": 99.80
				}
			,{
				"<=msec": 90.000
				,"percent": 99.83
				}
			,{
				"<=msec": 91.000
				,"percent": 99.85
				}
			,{
				"<=msec": 92.000
				,"percent": 99.86
				}
			,{
				"<=msec": 93.000
				,"percent": 99.88
				}
			,{
				"<=msec": 94.000
				,"percent": 99.90
				}
			,{
				"<=msec": 95.000
				,"percent": 99.90
				}
			,{
				"<=msec": 96.000
				,"percent": 99.91
				}
			,{
				"<=msec": 97.000
				,"percent": 99.91
				}
			,{
				"<=msec": 98.000
				,"percent": 99.91
				}
			,{
				"<=msec": 99.000
				,"percent": 99.92
				}
			,{
				"<=msec": 100.000
				,"percent": 99.95
				}
			,{
				"<=msec": 110.000
				,"percent": 99.99
				}
			,{
				"<=msec": 120.000
				,"percent": 99.99
				}
			,{
				"<=msec": 130.000
				,"percent": 100.00
				}
			,{
				"<=msec": 140.000
				,"percent": 100.00
				}
			,{
				"<=msec": 150.000
				,"percent": 100.00
				}
			]
		,"GET":[
		]
		,"WAIT":[
		]
		}
	}
