{
	"configuration":{
		"server": "10.0.0.9"
		,"port": 6379
		,"unix socket": "(null)"
		,"protocol": "memcache_text"
		,"out_file": "(null)"
		,"client_stats": "(null)"
		,"run_count": 1
		,"debug": 0
		,"requests": 0
		,"clients": 32
		,"threads": 1
		,"test_time": 75
		,"ratio": "1:0"
		,"pipeline": 1
		,"data_size": 1024
		,"data_offset": 0
		,"random_data": "false"
		,"data_size_range": "0:0"
		,"data_size_list": ""
		,"data_size_pattern": "R"
		,"expiry_range": "9999:10000"
		,"data_import": "(null)"
		,"data_verify": "false"
		,"verify_only": "false"
		,"generate_keys": "false"
		,"key_prefix": "memtier-"
		,"key_minimum":           0
		,"key_maximum":       10000
		,"key_pattern": "R:R"
		,"key_stddev": 0.000000
		,"key_median": 0.000000
		,"reconnect_interval": 0
		,"multi_key_get": 0
		,"authenticate": ""
		,"select-db": 0
		,"no-expiry": "false"
		,"wait-ratio": "0:0"
		,"num-slaves": "0:0"
		,"wait-timeout": "0-0"
		}
	,"run information":{
		"Threads": 1
		,"Connections per thread": 32
		,"Seconds": 75
		}
	,"ALL STATS":{
		"Sets":{
			"Ops/sec": 1014.31
			,"Hits/sec": 0.00
			,"Misses/sec": 0.00
			,"Latency": 31.54
			,"KB/sec": 1054.30
			}
		,"Gets":{
			"Ops/sec": 0.00
			,"Hits/sec": 0.00
			,"Misses/sec": 0.00
			,"Latency": 0.00
			,"KB/sec": 0.00
			}
		,"Waits":{
			"Ops/sec": 0.00
			,"Hits/sec": 0.00
			,"Misses/sec": 0.00
			,"Latency": 0.00
			,"KB/sec": 0.00
			}
		,"Totals":{
			"Ops/sec": 1014.31
			,"Hits/sec": 0.00
			,"Misses/sec": 0.00
			,"Latency": 31.54
			,"KB/sec": 1054.30
			}
		,"SET":[
			{
				"<=msec": 1.400
				,"percent": 0.00
				}
			,{
				"<=msec": 1.500
				,"percent": 0.01
				}
			,{
				"<=msec": 1.600
				,"percent": 0.01
				}
			,{
				"<=msec": 1.700
				,"percent": 0.02
				}
			,{
				"<=msec": 1.800
				,"percent": 0.03
				}
			,{
				"<=msec": 1.900
				,"percent": 0.05
				}
			,{
				"<=msec": 2.000
				,"percent": 0.07
				}
			,{
				"<=msec": 2.100
				,"percent": 0.10
				}
			,{
				"<=msec": 2.200
				,"percent": 0.13
				}
			,{
				"<=msec": 2.300
				,"percent": 0.17
				}
			,{
				"<=msec": 2.400
				,"percent": 0.20
				}
			,{
				"<=msec": 2.500
				,"percent": 0.24
				}
			,{
				"<=msec": 2.600
				,"percent": 0.28
				}
			,{
				"<=msec": 2.700
				,"percent": 0.31
				}
			,{
				"<=msec": 2.800
				,"percent": 0.35
				}
			,{
				"<=msec": 2.900
				,"percent": 0.39
				}
			,{
				"<=msec": 3.000
				,"percent": 0.44
				}
			,{
				"<=msec": 3.100
				,"percent": 0.48
				}
			,{
				"<=msec": 3.200
				,"percent": 0.53
				}
			,{
				"<=msec": 3.300
				,"percent": 0.56
				}
			,{
				"<=msec": 3.400
				,"percent": 0.60
				}
			,{
				"<=msec": 3.500
				,"percent": 0.63
				}
			,{
				"<=msec": 3.600
				,"percent": 0.68
				}
			,{
				"<=msec": 3.700
				,"percent": 0.70
				}
			,{
				"<=msec": 3.800
				,"percent": 0.73
				}
			,{
				"<=msec": 3.900
				,"percent": 0.75
				}
			,{
				"<=msec": 4.000
				,"percent": 0.78
				}
			,{
				"<=msec": 4.100
				,"percent": 0.82
				}
			,{
				"<=msec": 4.200
				,"percent": 0.85
				}
			,{
				"<=msec": 4.300
				,"percent": 0.88
				}
			,{
				"<=msec": 4.400
				,"percent": 0.92
				}
			,{
				"<=msec": 4.500
				,"percent": 0.94
				}
			,{
				"<=msec": 4.600
				,"percent": 0.97
				}
			,{
				"<=msec": 4.700
				,"percent": 0.99
				}
			,{
				"<=msec": 4.800
				,"percent": 1.03
				}
			,{
				"<=msec": 4.900
				,"percent": 1.06
				}
			,{
				"<=msec": 5.000
				,"percent": 1.09
				}
			,{
				"<=msec": 5.100
				,"percent": 1.11
				}
			,{
				"<=msec": 5.200
				,"percent": 1.13
				}
			,{
				"<=msec": 5.300
				,"percent": 1.15
				}
			,{
				"<=msec": 5.400
				,"percent": 1.18
				}
			,{
				"<=msec": 5.500
				,"percent": 1.20
				}
			,{
				"<=msec": 5.600
				,"percent": 1.24
				}
			,{
				"<=msec": 5.700
				,"percent": 1.27
				}
			,{
				"<=msec": 5.800
				,"percent": 1.30
				}
			,{
				"<=msec": 5.900
				,"percent": 1.32
				}
			,{
				"<=msec": 6.000
				,"percent": 1.35
				}
			,{
				"<=msec": 6.100
				,"percent": 1.39
				}
			,{
				"<=msec": 6.200
				,"percent": 1.42
				}
			,{
				"<=msec": 6.300
				,"percent": 1.46
				}
			,{
				"<=msec": 6.400
				,"percent": 1.50
				}
			,{
				"<=msec": 6.500
				,"percent": 1.53
				}
			,{
				"<=msec": 6.600
				,"percent": 1.56
				}
			,{
				"<=msec": 6.700
				,"percent": 1.60
				}
			,{
				"<=msec": 6.800
				,"percent": 1.64
				}
			,{
				"<=msec": 6.900
				,"percent": 1.69
				}
			,{
				"<=msec": 7.000
				,"percent": 1.74
				}
			,{
				"<=msec": 7.100
				,"percent": 1.79
				}
			,{
				"<=msec": 7.200
				,"percent": 1.83
				}
			,{
				"<=msec": 7.300
				,"percent": 1.88
				}
			,{
				"<=msec": 7.400
				,"percent": 1.93
				}
			,{
				"<=msec": 7.500
				,"percent": 1.98
				}
			,{
				"<=msec": 7.600
				,"percent": 2.04
				}
			,{
				"<=msec": 7.700
				,"percent": 2.10
				}
			,{
				"<=msec": 7.800
				,"percent": 2.18
				}
			,{
				"<=msec": 7.900
				,"percent": 2.25
				}
			,{
				"<=msec": 8.000
				,"percent": 2.33
				}
			,{
				"<=msec": 8.100
				,"percent": 2.39
				}
			,{
				"<=msec": 8.200
				,"percent": 2.45
				}
			,{
				"<=msec": 8.300
				,"percent": 2.54
				}
			,{
				"<=msec": 8.400
				,"percent": 2.62
				}
			,{
				"<=msec": 8.500
				,"percent": 2.70
				}
			,{
				"<=msec": 8.600
				,"percent": 2.78
				}
			,{
				"<=msec": 8.700
				,"percent": 2.87
				}
			,{
				"<=msec": 8.800
				,"percent": 2.96
				}
			,{
				"<=msec": 8.900
				,"percent": 3.04
				}
			,{
				"<=msec": 9.000
				,"percent": 3.12
				}
			,{
				"<=msec": 9.100
				,"percent": 3.20
				}
			,{
				"<=msec": 9.200
				,"percent": 3.27
				}
			,{
				"<=msec": 9.300
				,"percent": 3.33
				}
			,{
				"<=msec": 9.400
				,"percent": 3.41
				}
			,{
				"<=msec": 9.500
				,"percent": 3.51
				}
			,{
				"<=msec": 9.600
				,"percent": 3.60
				}
			,{
				"<=msec": 9.700
				,"percent": 3.70
				}
			,{
				"<=msec": 9.800
				,"percent": 3.81
				}
			,{
				"<=msec": 9.900
				,"percent": 3.90
				}
			,{
				"<=msec": 10.000
				,"percent": 4.31
				}
			,{
				"<=msec": 11.000
				,"percent": 4.97
				}
			,{
				"<=msec": 12.000
				,"percent": 5.60
				}
			,{
				"<=msec": 13.000
				,"percent": 6.25
				}
			,{
				"<=msec": 14.000
				,"percent": 7.03
				}
			,{
				"<=msec": 15.000
				,"percent": 7.87
				}
			,{
				"<=msec": 16.000
				,"percent": 8.65
				}
			,{
				"<=msec": 17.000
				,"percent": 9.66
				}
			,{
				"<=msec": 18.000
				,"percent": 11.00
				}
			,{
				"<=msec": 19.000
				,"percent": 13.13
				}
			,{
				"<=msec": 20.000
				,"percent": 16.57
				}
			,{
				"<=msec": 21.000
				,"percent": 20.70
				}
			,{
				"<=msec": 22.000
				,"percent": 24.74
				}
			,{
				"<=msec": 23.000
				,"percent": 28.51
				}
			,{
				"<=msec": 24.000
				,"percent": 32.37
				}
			,{
				"<=msec": 25.000
				,"percent": 36.13
				}
			,{
				"<=msec": 26.000
				,"percent": 40.26
				}
			,{
				"<=msec": 27.000
				,"percent": 44.82
				}
			,{
				"<=msec": 28.000
				,"percent": 49.30
				}
			,{
				"<=msec": 29.000
				,"percent": 53.42
				}
			,{
				"<=msec": 30.000
				,"percent": 57.11
				}
			,{
				"<=msec": 31.000
				,"percent": 60.29
				}
			,{
				"<=msec": 32.000
				,"percent": 62.92
				}
			,{
				"<=msec": 33.000
				,"percent": 65.18
				}
			,{
				"<=msec": 34.000
				,"percent": 67.22
				}
			,{
				"<=msec": 35.000
				,"percent": 68.99
				}
			,{
				"<=msec": 36.000
				,"percent": 70.77
				}
			,{
				"<=msec": 37.000
				,"percent": 72.59
				}
			,{
				"<=msec": 38.000
				,"percent": 74.58
				}
			,{
				"<=msec": 39.000
				,"percent": 76.51
				}
			,{
				"<=msec": 40.000
				,"percent": 78.33
				}
			,{
				"<=msec": 41.000
				,"percent": 80.06
				}
			,{
				"<=msec": 42.000
				,"percent": 81.54
				}
			,{
				"<=msec": 43.000
				,"percent": 82.70
				}
			,{
				"<=msec": 44.000
				,"percent": 83.76
				}
			,{
				"<=msec": 45.000
				,"percent": 84.81
				}
			,{
				"<=msec": 46.000
				,"percent": 85.86
				}
			,{
				"<=msec": 47.000
				,"percent": 87.02
				}
			,{
				"<=msec": 48.000
				,"percent": 88.11
				}
			,{
				"<=msec": 49.000
				,"percent": 89.31
				}
			,{
				"<=msec": 50.000
				,"percent": 90.35
				}
			,{
				"<=msec": 51.000
				,"percent": 91.25
				}
			,{
				"<=msec": 52.000
				,"percent": 91.97
				}
			,{
				"<=msec": 53.000
				,"percent": 92.65
				}
			,{
				"<=msec": 54.000
				,"percent": 93.23
				}
			,{
				"<=msec": 55.000
				,"percent": 93.75
				}
			,{
				"<=msec": 56.000
				,"percent": 94.26
				}
			,{
				"<=msec": 57.000
				,"percent": 94.72
				}
			,{
				"<=msec": 58.000
				,"percent": 95.18
				}
			,{
				"<=msec": 59.000
				,"percent": 95.64
				}
			,{
				"<=msec": 60.000
				,"percent": 96.08
				}
			,{
				"<=msec": 61.000
				,"percent": 96.46
				}
			,{
				"<=msec": 62.000
				,"percent": 96.74
				}
			,{
				"<=msec": 63.000
				,"percent": 97.01
				}
			,{
				"<=msec": 64.000
				,"percent": 97.25
				}
			,{
				"<=msec": 65.000
				,"percent": 97.46
				}
			,{
				"<=msec": 66.000
				,"percent": 97.67
				}
			,{
				"<=msec": 67.000
				,"percent": 97.89
				}
			,{
				"<=msec": 68.000
				,"percent": 98.11
				}
			,{
				"<=msec": 69.000
				,"percent": 98.31
				}
			,{
				"<=msec": 70.000
				,"percent": 98.49
				}
			,{
				"<=msec": 71.000
				,"percent": 98.66
				}
			,{
				"<=msec": 72.000
				,"percent": 98.79
				}
			,{
				"<=msec": 73.000
				,"percent": 98.89
				}
			,{
				"<=msec": 74.000
				,"percent": 98.99
				}
			,{
				"<=msec": 75.000
				,"percent": 99.10
				}
			,{
				"<=msec": 76.000
				,"percent": 99.20
				}
			,{
				"<=msec": 77.000
				,"percent": 99.28
				}
			,{
				"<=msec": 78.000
				,"percent": 99.34
				}
			,{
				"<=msec": 79.000
				,"percent": 99.43
				}
			,{
				"<=msec": 80.000
				,"percent": 99.49
				}
			,{
				"<=msec": 81.000
				,"percent": 99.52
				}
			,{
				"<=msec": 82.000
				,"percent": 99.56
				}
			,{
				"<=msec": 83.000
				,"percent": 99.61
				}
			,{
				"<=msec": 84.000
				,"percent": 99.65
				}
			,{
				"<=msec": 85.000
				,"percent": 99.69
				}
			,{
				"<=msec": 86.000
				,"percent": 99.71
				}
			,{
				"<=msec": 87.000
				,"percent": 99.73
				}
			,{
				"<=msec": 88.000
				,"percent": 99.76
				}
			,{
				"<=msec": 89.000
				,"percent": 99.78
				}
			,{
				"<=msec": 90.000
				,"percent": 99.81
				}
			,{
				"<=msec": 91.000
				,"percent": 99.83
				}
			,{
				"<=msec": 92.000
				,"percent": 99.84
				}
			,{
				"<=msec": 93.000
				,"percent": 99.86
				}
			,{
				"<=msec": 94.000
				,"percent": 99.86
				}
			,{
				"<=msec": 95.000
				,"percent": 99.87
				}
			,{
				"<=msec": 96.000
				,"percent": 99.89
				}
			,{
				"<=msec": 97.000
				,"percent": 99.89
				}
			,{
				"<=msec": 98.000
				,"percent": 99.91
				}
			,{
				"<=msec": 99.000
				,"percent": 99.92
				}
			,{
				"<=msec": 100.000
				,"percent": 99.95
				}
			,{
				"<=msec": 110.000
				,"percent": 99.97
				}
			,{
				"<=msec": 120.000
				,"percent": 99.99
				}
			,{
				"<=msec": 130.000
				,"percent": 100.00
				}
			,{
				"<=msec": 140.000
				,"percent": 100.00
				}
			,{
				"<=msec": 150.000
				,"percent": 100.00
				}
			]
		,"GET":[
		]
		,"WAIT":[
		]
		}
	}
