{
	"configuration":{
		"server": "10.0.0.9"
		,"port": 6379
		,"unix socket": "(null)"
		,"protocol": "memcache_text"
		,"out_file": "(null)"
		,"client_stats": "(null)"
		,"run_count": 1
		,"debug": 0
		,"requests": 0
		,"clients": 32
		,"threads": 1
		,"test_time": 75
		,"ratio": "1:0"
		,"pipeline": 1
		,"data_size": 1024
		,"data_offset": 0
		,"random_data": "false"
		,"data_size_range": "0:0"
		,"data_size_list": ""
		,"data_size_pattern": "R"
		,"expiry_range": "9999:10000"
		,"data_import": "(null)"
		,"data_verify": "false"
		,"verify_only": "false"
		,"generate_keys": "false"
		,"key_prefix": "memtier-"
		,"key_minimum":           0
		,"key_maximum":       10000
		,"key_pattern": "R:R"
		,"key_stddev": 0.000000
		,"key_median": 0.000000
		,"reconnect_interval": 0
		,"multi_key_get": 0
		,"authenticate": ""
		,"select-db": 0
		,"no-expiry": "false"
		,"wait-ratio": "0:0"
		,"num-slaves": "0:0"
		,"wait-timeout": "0-0"
		}
	,"run information":{
		"Threads": 1
		,"Connections per thread": 32
		,"Seconds": 75
		}
	,"ALL STATS":{
		"Sets":{
			"Ops/sec": 1025.92
			,"Hits/sec": 0.00
			,"Misses/sec": 0.00
			,"Latency": 31.18
			,"KB/sec": 1066.37
			}
		,"Gets":{
			"Ops/sec": 0.00
			,"Hits/sec": 0.00
			,"Misses/sec": 0.00
			,"Latency": 0.00
			,"KB/sec": 0.00
			}
		,"Waits":{
			"Ops/sec": 0.00
			,"Hits/sec": 0.00
			,"Misses/sec": 0.00
			,"Latency": 0.00
			,"KB/sec": 0.00
			}
		,"Totals":{
			"Ops/sec": 1025.92
			,"Hits/sec": 0.00
			,"Misses/sec": 0.00
			,"Latency": 31.18
			,"KB/sec": 1066.37
			}
		,"SET":[
			{
				"<=msec": 1.500
				,"percent": 0.00
				}
			,{
				"<=msec": 1.600
				,"percent": 0.00
				}
			,{
				"<=msec": 1.700
				,"percent": 0.01
				}
			,{
				"<=msec": 1.800
				,"percent": 0.02
				}
			,{
				"<=msec": 1.900
				,"percent": 0.03
				}
			,{
				"<=msec": 2.000
				,"percent": 0.05
				}
			,{
				"<=msec": 2.100
				,"percent": 0.10
				}
			,{
				"<=msec": 2.200
				,"percent": 0.18
				}
			,{
				"<=msec": 2.300
				,"percent": 0.26
				}
			,{
				"<=msec": 2.400
				,"percent": 0.36
				}
			,{
				"<=msec": 2.500
				,"percent": 0.46
				}
			,{
				"<=msec": 2.600
				,"percent": 0.54
				}
			,{
				"<=msec": 2.700
				,"percent": 0.63
				}
			,{
				"<=msec": 2.800
				,"percent": 0.72
				}
			,{
				"<=msec": 2.900
				,"percent": 0.79
				}
			,{
				"<=msec": 3.000
				,"percent": 0.88
				}
			,{
				"<=msec": 3.100
				,"percent": 0.97
				}
			,{
				"<=msec": 3.200
				,"percent": 1.04
				}
			,{
				"<=msec": 3.300
				,"percent": 1.11
				}
			,{
				"<=msec": 3.400
				,"percent": 1.16
				}
			,{
				"<=msec": 3.500
				,"percent": 1.22
				}
			,{
				"<=msec": 3.600
				,"percent": 1.29
				}
			,{
				"<=msec": 3.700
				,"percent": 1.34
				}
			,{
				"<=msec": 3.800
				,"percent": 1.40
				}
			,{
				"<=msec": 3.900
				,"percent": 1.46
				}
			,{
				"<=msec": 4.000
				,"percent": 1.50
				}
			,{
				"<=msec": 4.100
				,"percent": 1.55
				}
			,{
				"<=msec": 4.200
				,"percent": 1.60
				}
			,{
				"<=msec": 4.300
				,"percent": 1.65
				}
			,{
				"<=msec": 4.400
				,"percent": 1.70
				}
			,{
				"<=msec": 4.500
				,"percent": 1.75
				}
			,{
				"<=msec": 4.600
				,"percent": 1.78
				}
			,{
				"<=msec": 4.700
				,"percent": 1.81
				}
			,{
				"<=msec": 4.800
				,"percent": 1.84
				}
			,{
				"<=msec": 4.900
				,"percent": 1.88
				}
			,{
				"<=msec": 5.000
				,"percent": 1.91
				}
			,{
				"<=msec": 5.100
				,"percent": 1.95
				}
			,{
				"<=msec": 5.200
				,"percent": 1.98
				}
			,{
				"<=msec": 5.300
				,"percent": 2.03
				}
			,{
				"<=msec": 5.400
				,"percent": 2.06
				}
			,{
				"<=msec": 5.500
				,"percent": 2.10
				}
			,{
				"<=msec": 5.600
				,"percent": 2.13
				}
			,{
				"<=msec": 5.700
				,"percent": 2.17
				}
			,{
				"<=msec": 5.800
				,"percent": 2.22
				}
			,{
				"<=msec": 5.900
				,"percent": 2.26
				}
			,{
				"<=msec": 6.000
				,"percent": 2.30
				}
			,{
				"<=msec": 6.100
				,"percent": 2.35
				}
			,{
				"<=msec": 6.200
				,"percent": 2.38
				}
			,{
				"<=msec": 6.300
				,"percent": 2.41
				}
			,{
				"<=msec": 6.400
				,"percent": 2.46
				}
			,{
				"<=msec": 6.500
				,"percent": 2.51
				}
			,{
				"<=msec": 6.600
				,"percent": 2.57
				}
			,{
				"<=msec": 6.700
				,"percent": 2.63
				}
			,{
				"<=msec": 6.800
				,"percent": 2.69
				}
			,{
				"<=msec": 6.900
				,"percent": 2.75
				}
			,{
				"<=msec": 7.000
				,"percent": 2.81
				}
			,{
				"<=msec": 7.100
				,"percent": 2.90
				}
			,{
				"<=msec": 7.200
				,"percent": 2.98
				}
			,{
				"<=msec": 7.300
				,"percent": 3.09
				}
			,{
				"<=msec": 7.400
				,"percent": 3.19
				}
			,{
				"<=msec": 7.500
				,"percent": 3.27
				}
			,{
				"<=msec": 7.600
				,"percent": 3.36
				}
			,{
				"<=msec": 7.700
				,"percent": 3.46
				}
			,{
				"<=msec": 7.800
				,"percent": 3.58
				}
			,{
				"<=msec": 7.900
				,"percent": 3.68
				}
			,{
				"<=msec": 8.000
				,"percent": 3.80
				}
			,{
				"<=msec": 8.100
				,"percent": 3.94
				}
			,{
				"<=msec": 8.200
				,"percent": 4.07
				}
			,{
				"<=msec": 8.300
				,"percent": 4.19
				}
			,{
				"<=msec": 8.400
				,"percent": 4.29
				}
			,{
				"<=msec": 8.500
				,"percent": 4.43
				}
			,{
				"<=msec": 8.600
				,"percent": 4.56
				}
			,{
				"<=msec": 8.700
				,"percent": 4.70
				}
			,{
				"<=msec": 8.800
				,"percent": 4.83
				}
			,{
				"<=msec": 8.900
				,"percent": 4.95
				}
			,{
				"<=msec": 9.000
				,"percent": 5.07
				}
			,{
				"<=msec": 9.100
				,"percent": 5.20
				}
			,{
				"<=msec": 9.200
				,"percent": 5.33
				}
			,{
				"<=msec": 9.300
				,"percent": 5.45
				}
			,{
				"<=msec": 9.400
				,"percent": 5.56
				}
			,{
				"<=msec": 9.500
				,"percent": 5.65
				}
			,{
				"<=msec": 9.600
				,"percent": 5.77
				}
			,{
				"<=msec": 9.700
				,"percent": 5.87
				}
			,{
				"<=msec": 9.800
				,"percent": 5.98
				}
			,{
				"<=msec": 9.900
				,"percent": 6.09
				}
			,{
				"<=msec": 10.000
				,"percent": 6.69
				}
			,{
				"<=msec": 11.000
				,"percent": 7.59
				}
			,{
				"<=msec": 12.000
				,"percent": 8.37
				}
			,{
				"<=msec": 13.000
				,"percent": 9.10
				}
			,{
				"<=msec": 14.000
				,"percent": 9.85
				}
			,{
				"<=msec": 15.000
				,"percent": 10.57
				}
			,{
				"<=msec": 16.000
				,"percent": 11.27
				}
			,{
				"<=msec": 17.000
				,"percent": 12.04
				}
			,{
				"<=msec": 18.000
				,"percent": 13.22
				}
			,{
				"<=msec": 19.000
				,"percent": 15.12
				}
			,{
				"<=msec": 20.000
				,"percent": 18.35
				}
			,{
				"<=msec": 21.000
				,"percent": 22.32
				}
			,{
				"<=msec": 22.000
				,"percent": 26.36
				}
			,{
				"<=msec": 23.000
				,"percent": 29.81
				}
			,{
				"<=msec": 24.000
				,"percent": 33.10
				}
			,{
				"<=msec": 25.000
				,"percent": 36.59
				}
			,{
				"<=msec": 26.000
				,"percent": 40.52
				}
			,{
				"<=msec": 27.000
				,"percent": 44.95
				}
			,{
				"<=msec": 28.000
				,"percent": 49.43
				}
			,{
				"<=msec": 29.000
				,"percent": 53.78
				}
			,{
				"<=msec": 30.000
				,"percent": 57.33
				}
			,{
				"<=msec": 31.000
				,"percent": 60.26
				}
			,{
				"<=msec": 32.000
				,"percent": 62.70
				}
			,{
				"<=msec": 33.000
				,"percent": 65.01
				}
			,{
				"<=msec": 34.000
				,"percent": 66.85
				}
			,{
				"<=msec": 35.000
				,"percent": 68.59
				}
			,{
				"<=msec": 36.000
				,"percent": 70.34
				}
			,{
				"<=msec": 37.000
				,"percent": 72.17
				}
			,{
				"<=msec": 38.000
				,"percent": 74.03
				}
			,{
				"<=msec": 39.000
				,"percent": 75.89
				}
			,{
				"<=msec": 40.000
				,"percent": 77.71
				}
			,{
				"<=msec": 41.000
				,"percent": 79.42
				}
			,{
				"<=msec": 42.000
				,"percent": 80.90
				}
			,{
				"<=msec": 43.000
				,"percent": 82.24
				}
			,{
				"<=msec": 44.000
				,"percent": 83.31
				}
			,{
				"<=msec": 45.000
				,"percent": 84.39
				}
			,{
				"<=msec": 46.000
				,"percent": 85.58
				}
			,{
				"<=msec": 47.000
				,"percent": 86.70
				}
			,{
				"<=msec": 48.000
				,"percent": 87.83
				}
			,{
				"<=msec": 49.000
				,"percent": 89.00
				}
			,{
				"<=msec": 50.000
				,"percent": 90.11
				}
			,{
				"<=msec": 51.000
				,"percent": 91.08
				}
			,{
				"<=msec": 52.000
				,"percent": 91.85
				}
			,{
				"<=msec": 53.000
				,"percent": 92.53
				}
			,{
				"<=msec": 54.000
				,"percent": 93.20
				}
			,{
				"<=msec": 55.000
				,"percent": 93.77
				}
			,{
				"<=msec": 56.000
				,"percent": 94.29
				}
			,{
				"<=msec": 57.000
				,"percent": 94.81
				}
			,{
				"<=msec": 58.000
				,"percent": 95.30
				}
			,{
				"<=msec": 59.000
				,"percent": 95.78
				}
			,{
				"<=msec": 60.000
				,"percent": 96.17
				}
			,{
				"<=msec": 61.000
				,"percent": 96.49
				}
			,{
				"<=msec": 62.000
				,"percent": 96.82
				}
			,{
				"<=msec": 63.000
				,"percent": 97.08
				}
			,{
				"<=msec": 64.000
				,"percent": 97.34
				}
			,{
				"<=msec": 65.000
				,"percent": 97.55
				}
			,{
				"<=msec": 66.000
				,"percent": 97.76
				}
			,{
				"<=msec": 67.000
				,"percent": 97.94
				}
			,{
				"<=msec": 68.000
				,"percent": 98.10
				}
			,{
				"<=msec": 69.000
				,"percent": 98.27
				}
			,{
				"<=msec": 70.000
				,"percent": 98.45
				}
			,{
				"<=msec": 71.000
				,"percent": 98.62
				}
			,{
				"<=msec": 72.000
				,"percent": 98.79
				}
			,{
				"<=msec": 73.000
				,"percent": 98.89
				}
			,{
				"<=msec": 74.000
				,"percent": 98.99
				}
			,{
				"<=msec": 75.000
				,"percent": 99.08
				}
			,{
				"<=msec": 76.000
				,"percent": 99.17
				}
			,{
				"<=msec": 77.000
				,"percent": 99.28
				}
			,{
				"<=msec": 78.000
				,"percent": 99.37
				}
			,{
				"<=msec": 79.000
				,"percent": 99.44
				}
			,{
				"<=msec": 80.000
				,"percent": 99.49
				}
			,{
				"<=msec": 81.000
				,"percent": 99.54
				}
			,{
				"<=msec": 82.000
				,"percent": 99.58
				}
			,{
				"<=msec": 83.000
				,"percent": 99.62
				}
			,{
				"<=msec": 84.000
				,"percent": 99.64
				}
			,{
				"<=msec": 85.000
				,"percent": 99.67
				}
			,{
				"<=msec": 86.000
				,"percent": 99.70
				}
			,{
				"<=msec": 87.000
				,"percent": 99.74
				}
			,{
				"<=msec": 88.000
				,"percent": 99.76
				}
			,{
				"<=msec": 89.000
				,"percent": 99.80
				}
			,{
				"<=msec": 90.000
				,"percent": 99.83
				}
			,{
				"<=msec": 91.000
				,"percent": 99.84
				}
			,{
				"<=msec": 92.000
				,"percent": 99.86
				}
			,{
				"<=msec": 93.000
				,"percent": 99.88
				}
			,{
				"<=msec": 94.000
				,"percent": 99.89
				}
			,{
				"<=msec": 95.000
				,"percent": 99.91
				}
			,{
				"<=msec": 96.000
				,"percent": 99.92
				}
			,{
				"<=msec": 97.000
				,"percent": 99.92
				}
			,{
				"<=msec": 98.000
				,"percent": 99.93
				}
			,{
				"<=msec": 99.000
				,"percent": 99.94
				}
			,{
				"<=msec": 100.000
				,"percent": 99.95
				}
			,{
				"<=msec": 110.000
				,"percent": 99.98
				}
			,{
				"<=msec": 120.000
				,"percent": 99.99
				}
			,{
				"<=msec": 130.000
				,"percent": 100.00
				}
			,{
				"<=msec": 140.000
				,"percent": 100.00
				}
			,{
				"<=msec": 150.000
				,"percent": 100.00
				}
			]
		,"GET":[
		]
		,"WAIT":[
		]
		}
	}
