{
	"configuration":{
		"server": "10.0.0.8"
		,"port": 6379
		,"unix socket": "(null)"
		,"protocol": "memcache_text"
		,"out_file": "(null)"
		,"client_stats": "(null)"
		,"run_count": 1
		,"debug": 0
		,"requests": 0
		,"clients": 32
		,"threads": 1
		,"test_time": 75
		,"ratio": "1:0"
		,"pipeline": 1
		,"data_size": 1024
		,"data_offset": 0
		,"random_data": "false"
		,"data_size_range": "0:0"
		,"data_size_list": ""
		,"data_size_pattern": "R"
		,"expiry_range": "9999:10000"
		,"data_import": "(null)"
		,"data_verify": "false"
		,"verify_only": "false"
		,"generate_keys": "false"
		,"key_prefix": "memtier-"
		,"key_minimum":           0
		,"key_maximum":       10000
		,"key_pattern": "R:R"
		,"key_stddev": 0.000000
		,"key_median": 0.000000
		,"reconnect_interval": 0
		,"multi_key_get": 0
		,"authenticate": ""
		,"select-db": 0
		,"no-expiry": "false"
		,"wait-ratio": "0:0"
		,"num-slaves": "0:0"
		,"wait-timeout": "0-0"
		}
	,"run information":{
		"Threads": 1
		,"Connections per thread": 32
		,"Seconds": 75
		}
	,"ALL STATS":{
		"Sets":{
			"Ops/sec": 828.39
			,"Hits/sec": 0.00
			,"Misses/sec": 0.00
			,"Latency": 38.62
			,"KB/sec": 861.05
			}
		,"Gets":{
			"Ops/sec": 0.00
			,"Hits/sec": 0.00
			,"Misses/sec": 0.00
			,"Latency": 0.00
			,"KB/sec": 0.00
			}
		,"Waits":{
			"Ops/sec": 0.00
			,"Hits/sec": 0.00
			,"Misses/sec": 0.00
			,"Latency": 0.00
			,"KB/sec": 0.00
			}
		,"Totals":{
			"Ops/sec": 828.39
			,"Hits/sec": 0.00
			,"Misses/sec": 0.00
			,"Latency": 38.62
			,"KB/sec": 861.05
			}
		,"SET":[
			{
				"<=msec": 4.000
				,"percent": 0.00
				}
			,{
				"<=msec": 4.100
				,"percent": 0.00
				}
			,{
				"<=msec": 4.200
				,"percent": 0.01
				}
			,{
				"<=msec": 4.300
				,"percent": 0.02
				}
			,{
				"<=msec": 4.400
				,"percent": 0.04
				}
			,{
				"<=msec": 4.500
				,"percent": 0.06
				}
			,{
				"<=msec": 4.600
				,"percent": 0.07
				}
			,{
				"<=msec": 4.700
				,"percent": 0.08
				}
			,{
				"<=msec": 4.800
				,"percent": 0.10
				}
			,{
				"<=msec": 4.900
				,"percent": 0.10
				}
			,{
				"<=msec": 5.000
				,"percent": 0.12
				}
			,{
				"<=msec": 5.100
				,"percent": 0.13
				}
			,{
				"<=msec": 5.200
				,"percent": 0.14
				}
			,{
				"<=msec": 5.300
				,"percent": 0.15
				}
			,{
				"<=msec": 5.400
				,"percent": 0.16
				}
			,{
				"<=msec": 5.500
				,"percent": 0.17
				}
			,{
				"<=msec": 5.600
				,"percent": 0.17
				}
			,{
				"<=msec": 5.700
				,"percent": 0.18
				}
			,{
				"<=msec": 5.800
				,"percent": 0.19
				}
			,{
				"<=msec": 5.900
				,"percent": 0.20
				}
			,{
				"<=msec": 6.000
				,"percent": 0.21
				}
			,{
				"<=msec": 6.100
				,"percent": 0.22
				}
			,{
				"<=msec": 6.200
				,"percent": 0.23
				}
			,{
				"<=msec": 6.300
				,"percent": 0.23
				}
			,{
				"<=msec": 6.400
				,"percent": 0.24
				}
			,{
				"<=msec": 6.500
				,"percent": 0.24
				}
			,{
				"<=msec": 6.600
				,"percent": 0.26
				}
			,{
				"<=msec": 6.700
				,"percent": 0.28
				}
			,{
				"<=msec": 6.800
				,"percent": 0.29
				}
			,{
				"<=msec": 6.900
				,"percent": 0.31
				}
			,{
				"<=msec": 7.000
				,"percent": 0.32
				}
			,{
				"<=msec": 7.100
				,"percent": 0.34
				}
			,{
				"<=msec": 7.200
				,"percent": 0.37
				}
			,{
				"<=msec": 7.300
				,"percent": 0.41
				}
			,{
				"<=msec": 7.400
				,"percent": 0.43
				}
			,{
				"<=msec": 7.500
				,"percent": 0.47
				}
			,{
				"<=msec": 7.600
				,"percent": 0.49
				}
			,{
				"<=msec": 7.700
				,"percent": 0.52
				}
			,{
				"<=msec": 7.800
				,"percent": 0.55
				}
			,{
				"<=msec": 7.900
				,"percent": 0.58
				}
			,{
				"<=msec": 8.000
				,"percent": 0.63
				}
			,{
				"<=msec": 8.100
				,"percent": 0.69
				}
			,{
				"<=msec": 8.200
				,"percent": 0.74
				}
			,{
				"<=msec": 8.300
				,"percent": 0.79
				}
			,{
				"<=msec": 8.400
				,"percent": 0.84
				}
			,{
				"<=msec": 8.500
				,"percent": 0.89
				}
			,{
				"<=msec": 8.600
				,"percent": 0.97
				}
			,{
				"<=msec": 8.700
				,"percent": 1.02
				}
			,{
				"<=msec": 8.800
				,"percent": 1.07
				}
			,{
				"<=msec": 8.900
				,"percent": 1.15
				}
			,{
				"<=msec": 9.000
				,"percent": 1.19
				}
			,{
				"<=msec": 9.100
				,"percent": 1.28
				}
			,{
				"<=msec": 9.200
				,"percent": 1.35
				}
			,{
				"<=msec": 9.300
				,"percent": 1.41
				}
			,{
				"<=msec": 9.400
				,"percent": 1.48
				}
			,{
				"<=msec": 9.500
				,"percent": 1.57
				}
			,{
				"<=msec": 9.600
				,"percent": 1.69
				}
			,{
				"<=msec": 9.700
				,"percent": 1.84
				}
			,{
				"<=msec": 9.800
				,"percent": 1.95
				}
			,{
				"<=msec": 9.900
				,"percent": 2.06
				}
			,{
				"<=msec": 10.000
				,"percent": 2.66
				}
			,{
				"<=msec": 11.000
				,"percent": 3.41
				}
			,{
				"<=msec": 12.000
				,"percent": 3.97
				}
			,{
				"<=msec": 13.000
				,"percent": 4.47
				}
			,{
				"<=msec": 14.000
				,"percent": 4.85
				}
			,{
				"<=msec": 15.000
				,"percent": 5.20
				}
			,{
				"<=msec": 16.000
				,"percent": 5.62
				}
			,{
				"<=msec": 17.000
				,"percent": 6.17
				}
			,{
				"<=msec": 18.000
				,"percent": 6.79
				}
			,{
				"<=msec": 19.000
				,"percent": 7.56
				}
			,{
				"<=msec": 20.000
				,"percent": 8.63
				}
			,{
				"<=msec": 21.000
				,"percent": 9.91
				}
			,{
				"<=msec": 22.000
				,"percent": 11.38
				}
			,{
				"<=msec": 23.000
				,"percent": 13.13
				}
			,{
				"<=msec": 24.000
				,"percent": 14.67
				}
			,{
				"<=msec": 25.000
				,"percent": 16.12
				}
			,{
				"<=msec": 26.000
				,"percent": 18.01
				}
			,{
				"<=msec": 27.000
				,"percent": 20.50
				}
			,{
				"<=msec": 28.000
				,"percent": 23.97
				}
			,{
				"<=msec": 29.000
				,"percent": 28.31
				}
			,{
				"<=msec": 30.000
				,"percent": 32.78
				}
			,{
				"<=msec": 31.000
				,"percent": 36.57
				}
			,{
				"<=msec": 32.000
				,"percent": 39.83
				}
			,{
				"<=msec": 33.000
				,"percent": 42.79
				}
			,{
				"<=msec": 34.000
				,"percent": 45.50
				}
			,{
				"<=msec": 35.000
				,"percent": 48.06
				}
			,{
				"<=msec": 36.000
				,"percent": 50.78
				}
			,{
				"<=msec": 37.000
				,"percent": 53.73
				}
			,{
				"<=msec": 38.000
				,"percent": 56.58
				}
			,{
				"<=msec": 39.000
				,"percent": 59.30
				}
			,{
				"<=msec": 40.000
				,"percent": 61.79
				}
			,{
				"<=msec": 41.000
				,"percent": 64.15
				}
			,{
				"<=msec": 42.000
				,"percent": 66.23
				}
			,{
				"<=msec": 43.000
				,"percent": 68.04
				}
			,{
				"<=msec": 44.000
				,"percent": 69.66
				}
			,{
				"<=msec": 45.000
				,"percent": 71.21
				}
			,{
				"<=msec": 46.000
				,"percent": 72.72
				}
			,{
				"<=msec": 47.000
				,"percent": 74.48
				}
			,{
				"<=msec": 48.000
				,"percent": 76.24
				}
			,{
				"<=msec": 49.000
				,"percent": 78.21
				}
			,{
				"<=msec": 50.000
				,"percent": 79.88
				}
			,{
				"<=msec": 51.000
				,"percent": 81.50
				}
			,{
				"<=msec": 52.000
				,"percent": 82.78
				}
			,{
				"<=msec": 53.000
				,"percent": 84.01
				}
			,{
				"<=msec": 54.000
				,"percent": 85.19
				}
			,{
				"<=msec": 55.000
				,"percent": 86.25
				}
			,{
				"<=msec": 56.000
				,"percent": 87.27
				}
			,{
				"<=msec": 57.000
				,"percent": 88.19
				}
			,{
				"<=msec": 58.000
				,"percent": 89.23
				}
			,{
				"<=msec": 59.000
				,"percent": 90.17
				}
			,{
				"<=msec": 60.000
				,"percent": 91.09
				}
			,{
				"<=msec": 61.000
				,"percent": 91.87
				}
			,{
				"<=msec": 62.000
				,"percent": 92.49
				}
			,{
				"<=msec": 63.000
				,"percent": 93.05
				}
			,{
				"<=msec": 64.000
				,"percent": 93.59
				}
			,{
				"<=msec": 65.000
				,"percent": 94.08
				}
			,{
				"<=msec": 66.000
				,"percent": 94.57
				}
			,{
				"<=msec": 67.000
				,"percent": 95.03
				}
			,{
				"<=msec": 68.000
				,"percent": 95.44
				}
			,{
				"<=msec": 69.000
				,"percent": 95.81
				}
			,{
				"<=msec": 70.000
				,"percent": 96.18
				}
			,{
				"<=msec": 71.000
				,"percent": 96.49
				}
			,{
				"<=msec": 72.000
				,"percent": 96.85
				}
			,{
				"<=msec": 73.000
				,"percent": 97.09
				}
			,{
				"<=msec": 74.000
				,"percent": 97.34
				}
			,{
				"<=msec": 75.000
				,"percent": 97.57
				}
			,{
				"<=msec": 76.000
				,"percent": 97.76
				}
			,{
				"<=msec": 77.000
				,"percent": 97.96
				}
			,{
				"<=msec": 78.000
				,"percent": 98.20
				}
			,{
				"<=msec": 79.000
				,"percent": 98.38
				}
			,{
				"<=msec": 80.000
				,"percent": 98.54
				}
			,{
				"<=msec": 81.000
				,"percent": 98.69
				}
			,{
				"<=msec": 82.000
				,"percent": 98.81
				}
			,{
				"<=msec": 83.000
				,"percent": 98.92
				}
			,{
				"<=msec": 84.000
				,"percent": 99.02
				}
			,{
				"<=msec": 85.000
				,"percent": 99.10
				}
			,{
				"<=msec": 86.000
				,"percent": 99.20
				}
			,{
				"<=msec": 87.000
				,"percent": 99.28
				}
			,{
				"<=msec": 88.000
				,"percent": 99.38
				}
			,{
				"<=msec": 89.000
				,"percent": 99.45
				}
			,{
				"<=msec": 90.000
				,"percent": 99.49
				}
			,{
				"<=msec": 91.000
				,"percent": 99.55
				}
			,{
				"<=msec": 92.000
				,"percent": 99.60
				}
			,{
				"<=msec": 93.000
				,"percent": 99.65
				}
			,{
				"<=msec": 94.000
				,"percent": 99.69
				}
			,{
				"<=msec": 95.000
				,"percent": 99.72
				}
			,{
				"<=msec": 96.000
				,"percent": 99.75
				}
			,{
				"<=msec": 97.000
				,"percent": 99.76
				}
			,{
				"<=msec": 98.000
				,"percent": 99.78
				}
			,{
				"<=msec": 99.000
				,"percent": 99.81
				}
			,{
				"<=msec": 100.000
				,"percent": 99.89
				}
			,{
				"<=msec": 110.000
				,"percent": 99.96
				}
			,{
				"<=msec": 120.000
				,"percent": 99.98
				}
			,{
				"<=msec": 130.000
				,"percent": 99.99
				}
			,{
				"<=msec": 140.000
				,"percent": 99.99
				}
			,{
				"<=msec": 150.000
				,"percent": 100.00
				}
			]
		,"GET":[
		]
		,"WAIT":[
		]
		}
	}
