{
	"configuration":{
		"server": "10.0.0.8"
		,"port": 6379
		,"unix socket": "(null)"
		,"protocol": "memcache_text"
		,"out_file": "(null)"
		,"client_stats": "(null)"
		,"run_count": 1
		,"debug": 0
		,"requests": 0
		,"clients": 32
		,"threads": 1
		,"test_time": 75
		,"ratio": "1:0"
		,"pipeline": 1
		,"data_size": 1024
		,"data_offset": 0
		,"random_data": "false"
		,"data_size_range": "0:0"
		,"data_size_list": ""
		,"data_size_pattern": "R"
		,"expiry_range": "9999:10000"
		,"data_import": "(null)"
		,"data_verify": "false"
		,"verify_only": "false"
		,"generate_keys": "false"
		,"key_prefix": "memtier-"
		,"key_minimum":           0
		,"key_maximum":       10000
		,"key_pattern": "R:R"
		,"key_stddev": 0.000000
		,"key_median": 0.000000
		,"reconnect_interval": 0
		,"multi_key_get": 0
		,"authenticate": ""
		,"select-db": 0
		,"no-expiry": "false"
		,"wait-ratio": "0:0"
		,"num-slaves": "0:0"
		,"wait-timeout": "0-0"
		}
	,"run information":{
		"Threads": 1
		,"Connections per thread": 32
		,"Seconds": 75
		}
	,"ALL STATS":{
		"Sets":{
			"Ops/sec": 831.62
			,"Hits/sec": 0.00
			,"Misses/sec": 0.00
			,"Latency": 38.47
			,"KB/sec": 864.41
			}
		,"Gets":{
			"Ops/sec": 0.00
			,"Hits/sec": 0.00
			,"Misses/sec": 0.00
			,"Latency": 0.00
			,"KB/sec": 0.00
			}
		,"Waits":{
			"Ops/sec": 0.00
			,"Hits/sec": 0.00
			,"Misses/sec": 0.00
			,"Latency": 0.00
			,"KB/sec": 0.00
			}
		,"Totals":{
			"Ops/sec": 831.62
			,"Hits/sec": 0.00
			,"Misses/sec": 0.00
			,"Latency": 38.47
			,"KB/sec": 864.41
			}
		,"SET":[
			{
				"<=msec": 4.200
				,"percent": 0.00
				}
			,{
				"<=msec": 4.300
				,"percent": 0.01
				}
			,{
				"<=msec": 4.400
				,"percent": 0.02
				}
			,{
				"<=msec": 4.500
				,"percent": 0.04
				}
			,{
				"<=msec": 4.600
				,"percent": 0.06
				}
			,{
				"<=msec": 4.700
				,"percent": 0.10
				}
			,{
				"<=msec": 4.800
				,"percent": 0.15
				}
			,{
				"<=msec": 4.900
				,"percent": 0.20
				}
			,{
				"<=msec": 5.000
				,"percent": 0.26
				}
			,{
				"<=msec": 5.100
				,"percent": 0.33
				}
			,{
				"<=msec": 5.200
				,"percent": 0.38
				}
			,{
				"<=msec": 5.300
				,"percent": 0.41
				}
			,{
				"<=msec": 5.400
				,"percent": 0.46
				}
			,{
				"<=msec": 5.500
				,"percent": 0.52
				}
			,{
				"<=msec": 5.600
				,"percent": 0.60
				}
			,{
				"<=msec": 5.700
				,"percent": 0.65
				}
			,{
				"<=msec": 5.800
				,"percent": 0.70
				}
			,{
				"<=msec": 5.900
				,"percent": 0.75
				}
			,{
				"<=msec": 6.000
				,"percent": 0.81
				}
			,{
				"<=msec": 6.100
				,"percent": 0.86
				}
			,{
				"<=msec": 6.200
				,"percent": 0.89
				}
			,{
				"<=msec": 6.300
				,"percent": 0.94
				}
			,{
				"<=msec": 6.400
				,"percent": 0.99
				}
			,{
				"<=msec": 6.500
				,"percent": 1.04
				}
			,{
				"<=msec": 6.600
				,"percent": 1.07
				}
			,{
				"<=msec": 6.700
				,"percent": 1.14
				}
			,{
				"<=msec": 6.800
				,"percent": 1.18
				}
			,{
				"<=msec": 6.900
				,"percent": 1.26
				}
			,{
				"<=msec": 7.000
				,"percent": 1.34
				}
			,{
				"<=msec": 7.100
				,"percent": 1.39
				}
			,{
				"<=msec": 7.200
				,"percent": 1.46
				}
			,{
				"<=msec": 7.300
				,"percent": 1.54
				}
			,{
				"<=msec": 7.400
				,"percent": 1.63
				}
			,{
				"<=msec": 7.500
				,"percent": 1.72
				}
			,{
				"<=msec": 7.600
				,"percent": 1.78
				}
			,{
				"<=msec": 7.700
				,"percent": 1.86
				}
			,{
				"<=msec": 7.800
				,"percent": 1.95
				}
			,{
				"<=msec": 7.900
				,"percent": 2.04
				}
			,{
				"<=msec": 8.000
				,"percent": 2.12
				}
			,{
				"<=msec": 8.100
				,"percent": 2.19
				}
			,{
				"<=msec": 8.200
				,"percent": 2.25
				}
			,{
				"<=msec": 8.300
				,"percent": 2.33
				}
			,{
				"<=msec": 8.400
				,"percent": 2.42
				}
			,{
				"<=msec": 8.500
				,"percent": 2.49
				}
			,{
				"<=msec": 8.600
				,"percent": 2.56
				}
			,{
				"<=msec": 8.700
				,"percent": 2.62
				}
			,{
				"<=msec": 8.800
				,"percent": 2.71
				}
			,{
				"<=msec": 8.900
				,"percent": 2.79
				}
			,{
				"<=msec": 9.000
				,"percent": 2.85
				}
			,{
				"<=msec": 9.100
				,"percent": 2.94
				}
			,{
				"<=msec": 9.200
				,"percent": 3.01
				}
			,{
				"<=msec": 9.300
				,"percent": 3.10
				}
			,{
				"<=msec": 9.400
				,"percent": 3.19
				}
			,{
				"<=msec": 9.500
				,"percent": 3.34
				}
			,{
				"<=msec": 9.600
				,"percent": 3.51
				}
			,{
				"<=msec": 9.700
				,"percent": 3.80
				}
			,{
				"<=msec": 9.800
				,"percent": 4.23
				}
			,{
				"<=msec": 9.900
				,"percent": 4.69
				}
			,{
				"<=msec": 10.000
				,"percent": 5.87
				}
			,{
				"<=msec": 11.000
				,"percent": 7.09
				}
			,{
				"<=msec": 12.000
				,"percent": 8.16
				}
			,{
				"<=msec": 13.000
				,"percent": 8.87
				}
			,{
				"<=msec": 14.000
				,"percent": 9.41
				}
			,{
				"<=msec": 15.000
				,"percent": 9.74
				}
			,{
				"<=msec": 16.000
				,"percent": 10.05
				}
			,{
				"<=msec": 17.000
				,"percent": 10.50
				}
			,{
				"<=msec": 18.000
				,"percent": 10.98
				}
			,{
				"<=msec": 19.000
				,"percent": 11.71
				}
			,{
				"<=msec": 20.000
				,"percent": 12.53
				}
			,{
				"<=msec": 21.000
				,"percent": 13.37
				}
			,{
				"<=msec": 22.000
				,"percent": 14.47
				}
			,{
				"<=msec": 23.000
				,"percent": 15.66
				}
			,{
				"<=msec": 24.000
				,"percent": 16.77
				}
			,{
				"<=msec": 25.000
				,"percent": 18.00
				}
			,{
				"<=msec": 26.000
				,"percent": 19.37
				}
			,{
				"<=msec": 27.000
				,"percent": 21.32
				}
			,{
				"<=msec": 28.000
				,"percent": 23.99
				}
			,{
				"<=msec": 29.000
				,"percent": 27.47
				}
			,{
				"<=msec": 30.000
				,"percent": 31.33
				}
			,{
				"<=msec": 31.000
				,"percent": 35.05
				}
			,{
				"<=msec": 32.000
				,"percent": 38.13
				}
			,{
				"<=msec": 33.000
				,"percent": 40.90
				}
			,{
				"<=msec": 34.000
				,"percent": 43.60
				}
			,{
				"<=msec": 35.000
				,"percent": 46.02
				}
			,{
				"<=msec": 36.000
				,"percent": 48.69
				}
			,{
				"<=msec": 37.000
				,"percent": 51.60
				}
			,{
				"<=msec": 38.000
				,"percent": 54.58
				}
			,{
				"<=msec": 39.000
				,"percent": 57.51
				}
			,{
				"<=msec": 40.000
				,"percent": 60.04
				}
			,{
				"<=msec": 41.000
				,"percent": 62.44
				}
			,{
				"<=msec": 42.000
				,"percent": 64.56
				}
			,{
				"<=msec": 43.000
				,"percent": 66.60
				}
			,{
				"<=msec": 44.000
				,"percent": 68.48
				}
			,{
				"<=msec": 45.000
				,"percent": 69.97
				}
			,{
				"<=msec": 46.000
				,"percent": 71.55
				}
			,{
				"<=msec": 47.000
				,"percent": 73.21
				}
			,{
				"<=msec": 48.000
				,"percent": 75.10
				}
			,{
				"<=msec": 49.000
				,"percent": 76.99
				}
			,{
				"<=msec": 50.000
				,"percent": 78.67
				}
			,{
				"<=msec": 51.000
				,"percent": 80.25
				}
			,{
				"<=msec": 52.000
				,"percent": 81.63
				}
			,{
				"<=msec": 53.000
				,"percent": 82.93
				}
			,{
				"<=msec": 54.000
				,"percent": 84.11
				}
			,{
				"<=msec": 55.000
				,"percent": 85.29
				}
			,{
				"<=msec": 56.000
				,"percent": 86.33
				}
			,{
				"<=msec": 57.000
				,"percent": 87.33
				}
			,{
				"<=msec": 58.000
				,"percent": 88.39
				}
			,{
				"<=msec": 59.000
				,"percent": 89.43
				}
			,{
				"<=msec": 60.000
				,"percent": 90.38
				}
			,{
				"<=msec": 61.000
				,"percent": 91.21
				}
			,{
				"<=msec": 62.000
				,"percent": 91.94
				}
			,{
				"<=msec": 63.000
				,"percent": 92.58
				}
			,{
				"<=msec": 64.000
				,"percent": 93.16
				}
			,{
				"<=msec": 65.000
				,"percent": 93.72
				}
			,{
				"<=msec": 66.000
				,"percent": 94.19
				}
			,{
				"<=msec": 67.000
				,"percent": 94.74
				}
			,{
				"<=msec": 68.000
				,"percent": 95.18
				}
			,{
				"<=msec": 69.000
				,"percent": 95.60
				}
			,{
				"<=msec": 70.000
				,"percent": 95.95
				}
			,{
				"<=msec": 71.000
				,"percent": 96.32
				}
			,{
				"<=msec": 72.000
				,"percent": 96.62
				}
			,{
				"<=msec": 73.000
				,"percent": 96.88
				}
			,{
				"<=msec": 74.000
				,"percent": 97.16
				}
			,{
				"<=msec": 75.000
				,"percent": 97.37
				}
			,{
				"<=msec": 76.000
				,"percent": 97.58
				}
			,{
				"<=msec": 77.000
				,"percent": 97.82
				}
			,{
				"<=msec": 78.000
				,"percent": 98.02
				}
			,{
				"<=msec": 79.000
				,"percent": 98.24
				}
			,{
				"<=msec": 80.000
				,"percent": 98.42
				}
			,{
				"<=msec": 81.000
				,"percent": 98.56
				}
			,{
				"<=msec": 82.000
				,"percent": 98.68
				}
			,{
				"<=msec": 83.000
				,"percent": 98.82
				}
			,{
				"<=msec": 84.000
				,"percent": 98.94
				}
			,{
				"<=msec": 85.000
				,"percent": 99.05
				}
			,{
				"<=msec": 86.000
				,"percent": 99.14
				}
			,{
				"<=msec": 87.000
				,"percent": 99.21
				}
			,{
				"<=msec": 88.000
				,"percent": 99.30
				}
			,{
				"<=msec": 89.000
				,"percent": 99.39
				}
			,{
				"<=msec": 90.000
				,"percent": 99.45
				}
			,{
				"<=msec": 91.000
				,"percent": 99.49
				}
			,{
				"<=msec": 92.000
				,"percent": 99.53
				}
			,{
				"<=msec": 93.000
				,"percent": 99.55
				}
			,{
				"<=msec": 94.000
				,"percent": 99.60
				}
			,{
				"<=msec": 95.000
				,"percent": 99.63
				}
			,{
				"<=msec": 96.000
				,"percent": 99.66
				}
			,{
				"<=msec": 97.000
				,"percent": 99.69
				}
			,{
				"<=msec": 98.000
				,"percent": 99.72
				}
			,{
				"<=msec": 99.000
				,"percent": 99.75
				}
			,{
				"<=msec": 100.000
				,"percent": 99.86
				}
			,{
				"<=msec": 110.000
				,"percent": 99.95
				}
			,{
				"<=msec": 120.000
				,"percent": 99.97
				}
			,{
				"<=msec": 130.000
				,"percent": 99.99
				}
			,{
				"<=msec": 140.000
				,"percent": 99.99
				}
			,{
				"<=msec": 150.000
				,"percent": 100.00
				}
			]
		,"GET":[
		]
		,"WAIT":[
		]
		}
	}
