{
	"configuration":{
		"server": "10.0.0.9"
		,"port": 6379
		,"unix socket": "(null)"
		,"protocol": "memcache_text"
		,"out_file": "(null)"
		,"client_stats": "(null)"
		,"run_count": 1
		,"debug": 0
		,"requests": 0
		,"clients": 2
		,"threads": 1
		,"test_time": 75
		,"ratio": "1:9"
		,"pipeline": 1
		,"data_size": 1024
		,"data_offset": 0
		,"random_data": "false"
		,"data_size_range": "0:0"
		,"data_size_list": ""
		,"data_size_pattern": "R"
		,"expiry_range": "9999:10000"
		,"data_import": "(null)"
		,"data_verify": "false"
		,"verify_only": "false"
		,"generate_keys": "false"
		,"key_prefix": "memtier-"
		,"key_minimum":           0
		,"key_maximum":       10000
		,"key_pattern": "R:R"
		,"key_stddev": 0.000000
		,"key_median": 0.000000
		,"reconnect_interval": 0
		,"multi_key_get": 9
		,"authenticate": ""
		,"select-db": 0
		,"no-expiry": "false"
		,"wait-ratio": "0:0"
		,"num-slaves": "0:0"
		,"wait-timeout": "0-0"
		}
	,"run information":{
		"Threads": 1
		,"Connections per thread": 2
		,"Seconds": 75
		}
	,"ALL STATS":{
		"Sets":{
			"Ops/sec": 98.37
			,"Hits/sec": 0.00
			,"Misses/sec": 0.00
			,"Latency": 9.48
			,"KB/sec": 102.25
			}
		,"Gets":{
			"Ops/sec": 98.37
			,"Hits/sec": 885.30
			,"Misses/sec": 0.00
			,"Latency": 10.83
			,"KB/sec": 922.37
			}
		,"Waits":{
			"Ops/sec": 0.00
			,"Hits/sec": 0.00
			,"Misses/sec": 0.00
			,"Latency": 0.00
			,"KB/sec": 0.00
			}
		,"Totals":{
			"Ops/sec": 196.73
			,"Hits/sec": 885.30
			,"Misses/sec": 0.00
			,"Latency": 10.15
			,"KB/sec": 1024.62
			}
		,"SET":[
			{
				"<=msec": 3.600
				,"percent": 0.08
				}
			,{
				"<=msec": 3.700
				,"percent": 0.34
				}
			,{
				"<=msec": 3.800
				,"percent": 0.83
				}
			,{
				"<=msec": 3.900
				,"percent": 1.50
				}
			,{
				"<=msec": 4.000
				,"percent": 2.32
				}
			,{
				"<=msec": 4.100
				,"percent": 3.63
				}
			,{
				"<=msec": 4.200
				,"percent": 4.99
				}
			,{
				"<=msec": 4.300
				,"percent": 6.30
				}
			,{
				"<=msec": 4.400
				,"percent": 7.40
				}
			,{
				"<=msec": 4.500
				,"percent": 8.63
				}
			,{
				"<=msec": 4.600
				,"percent": 9.65
				}
			,{
				"<=msec": 4.700
				,"percent": 10.69
				}
			,{
				"<=msec": 4.800
				,"percent": 11.64
				}
			,{
				"<=msec": 4.900
				,"percent": 12.63
				}
			,{
				"<=msec": 5.000
				,"percent": 13.53
				}
			,{
				"<=msec": 5.100
				,"percent": 14.20
				}
			,{
				"<=msec": 5.200
				,"percent": 15.13
				}
			,{
				"<=msec": 5.300
				,"percent": 15.70
				}
			,{
				"<=msec": 5.400
				,"percent": 16.31
				}
			,{
				"<=msec": 5.500
				,"percent": 16.86
				}
			,{
				"<=msec": 5.600
				,"percent": 17.43
				}
			,{
				"<=msec": 5.700
				,"percent": 18.05
				}
			,{
				"<=msec": 5.800
				,"percent": 18.70
				}
			,{
				"<=msec": 5.900
				,"percent": 19.33
				}
			,{
				"<=msec": 6.000
				,"percent": 19.83
				}
			,{
				"<=msec": 6.100
				,"percent": 20.56
				}
			,{
				"<=msec": 6.200
				,"percent": 21.32
				}
			,{
				"<=msec": 6.300
				,"percent": 21.97
				}
			,{
				"<=msec": 6.400
				,"percent": 22.70
				}
			,{
				"<=msec": 6.500
				,"percent": 23.41
				}
			,{
				"<=msec": 6.600
				,"percent": 24.11
				}
			,{
				"<=msec": 6.700
				,"percent": 24.88
				}
			,{
				"<=msec": 6.800
				,"percent": 25.75
				}
			,{
				"<=msec": 6.900
				,"percent": 26.89
				}
			,{
				"<=msec": 7.000
				,"percent": 27.70
				}
			,{
				"<=msec": 7.100
				,"percent": 28.65
				}
			,{
				"<=msec": 7.200
				,"percent": 29.56
				}
			,{
				"<=msec": 7.300
				,"percent": 30.75
				}
			,{
				"<=msec": 7.400
				,"percent": 31.73
				}
			,{
				"<=msec": 7.500
				,"percent": 32.68
				}
			,{
				"<=msec": 7.600
				,"percent": 33.67
				}
			,{
				"<=msec": 7.700
				,"percent": 34.86
				}
			,{
				"<=msec": 7.800
				,"percent": 36.07
				}
			,{
				"<=msec": 7.900
				,"percent": 37.42
				}
			,{
				"<=msec": 8.000
				,"percent": 38.75
				}
			,{
				"<=msec": 8.100
				,"percent": 40.11
				}
			,{
				"<=msec": 8.200
				,"percent": 41.38
				}
			,{
				"<=msec": 8.300
				,"percent": 42.61
				}
			,{
				"<=msec": 8.400
				,"percent": 44.20
				}
			,{
				"<=msec": 8.500
				,"percent": 45.49
				}
			,{
				"<=msec": 8.600
				,"percent": 46.81
				}
			,{
				"<=msec": 8.700
				,"percent": 48.06
				}
			,{
				"<=msec": 8.800
				,"percent": 49.51
				}
			,{
				"<=msec": 8.900
				,"percent": 51.23
				}
			,{
				"<=msec": 9.000
				,"percent": 52.72
				}
			,{
				"<=msec": 9.100
				,"percent": 54.17
				}
			,{
				"<=msec": 9.200
				,"percent": 55.73
				}
			,{
				"<=msec": 9.300
				,"percent": 57.20
				}
			,{
				"<=msec": 9.400
				,"percent": 58.63
				}
			,{
				"<=msec": 9.500
				,"percent": 60.12
				}
			,{
				"<=msec": 9.600
				,"percent": 61.60
				}
			,{
				"<=msec": 9.700
				,"percent": 62.78
				}
			,{
				"<=msec": 9.800
				,"percent": 64.04
				}
			,{
				"<=msec": 9.900
				,"percent": 65.07
				}
			,{
				"<=msec": 10.000
				,"percent": 71.27
				}
			,{
				"<=msec": 11.000
				,"percent": 80.27
				}
			,{
				"<=msec": 12.000
				,"percent": 85.81
				}
			,{
				"<=msec": 13.000
				,"percent": 89.05
				}
			,{
				"<=msec": 14.000
				,"percent": 90.88
				}
			,{
				"<=msec": 15.000
				,"percent": 91.79
				}
			,{
				"<=msec": 16.000
				,"percent": 92.49
				}
			,{
				"<=msec": 17.000
				,"percent": 93.91
				}
			,{
				"<=msec": 18.000
				,"percent": 94.96
				}
			,{
				"<=msec": 19.000
				,"percent": 96.38
				}
			,{
				"<=msec": 20.000
				,"percent": 97.21
				}
			,{
				"<=msec": 21.000
				,"percent": 97.97
				}
			,{
				"<=msec": 22.000
				,"percent": 98.18
				}
			,{
				"<=msec": 23.000
				,"percent": 98.41
				}
			,{
				"<=msec": 24.000
				,"percent": 98.59
				}
			,{
				"<=msec": 25.000
				,"percent": 98.78
				}
			,{
				"<=msec": 26.000
				,"percent": 98.94
				}
			,{
				"<=msec": 27.000
				,"percent": 99.08
				}
			,{
				"<=msec": 28.000
				,"percent": 99.20
				}
			,{
				"<=msec": 29.000
				,"percent": 99.30
				}
			,{
				"<=msec": 30.000
				,"percent": 99.40
				}
			,{
				"<=msec": 31.000
				,"percent": 99.51
				}
			,{
				"<=msec": 32.000
				,"percent": 99.57
				}
			,{
				"<=msec": 33.000
				,"percent": 99.67
				}
			,{
				"<=msec": 34.000
				,"percent": 99.70
				}
			,{
				"<=msec": 35.000
				,"percent": 99.78
				}
			,{
				"<=msec": 36.000
				,"percent": 99.80
				}
			,{
				"<=msec": 38.000
				,"percent": 99.81
				}
			,{
				"<=msec": 40.000
				,"percent": 99.82
				}
			,{
				"<=msec": 41.000
				,"percent": 99.84
				}
			,{
				"<=msec": 42.000
				,"percent": 99.85
				}
			,{
				"<=msec": 44.000
				,"percent": 99.88
				}
			,{
				"<=msec": 45.000
				,"percent": 99.92
				}
			,{
				"<=msec": 46.000
				,"percent": 99.93
				}
			,{
				"<=msec": 48.000
				,"percent": 99.96
				}
			,{
				"<=msec": 50.000
				,"percent": 99.97
				}
			,{
				"<=msec": 51.000
				,"percent": 99.99
				}
			,{
				"<=msec": 52.000
				,"percent": 100.00
				}
			]
		,"GET":[
			{
				"<=msec": 3.900
				,"percent": 0.04
				}
			,{
				"<=msec": 4.000
				,"percent": 0.14
				}
			,{
				"<=msec": 4.100
				,"percent": 0.38
				}
			,{
				"<=msec": 4.200
				,"percent": 0.85
				}
			,{
				"<=msec": 4.300
				,"percent": 1.31
				}
			,{
				"<=msec": 4.400
				,"percent": 2.05
				}
			,{
				"<=msec": 4.500
				,"percent": 2.71
				}
			,{
				"<=msec": 4.600
				,"percent": 3.58
				}
			,{
				"<=msec": 4.700
				,"percent": 4.51
				}
			,{
				"<=msec": 4.800
				,"percent": 5.31
				}
			,{
				"<=msec": 4.900
				,"percent": 6.23
				}
			,{
				"<=msec": 5.000
				,"percent": 7.29
				}
			,{
				"<=msec": 5.100
				,"percent": 8.25
				}
			,{
				"<=msec": 5.200
				,"percent": 9.04
				}
			,{
				"<=msec": 5.300
				,"percent": 9.83
				}
			,{
				"<=msec": 5.400
				,"percent": 10.49
				}
			,{
				"<=msec": 5.500
				,"percent": 11.25
				}
			,{
				"<=msec": 5.600
				,"percent": 11.91
				}
			,{
				"<=msec": 5.700
				,"percent": 12.65
				}
			,{
				"<=msec": 5.800
				,"percent": 13.24
				}
			,{
				"<=msec": 5.900
				,"percent": 13.88
				}
			,{
				"<=msec": 6.000
				,"percent": 14.46
				}
			,{
				"<=msec": 6.100
				,"percent": 14.94
				}
			,{
				"<=msec": 6.200
				,"percent": 15.60
				}
			,{
				"<=msec": 6.300
				,"percent": 16.17
				}
			,{
				"<=msec": 6.400
				,"percent": 16.83
				}
			,{
				"<=msec": 6.500
				,"percent": 17.35
				}
			,{
				"<=msec": 6.600
				,"percent": 17.96
				}
			,{
				"<=msec": 6.700
				,"percent": 18.65
				}
			,{
				"<=msec": 6.800
				,"percent": 19.23
				}
			,{
				"<=msec": 6.900
				,"percent": 19.86
				}
			,{
				"<=msec": 7.000
				,"percent": 20.49
				}
			,{
				"<=msec": 7.100
				,"percent": 20.97
				}
			,{
				"<=msec": 7.200
				,"percent": 21.54
				}
			,{
				"<=msec": 7.300
				,"percent": 22.24
				}
			,{
				"<=msec": 7.400
				,"percent": 23.00
				}
			,{
				"<=msec": 7.500
				,"percent": 23.64
				}
			,{
				"<=msec": 7.600
				,"percent": 24.48
				}
			,{
				"<=msec": 7.700
				,"percent": 25.28
				}
			,{
				"<=msec": 7.800
				,"percent": 26.21
				}
			,{
				"<=msec": 7.900
				,"percent": 26.89
				}
			,{
				"<=msec": 8.000
				,"percent": 27.91
				}
			,{
				"<=msec": 8.100
				,"percent": 28.72
				}
			,{
				"<=msec": 8.200
				,"percent": 29.64
				}
			,{
				"<=msec": 8.300
				,"percent": 30.67
				}
			,{
				"<=msec": 8.400
				,"percent": 31.69
				}
			,{
				"<=msec": 8.500
				,"percent": 32.71
				}
			,{
				"<=msec": 8.600
				,"percent": 33.64
				}
			,{
				"<=msec": 8.700
				,"percent": 34.54
				}
			,{
				"<=msec": 8.800
				,"percent": 35.48
				}
			,{
				"<=msec": 8.900
				,"percent": 36.64
				}
			,{
				"<=msec": 9.000
				,"percent": 37.88
				}
			,{
				"<=msec": 9.100
				,"percent": 39.12
				}
			,{
				"<=msec": 9.200
				,"percent": 40.24
				}
			,{
				"<=msec": 9.300
				,"percent": 41.37
				}
			,{
				"<=msec": 9.400
				,"percent": 42.86
				}
			,{
				"<=msec": 9.500
				,"percent": 44.31
				}
			,{
				"<=msec": 9.600
				,"percent": 45.68
				}
			,{
				"<=msec": 9.700
				,"percent": 47.02
				}
			,{
				"<=msec": 9.800
				,"percent": 48.40
				}
			,{
				"<=msec": 9.900
				,"percent": 49.67
				}
			,{
				"<=msec": 10.000
				,"percent": 57.71
				}
			,{
				"<=msec": 11.000
				,"percent": 69.42
				}
			,{
				"<=msec": 12.000
				,"percent": 77.24
				}
			,{
				"<=msec": 13.000
				,"percent": 82.64
				}
			,{
				"<=msec": 14.000
				,"percent": 85.67
				}
			,{
				"<=msec": 15.000
				,"percent": 87.30
				}
			,{
				"<=msec": 16.000
				,"percent": 88.66
				}
			,{
				"<=msec": 17.000
				,"percent": 89.97
				}
			,{
				"<=msec": 18.000
				,"percent": 91.43
				}
			,{
				"<=msec": 19.000
				,"percent": 92.83
				}
			,{
				"<=msec": 20.000
				,"percent": 94.29
				}
			,{
				"<=msec": 21.000
				,"percent": 95.78
				}
			,{
				"<=msec": 22.000
				,"percent": 96.60
				}
			,{
				"<=msec": 23.000
				,"percent": 97.06
				}
			,{
				"<=msec": 24.000
				,"percent": 97.49
				}
			,{
				"<=msec": 25.000
				,"percent": 97.70
				}
			,{
				"<=msec": 26.000
				,"percent": 97.84
				}
			,{
				"<=msec": 27.000
				,"percent": 98.05
				}
			,{
				"<=msec": 28.000
				,"percent": 98.29
				}
			,{
				"<=msec": 29.000
				,"percent": 98.50
				}
			,{
				"<=msec": 30.000
				,"percent": 98.86
				}
			,{
				"<=msec": 31.000
				,"percent": 99.09
				}
			,{
				"<=msec": 32.000
				,"percent": 99.24
				}
			,{
				"<=msec": 33.000
				,"percent": 99.40
				}
			,{
				"<=msec": 34.000
				,"percent": 99.50
				}
			,{
				"<=msec": 35.000
				,"percent": 99.57
				}
			,{
				"<=msec": 36.000
				,"percent": 99.62
				}
			,{
				"<=msec": 37.000
				,"percent": 99.69
				}
			,{
				"<=msec": 38.000
				,"percent": 99.73
				}
			,{
				"<=msec": 39.000
				,"percent": 99.78
				}
			,{
				"<=msec": 40.000
				,"percent": 99.81
				}
			,{
				"<=msec": 41.000
				,"percent": 99.85
				}
			,{
				"<=msec": 42.000
				,"percent": 99.88
				}
			,{
				"<=msec": 43.000
				,"percent": 99.91
				}
			,{
				"<=msec": 46.000
				,"percent": 99.92
				}
			,{
				"<=msec": 49.000
				,"percent": 99.93
				}
			,{
				"<=msec": 50.000
				,"percent": 99.95
				}
			,{
				"<=msec": 51.000
				,"percent": 99.97
				}
			,{
				"<=msec": 58.000
				,"percent": 99.99
				}
			,{
				"<=msec": 60.000
				,"percent": 100.00
				}
			]
		,"WAIT":[
		]
		}
	}
