{
	"configuration":{
		"server": "10.0.0.9"
		,"port": 6379
		,"unix socket": "(null)"
		,"protocol": "memcache_text"
		,"out_file": "(null)"
		,"client_stats": "(null)"
		,"run_count": 1
		,"debug": 0
		,"requests": 0
		,"clients": 2
		,"threads": 1
		,"test_time": 75
		,"ratio": "1:9"
		,"pipeline": 1
		,"data_size": 1024
		,"data_offset": 0
		,"random_data": "false"
		,"data_size_range": "0:0"
		,"data_size_list": ""
		,"data_size_pattern": "R"
		,"expiry_range": "9999:10000"
		,"data_import": "(null)"
		,"data_verify": "false"
		,"verify_only": "false"
		,"generate_keys": "false"
		,"key_prefix": "memtier-"
		,"key_minimum":           0
		,"key_maximum":       10000
		,"key_pattern": "R:R"
		,"key_stddev": 0.000000
		,"key_median": 0.000000
		,"reconnect_interval": 0
		,"multi_key_get": 9
		,"authenticate": ""
		,"select-db": 0
		,"no-expiry": "false"
		,"wait-ratio": "0:0"
		,"num-slaves": "0:0"
		,"wait-timeout": "0-0"
		}
	,"run information":{
		"Threads": 1
		,"Connections per thread": 2
		,"Seconds": 75
		}
	,"ALL STATS":{
		"Sets":{
			"Ops/sec": 93.00
			,"Hits/sec": 0.00
			,"Misses/sec": 0.00
			,"Latency": 10.10
			,"KB/sec": 96.67
			}
		,"Gets":{
			"Ops/sec": 92.99
			,"Hits/sec": 836.87
			,"Misses/sec": 0.00
			,"Latency": 11.37
			,"KB/sec": 871.92
			}
		,"Waits":{
			"Ops/sec": 0.00
			,"Hits/sec": 0.00
			,"Misses/sec": 0.00
			,"Latency": 0.00
			,"KB/sec": 0.00
			}
		,"Totals":{
			"Ops/sec": 185.98
			,"Hits/sec": 836.87
			,"Misses/sec": 0.00
			,"Latency": 10.74
			,"KB/sec": 968.58
			}
		,"SET":[
			{
				"<=msec": 4.000
				,"percent": 0.06
				}
			,{
				"<=msec": 4.100
				,"percent": 0.19
				}
			,{
				"<=msec": 4.200
				,"percent": 0.50
				}
			,{
				"<=msec": 4.300
				,"percent": 0.92
				}
			,{
				"<=msec": 4.400
				,"percent": 1.69
				}
			,{
				"<=msec": 4.500
				,"percent": 2.45
				}
			,{
				"<=msec": 4.600
				,"percent": 3.21
				}
			,{
				"<=msec": 4.700
				,"percent": 4.39
				}
			,{
				"<=msec": 4.800
				,"percent": 5.33
				}
			,{
				"<=msec": 4.900
				,"percent": 6.32
				}
			,{
				"<=msec": 5.000
				,"percent": 7.54
				}
			,{
				"<=msec": 5.100
				,"percent": 8.44
				}
			,{
				"<=msec": 5.200
				,"percent": 9.26
				}
			,{
				"<=msec": 5.300
				,"percent": 10.39
				}
			,{
				"<=msec": 5.400
				,"percent": 11.34
				}
			,{
				"<=msec": 5.500
				,"percent": 12.24
				}
			,{
				"<=msec": 5.600
				,"percent": 13.13
				}
			,{
				"<=msec": 5.700
				,"percent": 13.82
				}
			,{
				"<=msec": 5.800
				,"percent": 14.54
				}
			,{
				"<=msec": 5.900
				,"percent": 15.32
				}
			,{
				"<=msec": 6.000
				,"percent": 16.14
				}
			,{
				"<=msec": 6.100
				,"percent": 17.02
				}
			,{
				"<=msec": 6.200
				,"percent": 17.95
				}
			,{
				"<=msec": 6.300
				,"percent": 18.59
				}
			,{
				"<=msec": 6.400
				,"percent": 19.14
				}
			,{
				"<=msec": 6.500
				,"percent": 20.03
				}
			,{
				"<=msec": 6.600
				,"percent": 20.84
				}
			,{
				"<=msec": 6.700
				,"percent": 21.73
				}
			,{
				"<=msec": 6.800
				,"percent": 22.53
				}
			,{
				"<=msec": 6.900
				,"percent": 23.25
				}
			,{
				"<=msec": 7.000
				,"percent": 24.07
				}
			,{
				"<=msec": 7.100
				,"percent": 25.17
				}
			,{
				"<=msec": 7.200
				,"percent": 26.20
				}
			,{
				"<=msec": 7.300
				,"percent": 27.32
				}
			,{
				"<=msec": 7.400
				,"percent": 28.50
				}
			,{
				"<=msec": 7.500
				,"percent": 29.36
				}
			,{
				"<=msec": 7.600
				,"percent": 30.30
				}
			,{
				"<=msec": 7.700
				,"percent": 31.47
				}
			,{
				"<=msec": 7.800
				,"percent": 32.54
				}
			,{
				"<=msec": 7.900
				,"percent": 33.59
				}
			,{
				"<=msec": 8.000
				,"percent": 34.81
				}
			,{
				"<=msec": 8.100
				,"percent": 35.94
				}
			,{
				"<=msec": 8.200
				,"percent": 37.34
				}
			,{
				"<=msec": 8.300
				,"percent": 38.49
				}
			,{
				"<=msec": 8.400
				,"percent": 39.62
				}
			,{
				"<=msec": 8.500
				,"percent": 41.11
				}
			,{
				"<=msec": 8.600
				,"percent": 42.40
				}
			,{
				"<=msec": 8.700
				,"percent": 43.46
				}
			,{
				"<=msec": 8.800
				,"percent": 45.04
				}
			,{
				"<=msec": 8.900
				,"percent": 46.43
				}
			,{
				"<=msec": 9.000
				,"percent": 47.85
				}
			,{
				"<=msec": 9.100
				,"percent": 49.11
				}
			,{
				"<=msec": 9.200
				,"percent": 50.30
				}
			,{
				"<=msec": 9.300
				,"percent": 51.55
				}
			,{
				"<=msec": 9.400
				,"percent": 52.64
				}
			,{
				"<=msec": 9.500
				,"percent": 53.78
				}
			,{
				"<=msec": 9.600
				,"percent": 55.09
				}
			,{
				"<=msec": 9.700
				,"percent": 56.34
				}
			,{
				"<=msec": 9.800
				,"percent": 57.83
				}
			,{
				"<=msec": 9.900
				,"percent": 59.45
				}
			,{
				"<=msec": 10.000
				,"percent": 67.02
				}
			,{
				"<=msec": 11.000
				,"percent": 76.43
				}
			,{
				"<=msec": 12.000
				,"percent": 82.67
				}
			,{
				"<=msec": 13.000
				,"percent": 86.20
				}
			,{
				"<=msec": 14.000
				,"percent": 88.45
				}
			,{
				"<=msec": 15.000
				,"percent": 89.78
				}
			,{
				"<=msec": 16.000
				,"percent": 90.94
				}
			,{
				"<=msec": 17.000
				,"percent": 92.13
				}
			,{
				"<=msec": 18.000
				,"percent": 93.53
				}
			,{
				"<=msec": 19.000
				,"percent": 94.93
				}
			,{
				"<=msec": 20.000
				,"percent": 95.84
				}
			,{
				"<=msec": 21.000
				,"percent": 96.72
				}
			,{
				"<=msec": 22.000
				,"percent": 97.23
				}
			,{
				"<=msec": 23.000
				,"percent": 97.68
				}
			,{
				"<=msec": 24.000
				,"percent": 97.96
				}
			,{
				"<=msec": 25.000
				,"percent": 98.08
				}
			,{
				"<=msec": 26.000
				,"percent": 98.25
				}
			,{
				"<=msec": 27.000
				,"percent": 98.35
				}
			,{
				"<=msec": 28.000
				,"percent": 98.51
				}
			,{
				"<=msec": 29.000
				,"percent": 98.72
				}
			,{
				"<=msec": 30.000
				,"percent": 99.07
				}
			,{
				"<=msec": 31.000
				,"percent": 99.21
				}
			,{
				"<=msec": 32.000
				,"percent": 99.37
				}
			,{
				"<=msec": 33.000
				,"percent": 99.38
				}
			,{
				"<=msec": 34.000
				,"percent": 99.47
				}
			,{
				"<=msec": 35.000
				,"percent": 99.51
				}
			,{
				"<=msec": 36.000
				,"percent": 99.54
				}
			,{
				"<=msec": 37.000
				,"percent": 99.61
				}
			,{
				"<=msec": 38.000
				,"percent": 99.70
				}
			,{
				"<=msec": 39.000
				,"percent": 99.77
				}
			,{
				"<=msec": 40.000
				,"percent": 99.86
				}
			,{
				"<=msec": 41.000
				,"percent": 99.91
				}
			,{
				"<=msec": 42.000
				,"percent": 99.96
				}
			,{
				"<=msec": 45.000
				,"percent": 99.97
				}
			,{
				"<=msec": 46.000
				,"percent": 99.99
				}
			,{
				"<=msec": 48.000
				,"percent": 100.00
				}
			]
		,"GET":[
			{
				"<=msec": 4.400
				,"percent": 0.07
				}
			,{
				"<=msec": 4.500
				,"percent": 0.13
				}
			,{
				"<=msec": 4.600
				,"percent": 0.32
				}
			,{
				"<=msec": 4.700
				,"percent": 0.60
				}
			,{
				"<=msec": 4.800
				,"percent": 1.09
				}
			,{
				"<=msec": 4.900
				,"percent": 1.73
				}
			,{
				"<=msec": 5.000
				,"percent": 2.25
				}
			,{
				"<=msec": 5.100
				,"percent": 3.14
				}
			,{
				"<=msec": 5.200
				,"percent": 3.93
				}
			,{
				"<=msec": 5.300
				,"percent": 4.77
				}
			,{
				"<=msec": 5.400
				,"percent": 5.48
				}
			,{
				"<=msec": 5.500
				,"percent": 6.14
				}
			,{
				"<=msec": 5.600
				,"percent": 6.77
				}
			,{
				"<=msec": 5.700
				,"percent": 7.41
				}
			,{
				"<=msec": 5.800
				,"percent": 8.34
				}
			,{
				"<=msec": 5.900
				,"percent": 8.93
				}
			,{
				"<=msec": 6.000
				,"percent": 9.66
				}
			,{
				"<=msec": 6.100
				,"percent": 10.44
				}
			,{
				"<=msec": 6.200
				,"percent": 11.07
				}
			,{
				"<=msec": 6.300
				,"percent": 11.70
				}
			,{
				"<=msec": 6.400
				,"percent": 12.49
				}
			,{
				"<=msec": 6.500
				,"percent": 13.29
				}
			,{
				"<=msec": 6.600
				,"percent": 13.94
				}
			,{
				"<=msec": 6.700
				,"percent": 14.71
				}
			,{
				"<=msec": 6.800
				,"percent": 15.27
				}
			,{
				"<=msec": 6.900
				,"percent": 16.06
				}
			,{
				"<=msec": 7.000
				,"percent": 16.73
				}
			,{
				"<=msec": 7.100
				,"percent": 17.49
				}
			,{
				"<=msec": 7.200
				,"percent": 18.24
				}
			,{
				"<=msec": 7.300
				,"percent": 19.01
				}
			,{
				"<=msec": 7.400
				,"percent": 19.78
				}
			,{
				"<=msec": 7.500
				,"percent": 20.46
				}
			,{
				"<=msec": 7.600
				,"percent": 21.19
				}
			,{
				"<=msec": 7.700
				,"percent": 21.91
				}
			,{
				"<=msec": 7.800
				,"percent": 22.71
				}
			,{
				"<=msec": 7.900
				,"percent": 23.35
				}
			,{
				"<=msec": 8.000
				,"percent": 24.17
				}
			,{
				"<=msec": 8.100
				,"percent": 24.96
				}
			,{
				"<=msec": 8.200
				,"percent": 25.95
				}
			,{
				"<=msec": 8.300
				,"percent": 26.82
				}
			,{
				"<=msec": 8.400
				,"percent": 27.93
				}
			,{
				"<=msec": 8.500
				,"percent": 28.90
				}
			,{
				"<=msec": 8.600
				,"percent": 29.91
				}
			,{
				"<=msec": 8.700
				,"percent": 30.84
				}
			,{
				"<=msec": 8.800
				,"percent": 32.07
				}
			,{
				"<=msec": 8.900
				,"percent": 33.12
				}
			,{
				"<=msec": 9.000
				,"percent": 34.29
				}
			,{
				"<=msec": 9.100
				,"percent": 35.56
				}
			,{
				"<=msec": 9.200
				,"percent": 36.52
				}
			,{
				"<=msec": 9.300
				,"percent": 37.58
				}
			,{
				"<=msec": 9.400
				,"percent": 38.90
				}
			,{
				"<=msec": 9.500
				,"percent": 40.13
				}
			,{
				"<=msec": 9.600
				,"percent": 41.35
				}
			,{
				"<=msec": 9.700
				,"percent": 42.71
				}
			,{
				"<=msec": 9.800
				,"percent": 43.68
				}
			,{
				"<=msec": 9.900
				,"percent": 44.96
				}
			,{
				"<=msec": 10.000
				,"percent": 52.20
				}
			,{
				"<=msec": 11.000
				,"percent": 64.27
				}
			,{
				"<=msec": 12.000
				,"percent": 73.22
				}
			,{
				"<=msec": 13.000
				,"percent": 79.54
				}
			,{
				"<=msec": 14.000
				,"percent": 83.25
				}
			,{
				"<=msec": 15.000
				,"percent": 85.76
				}
			,{
				"<=msec": 16.000
				,"percent": 87.53
				}
			,{
				"<=msec": 17.000
				,"percent": 88.87
				}
			,{
				"<=msec": 18.000
				,"percent": 90.19
				}
			,{
				"<=msec": 19.000
				,"percent": 91.74
				}
			,{
				"<=msec": 20.000
				,"percent": 93.29
				}
			,{
				"<=msec": 21.000
				,"percent": 94.74
				}
			,{
				"<=msec": 22.000
				,"percent": 95.81
				}
			,{
				"<=msec": 23.000
				,"percent": 96.52
				}
			,{
				"<=msec": 24.000
				,"percent": 96.99
				}
			,{
				"<=msec": 25.000
				,"percent": 97.39
				}
			,{
				"<=msec": 26.000
				,"percent": 97.71
				}
			,{
				"<=msec": 27.000
				,"percent": 97.98
				}
			,{
				"<=msec": 28.000
				,"percent": 98.22
				}
			,{
				"<=msec": 29.000
				,"percent": 98.49
				}
			,{
				"<=msec": 30.000
				,"percent": 98.80
				}
			,{
				"<=msec": 31.000
				,"percent": 99.07
				}
			,{
				"<=msec": 32.000
				,"percent": 99.27
				}
			,{
				"<=msec": 33.000
				,"percent": 99.38
				}
			,{
				"<=msec": 34.000
				,"percent": 99.43
				}
			,{
				"<=msec": 35.000
				,"percent": 99.47
				}
			,{
				"<=msec": 36.000
				,"percent": 99.51
				}
			,{
				"<=msec": 37.000
				,"percent": 99.57
				}
			,{
				"<=msec": 38.000
				,"percent": 99.61
				}
			,{
				"<=msec": 39.000
				,"percent": 99.74
				}
			,{
				"<=msec": 40.000
				,"percent": 99.80
				}
			,{
				"<=msec": 41.000
				,"percent": 99.81
				}
			,{
				"<=msec": 42.000
				,"percent": 99.83
				}
			,{
				"<=msec": 43.000
				,"percent": 99.89
				}
			,{
				"<=msec": 45.000
				,"percent": 99.90
				}
			,{
				"<=msec": 47.000
				,"percent": 99.91
				}
			,{
				"<=msec": 48.000
				,"percent": 99.96
				}
			,{
				"<=msec": 51.000
				,"percent": 99.99
				}
			,{
				"<=msec": 54.000
				,"percent": 100.00
				}
			]
		,"WAIT":[
		]
		}
	}
