{
	"configuration":{
		"server": "10.0.0.8"
		,"port": 6379
		,"unix socket": "(null)"
		,"protocol": "memcache_text"
		,"out_file": "(null)"
		,"client_stats": "(null)"
		,"run_count": 1
		,"debug": 0
		,"requests": 0
		,"clients": 2
		,"threads": 1
		,"test_time": 75
		,"ratio": "1:9"
		,"pipeline": 1
		,"data_size": 1024
		,"data_offset": 0
		,"random_data": "false"
		,"data_size_range": "0:0"
		,"data_size_list": ""
		,"data_size_pattern": "R"
		,"expiry_range": "9999:10000"
		,"data_import": "(null)"
		,"data_verify": "false"
		,"verify_only": "false"
		,"generate_keys": "false"
		,"key_prefix": "memtier-"
		,"key_minimum":           0
		,"key_maximum":       10000
		,"key_pattern": "R:R"
		,"key_stddev": 0.000000
		,"key_median": 0.000000
		,"reconnect_interval": 0
		,"multi_key_get": 9
		,"authenticate": ""
		,"select-db": 0
		,"no-expiry": "false"
		,"wait-ratio": "0:0"
		,"num-slaves": "0:0"
		,"wait-timeout": "0-0"
		}
	,"run information":{
		"Threads": 1
		,"Connections per thread": 2
		,"Seconds": 75
		}
	,"ALL STATS":{
		"Sets":{
			"Ops/sec": 163.67
			,"Hits/sec": 0.00
			,"Misses/sec": 0.00
			,"Latency": 5.58
			,"KB/sec": 170.13
			}
		,"Gets":{
			"Ops/sec": 163.67
			,"Hits/sec": 1473.07
			,"Misses/sec": 0.00
			,"Latency": 6.61
			,"KB/sec": 1534.76
			}
		,"Waits":{
			"Ops/sec": 0.00
			,"Hits/sec": 0.00
			,"Misses/sec": 0.00
			,"Latency": 0.00
			,"KB/sec": 0.00
			}
		,"Totals":{
			"Ops/sec": 327.35
			,"Hits/sec": 1473.07
			,"Misses/sec": 0.00
			,"Latency": 6.10
			,"KB/sec": 1704.89
			}
		,"SET":[
			{
				"<=msec": 0.830
				,"percent": 0.02
				}
			,{
				"<=msec": 0.840
				,"percent": 0.03
				}
			,{
				"<=msec": 0.850
				,"percent": 0.04
				}
			,{
				"<=msec": 0.860
				,"percent": 0.08
				}
			,{
				"<=msec": 0.870
				,"percent": 0.13
				}
			,{
				"<=msec": 0.880
				,"percent": 0.15
				}
			,{
				"<=msec": 0.890
				,"percent": 0.18
				}
			,{
				"<=msec": 0.900
				,"percent": 0.21
				}
			,{
				"<=msec": 0.910
				,"percent": 0.25
				}
			,{
				"<=msec": 0.920
				,"percent": 0.33
				}
			,{
				"<=msec": 0.930
				,"percent": 0.41
				}
			,{
				"<=msec": 0.940
				,"percent": 0.47
				}
			,{
				"<=msec": 0.950
				,"percent": 0.55
				}
			,{
				"<=msec": 0.960
				,"percent": 0.61
				}
			,{
				"<=msec": 0.970
				,"percent": 0.72
				}
			,{
				"<=msec": 0.980
				,"percent": 0.82
				}
			,{
				"<=msec": 0.990
				,"percent": 0.92
				}
			,{
				"<=msec": 1.000
				,"percent": 1.82
				}
			,{
				"<=msec": 1.100
				,"percent": 3.93
				}
			,{
				"<=msec": 1.200
				,"percent": 6.87
				}
			,{
				"<=msec": 1.300
				,"percent": 10.16
				}
			,{
				"<=msec": 1.400
				,"percent": 13.77
				}
			,{
				"<=msec": 1.500
				,"percent": 16.84
				}
			,{
				"<=msec": 1.600
				,"percent": 20.10
				}
			,{
				"<=msec": 1.700
				,"percent": 22.90
				}
			,{
				"<=msec": 1.800
				,"percent": 25.41
				}
			,{
				"<=msec": 1.900
				,"percent": 27.60
				}
			,{
				"<=msec": 2.000
				,"percent": 29.43
				}
			,{
				"<=msec": 2.100
				,"percent": 31.14
				}
			,{
				"<=msec": 2.200
				,"percent": 32.67
				}
			,{
				"<=msec": 2.300
				,"percent": 34.05
				}
			,{
				"<=msec": 2.400
				,"percent": 35.40
				}
			,{
				"<=msec": 2.500
				,"percent": 36.38
				}
			,{
				"<=msec": 2.600
				,"percent": 37.40
				}
			,{
				"<=msec": 2.700
				,"percent": 38.23
				}
			,{
				"<=msec": 2.800
				,"percent": 39.02
				}
			,{
				"<=msec": 2.900
				,"percent": 39.77
				}
			,{
				"<=msec": 3.000
				,"percent": 40.43
				}
			,{
				"<=msec": 3.100
				,"percent": 41.03
				}
			,{
				"<=msec": 3.200
				,"percent": 41.69
				}
			,{
				"<=msec": 3.300
				,"percent": 42.33
				}
			,{
				"<=msec": 3.400
				,"percent": 42.74
				}
			,{
				"<=msec": 3.500
				,"percent": 43.28
				}
			,{
				"<=msec": 3.600
				,"percent": 43.85
				}
			,{
				"<=msec": 3.700
				,"percent": 44.41
				}
			,{
				"<=msec": 3.800
				,"percent": 44.91
				}
			,{
				"<=msec": 3.900
				,"percent": 45.32
				}
			,{
				"<=msec": 4.000
				,"percent": 45.84
				}
			,{
				"<=msec": 4.100
				,"percent": 46.21
				}
			,{
				"<=msec": 4.200
				,"percent": 46.55
				}
			,{
				"<=msec": 4.300
				,"percent": 46.91
				}
			,{
				"<=msec": 4.400
				,"percent": 47.32
				}
			,{
				"<=msec": 4.500
				,"percent": 47.89
				}
			,{
				"<=msec": 4.600
				,"percent": 48.33
				}
			,{
				"<=msec": 4.700
				,"percent": 48.70
				}
			,{
				"<=msec": 4.800
				,"percent": 49.19
				}
			,{
				"<=msec": 4.900
				,"percent": 49.53
				}
			,{
				"<=msec": 5.000
				,"percent": 49.96
				}
			,{
				"<=msec": 5.100
				,"percent": 50.45
				}
			,{
				"<=msec": 5.200
				,"percent": 50.86
				}
			,{
				"<=msec": 5.300
				,"percent": 51.42
				}
			,{
				"<=msec": 5.400
				,"percent": 51.94
				}
			,{
				"<=msec": 5.500
				,"percent": 52.33
				}
			,{
				"<=msec": 5.600
				,"percent": 52.89
				}
			,{
				"<=msec": 5.700
				,"percent": 53.48
				}
			,{
				"<=msec": 5.800
				,"percent": 54.09
				}
			,{
				"<=msec": 5.900
				,"percent": 54.69
				}
			,{
				"<=msec": 6.000
				,"percent": 55.34
				}
			,{
				"<=msec": 6.100
				,"percent": 56.26
				}
			,{
				"<=msec": 6.200
				,"percent": 57.37
				}
			,{
				"<=msec": 6.300
				,"percent": 58.30
				}
			,{
				"<=msec": 6.400
				,"percent": 59.26
				}
			,{
				"<=msec": 6.500
				,"percent": 60.38
				}
			,{
				"<=msec": 6.600
				,"percent": 61.35
				}
			,{
				"<=msec": 6.700
				,"percent": 62.40
				}
			,{
				"<=msec": 6.800
				,"percent": 63.48
				}
			,{
				"<=msec": 6.900
				,"percent": 64.51
				}
			,{
				"<=msec": 7.000
				,"percent": 65.69
				}
			,{
				"<=msec": 7.100
				,"percent": 66.95
				}
			,{
				"<=msec": 7.200
				,"percent": 68.27
				}
			,{
				"<=msec": 7.300
				,"percent": 69.47
				}
			,{
				"<=msec": 7.400
				,"percent": 70.70
				}
			,{
				"<=msec": 7.500
				,"percent": 71.87
				}
			,{
				"<=msec": 7.600
				,"percent": 72.98
				}
			,{
				"<=msec": 7.700
				,"percent": 74.22
				}
			,{
				"<=msec": 7.800
				,"percent": 75.36
				}
			,{
				"<=msec": 7.900
				,"percent": 76.27
				}
			,{
				"<=msec": 8.000
				,"percent": 77.22
				}
			,{
				"<=msec": 8.100
				,"percent": 78.11
				}
			,{
				"<=msec": 8.200
				,"percent": 78.82
				}
			,{
				"<=msec": 8.300
				,"percent": 79.58
				}
			,{
				"<=msec": 8.400
				,"percent": 80.47
				}
			,{
				"<=msec": 8.500
				,"percent": 81.25
				}
			,{
				"<=msec": 8.600
				,"percent": 82.04
				}
			,{
				"<=msec": 8.700
				,"percent": 82.81
				}
			,{
				"<=msec": 8.800
				,"percent": 83.60
				}
			,{
				"<=msec": 8.900
				,"percent": 84.23
				}
			,{
				"<=msec": 9.000
				,"percent": 84.85
				}
			,{
				"<=msec": 9.100
				,"percent": 85.39
				}
			,{
				"<=msec": 9.200
				,"percent": 85.98
				}
			,{
				"<=msec": 9.300
				,"percent": 86.71
				}
			,{
				"<=msec": 9.400
				,"percent": 87.20
				}
			,{
				"<=msec": 9.500
				,"percent": 87.73
				}
			,{
				"<=msec": 9.600
				,"percent": 88.17
				}
			,{
				"<=msec": 9.700
				,"percent": 88.69
				}
			,{
				"<=msec": 9.800
				,"percent": 89.20
				}
			,{
				"<=msec": 9.900
				,"percent": 89.70
				}
			,{
				"<=msec": 10.000
				,"percent": 91.58
				}
			,{
				"<=msec": 11.000
				,"percent": 93.86
				}
			,{
				"<=msec": 12.000
				,"percent": 95.02
				}
			,{
				"<=msec": 13.000
				,"percent": 95.59
				}
			,{
				"<=msec": 14.000
				,"percent": 95.93
				}
			,{
				"<=msec": 15.000
				,"percent": 96.31
				}
			,{
				"<=msec": 16.000
				,"percent": 96.86
				}
			,{
				"<=msec": 17.000
				,"percent": 97.54
				}
			,{
				"<=msec": 18.000
				,"percent": 98.07
				}
			,{
				"<=msec": 19.000
				,"percent": 98.60
				}
			,{
				"<=msec": 20.000
				,"percent": 98.84
				}
			,{
				"<=msec": 21.000
				,"percent": 99.00
				}
			,{
				"<=msec": 22.000
				,"percent": 99.11
				}
			,{
				"<=msec": 23.000
				,"percent": 99.14
				}
			,{
				"<=msec": 24.000
				,"percent": 99.23
				}
			,{
				"<=msec": 25.000
				,"percent": 99.30
				}
			,{
				"<=msec": 26.000
				,"percent": 99.37
				}
			,{
				"<=msec": 27.000
				,"percent": 99.41
				}
			,{
				"<=msec": 28.000
				,"percent": 99.50
				}
			,{
				"<=msec": 29.000
				,"percent": 99.58
				}
			,{
				"<=msec": 30.000
				,"percent": 99.61
				}
			,{
				"<=msec": 31.000
				,"percent": 99.67
				}
			,{
				"<=msec": 32.000
				,"percent": 99.71
				}
			,{
				"<=msec": 33.000
				,"percent": 99.73
				}
			,{
				"<=msec": 34.000
				,"percent": 99.76
				}
			,{
				"<=msec": 35.000
				,"percent": 99.82
				}
			,{
				"<=msec": 36.000
				,"percent": 99.85
				}
			,{
				"<=msec": 37.000
				,"percent": 99.88
				}
			,{
				"<=msec": 38.000
				,"percent": 99.90
				}
			,{
				"<=msec": 39.000
				,"percent": 99.92
				}
			,{
				"<=msec": 40.000
				,"percent": 99.95
				}
			,{
				"<=msec": 41.000
				,"percent": 99.96
				}
			,{
				"<=msec": 42.000
				,"percent": 99.97
				}
			,{
				"<=msec": 43.000
				,"percent": 99.98
				}
			,{
				"<=msec": 45.000
				,"percent": 99.98
				}
			,{
				"<=msec": 47.000
				,"percent": 99.99
				}
			,{
				"<=msec": 49.000
				,"percent": 100.00
				}
			]
		,"GET":[
			{
				"<=msec": 1.100
				,"percent": 0.01
				}
			,{
				"<=msec": 1.200
				,"percent": 0.02
				}
			,{
				"<=msec": 1.300
				,"percent": 0.18
				}
			,{
				"<=msec": 1.400
				,"percent": 0.64
				}
			,{
				"<=msec": 1.500
				,"percent": 1.68
				}
			,{
				"<=msec": 1.600
				,"percent": 3.17
				}
			,{
				"<=msec": 1.700
				,"percent": 4.92
				}
			,{
				"<=msec": 1.800
				,"percent": 7.34
				}
			,{
				"<=msec": 1.900
				,"percent": 10.17
				}
			,{
				"<=msec": 2.000
				,"percent": 13.09
				}
			,{
				"<=msec": 2.100
				,"percent": 15.95
				}
			,{
				"<=msec": 2.200
				,"percent": 18.65
				}
			,{
				"<=msec": 2.300
				,"percent": 21.04
				}
			,{
				"<=msec": 2.400
				,"percent": 23.24
				}
			,{
				"<=msec": 2.500
				,"percent": 25.32
				}
			,{
				"<=msec": 2.600
				,"percent": 27.29
				}
			,{
				"<=msec": 2.700
				,"percent": 28.94
				}
			,{
				"<=msec": 2.800
				,"percent": 30.59
				}
			,{
				"<=msec": 2.900
				,"percent": 32.19
				}
			,{
				"<=msec": 3.000
				,"percent": 33.44
				}
			,{
				"<=msec": 3.100
				,"percent": 34.33
				}
			,{
				"<=msec": 3.200
				,"percent": 35.38
				}
			,{
				"<=msec": 3.300
				,"percent": 36.27
				}
			,{
				"<=msec": 3.400
				,"percent": 37.22
				}
			,{
				"<=msec": 3.500
				,"percent": 37.80
				}
			,{
				"<=msec": 3.600
				,"percent": 38.58
				}
			,{
				"<=msec": 3.700
				,"percent": 39.36
				}
			,{
				"<=msec": 3.800
				,"percent": 39.96
				}
			,{
				"<=msec": 3.900
				,"percent": 40.55
				}
			,{
				"<=msec": 4.000
				,"percent": 41.16
				}
			,{
				"<=msec": 4.100
				,"percent": 41.69
				}
			,{
				"<=msec": 4.200
				,"percent": 42.27
				}
			,{
				"<=msec": 4.300
				,"percent": 42.75
				}
			,{
				"<=msec": 4.400
				,"percent": 43.18
				}
			,{
				"<=msec": 4.500
				,"percent": 43.57
				}
			,{
				"<=msec": 4.600
				,"percent": 44.00
				}
			,{
				"<=msec": 4.700
				,"percent": 44.54
				}
			,{
				"<=msec": 4.800
				,"percent": 44.90
				}
			,{
				"<=msec": 4.900
				,"percent": 45.27
				}
			,{
				"<=msec": 5.000
				,"percent": 45.67
				}
			,{
				"<=msec": 5.100
				,"percent": 46.00
				}
			,{
				"<=msec": 5.200
				,"percent": 46.34
				}
			,{
				"<=msec": 5.300
				,"percent": 46.75
				}
			,{
				"<=msec": 5.400
				,"percent": 47.11
				}
			,{
				"<=msec": 5.500
				,"percent": 47.48
				}
			,{
				"<=msec": 5.600
				,"percent": 47.81
				}
			,{
				"<=msec": 5.700
				,"percent": 48.22
				}
			,{
				"<=msec": 5.800
				,"percent": 48.58
				}
			,{
				"<=msec": 5.900
				,"percent": 49.01
				}
			,{
				"<=msec": 6.000
				,"percent": 49.45
				}
			,{
				"<=msec": 6.100
				,"percent": 49.91
				}
			,{
				"<=msec": 6.200
				,"percent": 50.32
				}
			,{
				"<=msec": 6.300
				,"percent": 50.78
				}
			,{
				"<=msec": 6.400
				,"percent": 51.36
				}
			,{
				"<=msec": 6.500
				,"percent": 51.89
				}
			,{
				"<=msec": 6.600
				,"percent": 52.43
				}
			,{
				"<=msec": 6.700
				,"percent": 53.08
				}
			,{
				"<=msec": 6.800
				,"percent": 53.85
				}
			,{
				"<=msec": 6.900
				,"percent": 54.54
				}
			,{
				"<=msec": 7.000
				,"percent": 55.16
				}
			,{
				"<=msec": 7.100
				,"percent": 56.14
				}
			,{
				"<=msec": 7.200
				,"percent": 56.98
				}
			,{
				"<=msec": 7.300
				,"percent": 57.91
				}
			,{
				"<=msec": 7.400
				,"percent": 58.93
				}
			,{
				"<=msec": 7.500
				,"percent": 59.99
				}
			,{
				"<=msec": 7.600
				,"percent": 61.19
				}
			,{
				"<=msec": 7.700
				,"percent": 62.27
				}
			,{
				"<=msec": 7.800
				,"percent": 63.35
				}
			,{
				"<=msec": 7.900
				,"percent": 64.32
				}
			,{
				"<=msec": 8.000
				,"percent": 65.74
				}
			,{
				"<=msec": 8.100
				,"percent": 67.00
				}
			,{
				"<=msec": 8.200
				,"percent": 68.04
				}
			,{
				"<=msec": 8.300
				,"percent": 68.99
				}
			,{
				"<=msec": 8.400
				,"percent": 70.05
				}
			,{
				"<=msec": 8.500
				,"percent": 71.12
				}
			,{
				"<=msec": 8.600
				,"percent": 72.00
				}
			,{
				"<=msec": 8.700
				,"percent": 72.88
				}
			,{
				"<=msec": 8.800
				,"percent": 73.67
				}
			,{
				"<=msec": 8.900
				,"percent": 74.37
				}
			,{
				"<=msec": 9.000
				,"percent": 75.23
				}
			,{
				"<=msec": 9.100
				,"percent": 76.17
				}
			,{
				"<=msec": 9.200
				,"percent": 77.04
				}
			,{
				"<=msec": 9.300
				,"percent": 77.75
				}
			,{
				"<=msec": 9.400
				,"percent": 78.43
				}
			,{
				"<=msec": 9.500
				,"percent": 79.28
				}
			,{
				"<=msec": 9.600
				,"percent": 80.07
				}
			,{
				"<=msec": 9.700
				,"percent": 80.82
				}
			,{
				"<=msec": 9.800
				,"percent": 81.53
				}
			,{
				"<=msec": 9.900
				,"percent": 82.16
				}
			,{
				"<=msec": 10.000
				,"percent": 85.71
				}
			,{
				"<=msec": 11.000
				,"percent": 89.96
				}
			,{
				"<=msec": 12.000
				,"percent": 91.88
				}
			,{
				"<=msec": 13.000
				,"percent": 93.30
				}
			,{
				"<=msec": 14.000
				,"percent": 94.21
				}
			,{
				"<=msec": 15.000
				,"percent": 94.67
				}
			,{
				"<=msec": 16.000
				,"percent": 95.14
				}
			,{
				"<=msec": 17.000
				,"percent": 96.00
				}
			,{
				"<=msec": 18.000
				,"percent": 97.10
				}
			,{
				"<=msec": 19.000
				,"percent": 98.00
				}
			,{
				"<=msec": 20.000
				,"percent": 98.45
				}
			,{
				"<=msec": 21.000
				,"percent": 98.81
				}
			,{
				"<=msec": 22.000
				,"percent": 98.99
				}
			,{
				"<=msec": 23.000
				,"percent": 99.10
				}
			,{
				"<=msec": 24.000
				,"percent": 99.20
				}
			,{
				"<=msec": 25.000
				,"percent": 99.24
				}
			,{
				"<=msec": 26.000
				,"percent": 99.31
				}
			,{
				"<=msec": 27.000
				,"percent": 99.39
				}
			,{
				"<=msec": 28.000
				,"percent": 99.46
				}
			,{
				"<=msec": 29.000
				,"percent": 99.52
				}
			,{
				"<=msec": 30.000
				,"percent": 99.55
				}
			,{
				"<=msec": 31.000
				,"percent": 99.60
				}
			,{
				"<=msec": 32.000
				,"percent": 99.62
				}
			,{
				"<=msec": 33.000
				,"percent": 99.65
				}
			,{
				"<=msec": 34.000
				,"percent": 99.68
				}
			,{
				"<=msec": 35.000
				,"percent": 99.72
				}
			,{
				"<=msec": 36.000
				,"percent": 99.80
				}
			,{
				"<=msec": 37.000
				,"percent": 99.82
				}
			,{
				"<=msec": 38.000
				,"percent": 99.86
				}
			,{
				"<=msec": 39.000
				,"percent": 99.90
				}
			,{
				"<=msec": 40.000
				,"percent": 99.92
				}
			,{
				"<=msec": 41.000
				,"percent": 99.93
				}
			,{
				"<=msec": 43.000
				,"percent": 99.94
				}
			,{
				"<=msec": 44.000
				,"percent": 99.95
				}
			,{
				"<=msec": 45.000
				,"percent": 99.96
				}
			,{
				"<=msec": 46.000
				,"percent": 99.97
				}
			,{
				"<=msec": 47.000
				,"percent": 99.98
				}
			,{
				"<=msec": 48.000
				,"percent": 99.99
				}
			,{
				"<=msec": 49.000
				,"percent": 100.00
				}
			]
		,"WAIT":[
		]
		}
	}
