{
	"configuration":{
		"server": "10.0.0.9"
		,"port": 6379
		,"unix socket": "(null)"
		,"protocol": "memcache_text"
		,"out_file": "(null)"
		,"client_stats": "(null)"
		,"run_count": 1
		,"debug": 0
		,"requests": 0
		,"clients": 2
		,"threads": 1
		,"test_time": 75
		,"ratio": "1:9"
		,"pipeline": 1
		,"data_size": 1024
		,"data_offset": 0
		,"random_data": "false"
		,"data_size_range": "0:0"
		,"data_size_list": ""
		,"data_size_pattern": "R"
		,"expiry_range": "9999:10000"
		,"data_import": "(null)"
		,"data_verify": "false"
		,"verify_only": "false"
		,"generate_keys": "false"
		,"key_prefix": "memtier-"
		,"key_minimum":           0
		,"key_maximum":       10000
		,"key_pattern": "R:R"
		,"key_stddev": 0.000000
		,"key_median": 0.000000
		,"reconnect_interval": 0
		,"multi_key_get": 9
		,"authenticate": ""
		,"select-db": 0
		,"no-expiry": "false"
		,"wait-ratio": "0:0"
		,"num-slaves": "0:0"
		,"wait-timeout": "0-0"
		}
	,"run information":{
		"Threads": 1
		,"Connections per thread": 2
		,"Seconds": 75
		}
	,"ALL STATS":{
		"Sets":{
			"Ops/sec": 97.04
			,"Hits/sec": 0.00
			,"Misses/sec": 0.00
			,"Latency": 9.62
			,"KB/sec": 100.86
			}
		,"Gets":{
			"Ops/sec": 97.02
			,"Hits/sec": 873.20
			,"Misses/sec": 0.00
			,"Latency": 10.97
			,"KB/sec": 909.77
			}
		,"Waits":{
			"Ops/sec": 0.00
			,"Hits/sec": 0.00
			,"Misses/sec": 0.00
			,"Latency": 0.00
			,"KB/sec": 0.00
			}
		,"Totals":{
			"Ops/sec": 194.06
			,"Hits/sec": 873.20
			,"Misses/sec": 0.00
			,"Latency": 10.29
			,"KB/sec": 1010.64
			}
		,"SET":[
			{
				"<=msec": 3.800
				,"percent": 0.15
				}
			,{
				"<=msec": 3.900
				,"percent": 0.41
				}
			,{
				"<=msec": 4.000
				,"percent": 0.89
				}
			,{
				"<=msec": 4.100
				,"percent": 1.73
				}
			,{
				"<=msec": 4.200
				,"percent": 2.87
				}
			,{
				"<=msec": 4.300
				,"percent": 4.03
				}
			,{
				"<=msec": 4.400
				,"percent": 5.25
				}
			,{
				"<=msec": 4.500
				,"percent": 6.22
				}
			,{
				"<=msec": 4.600
				,"percent": 7.16
				}
			,{
				"<=msec": 4.700
				,"percent": 8.12
				}
			,{
				"<=msec": 4.800
				,"percent": 9.01
				}
			,{
				"<=msec": 4.900
				,"percent": 9.78
				}
			,{
				"<=msec": 5.000
				,"percent": 10.76
				}
			,{
				"<=msec": 5.100
				,"percent": 11.51
				}
			,{
				"<=msec": 5.200
				,"percent": 12.28
				}
			,{
				"<=msec": 5.300
				,"percent": 13.04
				}
			,{
				"<=msec": 5.400
				,"percent": 13.67
				}
			,{
				"<=msec": 5.500
				,"percent": 14.19
				}
			,{
				"<=msec": 5.600
				,"percent": 14.63
				}
			,{
				"<=msec": 5.700
				,"percent": 15.29
				}
			,{
				"<=msec": 5.800
				,"percent": 15.83
				}
			,{
				"<=msec": 5.900
				,"percent": 16.34
				}
			,{
				"<=msec": 6.000
				,"percent": 16.96
				}
			,{
				"<=msec": 6.100
				,"percent": 17.63
				}
			,{
				"<=msec": 6.200
				,"percent": 18.33
				}
			,{
				"<=msec": 6.300
				,"percent": 19.14
				}
			,{
				"<=msec": 6.400
				,"percent": 19.87
				}
			,{
				"<=msec": 6.500
				,"percent": 20.72
				}
			,{
				"<=msec": 6.600
				,"percent": 21.45
				}
			,{
				"<=msec": 6.700
				,"percent": 22.11
				}
			,{
				"<=msec": 6.800
				,"percent": 22.93
				}
			,{
				"<=msec": 6.900
				,"percent": 23.87
				}
			,{
				"<=msec": 7.000
				,"percent": 24.99
				}
			,{
				"<=msec": 7.100
				,"percent": 26.01
				}
			,{
				"<=msec": 7.200
				,"percent": 26.96
				}
			,{
				"<=msec": 7.300
				,"percent": 28.08
				}
			,{
				"<=msec": 7.400
				,"percent": 29.10
				}
			,{
				"<=msec": 7.500
				,"percent": 30.15
				}
			,{
				"<=msec": 7.600
				,"percent": 31.29
				}
			,{
				"<=msec": 7.700
				,"percent": 32.40
				}
			,{
				"<=msec": 7.800
				,"percent": 33.50
				}
			,{
				"<=msec": 7.900
				,"percent": 34.97
				}
			,{
				"<=msec": 8.000
				,"percent": 36.47
				}
			,{
				"<=msec": 8.100
				,"percent": 37.79
				}
			,{
				"<=msec": 8.200
				,"percent": 39.08
				}
			,{
				"<=msec": 8.300
				,"percent": 40.57
				}
			,{
				"<=msec": 8.400
				,"percent": 41.95
				}
			,{
				"<=msec": 8.500
				,"percent": 43.46
				}
			,{
				"<=msec": 8.600
				,"percent": 44.86
				}
			,{
				"<=msec": 8.700
				,"percent": 46.32
				}
			,{
				"<=msec": 8.800
				,"percent": 47.86
				}
			,{
				"<=msec": 8.900
				,"percent": 49.48
				}
			,{
				"<=msec": 9.000
				,"percent": 50.95
				}
			,{
				"<=msec": 9.100
				,"percent": 52.86
				}
			,{
				"<=msec": 9.200
				,"percent": 54.55
				}
			,{
				"<=msec": 9.300
				,"percent": 56.13
				}
			,{
				"<=msec": 9.400
				,"percent": 58.08
				}
			,{
				"<=msec": 9.500
				,"percent": 59.65
				}
			,{
				"<=msec": 9.600
				,"percent": 61.16
				}
			,{
				"<=msec": 9.700
				,"percent": 62.45
				}
			,{
				"<=msec": 9.800
				,"percent": 63.77
				}
			,{
				"<=msec": 9.900
				,"percent": 65.17
				}
			,{
				"<=msec": 10.000
				,"percent": 72.19
				}
			,{
				"<=msec": 11.000
				,"percent": 80.56
				}
			,{
				"<=msec": 12.000
				,"percent": 86.03
				}
			,{
				"<=msec": 13.000
				,"percent": 89.31
				}
			,{
				"<=msec": 14.000
				,"percent": 91.17
				}
			,{
				"<=msec": 15.000
				,"percent": 92.07
				}
			,{
				"<=msec": 16.000
				,"percent": 93.05
				}
			,{
				"<=msec": 17.000
				,"percent": 94.01
				}
			,{
				"<=msec": 18.000
				,"percent": 95.12
				}
			,{
				"<=msec": 19.000
				,"percent": 96.22
				}
			,{
				"<=msec": 20.000
				,"percent": 97.17
				}
			,{
				"<=msec": 21.000
				,"percent": 97.71
				}
			,{
				"<=msec": 22.000
				,"percent": 98.05
				}
			,{
				"<=msec": 23.000
				,"percent": 98.28
				}
			,{
				"<=msec": 24.000
				,"percent": 98.49
				}
			,{
				"<=msec": 25.000
				,"percent": 98.63
				}
			,{
				"<=msec": 26.000
				,"percent": 98.67
				}
			,{
				"<=msec": 27.000
				,"percent": 98.78
				}
			,{
				"<=msec": 28.000
				,"percent": 98.93
				}
			,{
				"<=msec": 29.000
				,"percent": 99.04
				}
			,{
				"<=msec": 30.000
				,"percent": 99.22
				}
			,{
				"<=msec": 31.000
				,"percent": 99.31
				}
			,{
				"<=msec": 32.000
				,"percent": 99.46
				}
			,{
				"<=msec": 33.000
				,"percent": 99.55
				}
			,{
				"<=msec": 34.000
				,"percent": 99.63
				}
			,{
				"<=msec": 35.000
				,"percent": 99.67
				}
			,{
				"<=msec": 36.000
				,"percent": 99.68
				}
			,{
				"<=msec": 37.000
				,"percent": 99.73
				}
			,{
				"<=msec": 38.000
				,"percent": 99.79
				}
			,{
				"<=msec": 39.000
				,"percent": 99.84
				}
			,{
				"<=msec": 41.000
				,"percent": 99.85
				}
			,{
				"<=msec": 42.000
				,"percent": 99.86
				}
			,{
				"<=msec": 43.000
				,"percent": 99.88
				}
			,{
				"<=msec": 44.000
				,"percent": 99.90
				}
			,{
				"<=msec": 48.000
				,"percent": 99.92
				}
			,{
				"<=msec": 49.000
				,"percent": 99.93
				}
			,{
				"<=msec": 50.000
				,"percent": 99.95
				}
			,{
				"<=msec": 51.000
				,"percent": 99.96
				}
			,{
				"<=msec": 52.000
				,"percent": 99.97
				}
			,{
				"<=msec": 54.000
				,"percent": 99.99
				}
			,{
				"<=msec": 59.000
				,"percent": 100.00
				}
			]
		,"GET":[
			{
				"<=msec": 4.200
				,"percent": 0.12
				}
			,{
				"<=msec": 4.300
				,"percent": 0.37
				}
			,{
				"<=msec": 4.400
				,"percent": 0.74
				}
			,{
				"<=msec": 4.500
				,"percent": 1.47
				}
			,{
				"<=msec": 4.600
				,"percent": 2.31
				}
			,{
				"<=msec": 4.700
				,"percent": 3.28
				}
			,{
				"<=msec": 4.800
				,"percent": 4.29
				}
			,{
				"<=msec": 4.900
				,"percent": 5.28
				}
			,{
				"<=msec": 5.000
				,"percent": 6.38
				}
			,{
				"<=msec": 5.100
				,"percent": 7.32
				}
			,{
				"<=msec": 5.200
				,"percent": 8.16
				}
			,{
				"<=msec": 5.300
				,"percent": 9.06
				}
			,{
				"<=msec": 5.400
				,"percent": 9.94
				}
			,{
				"<=msec": 5.500
				,"percent": 10.83
				}
			,{
				"<=msec": 5.600
				,"percent": 11.56
				}
			,{
				"<=msec": 5.700
				,"percent": 12.23
				}
			,{
				"<=msec": 5.800
				,"percent": 12.86
				}
			,{
				"<=msec": 5.900
				,"percent": 13.33
				}
			,{
				"<=msec": 6.000
				,"percent": 13.95
				}
			,{
				"<=msec": 6.100
				,"percent": 14.51
				}
			,{
				"<=msec": 6.200
				,"percent": 15.06
				}
			,{
				"<=msec": 6.300
				,"percent": 15.49
				}
			,{
				"<=msec": 6.400
				,"percent": 15.93
				}
			,{
				"<=msec": 6.500
				,"percent": 16.49
				}
			,{
				"<=msec": 6.600
				,"percent": 17.09
				}
			,{
				"<=msec": 6.700
				,"percent": 17.55
				}
			,{
				"<=msec": 6.800
				,"percent": 18.06
				}
			,{
				"<=msec": 6.900
				,"percent": 18.65
				}
			,{
				"<=msec": 7.000
				,"percent": 19.21
				}
			,{
				"<=msec": 7.100
				,"percent": 19.73
				}
			,{
				"<=msec": 7.200
				,"percent": 20.31
				}
			,{
				"<=msec": 7.300
				,"percent": 21.00
				}
			,{
				"<=msec": 7.400
				,"percent": 21.59
				}
			,{
				"<=msec": 7.500
				,"percent": 22.26
				}
			,{
				"<=msec": 7.600
				,"percent": 22.91
				}
			,{
				"<=msec": 7.700
				,"percent": 23.61
				}
			,{
				"<=msec": 7.800
				,"percent": 24.38
				}
			,{
				"<=msec": 7.900
				,"percent": 25.20
				}
			,{
				"<=msec": 8.000
				,"percent": 26.00
				}
			,{
				"<=msec": 8.100
				,"percent": 26.87
				}
			,{
				"<=msec": 8.200
				,"percent": 27.57
				}
			,{
				"<=msec": 8.300
				,"percent": 28.62
				}
			,{
				"<=msec": 8.400
				,"percent": 29.64
				}
			,{
				"<=msec": 8.500
				,"percent": 30.60
				}
			,{
				"<=msec": 8.600
				,"percent": 31.33
				}
			,{
				"<=msec": 8.700
				,"percent": 32.20
				}
			,{
				"<=msec": 8.800
				,"percent": 33.12
				}
			,{
				"<=msec": 8.900
				,"percent": 34.04
				}
			,{
				"<=msec": 9.000
				,"percent": 35.30
				}
			,{
				"<=msec": 9.100
				,"percent": 36.37
				}
			,{
				"<=msec": 9.200
				,"percent": 37.49
				}
			,{
				"<=msec": 9.300
				,"percent": 38.61
				}
			,{
				"<=msec": 9.400
				,"percent": 39.77
				}
			,{
				"<=msec": 9.500
				,"percent": 41.28
				}
			,{
				"<=msec": 9.600
				,"percent": 42.83
				}
			,{
				"<=msec": 9.700
				,"percent": 44.30
				}
			,{
				"<=msec": 9.800
				,"percent": 45.66
				}
			,{
				"<=msec": 9.900
				,"percent": 46.83
				}
			,{
				"<=msec": 10.000
				,"percent": 55.39
				}
			,{
				"<=msec": 11.000
				,"percent": 68.60
				}
			,{
				"<=msec": 12.000
				,"percent": 77.33
				}
			,{
				"<=msec": 13.000
				,"percent": 82.80
				}
			,{
				"<=msec": 14.000
				,"percent": 85.58
				}
			,{
				"<=msec": 15.000
				,"percent": 87.54
				}
			,{
				"<=msec": 16.000
				,"percent": 88.55
				}
			,{
				"<=msec": 17.000
				,"percent": 89.89
				}
			,{
				"<=msec": 18.000
				,"percent": 91.08
				}
			,{
				"<=msec": 19.000
				,"percent": 92.33
				}
			,{
				"<=msec": 20.000
				,"percent": 94.16
				}
			,{
				"<=msec": 21.000
				,"percent": 95.74
				}
			,{
				"<=msec": 22.000
				,"percent": 96.62
				}
			,{
				"<=msec": 23.000
				,"percent": 97.07
				}
			,{
				"<=msec": 24.000
				,"percent": 97.36
				}
			,{
				"<=msec": 25.000
				,"percent": 97.72
				}
			,{
				"<=msec": 26.000
				,"percent": 97.90
				}
			,{
				"<=msec": 27.000
				,"percent": 98.03
				}
			,{
				"<=msec": 28.000
				,"percent": 98.27
				}
			,{
				"<=msec": 29.000
				,"percent": 98.61
				}
			,{
				"<=msec": 30.000
				,"percent": 98.76
				}
			,{
				"<=msec": 31.000
				,"percent": 99.00
				}
			,{
				"<=msec": 32.000
				,"percent": 99.19
				}
			,{
				"<=msec": 33.000
				,"percent": 99.34
				}
			,{
				"<=msec": 34.000
				,"percent": 99.44
				}
			,{
				"<=msec": 35.000
				,"percent": 99.48
				}
			,{
				"<=msec": 36.000
				,"percent": 99.53
				}
			,{
				"<=msec": 37.000
				,"percent": 99.56
				}
			,{
				"<=msec": 38.000
				,"percent": 99.63
				}
			,{
				"<=msec": 39.000
				,"percent": 99.67
				}
			,{
				"<=msec": 40.000
				,"percent": 99.75
				}
			,{
				"<=msec": 41.000
				,"percent": 99.81
				}
			,{
				"<=msec": 42.000
				,"percent": 99.84
				}
			,{
				"<=msec": 43.000
				,"percent": 99.86
				}
			,{
				"<=msec": 45.000
				,"percent": 99.92
				}
			,{
				"<=msec": 46.000
				,"percent": 99.93
				}
			,{
				"<=msec": 47.000
				,"percent": 99.95
				}
			,{
				"<=msec": 50.000
				,"percent": 99.96
				}
			,{
				"<=msec": 51.000
				,"percent": 99.97
				}
			,{
				"<=msec": 52.000
				,"percent": 99.99
				}
			,{
				"<=msec": 66.000
				,"percent": 100.00
				}
			]
		,"WAIT":[
		]
		}
	}
