{
	"configuration":{
		"server": "10.0.0.9"
		,"port": 6379
		,"unix socket": "(null)"
		,"protocol": "memcache_text"
		,"out_file": "(null)"
		,"client_stats": "(null)"
		,"run_count": 1
		,"debug": 0
		,"requests": 0
		,"clients": 2
		,"threads": 1
		,"test_time": 75
		,"ratio": "1:9"
		,"pipeline": 1
		,"data_size": 1024
		,"data_offset": 0
		,"random_data": "false"
		,"data_size_range": "0:0"
		,"data_size_list": ""
		,"data_size_pattern": "R"
		,"expiry_range": "9999:10000"
		,"data_import": "(null)"
		,"data_verify": "false"
		,"verify_only": "false"
		,"generate_keys": "false"
		,"key_prefix": "memtier-"
		,"key_minimum":           0
		,"key_maximum":       10000
		,"key_pattern": "R:R"
		,"key_stddev": 0.000000
		,"key_median": 0.000000
		,"reconnect_interval": 0
		,"multi_key_get": 9
		,"authenticate": ""
		,"select-db": 0
		,"no-expiry": "false"
		,"wait-ratio": "0:0"
		,"num-slaves": "0:0"
		,"wait-timeout": "0-0"
		}
	,"run information":{
		"Threads": 1
		,"Connections per thread": 2
		,"Seconds": 75
		}
	,"ALL STATS":{
		"Sets":{
			"Ops/sec": 98.17
			,"Hits/sec": 0.00
			,"Misses/sec": 0.00
			,"Latency": 9.45
			,"KB/sec": 102.05
			}
		,"Gets":{
			"Ops/sec": 98.16
			,"Hits/sec": 883.45
			,"Misses/sec": 0.00
			,"Latency": 10.90
			,"KB/sec": 920.45
			}
		,"Waits":{
			"Ops/sec": 0.00
			,"Hits/sec": 0.00
			,"Misses/sec": 0.00
			,"Latency": 0.00
			,"KB/sec": 0.00
			}
		,"Totals":{
			"Ops/sec": 196.34
			,"Hits/sec": 883.45
			,"Misses/sec": 0.00
			,"Latency": 10.18
			,"KB/sec": 1022.50
			}
		,"SET":[
			{
				"<=msec": 3.500
				,"percent": 0.01
				}
			,{
				"<=msec": 3.600
				,"percent": 0.14
				}
			,{
				"<=msec": 3.700
				,"percent": 0.43
				}
			,{
				"<=msec": 3.800
				,"percent": 1.00
				}
			,{
				"<=msec": 3.900
				,"percent": 2.10
				}
			,{
				"<=msec": 4.000
				,"percent": 3.18
				}
			,{
				"<=msec": 4.100
				,"percent": 4.56
				}
			,{
				"<=msec": 4.200
				,"percent": 5.68
				}
			,{
				"<=msec": 4.300
				,"percent": 6.94
				}
			,{
				"<=msec": 4.400
				,"percent": 8.07
				}
			,{
				"<=msec": 4.500
				,"percent": 9.21
				}
			,{
				"<=msec": 4.600
				,"percent": 10.23
				}
			,{
				"<=msec": 4.700
				,"percent": 11.15
				}
			,{
				"<=msec": 4.800
				,"percent": 11.95
				}
			,{
				"<=msec": 4.900
				,"percent": 12.95
				}
			,{
				"<=msec": 5.000
				,"percent": 13.89
				}
			,{
				"<=msec": 5.100
				,"percent": 14.64
				}
			,{
				"<=msec": 5.200
				,"percent": 15.47
				}
			,{
				"<=msec": 5.300
				,"percent": 16.09
				}
			,{
				"<=msec": 5.400
				,"percent": 16.73
				}
			,{
				"<=msec": 5.500
				,"percent": 17.25
				}
			,{
				"<=msec": 5.600
				,"percent": 17.88
				}
			,{
				"<=msec": 5.700
				,"percent": 18.40
				}
			,{
				"<=msec": 5.800
				,"percent": 18.97
				}
			,{
				"<=msec": 5.900
				,"percent": 19.72
				}
			,{
				"<=msec": 6.000
				,"percent": 20.37
				}
			,{
				"<=msec": 6.100
				,"percent": 21.09
				}
			,{
				"<=msec": 6.200
				,"percent": 21.86
				}
			,{
				"<=msec": 6.300
				,"percent": 22.54
				}
			,{
				"<=msec": 6.400
				,"percent": 23.30
				}
			,{
				"<=msec": 6.500
				,"percent": 24.12
				}
			,{
				"<=msec": 6.600
				,"percent": 25.04
				}
			,{
				"<=msec": 6.700
				,"percent": 25.91
				}
			,{
				"<=msec": 6.800
				,"percent": 26.64
				}
			,{
				"<=msec": 6.900
				,"percent": 27.36
				}
			,{
				"<=msec": 7.000
				,"percent": 28.35
				}
			,{
				"<=msec": 7.100
				,"percent": 28.97
				}
			,{
				"<=msec": 7.200
				,"percent": 30.08
				}
			,{
				"<=msec": 7.300
				,"percent": 31.11
				}
			,{
				"<=msec": 7.400
				,"percent": 31.91
				}
			,{
				"<=msec": 7.500
				,"percent": 33.00
				}
			,{
				"<=msec": 7.600
				,"percent": 34.26
				}
			,{
				"<=msec": 7.700
				,"percent": 35.47
				}
			,{
				"<=msec": 7.800
				,"percent": 36.81
				}
			,{
				"<=msec": 7.900
				,"percent": 38.08
				}
			,{
				"<=msec": 8.000
				,"percent": 39.30
				}
			,{
				"<=msec": 8.100
				,"percent": 40.77
				}
			,{
				"<=msec": 8.200
				,"percent": 42.00
				}
			,{
				"<=msec": 8.300
				,"percent": 43.24
				}
			,{
				"<=msec": 8.400
				,"percent": 44.76
				}
			,{
				"<=msec": 8.500
				,"percent": 46.05
				}
			,{
				"<=msec": 8.600
				,"percent": 47.45
				}
			,{
				"<=msec": 8.700
				,"percent": 48.85
				}
			,{
				"<=msec": 8.800
				,"percent": 50.45
				}
			,{
				"<=msec": 8.900
				,"percent": 51.94
				}
			,{
				"<=msec": 9.000
				,"percent": 53.30
				}
			,{
				"<=msec": 9.100
				,"percent": 54.93
				}
			,{
				"<=msec": 9.200
				,"percent": 56.34
				}
			,{
				"<=msec": 9.300
				,"percent": 57.73
				}
			,{
				"<=msec": 9.400
				,"percent": 58.91
				}
			,{
				"<=msec": 9.500
				,"percent": 60.09
				}
			,{
				"<=msec": 9.600
				,"percent": 61.53
				}
			,{
				"<=msec": 9.700
				,"percent": 62.85
				}
			,{
				"<=msec": 9.800
				,"percent": 64.37
				}
			,{
				"<=msec": 9.900
				,"percent": 65.64
				}
			,{
				"<=msec": 10.000
				,"percent": 72.84
				}
			,{
				"<=msec": 11.000
				,"percent": 81.02
				}
			,{
				"<=msec": 12.000
				,"percent": 86.39
				}
			,{
				"<=msec": 13.000
				,"percent": 89.33
				}
			,{
				"<=msec": 14.000
				,"percent": 90.93
				}
			,{
				"<=msec": 15.000
				,"percent": 92.18
				}
			,{
				"<=msec": 16.000
				,"percent": 93.09
				}
			,{
				"<=msec": 17.000
				,"percent": 94.09
				}
			,{
				"<=msec": 18.000
				,"percent": 95.19
				}
			,{
				"<=msec": 19.000
				,"percent": 96.10
				}
			,{
				"<=msec": 20.000
				,"percent": 97.05
				}
			,{
				"<=msec": 21.000
				,"percent": 97.61
				}
			,{
				"<=msec": 22.000
				,"percent": 97.95
				}
			,{
				"<=msec": 23.000
				,"percent": 98.21
				}
			,{
				"<=msec": 24.000
				,"percent": 98.41
				}
			,{
				"<=msec": 25.000
				,"percent": 98.53
				}
			,{
				"<=msec": 26.000
				,"percent": 98.71
				}
			,{
				"<=msec": 27.000
				,"percent": 98.83
				}
			,{
				"<=msec": 28.000
				,"percent": 98.97
				}
			,{
				"<=msec": 29.000
				,"percent": 99.09
				}
			,{
				"<=msec": 30.000
				,"percent": 99.27
				}
			,{
				"<=msec": 31.000
				,"percent": 99.33
				}
			,{
				"<=msec": 32.000
				,"percent": 99.39
				}
			,{
				"<=msec": 33.000
				,"percent": 99.43
				}
			,{
				"<=msec": 34.000
				,"percent": 99.47
				}
			,{
				"<=msec": 35.000
				,"percent": 99.51
				}
			,{
				"<=msec": 36.000
				,"percent": 99.57
				}
			,{
				"<=msec": 37.000
				,"percent": 99.66
				}
			,{
				"<=msec": 38.000
				,"percent": 99.71
				}
			,{
				"<=msec": 39.000
				,"percent": 99.77
				}
			,{
				"<=msec": 40.000
				,"percent": 99.81
				}
			,{
				"<=msec": 41.000
				,"percent": 99.86
				}
			,{
				"<=msec": 43.000
				,"percent": 99.89
				}
			,{
				"<=msec": 45.000
				,"percent": 99.90
				}
			,{
				"<=msec": 46.000
				,"percent": 99.92
				}
			,{
				"<=msec": 48.000
				,"percent": 99.96
				}
			,{
				"<=msec": 49.000
				,"percent": 99.97
				}
			,{
				"<=msec": 50.000
				,"percent": 99.99
				}
			,{
				"<=msec": 54.000
				,"percent": 100.00
				}
			]
		,"GET":[
			{
				"<=msec": 3.900
				,"percent": 0.01
				}
			,{
				"<=msec": 4.000
				,"percent": 0.19
				}
			,{
				"<=msec": 4.100
				,"percent": 0.46
				}
			,{
				"<=msec": 4.200
				,"percent": 0.98
				}
			,{
				"<=msec": 4.300
				,"percent": 1.75
				}
			,{
				"<=msec": 4.400
				,"percent": 2.46
				}
			,{
				"<=msec": 4.500
				,"percent": 3.38
				}
			,{
				"<=msec": 4.600
				,"percent": 4.45
				}
			,{
				"<=msec": 4.700
				,"percent": 5.27
				}
			,{
				"<=msec": 4.800
				,"percent": 6.27
				}
			,{
				"<=msec": 4.900
				,"percent": 7.09
				}
			,{
				"<=msec": 5.000
				,"percent": 8.09
				}
			,{
				"<=msec": 5.100
				,"percent": 8.75
				}
			,{
				"<=msec": 5.200
				,"percent": 9.66
				}
			,{
				"<=msec": 5.300
				,"percent": 10.42
				}
			,{
				"<=msec": 5.400
				,"percent": 10.95
				}
			,{
				"<=msec": 5.500
				,"percent": 11.71
				}
			,{
				"<=msec": 5.600
				,"percent": 12.37
				}
			,{
				"<=msec": 5.700
				,"percent": 13.05
				}
			,{
				"<=msec": 5.800
				,"percent": 13.72
				}
			,{
				"<=msec": 5.900
				,"percent": 14.33
				}
			,{
				"<=msec": 6.000
				,"percent": 14.93
				}
			,{
				"<=msec": 6.100
				,"percent": 15.63
				}
			,{
				"<=msec": 6.200
				,"percent": 16.18
				}
			,{
				"<=msec": 6.300
				,"percent": 16.88
				}
			,{
				"<=msec": 6.400
				,"percent": 17.60
				}
			,{
				"<=msec": 6.500
				,"percent": 18.27
				}
			,{
				"<=msec": 6.600
				,"percent": 18.73
				}
			,{
				"<=msec": 6.700
				,"percent": 19.23
				}
			,{
				"<=msec": 6.800
				,"percent": 19.68
				}
			,{
				"<=msec": 6.900
				,"percent": 20.32
				}
			,{
				"<=msec": 7.000
				,"percent": 20.82
				}
			,{
				"<=msec": 7.100
				,"percent": 21.35
				}
			,{
				"<=msec": 7.200
				,"percent": 21.96
				}
			,{
				"<=msec": 7.300
				,"percent": 22.61
				}
			,{
				"<=msec": 7.400
				,"percent": 23.22
				}
			,{
				"<=msec": 7.500
				,"percent": 24.04
				}
			,{
				"<=msec": 7.600
				,"percent": 24.80
				}
			,{
				"<=msec": 7.700
				,"percent": 25.66
				}
			,{
				"<=msec": 7.800
				,"percent": 26.47
				}
			,{
				"<=msec": 7.900
				,"percent": 27.42
				}
			,{
				"<=msec": 8.000
				,"percent": 28.28
				}
			,{
				"<=msec": 8.100
				,"percent": 29.30
				}
			,{
				"<=msec": 8.200
				,"percent": 30.12
				}
			,{
				"<=msec": 8.300
				,"percent": 30.98
				}
			,{
				"<=msec": 8.400
				,"percent": 32.04
				}
			,{
				"<=msec": 8.500
				,"percent": 32.87
				}
			,{
				"<=msec": 8.600
				,"percent": 33.80
				}
			,{
				"<=msec": 8.700
				,"percent": 35.03
				}
			,{
				"<=msec": 8.800
				,"percent": 36.10
				}
			,{
				"<=msec": 8.900
				,"percent": 36.96
				}
			,{
				"<=msec": 9.000
				,"percent": 38.06
				}
			,{
				"<=msec": 9.100
				,"percent": 39.10
				}
			,{
				"<=msec": 9.200
				,"percent": 40.32
				}
			,{
				"<=msec": 9.300
				,"percent": 41.56
				}
			,{
				"<=msec": 9.400
				,"percent": 42.56
				}
			,{
				"<=msec": 9.500
				,"percent": 43.84
				}
			,{
				"<=msec": 9.600
				,"percent": 45.00
				}
			,{
				"<=msec": 9.700
				,"percent": 46.19
				}
			,{
				"<=msec": 9.800
				,"percent": 47.55
				}
			,{
				"<=msec": 9.900
				,"percent": 49.14
				}
			,{
				"<=msec": 10.000
				,"percent": 56.82
				}
			,{
				"<=msec": 11.000
				,"percent": 68.25
				}
			,{
				"<=msec": 12.000
				,"percent": 76.23
				}
			,{
				"<=msec": 13.000
				,"percent": 81.27
				}
			,{
				"<=msec": 14.000
				,"percent": 84.64
				}
			,{
				"<=msec": 15.000
				,"percent": 86.76
				}
			,{
				"<=msec": 16.000
				,"percent": 87.86
				}
			,{
				"<=msec": 17.000
				,"percent": 89.30
				}
			,{
				"<=msec": 18.000
				,"percent": 90.89
				}
			,{
				"<=msec": 19.000
				,"percent": 92.38
				}
			,{
				"<=msec": 20.000
				,"percent": 93.98
				}
			,{
				"<=msec": 21.000
				,"percent": 95.56
				}
			,{
				"<=msec": 22.000
				,"percent": 96.44
				}
			,{
				"<=msec": 23.000
				,"percent": 97.09
				}
			,{
				"<=msec": 24.000
				,"percent": 97.51
				}
			,{
				"<=msec": 25.000
				,"percent": 97.75
				}
			,{
				"<=msec": 26.000
				,"percent": 97.99
				}
			,{
				"<=msec": 27.000
				,"percent": 98.29
				}
			,{
				"<=msec": 28.000
				,"percent": 98.47
				}
			,{
				"<=msec": 29.000
				,"percent": 98.68
				}
			,{
				"<=msec": 30.000
				,"percent": 98.83
				}
			,{
				"<=msec": 31.000
				,"percent": 99.04
				}
			,{
				"<=msec": 32.000
				,"percent": 99.19
				}
			,{
				"<=msec": 33.000
				,"percent": 99.29
				}
			,{
				"<=msec": 34.000
				,"percent": 99.35
				}
			,{
				"<=msec": 35.000
				,"percent": 99.38
				}
			,{
				"<=msec": 36.000
				,"percent": 99.42
				}
			,{
				"<=msec": 37.000
				,"percent": 99.48
				}
			,{
				"<=msec": 38.000
				,"percent": 99.61
				}
			,{
				"<=msec": 39.000
				,"percent": 99.69
				}
			,{
				"<=msec": 40.000
				,"percent": 99.76
				}
			,{
				"<=msec": 41.000
				,"percent": 99.78
				}
			,{
				"<=msec": 42.000
				,"percent": 99.81
				}
			,{
				"<=msec": 43.000
				,"percent": 99.82
				}
			,{
				"<=msec": 44.000
				,"percent": 99.86
				}
			,{
				"<=msec": 45.000
				,"percent": 99.89
				}
			,{
				"<=msec": 46.000
				,"percent": 99.92
				}
			,{
				"<=msec": 47.000
				,"percent": 99.93
				}
			,{
				"<=msec": 49.000
				,"percent": 99.96
				}
			,{
				"<=msec": 50.000
				,"percent": 99.97
				}
			,{
				"<=msec": 53.000
				,"percent": 99.99
				}
			,{
				"<=msec": 56.000
				,"percent": 100.00
				}
			]
		,"WAIT":[
		]
		}
	}
