{
	"configuration":{
		"server": "10.0.0.9"
		,"port": 6379
		,"unix socket": "(null)"
		,"protocol": "memcache_text"
		,"out_file": "(null)"
		,"client_stats": "(null)"
		,"run_count": 1
		,"debug": 0
		,"requests": 0
		,"clients": 2
		,"threads": 1
		,"test_time": 75
		,"ratio": "1:9"
		,"pipeline": 1
		,"data_size": 1024
		,"data_offset": 0
		,"random_data": "false"
		,"data_size_range": "0:0"
		,"data_size_list": ""
		,"data_size_pattern": "R"
		,"expiry_range": "9999:10000"
		,"data_import": "(null)"
		,"data_verify": "false"
		,"verify_only": "false"
		,"generate_keys": "false"
		,"key_prefix": "memtier-"
		,"key_minimum":           0
		,"key_maximum":       10000
		,"key_pattern": "R:R"
		,"key_stddev": 0.000000
		,"key_median": 0.000000
		,"reconnect_interval": 0
		,"multi_key_get": 9
		,"authenticate": ""
		,"select-db": 0
		,"no-expiry": "false"
		,"wait-ratio": "0:0"
		,"num-slaves": "0:0"
		,"wait-timeout": "0-0"
		}
	,"run information":{
		"Threads": 1
		,"Connections per thread": 2
		,"Seconds": 75
		}
	,"ALL STATS":{
		"Sets":{
			"Ops/sec": 94.08
			,"Hits/sec": 0.00
			,"Misses/sec": 0.00
			,"Latency": 9.91
			,"KB/sec": 97.79
			}
		,"Gets":{
			"Ops/sec": 94.06
			,"Hits/sec": 846.56
			,"Misses/sec": 0.00
			,"Latency": 11.31
			,"KB/sec": 882.02
			}
		,"Waits":{
			"Ops/sec": 0.00
			,"Hits/sec": 0.00
			,"Misses/sec": 0.00
			,"Latency": 0.00
			,"KB/sec": 0.00
			}
		,"Totals":{
			"Ops/sec": 188.14
			,"Hits/sec": 846.56
			,"Misses/sec": 0.00
			,"Latency": 10.61
			,"KB/sec": 979.81
			}
		,"SET":[
			{
				"<=msec": 3.900
				,"percent": 0.01
				}
			,{
				"<=msec": 4.000
				,"percent": 0.10
				}
			,{
				"<=msec": 4.100
				,"percent": 0.23
				}
			,{
				"<=msec": 4.200
				,"percent": 0.61
				}
			,{
				"<=msec": 4.300
				,"percent": 1.15
				}
			,{
				"<=msec": 4.400
				,"percent": 1.94
				}
			,{
				"<=msec": 4.500
				,"percent": 2.86
				}
			,{
				"<=msec": 4.600
				,"percent": 3.83
				}
			,{
				"<=msec": 4.700
				,"percent": 5.05
				}
			,{
				"<=msec": 4.800
				,"percent": 6.28
				}
			,{
				"<=msec": 4.900
				,"percent": 7.31
				}
			,{
				"<=msec": 5.000
				,"percent": 8.46
				}
			,{
				"<=msec": 5.100
				,"percent": 9.34
				}
			,{
				"<=msec": 5.200
				,"percent": 10.43
				}
			,{
				"<=msec": 5.300
				,"percent": 11.10
				}
			,{
				"<=msec": 5.400
				,"percent": 12.16
				}
			,{
				"<=msec": 5.500
				,"percent": 12.87
				}
			,{
				"<=msec": 5.600
				,"percent": 13.56
				}
			,{
				"<=msec": 5.700
				,"percent": 14.48
				}
			,{
				"<=msec": 5.800
				,"percent": 15.42
				}
			,{
				"<=msec": 5.900
				,"percent": 16.31
				}
			,{
				"<=msec": 6.000
				,"percent": 17.06
				}
			,{
				"<=msec": 6.100
				,"percent": 17.90
				}
			,{
				"<=msec": 6.200
				,"percent": 18.74
				}
			,{
				"<=msec": 6.300
				,"percent": 19.47
				}
			,{
				"<=msec": 6.400
				,"percent": 20.17
				}
			,{
				"<=msec": 6.500
				,"percent": 20.86
				}
			,{
				"<=msec": 6.600
				,"percent": 22.00
				}
			,{
				"<=msec": 6.700
				,"percent": 22.90
				}
			,{
				"<=msec": 6.800
				,"percent": 23.71
				}
			,{
				"<=msec": 6.900
				,"percent": 24.83
				}
			,{
				"<=msec": 7.000
				,"percent": 25.62
				}
			,{
				"<=msec": 7.100
				,"percent": 26.33
				}
			,{
				"<=msec": 7.200
				,"percent": 27.17
				}
			,{
				"<=msec": 7.300
				,"percent": 28.32
				}
			,{
				"<=msec": 7.400
				,"percent": 29.11
				}
			,{
				"<=msec": 7.500
				,"percent": 30.26
				}
			,{
				"<=msec": 7.600
				,"percent": 31.42
				}
			,{
				"<=msec": 7.700
				,"percent": 32.41
				}
			,{
				"<=msec": 7.800
				,"percent": 33.26
				}
			,{
				"<=msec": 7.900
				,"percent": 34.45
				}
			,{
				"<=msec": 8.000
				,"percent": 35.71
				}
			,{
				"<=msec": 8.100
				,"percent": 36.81
				}
			,{
				"<=msec": 8.200
				,"percent": 38.07
				}
			,{
				"<=msec": 8.300
				,"percent": 39.31
				}
			,{
				"<=msec": 8.400
				,"percent": 40.62
				}
			,{
				"<=msec": 8.500
				,"percent": 41.95
				}
			,{
				"<=msec": 8.600
				,"percent": 43.23
				}
			,{
				"<=msec": 8.700
				,"percent": 44.71
				}
			,{
				"<=msec": 8.800
				,"percent": 46.06
				}
			,{
				"<=msec": 8.900
				,"percent": 47.45
				}
			,{
				"<=msec": 9.000
				,"percent": 48.94
				}
			,{
				"<=msec": 9.100
				,"percent": 50.31
				}
			,{
				"<=msec": 9.200
				,"percent": 51.60
				}
			,{
				"<=msec": 9.300
				,"percent": 53.08
				}
			,{
				"<=msec": 9.400
				,"percent": 54.54
				}
			,{
				"<=msec": 9.500
				,"percent": 56.04
				}
			,{
				"<=msec": 9.600
				,"percent": 57.38
				}
			,{
				"<=msec": 9.700
				,"percent": 58.66
				}
			,{
				"<=msec": 9.800
				,"percent": 59.92
				}
			,{
				"<=msec": 9.900
				,"percent": 61.30
				}
			,{
				"<=msec": 10.000
				,"percent": 68.52
				}
			,{
				"<=msec": 11.000
				,"percent": 77.89
				}
			,{
				"<=msec": 12.000
				,"percent": 83.62
				}
			,{
				"<=msec": 13.000
				,"percent": 87.49
				}
			,{
				"<=msec": 14.000
				,"percent": 89.78
				}
			,{
				"<=msec": 15.000
				,"percent": 91.07
				}
			,{
				"<=msec": 16.000
				,"percent": 91.98
				}
			,{
				"<=msec": 17.000
				,"percent": 93.20
				}
			,{
				"<=msec": 18.000
				,"percent": 94.35
				}
			,{
				"<=msec": 19.000
				,"percent": 95.44
				}
			,{
				"<=msec": 20.000
				,"percent": 96.50
				}
			,{
				"<=msec": 21.000
				,"percent": 97.22
				}
			,{
				"<=msec": 22.000
				,"percent": 97.66
				}
			,{
				"<=msec": 23.000
				,"percent": 97.95
				}
			,{
				"<=msec": 24.000
				,"percent": 98.29
				}
			,{
				"<=msec": 25.000
				,"percent": 98.41
				}
			,{
				"<=msec": 26.000
				,"percent": 98.57
				}
			,{
				"<=msec": 27.000
				,"percent": 98.70
				}
			,{
				"<=msec": 28.000
				,"percent": 98.80
				}
			,{
				"<=msec": 29.000
				,"percent": 98.92
				}
			,{
				"<=msec": 30.000
				,"percent": 99.05
				}
			,{
				"<=msec": 31.000
				,"percent": 99.21
				}
			,{
				"<=msec": 32.000
				,"percent": 99.25
				}
			,{
				"<=msec": 33.000
				,"percent": 99.31
				}
			,{
				"<=msec": 34.000
				,"percent": 99.36
				}
			,{
				"<=msec": 35.000
				,"percent": 99.39
				}
			,{
				"<=msec": 36.000
				,"percent": 99.45
				}
			,{
				"<=msec": 37.000
				,"percent": 99.49
				}
			,{
				"<=msec": 38.000
				,"percent": 99.57
				}
			,{
				"<=msec": 39.000
				,"percent": 99.65
				}
			,{
				"<=msec": 40.000
				,"percent": 99.73
				}
			,{
				"<=msec": 41.000
				,"percent": 99.80
				}
			,{
				"<=msec": 42.000
				,"percent": 99.82
				}
			,{
				"<=msec": 43.000
				,"percent": 99.84
				}
			,{
				"<=msec": 44.000
				,"percent": 99.86
				}
			,{
				"<=msec": 45.000
				,"percent": 99.87
				}
			,{
				"<=msec": 46.000
				,"percent": 99.90
				}
			,{
				"<=msec": 47.000
				,"percent": 99.91
				}
			,{
				"<=msec": 48.000
				,"percent": 99.96
				}
			,{
				"<=msec": 50.000
				,"percent": 99.97
				}
			,{
				"<=msec": 51.000
				,"percent": 100.00
				}
			]
		,"GET":[
			{
				"<=msec": 4.300
				,"percent": 0.03
				}
			,{
				"<=msec": 4.400
				,"percent": 0.07
				}
			,{
				"<=msec": 4.500
				,"percent": 0.11
				}
			,{
				"<=msec": 4.600
				,"percent": 0.35
				}
			,{
				"<=msec": 4.700
				,"percent": 0.58
				}
			,{
				"<=msec": 4.800
				,"percent": 1.11
				}
			,{
				"<=msec": 4.900
				,"percent": 1.66
				}
			,{
				"<=msec": 5.000
				,"percent": 2.37
				}
			,{
				"<=msec": 5.100
				,"percent": 3.10
				}
			,{
				"<=msec": 5.200
				,"percent": 3.80
				}
			,{
				"<=msec": 5.300
				,"percent": 4.65
				}
			,{
				"<=msec": 5.400
				,"percent": 5.60
				}
			,{
				"<=msec": 5.500
				,"percent": 6.21
				}
			,{
				"<=msec": 5.600
				,"percent": 7.24
				}
			,{
				"<=msec": 5.700
				,"percent": 7.92
				}
			,{
				"<=msec": 5.800
				,"percent": 8.55
				}
			,{
				"<=msec": 5.900
				,"percent": 9.21
				}
			,{
				"<=msec": 6.000
				,"percent": 9.91
				}
			,{
				"<=msec": 6.100
				,"percent": 10.72
				}
			,{
				"<=msec": 6.200
				,"percent": 11.69
				}
			,{
				"<=msec": 6.300
				,"percent": 12.35
				}
			,{
				"<=msec": 6.400
				,"percent": 13.11
				}
			,{
				"<=msec": 6.500
				,"percent": 13.81
				}
			,{
				"<=msec": 6.600
				,"percent": 14.49
				}
			,{
				"<=msec": 6.700
				,"percent": 15.24
				}
			,{
				"<=msec": 6.800
				,"percent": 15.88
				}
			,{
				"<=msec": 6.900
				,"percent": 16.75
				}
			,{
				"<=msec": 7.000
				,"percent": 17.39
				}
			,{
				"<=msec": 7.100
				,"percent": 18.00
				}
			,{
				"<=msec": 7.200
				,"percent": 18.72
				}
			,{
				"<=msec": 7.300
				,"percent": 19.48
				}
			,{
				"<=msec": 7.400
				,"percent": 20.20
				}
			,{
				"<=msec": 7.500
				,"percent": 20.98
				}
			,{
				"<=msec": 7.600
				,"percent": 21.72
				}
			,{
				"<=msec": 7.700
				,"percent": 22.71
				}
			,{
				"<=msec": 7.800
				,"percent": 23.63
				}
			,{
				"<=msec": 7.900
				,"percent": 24.35
				}
			,{
				"<=msec": 8.000
				,"percent": 25.26
				}
			,{
				"<=msec": 8.100
				,"percent": 26.14
				}
			,{
				"<=msec": 8.200
				,"percent": 27.09
				}
			,{
				"<=msec": 8.300
				,"percent": 27.94
				}
			,{
				"<=msec": 8.400
				,"percent": 28.79
				}
			,{
				"<=msec": 8.500
				,"percent": 29.91
				}
			,{
				"<=msec": 8.600
				,"percent": 31.14
				}
			,{
				"<=msec": 8.700
				,"percent": 32.06
				}
			,{
				"<=msec": 8.800
				,"percent": 32.83
				}
			,{
				"<=msec": 8.900
				,"percent": 33.79
				}
			,{
				"<=msec": 9.000
				,"percent": 34.61
				}
			,{
				"<=msec": 9.100
				,"percent": 35.36
				}
			,{
				"<=msec": 9.200
				,"percent": 36.29
				}
			,{
				"<=msec": 9.300
				,"percent": 37.34
				}
			,{
				"<=msec": 9.400
				,"percent": 38.63
				}
			,{
				"<=msec": 9.500
				,"percent": 39.80
				}
			,{
				"<=msec": 9.600
				,"percent": 41.05
				}
			,{
				"<=msec": 9.700
				,"percent": 42.21
				}
			,{
				"<=msec": 9.800
				,"percent": 43.40
				}
			,{
				"<=msec": 9.900
				,"percent": 44.62
				}
			,{
				"<=msec": 10.000
				,"percent": 51.85
				}
			,{
				"<=msec": 11.000
				,"percent": 64.81
				}
			,{
				"<=msec": 12.000
				,"percent": 73.38
				}
			,{
				"<=msec": 13.000
				,"percent": 79.39
				}
			,{
				"<=msec": 14.000
				,"percent": 83.56
				}
			,{
				"<=msec": 15.000
				,"percent": 85.84
				}
			,{
				"<=msec": 16.000
				,"percent": 87.29
				}
			,{
				"<=msec": 17.000
				,"percent": 88.89
				}
			,{
				"<=msec": 18.000
				,"percent": 90.40
				}
			,{
				"<=msec": 19.000
				,"percent": 91.93
				}
			,{
				"<=msec": 20.000
				,"percent": 93.51
				}
			,{
				"<=msec": 21.000
				,"percent": 95.11
				}
			,{
				"<=msec": 22.000
				,"percent": 96.40
				}
			,{
				"<=msec": 23.000
				,"percent": 97.12
				}
			,{
				"<=msec": 24.000
				,"percent": 97.49
				}
			,{
				"<=msec": 25.000
				,"percent": 97.77
				}
			,{
				"<=msec": 26.000
				,"percent": 98.00
				}
			,{
				"<=msec": 27.000
				,"percent": 98.26
				}
			,{
				"<=msec": 28.000
				,"percent": 98.53
				}
			,{
				"<=msec": 29.000
				,"percent": 98.77
				}
			,{
				"<=msec": 30.000
				,"percent": 98.87
				}
			,{
				"<=msec": 31.000
				,"percent": 99.04
				}
			,{
				"<=msec": 32.000
				,"percent": 99.15
				}
			,{
				"<=msec": 33.000
				,"percent": 99.26
				}
			,{
				"<=msec": 34.000
				,"percent": 99.33
				}
			,{
				"<=msec": 35.000
				,"percent": 99.40
				}
			,{
				"<=msec": 36.000
				,"percent": 99.43
				}
			,{
				"<=msec": 37.000
				,"percent": 99.48
				}
			,{
				"<=msec": 38.000
				,"percent": 99.57
				}
			,{
				"<=msec": 39.000
				,"percent": 99.62
				}
			,{
				"<=msec": 40.000
				,"percent": 99.69
				}
			,{
				"<=msec": 41.000
				,"percent": 99.76
				}
			,{
				"<=msec": 42.000
				,"percent": 99.79
				}
			,{
				"<=msec": 43.000
				,"percent": 99.83
				}
			,{
				"<=msec": 44.000
				,"percent": 99.84
				}
			,{
				"<=msec": 45.000
				,"percent": 99.86
				}
			,{
				"<=msec": 47.000
				,"percent": 99.87
				}
			,{
				"<=msec": 49.000
				,"percent": 99.93
				}
			,{
				"<=msec": 50.000
				,"percent": 99.94
				}
			,{
				"<=msec": 52.000
				,"percent": 99.97
				}
			,{
				"<=msec": 53.000
				,"percent": 99.99
				}
			,{
				"<=msec": 56.000
				,"percent": 100.00
				}
			]
		,"WAIT":[
		]
		}
	}
