{
	"configuration":{
		"server": "10.0.0.8"
		,"port": 6379
		,"unix socket": "(null)"
		,"protocol": "memcache_text"
		,"out_file": "(null)"
		,"client_stats": "(null)"
		,"run_count": 1
		,"debug": 0
		,"requests": 0
		,"clients": 2
		,"threads": 1
		,"test_time": 75
		,"ratio": "1:9"
		,"pipeline": 1
		,"data_size": 1024
		,"data_offset": 0
		,"random_data": "false"
		,"data_size_range": "0:0"
		,"data_size_list": ""
		,"data_size_pattern": "R"
		,"expiry_range": "9999:10000"
		,"data_import": "(null)"
		,"data_verify": "false"
		,"verify_only": "false"
		,"generate_keys": "false"
		,"key_prefix": "memtier-"
		,"key_minimum":           0
		,"key_maximum":       10000
		,"key_pattern": "R:R"
		,"key_stddev": 0.000000
		,"key_median": 0.000000
		,"reconnect_interval": 0
		,"multi_key_get": 9
		,"authenticate": ""
		,"select-db": 0
		,"no-expiry": "false"
		,"wait-ratio": "0:0"
		,"num-slaves": "0:0"
		,"wait-timeout": "0-0"
		}
	,"run information":{
		"Threads": 1
		,"Connections per thread": 2
		,"Seconds": 75
		}
	,"ALL STATS":{
		"Sets":{
			"Ops/sec": 155.58
			,"Hits/sec": 0.00
			,"Misses/sec": 0.00
			,"Latency": 5.80
			,"KB/sec": 161.72
			}
		,"Gets":{
			"Ops/sec": 155.57
			,"Hits/sec": 1400.09
			,"Misses/sec": 0.00
			,"Latency": 7.03
			,"KB/sec": 1458.72
			}
		,"Waits":{
			"Ops/sec": 0.00
			,"Hits/sec": 0.00
			,"Misses/sec": 0.00
			,"Latency": 0.00
			,"KB/sec": 0.00
			}
		,"Totals":{
			"Ops/sec": 311.14
			,"Hits/sec": 1400.09
			,"Misses/sec": 0.00
			,"Latency": 6.42
			,"KB/sec": 1620.44
			}
		,"SET":[
			{
				"<=msec": 0.870
				,"percent": 0.01
				}
			,{
				"<=msec": 0.890
				,"percent": 0.02
				}
			,{
				"<=msec": 0.900
				,"percent": 0.03
				}
			,{
				"<=msec": 0.910
				,"percent": 0.04
				}
			,{
				"<=msec": 0.920
				,"percent": 0.06
				}
			,{
				"<=msec": 0.930
				,"percent": 0.08
				}
			,{
				"<=msec": 0.940
				,"percent": 0.09
				}
			,{
				"<=msec": 0.950
				,"percent": 0.11
				}
			,{
				"<=msec": 0.960
				,"percent": 0.14
				}
			,{
				"<=msec": 0.970
				,"percent": 0.18
				}
			,{
				"<=msec": 0.980
				,"percent": 0.20
				}
			,{
				"<=msec": 0.990
				,"percent": 0.23
				}
			,{
				"<=msec": 1.000
				,"percent": 0.58
				}
			,{
				"<=msec": 1.100
				,"percent": 1.80
				}
			,{
				"<=msec": 1.200
				,"percent": 3.80
				}
			,{
				"<=msec": 1.300
				,"percent": 6.50
				}
			,{
				"<=msec": 1.400
				,"percent": 9.37
				}
			,{
				"<=msec": 1.500
				,"percent": 12.49
				}
			,{
				"<=msec": 1.600
				,"percent": 15.40
				}
			,{
				"<=msec": 1.700
				,"percent": 18.39
				}
			,{
				"<=msec": 1.800
				,"percent": 21.23
				}
			,{
				"<=msec": 1.900
				,"percent": 23.64
				}
			,{
				"<=msec": 2.000
				,"percent": 25.68
				}
			,{
				"<=msec": 2.100
				,"percent": 27.71
				}
			,{
				"<=msec": 2.200
				,"percent": 29.39
				}
			,{
				"<=msec": 2.300
				,"percent": 31.00
				}
			,{
				"<=msec": 2.400
				,"percent": 32.59
				}
			,{
				"<=msec": 2.500
				,"percent": 33.68
				}
			,{
				"<=msec": 2.600
				,"percent": 34.80
				}
			,{
				"<=msec": 2.700
				,"percent": 35.92
				}
			,{
				"<=msec": 2.800
				,"percent": 36.94
				}
			,{
				"<=msec": 2.900
				,"percent": 37.97
				}
			,{
				"<=msec": 3.000
				,"percent": 38.82
				}
			,{
				"<=msec": 3.100
				,"percent": 39.58
				}
			,{
				"<=msec": 3.200
				,"percent": 40.23
				}
			,{
				"<=msec": 3.300
				,"percent": 40.88
				}
			,{
				"<=msec": 3.400
				,"percent": 41.57
				}
			,{
				"<=msec": 3.500
				,"percent": 42.21
				}
			,{
				"<=msec": 3.600
				,"percent": 42.69
				}
			,{
				"<=msec": 3.700
				,"percent": 43.28
				}
			,{
				"<=msec": 3.800
				,"percent": 43.93
				}
			,{
				"<=msec": 3.900
				,"percent": 44.34
				}
			,{
				"<=msec": 4.000
				,"percent": 44.73
				}
			,{
				"<=msec": 4.100
				,"percent": 45.22
				}
			,{
				"<=msec": 4.200
				,"percent": 45.76
				}
			,{
				"<=msec": 4.300
				,"percent": 46.24
				}
			,{
				"<=msec": 4.400
				,"percent": 46.74
				}
			,{
				"<=msec": 4.500
				,"percent": 47.12
				}
			,{
				"<=msec": 4.600
				,"percent": 47.45
				}
			,{
				"<=msec": 4.700
				,"percent": 47.87
				}
			,{
				"<=msec": 4.800
				,"percent": 48.36
				}
			,{
				"<=msec": 4.900
				,"percent": 48.80
				}
			,{
				"<=msec": 5.000
				,"percent": 49.14
				}
			,{
				"<=msec": 5.100
				,"percent": 49.61
				}
			,{
				"<=msec": 5.200
				,"percent": 49.94
				}
			,{
				"<=msec": 5.300
				,"percent": 50.43
				}
			,{
				"<=msec": 5.400
				,"percent": 50.92
				}
			,{
				"<=msec": 5.500
				,"percent": 51.36
				}
			,{
				"<=msec": 5.600
				,"percent": 51.83
				}
			,{
				"<=msec": 5.700
				,"percent": 52.38
				}
			,{
				"<=msec": 5.800
				,"percent": 52.91
				}
			,{
				"<=msec": 5.900
				,"percent": 53.49
				}
			,{
				"<=msec": 6.000
				,"percent": 54.13
				}
			,{
				"<=msec": 6.100
				,"percent": 54.80
				}
			,{
				"<=msec": 6.200
				,"percent": 55.53
				}
			,{
				"<=msec": 6.300
				,"percent": 56.49
				}
			,{
				"<=msec": 6.400
				,"percent": 57.39
				}
			,{
				"<=msec": 6.500
				,"percent": 58.34
				}
			,{
				"<=msec": 6.600
				,"percent": 59.39
				}
			,{
				"<=msec": 6.700
				,"percent": 60.48
				}
			,{
				"<=msec": 6.800
				,"percent": 61.50
				}
			,{
				"<=msec": 6.900
				,"percent": 62.54
				}
			,{
				"<=msec": 7.000
				,"percent": 63.74
				}
			,{
				"<=msec": 7.100
				,"percent": 65.02
				}
			,{
				"<=msec": 7.200
				,"percent": 65.99
				}
			,{
				"<=msec": 7.300
				,"percent": 67.13
				}
			,{
				"<=msec": 7.400
				,"percent": 68.14
				}
			,{
				"<=msec": 7.500
				,"percent": 69.26
				}
			,{
				"<=msec": 7.600
				,"percent": 70.44
				}
			,{
				"<=msec": 7.700
				,"percent": 71.54
				}
			,{
				"<=msec": 7.800
				,"percent": 72.52
				}
			,{
				"<=msec": 7.900
				,"percent": 73.57
				}
			,{
				"<=msec": 8.000
				,"percent": 74.61
				}
			,{
				"<=msec": 8.100
				,"percent": 75.49
				}
			,{
				"<=msec": 8.200
				,"percent": 76.41
				}
			,{
				"<=msec": 8.300
				,"percent": 77.36
				}
			,{
				"<=msec": 8.400
				,"percent": 78.27
				}
			,{
				"<=msec": 8.500
				,"percent": 79.24
				}
			,{
				"<=msec": 8.600
				,"percent": 80.17
				}
			,{
				"<=msec": 8.700
				,"percent": 80.87
				}
			,{
				"<=msec": 8.800
				,"percent": 81.70
				}
			,{
				"<=msec": 8.900
				,"percent": 82.51
				}
			,{
				"<=msec": 9.000
				,"percent": 83.25
				}
			,{
				"<=msec": 9.100
				,"percent": 84.03
				}
			,{
				"<=msec": 9.200
				,"percent": 84.75
				}
			,{
				"<=msec": 9.300
				,"percent": 85.48
				}
			,{
				"<=msec": 9.400
				,"percent": 86.09
				}
			,{
				"<=msec": 9.500
				,"percent": 86.56
				}
			,{
				"<=msec": 9.600
				,"percent": 87.20
				}
			,{
				"<=msec": 9.700
				,"percent": 87.76
				}
			,{
				"<=msec": 9.800
				,"percent": 88.23
				}
			,{
				"<=msec": 9.900
				,"percent": 88.65
				}
			,{
				"<=msec": 10.000
				,"percent": 90.87
				}
			,{
				"<=msec": 11.000
				,"percent": 93.35
				}
			,{
				"<=msec": 12.000
				,"percent": 94.49
				}
			,{
				"<=msec": 13.000
				,"percent": 95.18
				}
			,{
				"<=msec": 14.000
				,"percent": 95.68
				}
			,{
				"<=msec": 15.000
				,"percent": 96.08
				}
			,{
				"<=msec": 16.000
				,"percent": 96.73
				}
			,{
				"<=msec": 17.000
				,"percent": 97.33
				}
			,{
				"<=msec": 18.000
				,"percent": 97.95
				}
			,{
				"<=msec": 19.000
				,"percent": 98.45
				}
			,{
				"<=msec": 20.000
				,"percent": 98.79
				}
			,{
				"<=msec": 21.000
				,"percent": 98.93
				}
			,{
				"<=msec": 22.000
				,"percent": 99.04
				}
			,{
				"<=msec": 23.000
				,"percent": 99.07
				}
			,{
				"<=msec": 24.000
				,"percent": 99.12
				}
			,{
				"<=msec": 25.000
				,"percent": 99.19
				}
			,{
				"<=msec": 26.000
				,"percent": 99.29
				}
			,{
				"<=msec": 27.000
				,"percent": 99.36
				}
			,{
				"<=msec": 28.000
				,"percent": 99.47
				}
			,{
				"<=msec": 29.000
				,"percent": 99.60
				}
			,{
				"<=msec": 30.000
				,"percent": 99.63
				}
			,{
				"<=msec": 31.000
				,"percent": 99.65
				}
			,{
				"<=msec": 32.000
				,"percent": 99.67
				}
			,{
				"<=msec": 33.000
				,"percent": 99.69
				}
			,{
				"<=msec": 34.000
				,"percent": 99.71
				}
			,{
				"<=msec": 35.000
				,"percent": 99.76
				}
			,{
				"<=msec": 36.000
				,"percent": 99.79
				}
			,{
				"<=msec": 37.000
				,"percent": 99.81
				}
			,{
				"<=msec": 38.000
				,"percent": 99.85
				}
			,{
				"<=msec": 39.000
				,"percent": 99.87
				}
			,{
				"<=msec": 40.000
				,"percent": 99.90
				}
			,{
				"<=msec": 41.000
				,"percent": 99.93
				}
			,{
				"<=msec": 42.000
				,"percent": 99.94
				}
			,{
				"<=msec": 44.000
				,"percent": 99.95
				}
			,{
				"<=msec": 46.000
				,"percent": 99.96
				}
			,{
				"<=msec": 47.000
				,"percent": 99.97
				}
			,{
				"<=msec": 48.000
				,"percent": 99.98
				}
			,{
				"<=msec": 49.000
				,"percent": 99.99
				}
			,{
				"<=msec": 55.000
				,"percent": 100.00
				}
			]
		,"GET":[
			{
				"<=msec": 1.200
				,"percent": 0.02
				}
			,{
				"<=msec": 1.300
				,"percent": 0.12
				}
			,{
				"<=msec": 1.400
				,"percent": 0.45
				}
			,{
				"<=msec": 1.500
				,"percent": 0.85
				}
			,{
				"<=msec": 1.600
				,"percent": 1.73
				}
			,{
				"<=msec": 1.700
				,"percent": 3.09
				}
			,{
				"<=msec": 1.800
				,"percent": 4.96
				}
			,{
				"<=msec": 1.900
				,"percent": 7.09
				}
			,{
				"<=msec": 2.000
				,"percent": 9.50
				}
			,{
				"<=msec": 2.100
				,"percent": 11.90
				}
			,{
				"<=msec": 2.200
				,"percent": 14.07
				}
			,{
				"<=msec": 2.300
				,"percent": 16.28
				}
			,{
				"<=msec": 2.400
				,"percent": 18.43
				}
			,{
				"<=msec": 2.500
				,"percent": 20.43
				}
			,{
				"<=msec": 2.600
				,"percent": 22.34
				}
			,{
				"<=msec": 2.700
				,"percent": 24.09
				}
			,{
				"<=msec": 2.800
				,"percent": 25.60
				}
			,{
				"<=msec": 2.900
				,"percent": 27.15
				}
			,{
				"<=msec": 3.000
				,"percent": 28.77
				}
			,{
				"<=msec": 3.100
				,"percent": 30.17
				}
			,{
				"<=msec": 3.200
				,"percent": 31.25
				}
			,{
				"<=msec": 3.300
				,"percent": 32.33
				}
			,{
				"<=msec": 3.400
				,"percent": 33.27
				}
			,{
				"<=msec": 3.500
				,"percent": 34.25
				}
			,{
				"<=msec": 3.600
				,"percent": 35.20
				}
			,{
				"<=msec": 3.700
				,"percent": 36.12
				}
			,{
				"<=msec": 3.800
				,"percent": 36.83
				}
			,{
				"<=msec": 3.900
				,"percent": 37.47
				}
			,{
				"<=msec": 4.000
				,"percent": 38.18
				}
			,{
				"<=msec": 4.100
				,"percent": 38.79
				}
			,{
				"<=msec": 4.200
				,"percent": 39.32
				}
			,{
				"<=msec": 4.300
				,"percent": 39.84
				}
			,{
				"<=msec": 4.400
				,"percent": 40.35
				}
			,{
				"<=msec": 4.500
				,"percent": 40.86
				}
			,{
				"<=msec": 4.600
				,"percent": 41.33
				}
			,{
				"<=msec": 4.700
				,"percent": 41.78
				}
			,{
				"<=msec": 4.800
				,"percent": 42.17
				}
			,{
				"<=msec": 4.900
				,"percent": 42.61
				}
			,{
				"<=msec": 5.000
				,"percent": 43.02
				}
			,{
				"<=msec": 5.100
				,"percent": 43.38
				}
			,{
				"<=msec": 5.200
				,"percent": 43.79
				}
			,{
				"<=msec": 5.300
				,"percent": 44.14
				}
			,{
				"<=msec": 5.400
				,"percent": 44.48
				}
			,{
				"<=msec": 5.500
				,"percent": 44.76
				}
			,{
				"<=msec": 5.600
				,"percent": 45.11
				}
			,{
				"<=msec": 5.700
				,"percent": 45.41
				}
			,{
				"<=msec": 5.800
				,"percent": 45.83
				}
			,{
				"<=msec": 5.900
				,"percent": 46.36
				}
			,{
				"<=msec": 6.000
				,"percent": 46.76
				}
			,{
				"<=msec": 6.100
				,"percent": 47.22
				}
			,{
				"<=msec": 6.200
				,"percent": 47.73
				}
			,{
				"<=msec": 6.300
				,"percent": 48.15
				}
			,{
				"<=msec": 6.400
				,"percent": 48.56
				}
			,{
				"<=msec": 6.500
				,"percent": 49.06
				}
			,{
				"<=msec": 6.600
				,"percent": 49.75
				}
			,{
				"<=msec": 6.700
				,"percent": 50.27
				}
			,{
				"<=msec": 6.800
				,"percent": 50.87
				}
			,{
				"<=msec": 6.900
				,"percent": 51.59
				}
			,{
				"<=msec": 7.000
				,"percent": 52.50
				}
			,{
				"<=msec": 7.100
				,"percent": 53.49
				}
			,{
				"<=msec": 7.200
				,"percent": 54.15
				}
			,{
				"<=msec": 7.300
				,"percent": 55.01
				}
			,{
				"<=msec": 7.400
				,"percent": 55.79
				}
			,{
				"<=msec": 7.500
				,"percent": 56.80
				}
			,{
				"<=msec": 7.600
				,"percent": 57.82
				}
			,{
				"<=msec": 7.700
				,"percent": 58.77
				}
			,{
				"<=msec": 7.800
				,"percent": 59.95
				}
			,{
				"<=msec": 7.900
				,"percent": 61.11
				}
			,{
				"<=msec": 8.000
				,"percent": 62.27
				}
			,{
				"<=msec": 8.100
				,"percent": 63.43
				}
			,{
				"<=msec": 8.200
				,"percent": 64.51
				}
			,{
				"<=msec": 8.300
				,"percent": 65.50
				}
			,{
				"<=msec": 8.400
				,"percent": 66.65
				}
			,{
				"<=msec": 8.500
				,"percent": 67.79
				}
			,{
				"<=msec": 8.600
				,"percent": 68.88
				}
			,{
				"<=msec": 8.700
				,"percent": 69.60
				}
			,{
				"<=msec": 8.800
				,"percent": 70.71
				}
			,{
				"<=msec": 8.900
				,"percent": 71.66
				}
			,{
				"<=msec": 9.000
				,"percent": 72.47
				}
			,{
				"<=msec": 9.100
				,"percent": 73.59
				}
			,{
				"<=msec": 9.200
				,"percent": 74.50
				}
			,{
				"<=msec": 9.300
				,"percent": 75.27
				}
			,{
				"<=msec": 9.400
				,"percent": 75.88
				}
			,{
				"<=msec": 9.500
				,"percent": 76.86
				}
			,{
				"<=msec": 9.600
				,"percent": 77.75
				}
			,{
				"<=msec": 9.700
				,"percent": 78.49
				}
			,{
				"<=msec": 9.800
				,"percent": 79.28
				}
			,{
				"<=msec": 9.900
				,"percent": 80.08
				}
			,{
				"<=msec": 10.000
				,"percent": 83.57
				}
			,{
				"<=msec": 11.000
				,"percent": 88.15
				}
			,{
				"<=msec": 12.000
				,"percent": 90.57
				}
			,{
				"<=msec": 13.000
				,"percent": 91.83
				}
			,{
				"<=msec": 14.000
				,"percent": 92.73
				}
			,{
				"<=msec": 15.000
				,"percent": 93.38
				}
			,{
				"<=msec": 16.000
				,"percent": 94.14
				}
			,{
				"<=msec": 17.000
				,"percent": 94.99
				}
			,{
				"<=msec": 18.000
				,"percent": 96.20
				}
			,{
				"<=msec": 19.000
				,"percent": 97.30
				}
			,{
				"<=msec": 20.000
				,"percent": 98.10
				}
			,{
				"<=msec": 21.000
				,"percent": 98.44
				}
			,{
				"<=msec": 22.000
				,"percent": 98.67
				}
			,{
				"<=msec": 23.000
				,"percent": 98.83
				}
			,{
				"<=msec": 24.000
				,"percent": 98.89
				}
			,{
				"<=msec": 25.000
				,"percent": 98.98
				}
			,{
				"<=msec": 26.000
				,"percent": 99.10
				}
			,{
				"<=msec": 27.000
				,"percent": 99.16
				}
			,{
				"<=msec": 28.000
				,"percent": 99.26
				}
			,{
				"<=msec": 29.000
				,"percent": 99.38
				}
			,{
				"<=msec": 30.000
				,"percent": 99.46
				}
			,{
				"<=msec": 31.000
				,"percent": 99.53
				}
			,{
				"<=msec": 32.000
				,"percent": 99.59
				}
			,{
				"<=msec": 33.000
				,"percent": 99.65
				}
			,{
				"<=msec": 34.000
				,"percent": 99.69
				}
			,{
				"<=msec": 35.000
				,"percent": 99.71
				}
			,{
				"<=msec": 36.000
				,"percent": 99.75
				}
			,{
				"<=msec": 37.000
				,"percent": 99.81
				}
			,{
				"<=msec": 38.000
				,"percent": 99.85
				}
			,{
				"<=msec": 39.000
				,"percent": 99.87
				}
			,{
				"<=msec": 40.000
				,"percent": 99.89
				}
			,{
				"<=msec": 41.000
				,"percent": 99.90
				}
			,{
				"<=msec": 42.000
				,"percent": 99.91
				}
			,{
				"<=msec": 43.000
				,"percent": 99.94
				}
			,{
				"<=msec": 44.000
				,"percent": 99.95
				}
			,{
				"<=msec": 46.000
				,"percent": 99.96
				}
			,{
				"<=msec": 48.000
				,"percent": 99.98
				}
			,{
				"<=msec": 49.000
				,"percent": 99.99
				}
			,{
				"<=msec": 55.000
				,"percent": 100.00
				}
			]
		,"WAIT":[
		]
		}
	}
