{
	"configuration":{
		"server": "10.0.0.8"
		,"port": 6379
		,"unix socket": "(null)"
		,"protocol": "memcache_text"
		,"out_file": "(null)"
		,"client_stats": "(null)"
		,"run_count": 1
		,"debug": 0
		,"requests": 0
		,"clients": 32
		,"threads": 1
		,"test_time": 75
		,"ratio": "1:1"
		,"pipeline": 1
		,"data_size": 1024
		,"data_offset": 0
		,"random_data": "false"
		,"data_size_range": "0:0"
		,"data_size_list": ""
		,"data_size_pattern": "R"
		,"expiry_range": "9999:10000"
		,"data_import": "(null)"
		,"data_verify": "false"
		,"verify_only": "false"
		,"generate_keys": "false"
		,"key_prefix": "memtier-"
		,"key_minimum":           0
		,"key_maximum":       10000
		,"key_pattern": "R:R"
		,"key_stddev": 0.000000
		,"key_median": 0.000000
		,"reconnect_interval": 0
		,"multi_key_get": 0
		,"authenticate": ""
		,"select-db": 0
		,"no-expiry": "false"
		,"wait-ratio": "0:0"
		,"num-slaves": "0:0"
		,"wait-timeout": "0-0"
		}
	,"run information":{
		"Threads": 1
		,"Connections per thread": 32
		,"Seconds": 75
		}
	,"ALL STATS":{
		"Sets":{
			"Ops/sec": 451.44
			,"Hits/sec": 0.00
			,"Misses/sec": 0.00
			,"Latency": 37.07
			,"KB/sec": 469.24
			}
		,"Gets":{
			"Ops/sec": 451.18
			,"Hits/sec": 451.18
			,"Misses/sec": 0.00
			,"Latency": 33.82
			,"KB/sec": 474.01
			}
		,"Waits":{
			"Ops/sec": 0.00
			,"Hits/sec": 0.00
			,"Misses/sec": 0.00
			,"Latency": 0.00
			,"KB/sec": 0.00
			}
		,"Totals":{
			"Ops/sec": 902.62
			,"Hits/sec": 451.18
			,"Misses/sec": 0.00
			,"Latency": 35.44
			,"KB/sec": 943.25
			}
		,"SET":[
			{
				"<=msec": 4.100
				,"percent": 0.01
				}
			,{
				"<=msec": 4.200
				,"percent": 0.02
				}
			,{
				"<=msec": 4.300
				,"percent": 0.02
				}
			,{
				"<=msec": 4.400
				,"percent": 0.04
				}
			,{
				"<=msec": 4.500
				,"percent": 0.04
				}
			,{
				"<=msec": 4.600
				,"percent": 0.06
				}
			,{
				"<=msec": 4.700
				,"percent": 0.07
				}
			,{
				"<=msec": 4.800
				,"percent": 0.08
				}
			,{
				"<=msec": 4.900
				,"percent": 0.09
				}
			,{
				"<=msec": 5.000
				,"percent": 0.10
				}
			,{
				"<=msec": 5.100
				,"percent": 0.12
				}
			,{
				"<=msec": 5.200
				,"percent": 0.14
				}
			,{
				"<=msec": 5.300
				,"percent": 0.15
				}
			,{
				"<=msec": 5.400
				,"percent": 0.16
				}
			,{
				"<=msec": 5.500
				,"percent": 0.17
				}
			,{
				"<=msec": 5.600
				,"percent": 0.18
				}
			,{
				"<=msec": 5.700
				,"percent": 0.20
				}
			,{
				"<=msec": 5.800
				,"percent": 0.22
				}
			,{
				"<=msec": 5.900
				,"percent": 0.23
				}
			,{
				"<=msec": 6.000
				,"percent": 0.24
				}
			,{
				"<=msec": 6.100
				,"percent": 0.24
				}
			,{
				"<=msec": 6.200
				,"percent": 0.26
				}
			,{
				"<=msec": 6.300
				,"percent": 0.27
				}
			,{
				"<=msec": 6.400
				,"percent": 0.29
				}
			,{
				"<=msec": 6.500
				,"percent": 0.30
				}
			,{
				"<=msec": 6.600
				,"percent": 0.33
				}
			,{
				"<=msec": 6.700
				,"percent": 0.35
				}
			,{
				"<=msec": 6.800
				,"percent": 0.38
				}
			,{
				"<=msec": 6.900
				,"percent": 0.40
				}
			,{
				"<=msec": 7.000
				,"percent": 0.41
				}
			,{
				"<=msec": 7.100
				,"percent": 0.43
				}
			,{
				"<=msec": 7.200
				,"percent": 0.46
				}
			,{
				"<=msec": 7.300
				,"percent": 0.49
				}
			,{
				"<=msec": 7.400
				,"percent": 0.53
				}
			,{
				"<=msec": 7.500
				,"percent": 0.56
				}
			,{
				"<=msec": 7.600
				,"percent": 0.59
				}
			,{
				"<=msec": 7.700
				,"percent": 0.63
				}
			,{
				"<=msec": 7.800
				,"percent": 0.67
				}
			,{
				"<=msec": 7.900
				,"percent": 0.73
				}
			,{
				"<=msec": 8.000
				,"percent": 0.79
				}
			,{
				"<=msec": 8.100
				,"percent": 0.86
				}
			,{
				"<=msec": 8.200
				,"percent": 0.92
				}
			,{
				"<=msec": 8.300
				,"percent": 1.00
				}
			,{
				"<=msec": 8.400
				,"percent": 1.06
				}
			,{
				"<=msec": 8.500
				,"percent": 1.14
				}
			,{
				"<=msec": 8.600
				,"percent": 1.23
				}
			,{
				"<=msec": 8.700
				,"percent": 1.30
				}
			,{
				"<=msec": 8.800
				,"percent": 1.42
				}
			,{
				"<=msec": 8.900
				,"percent": 1.51
				}
			,{
				"<=msec": 9.000
				,"percent": 1.62
				}
			,{
				"<=msec": 9.100
				,"percent": 1.74
				}
			,{
				"<=msec": 9.200
				,"percent": 1.88
				}
			,{
				"<=msec": 9.300
				,"percent": 2.04
				}
			,{
				"<=msec": 9.400
				,"percent": 2.17
				}
			,{
				"<=msec": 9.500
				,"percent": 2.34
				}
			,{
				"<=msec": 9.600
				,"percent": 2.49
				}
			,{
				"<=msec": 9.700
				,"percent": 2.64
				}
			,{
				"<=msec": 9.800
				,"percent": 2.80
				}
			,{
				"<=msec": 9.900
				,"percent": 3.00
				}
			,{
				"<=msec": 10.000
				,"percent": 3.99
				}
			,{
				"<=msec": 11.000
				,"percent": 5.83
				}
			,{
				"<=msec": 12.000
				,"percent": 7.14
				}
			,{
				"<=msec": 13.000
				,"percent": 7.87
				}
			,{
				"<=msec": 14.000
				,"percent": 8.48
				}
			,{
				"<=msec": 15.000
				,"percent": 9.14
				}
			,{
				"<=msec": 16.000
				,"percent": 9.74
				}
			,{
				"<=msec": 17.000
				,"percent": 10.26
				}
			,{
				"<=msec": 18.000
				,"percent": 10.84
				}
			,{
				"<=msec": 19.000
				,"percent": 11.36
				}
			,{
				"<=msec": 20.000
				,"percent": 11.83
				}
			,{
				"<=msec": 21.000
				,"percent": 12.36
				}
			,{
				"<=msec": 22.000
				,"percent": 12.87
				}
			,{
				"<=msec": 23.000
				,"percent": 13.38
				}
			,{
				"<=msec": 24.000
				,"percent": 13.99
				}
			,{
				"<=msec": 25.000
				,"percent": 14.92
				}
			,{
				"<=msec": 26.000
				,"percent": 16.16
				}
			,{
				"<=msec": 27.000
				,"percent": 17.70
				}
			,{
				"<=msec": 28.000
				,"percent": 19.55
				}
			,{
				"<=msec": 29.000
				,"percent": 21.71
				}
			,{
				"<=msec": 30.000
				,"percent": 24.29
				}
			,{
				"<=msec": 31.000
				,"percent": 27.99
				}
			,{
				"<=msec": 32.000
				,"percent": 32.47
				}
			,{
				"<=msec": 33.000
				,"percent": 37.25
				}
			,{
				"<=msec": 34.000
				,"percent": 42.16
				}
			,{
				"<=msec": 35.000
				,"percent": 47.07
				}
			,{
				"<=msec": 36.000
				,"percent": 51.82
				}
			,{
				"<=msec": 37.000
				,"percent": 56.70
				}
			,{
				"<=msec": 38.000
				,"percent": 61.25
				}
			,{
				"<=msec": 39.000
				,"percent": 65.91
				}
			,{
				"<=msec": 40.000
				,"percent": 69.93
				}
			,{
				"<=msec": 41.000
				,"percent": 73.12
				}
			,{
				"<=msec": 42.000
				,"percent": 76.00
				}
			,{
				"<=msec": 43.000
				,"percent": 78.33
				}
			,{
				"<=msec": 44.000
				,"percent": 80.28
				}
			,{
				"<=msec": 45.000
				,"percent": 81.95
				}
			,{
				"<=msec": 46.000
				,"percent": 83.41
				}
			,{
				"<=msec": 47.000
				,"percent": 84.68
				}
			,{
				"<=msec": 48.000
				,"percent": 85.97
				}
			,{
				"<=msec": 49.000
				,"percent": 87.14
				}
			,{
				"<=msec": 50.000
				,"percent": 88.25
				}
			,{
				"<=msec": 51.000
				,"percent": 89.41
				}
			,{
				"<=msec": 52.000
				,"percent": 90.45
				}
			,{
				"<=msec": 53.000
				,"percent": 91.34
				}
			,{
				"<=msec": 54.000
				,"percent": 92.11
				}
			,{
				"<=msec": 55.000
				,"percent": 92.84
				}
			,{
				"<=msec": 56.000
				,"percent": 93.47
				}
			,{
				"<=msec": 57.000
				,"percent": 94.07
				}
			,{
				"<=msec": 58.000
				,"percent": 94.63
				}
			,{
				"<=msec": 59.000
				,"percent": 95.17
				}
			,{
				"<=msec": 60.000
				,"percent": 95.61
				}
			,{
				"<=msec": 61.000
				,"percent": 96.11
				}
			,{
				"<=msec": 62.000
				,"percent": 96.43
				}
			,{
				"<=msec": 63.000
				,"percent": 96.80
				}
			,{
				"<=msec": 64.000
				,"percent": 97.13
				}
			,{
				"<=msec": 65.000
				,"percent": 97.39
				}
			,{
				"<=msec": 66.000
				,"percent": 97.66
				}
			,{
				"<=msec": 67.000
				,"percent": 97.83
				}
			,{
				"<=msec": 68.000
				,"percent": 97.98
				}
			,{
				"<=msec": 69.000
				,"percent": 98.15
				}
			,{
				"<=msec": 70.000
				,"percent": 98.31
				}
			,{
				"<=msec": 71.000
				,"percent": 98.41
				}
			,{
				"<=msec": 72.000
				,"percent": 98.56
				}
			,{
				"<=msec": 73.000
				,"percent": 98.62
				}
			,{
				"<=msec": 74.000
				,"percent": 98.69
				}
			,{
				"<=msec": 75.000
				,"percent": 98.77
				}
			,{
				"<=msec": 76.000
				,"percent": 98.82
				}
			,{
				"<=msec": 77.000
				,"percent": 98.87
				}
			,{
				"<=msec": 78.000
				,"percent": 98.91
				}
			,{
				"<=msec": 79.000
				,"percent": 98.95
				}
			,{
				"<=msec": 80.000
				,"percent": 98.99
				}
			,{
				"<=msec": 81.000
				,"percent": 99.03
				}
			,{
				"<=msec": 82.000
				,"percent": 99.08
				}
			,{
				"<=msec": 83.000
				,"percent": 99.11
				}
			,{
				"<=msec": 84.000
				,"percent": 99.14
				}
			,{
				"<=msec": 85.000
				,"percent": 99.18
				}
			,{
				"<=msec": 86.000
				,"percent": 99.22
				}
			,{
				"<=msec": 87.000
				,"percent": 99.26
				}
			,{
				"<=msec": 88.000
				,"percent": 99.27
				}
			,{
				"<=msec": 89.000
				,"percent": 99.29
				}
			,{
				"<=msec": 90.000
				,"percent": 99.32
				}
			,{
				"<=msec": 91.000
				,"percent": 99.33
				}
			,{
				"<=msec": 92.000
				,"percent": 99.36
				}
			,{
				"<=msec": 93.000
				,"percent": 99.38
				}
			,{
				"<=msec": 94.000
				,"percent": 99.40
				}
			,{
				"<=msec": 95.000
				,"percent": 99.42
				}
			,{
				"<=msec": 96.000
				,"percent": 99.43
				}
			,{
				"<=msec": 97.000
				,"percent": 99.44
				}
			,{
				"<=msec": 98.000
				,"percent": 99.45
				}
			,{
				"<=msec": 99.000
				,"percent": 99.46
				}
			,{
				"<=msec": 100.000
				,"percent": 99.49
				}
			,{
				"<=msec": 110.000
				,"percent": 99.50
				}
			,{
				"<=msec": 120.000
				,"percent": 99.54
				}
			,{
				"<=msec": 130.000
				,"percent": 99.56
				}
			,{
				"<=msec": 140.000
				,"percent": 99.57
				}
			,{
				"<=msec": 150.000
				,"percent": 99.58
				}
			,{
				"<=msec": 160.000
				,"percent": 99.63
				}
			,{
				"<=msec": 170.000
				,"percent": 99.69
				}
			,{
				"<=msec": 180.000
				,"percent": 99.74
				}
			,{
				"<=msec": 190.000
				,"percent": 99.77
				}
			,{
				"<=msec": 200.000
				,"percent": 99.80
				}
			,{
				"<=msec": 210.000
				,"percent": 99.82
				}
			,{
				"<=msec": 220.000
				,"percent": 99.83
				}
			,{
				"<=msec": 240.000
				,"percent": 99.84
				}
			,{
				"<=msec": 250.000
				,"percent": 99.85
				}
			,{
				"<=msec": 260.000
				,"percent": 99.85
				}
			,{
				"<=msec": 270.000
				,"percent": 99.86
				}
			,{
				"<=msec": 280.000
				,"percent": 99.86
				}
			,{
				"<=msec": 290.000
				,"percent": 99.87
				}
			,{
				"<=msec": 300.000
				,"percent": 99.87
				}
			,{
				"<=msec": 310.000
				,"percent": 99.88
				}
			,{
				"<=msec": 320.000
				,"percent": 99.90
				}
			,{
				"<=msec": 330.000
				,"percent": 99.91
				}
			,{
				"<=msec": 340.000
				,"percent": 99.92
				}
			,{
				"<=msec": 350.000
				,"percent": 99.93
				}
			,{
				"<=msec": 360.000
				,"percent": 99.93
				}
			,{
				"<=msec": 380.000
				,"percent": 99.95
				}
			,{
				"<=msec": 390.000
				,"percent": 99.98
				}
			,{
				"<=msec": 400.000
				,"percent": 100.00
				}
			]
		,"GET":[
			{
				"<=msec": 3.600
				,"percent": 0.00
				}
			,{
				"<=msec": 3.700
				,"percent": 0.01
				}
			,{
				"<=msec": 3.800
				,"percent": 0.03
				}
			,{
				"<=msec": 3.900
				,"percent": 0.04
				}
			,{
				"<=msec": 4.000
				,"percent": 0.05
				}
			,{
				"<=msec": 4.100
				,"percent": 0.06
				}
			,{
				"<=msec": 4.200
				,"percent": 0.09
				}
			,{
				"<=msec": 4.300
				,"percent": 0.11
				}
			,{
				"<=msec": 4.400
				,"percent": 0.15
				}
			,{
				"<=msec": 4.500
				,"percent": 0.17
				}
			,{
				"<=msec": 4.600
				,"percent": 0.21
				}
			,{
				"<=msec": 4.700
				,"percent": 0.24
				}
			,{
				"<=msec": 4.800
				,"percent": 0.26
				}
			,{
				"<=msec": 4.900
				,"percent": 0.29
				}
			,{
				"<=msec": 5.000
				,"percent": 0.33
				}
			,{
				"<=msec": 5.100
				,"percent": 0.37
				}
			,{
				"<=msec": 5.200
				,"percent": 0.41
				}
			,{
				"<=msec": 5.300
				,"percent": 0.46
				}
			,{
				"<=msec": 5.400
				,"percent": 0.50
				}
			,{
				"<=msec": 5.500
				,"percent": 0.56
				}
			,{
				"<=msec": 5.600
				,"percent": 0.61
				}
			,{
				"<=msec": 5.700
				,"percent": 0.65
				}
			,{
				"<=msec": 5.800
				,"percent": 0.69
				}
			,{
				"<=msec": 5.900
				,"percent": 0.72
				}
			,{
				"<=msec": 6.000
				,"percent": 0.79
				}
			,{
				"<=msec": 6.100
				,"percent": 0.85
				}
			,{
				"<=msec": 6.200
				,"percent": 0.90
				}
			,{
				"<=msec": 6.300
				,"percent": 0.95
				}
			,{
				"<=msec": 6.400
				,"percent": 1.01
				}
			,{
				"<=msec": 6.500
				,"percent": 1.06
				}
			,{
				"<=msec": 6.600
				,"percent": 1.12
				}
			,{
				"<=msec": 6.700
				,"percent": 1.22
				}
			,{
				"<=msec": 6.800
				,"percent": 1.29
				}
			,{
				"<=msec": 6.900
				,"percent": 1.36
				}
			,{
				"<=msec": 7.000
				,"percent": 1.45
				}
			,{
				"<=msec": 7.100
				,"percent": 1.54
				}
			,{
				"<=msec": 7.200
				,"percent": 1.64
				}
			,{
				"<=msec": 7.300
				,"percent": 1.74
				}
			,{
				"<=msec": 7.400
				,"percent": 1.87
				}
			,{
				"<=msec": 7.500
				,"percent": 2.00
				}
			,{
				"<=msec": 7.600
				,"percent": 2.12
				}
			,{
				"<=msec": 7.700
				,"percent": 2.23
				}
			,{
				"<=msec": 7.800
				,"percent": 2.36
				}
			,{
				"<=msec": 7.900
				,"percent": 2.55
				}
			,{
				"<=msec": 8.000
				,"percent": 2.69
				}
			,{
				"<=msec": 8.100
				,"percent": 2.85
				}
			,{
				"<=msec": 8.200
				,"percent": 3.01
				}
			,{
				"<=msec": 8.300
				,"percent": 3.17
				}
			,{
				"<=msec": 8.400
				,"percent": 3.31
				}
			,{
				"<=msec": 8.500
				,"percent": 3.44
				}
			,{
				"<=msec": 8.600
				,"percent": 3.57
				}
			,{
				"<=msec": 8.700
				,"percent": 3.72
				}
			,{
				"<=msec": 8.800
				,"percent": 3.94
				}
			,{
				"<=msec": 8.900
				,"percent": 4.12
				}
			,{
				"<=msec": 9.000
				,"percent": 4.31
				}
			,{
				"<=msec": 9.100
				,"percent": 4.51
				}
			,{
				"<=msec": 9.200
				,"percent": 4.72
				}
			,{
				"<=msec": 9.300
				,"percent": 4.92
				}
			,{
				"<=msec": 9.400
				,"percent": 5.13
				}
			,{
				"<=msec": 9.500
				,"percent": 5.32
				}
			,{
				"<=msec": 9.600
				,"percent": 5.50
				}
			,{
				"<=msec": 9.700
				,"percent": 5.68
				}
			,{
				"<=msec": 9.800
				,"percent": 5.85
				}
			,{
				"<=msec": 9.900
				,"percent": 6.02
				}
			,{
				"<=msec": 10.000
				,"percent": 6.90
				}
			,{
				"<=msec": 11.000
				,"percent": 8.10
				}
			,{
				"<=msec": 12.000
				,"percent": 8.99
				}
			,{
				"<=msec": 13.000
				,"percent": 9.71
				}
			,{
				"<=msec": 14.000
				,"percent": 10.31
				}
			,{
				"<=msec": 15.000
				,"percent": 10.87
				}
			,{
				"<=msec": 16.000
				,"percent": 11.41
				}
			,{
				"<=msec": 17.000
				,"percent": 11.86
				}
			,{
				"<=msec": 18.000
				,"percent": 12.33
				}
			,{
				"<=msec": 19.000
				,"percent": 12.90
				}
			,{
				"<=msec": 20.000
				,"percent": 13.48
				}
			,{
				"<=msec": 21.000
				,"percent": 14.06
				}
			,{
				"<=msec": 22.000
				,"percent": 14.72
				}
			,{
				"<=msec": 23.000
				,"percent": 15.53
				}
			,{
				"<=msec": 24.000
				,"percent": 16.74
				}
			,{
				"<=msec": 25.000
				,"percent": 18.74
				}
			,{
				"<=msec": 26.000
				,"percent": 21.60
				}
			,{
				"<=msec": 27.000
				,"percent": 24.69
				}
			,{
				"<=msec": 28.000
				,"percent": 27.94
				}
			,{
				"<=msec": 29.000
				,"percent": 31.56
				}
			,{
				"<=msec": 30.000
				,"percent": 35.60
				}
			,{
				"<=msec": 31.000
				,"percent": 41.38
				}
			,{
				"<=msec": 32.000
				,"percent": 47.60
				}
			,{
				"<=msec": 33.000
				,"percent": 53.97
				}
			,{
				"<=msec": 34.000
				,"percent": 59.61
				}
			,{
				"<=msec": 35.000
				,"percent": 64.51
				}
			,{
				"<=msec": 36.000
				,"percent": 68.65
				}
			,{
				"<=msec": 37.000
				,"percent": 72.10
				}
			,{
				"<=msec": 38.000
				,"percent": 75.36
				}
			,{
				"<=msec": 39.000
				,"percent": 78.42
				}
			,{
				"<=msec": 40.000
				,"percent": 80.87
				}
			,{
				"<=msec": 41.000
				,"percent": 82.75
				}
			,{
				"<=msec": 42.000
				,"percent": 84.41
				}
			,{
				"<=msec": 43.000
				,"percent": 85.76
				}
			,{
				"<=msec": 44.000
				,"percent": 87.09
				}
			,{
				"<=msec": 45.000
				,"percent": 88.28
				}
			,{
				"<=msec": 46.000
				,"percent": 89.39
				}
			,{
				"<=msec": 47.000
				,"percent": 90.33
				}
			,{
				"<=msec": 48.000
				,"percent": 91.08
				}
			,{
				"<=msec": 49.000
				,"percent": 91.88
				}
			,{
				"<=msec": 50.000
				,"percent": 92.60
				}
			,{
				"<=msec": 51.000
				,"percent": 93.27
				}
			,{
				"<=msec": 52.000
				,"percent": 93.91
				}
			,{
				"<=msec": 53.000
				,"percent": 94.52
				}
			,{
				"<=msec": 54.000
				,"percent": 95.03
				}
			,{
				"<=msec": 55.000
				,"percent": 95.48
				}
			,{
				"<=msec": 56.000
				,"percent": 95.93
				}
			,{
				"<=msec": 57.000
				,"percent": 96.28
				}
			,{
				"<=msec": 58.000
				,"percent": 96.58
				}
			,{
				"<=msec": 59.000
				,"percent": 96.88
				}
			,{
				"<=msec": 60.000
				,"percent": 97.18
				}
			,{
				"<=msec": 61.000
				,"percent": 97.49
				}
			,{
				"<=msec": 62.000
				,"percent": 97.71
				}
			,{
				"<=msec": 63.000
				,"percent": 97.95
				}
			,{
				"<=msec": 64.000
				,"percent": 98.14
				}
			,{
				"<=msec": 65.000
				,"percent": 98.25
				}
			,{
				"<=msec": 66.000
				,"percent": 98.38
				}
			,{
				"<=msec": 67.000
				,"percent": 98.42
				}
			,{
				"<=msec": 68.000
				,"percent": 98.51
				}
			,{
				"<=msec": 69.000
				,"percent": 98.61
				}
			,{
				"<=msec": 70.000
				,"percent": 98.69
				}
			,{
				"<=msec": 71.000
				,"percent": 98.75
				}
			,{
				"<=msec": 72.000
				,"percent": 98.81
				}
			,{
				"<=msec": 73.000
				,"percent": 98.86
				}
			,{
				"<=msec": 74.000
				,"percent": 98.95
				}
			,{
				"<=msec": 75.000
				,"percent": 99.00
				}
			,{
				"<=msec": 76.000
				,"percent": 99.04
				}
			,{
				"<=msec": 77.000
				,"percent": 99.07
				}
			,{
				"<=msec": 78.000
				,"percent": 99.09
				}
			,{
				"<=msec": 79.000
				,"percent": 99.11
				}
			,{
				"<=msec": 80.000
				,"percent": 99.15
				}
			,{
				"<=msec": 81.000
				,"percent": 99.17
				}
			,{
				"<=msec": 82.000
				,"percent": 99.19
				}
			,{
				"<=msec": 83.000
				,"percent": 99.21
				}
			,{
				"<=msec": 84.000
				,"percent": 99.22
				}
			,{
				"<=msec": 85.000
				,"percent": 99.24
				}
			,{
				"<=msec": 86.000
				,"percent": 99.25
				}
			,{
				"<=msec": 87.000
				,"percent": 99.28
				}
			,{
				"<=msec": 89.000
				,"percent": 99.28
				}
			,{
				"<=msec": 90.000
				,"percent": 99.30
				}
			,{
				"<=msec": 91.000
				,"percent": 99.34
				}
			,{
				"<=msec": 92.000
				,"percent": 99.36
				}
			,{
				"<=msec": 93.000
				,"percent": 99.36
				}
			,{
				"<=msec": 94.000
				,"percent": 99.38
				}
			,{
				"<=msec": 95.000
				,"percent": 99.39
				}
			,{
				"<=msec": 96.000
				,"percent": 99.40
				}
			,{
				"<=msec": 97.000
				,"percent": 99.41
				}
			,{
				"<=msec": 98.000
				,"percent": 99.41
				}
			,{
				"<=msec": 99.000
				,"percent": 99.41
				}
			,{
				"<=msec": 100.000
				,"percent": 99.43
				}
			,{
				"<=msec": 110.000
				,"percent": 99.45
				}
			,{
				"<=msec": 120.000
				,"percent": 99.47
				}
			,{
				"<=msec": 130.000
				,"percent": 99.48
				}
			,{
				"<=msec": 140.000
				,"percent": 99.49
				}
			,{
				"<=msec": 150.000
				,"percent": 99.51
				}
			,{
				"<=msec": 160.000
				,"percent": 99.56
				}
			,{
				"<=msec": 170.000
				,"percent": 99.61
				}
			,{
				"<=msec": 180.000
				,"percent": 99.67
				}
			,{
				"<=msec": 190.000
				,"percent": 99.70
				}
			,{
				"<=msec": 200.000
				,"percent": 99.75
				}
			,{
				"<=msec": 210.000
				,"percent": 99.79
				}
			,{
				"<=msec": 220.000
				,"percent": 99.80
				}
			,{
				"<=msec": 240.000
				,"percent": 99.80
				}
			,{
				"<=msec": 250.000
				,"percent": 99.80
				}
			,{
				"<=msec": 260.000
				,"percent": 99.80
				}
			,{
				"<=msec": 270.000
				,"percent": 99.82
				}
			,{
				"<=msec": 280.000
				,"percent": 99.86
				}
			,{
				"<=msec": 290.000
				,"percent": 99.86
				}
			,{
				"<=msec": 300.000
				,"percent": 99.86
				}
			,{
				"<=msec": 320.000
				,"percent": 99.87
				}
			,{
				"<=msec": 330.000
				,"percent": 99.92
				}
			,{
				"<=msec": 340.000
				,"percent": 99.94
				}
			,{
				"<=msec": 350.000
				,"percent": 99.95
				}
			,{
				"<=msec": 360.000
				,"percent": 99.96
				}
			,{
				"<=msec": 380.000
				,"percent": 99.97
				}
			,{
				"<=msec": 390.000
				,"percent": 99.99
				}
			,{
				"<=msec": 400.000
				,"percent": 100.00
				}
			]
		,"WAIT":[
		]
		}
	}
