{
	"configuration":{
		"server": "10.0.0.8"
		,"port": 6379
		,"unix socket": "(null)"
		,"protocol": "memcache_text"
		,"out_file": "(null)"
		,"client_stats": "(null)"
		,"run_count": 1
		,"debug": 0
		,"requests": 0
		,"clients": 32
		,"threads": 1
		,"test_time": 75
		,"ratio": "1:1"
		,"pipeline": 1
		,"data_size": 1024
		,"data_offset": 0
		,"random_data": "false"
		,"data_size_range": "0:0"
		,"data_size_list": ""
		,"data_size_pattern": "R"
		,"expiry_range": "9999:10000"
		,"data_import": "(null)"
		,"data_verify": "false"
		,"verify_only": "false"
		,"generate_keys": "false"
		,"key_prefix": "memtier-"
		,"key_minimum":           0
		,"key_maximum":       10000
		,"key_pattern": "R:R"
		,"key_stddev": 0.000000
		,"key_median": 0.000000
		,"reconnect_interval": 0
		,"multi_key_get": 0
		,"authenticate": ""
		,"select-db": 0
		,"no-expiry": "false"
		,"wait-ratio": "0:0"
		,"num-slaves": "0:0"
		,"wait-timeout": "0-0"
		}
	,"run information":{
		"Threads": 1
		,"Connections per thread": 32
		,"Seconds": 75
		}
	,"ALL STATS":{
		"Sets":{
			"Ops/sec": 429.75
			,"Hits/sec": 0.00
			,"Misses/sec": 0.00
			,"Latency": 39.02
			,"KB/sec": 446.70
			}
		,"Gets":{
			"Ops/sec": 429.52
			,"Hits/sec": 429.52
			,"Misses/sec": 0.00
			,"Latency": 35.44
			,"KB/sec": 451.25
			}
		,"Waits":{
			"Ops/sec": 0.00
			,"Hits/sec": 0.00
			,"Misses/sec": 0.00
			,"Latency": 0.00
			,"KB/sec": 0.00
			}
		,"Totals":{
			"Ops/sec": 859.27
			,"Hits/sec": 429.52
			,"Misses/sec": 0.00
			,"Latency": 37.23
			,"KB/sec": 897.95
			}
		,"SET":[
			{
				"<=msec": 5.800
				,"percent": 0.00
				}
			,{
				"<=msec": 6.100
				,"percent": 0.01
				}
			,{
				"<=msec": 6.200
				,"percent": 0.02
				}
			,{
				"<=msec": 6.300
				,"percent": 0.02
				}
			,{
				"<=msec": 6.400
				,"percent": 0.02
				}
			,{
				"<=msec": 6.500
				,"percent": 0.03
				}
			,{
				"<=msec": 6.700
				,"percent": 0.03
				}
			,{
				"<=msec": 6.800
				,"percent": 0.04
				}
			,{
				"<=msec": 7.000
				,"percent": 0.05
				}
			,{
				"<=msec": 7.100
				,"percent": 0.05
				}
			,{
				"<=msec": 7.900
				,"percent": 0.05
				}
			,{
				"<=msec": 8.000
				,"percent": 0.06
				}
			,{
				"<=msec": 8.100
				,"percent": 0.06
				}
			,{
				"<=msec": 8.400
				,"percent": 0.07
				}
			,{
				"<=msec": 8.500
				,"percent": 0.08
				}
			,{
				"<=msec": 8.600
				,"percent": 0.08
				}
			,{
				"<=msec": 8.700
				,"percent": 0.09
				}
			,{
				"<=msec": 8.800
				,"percent": 0.09
				}
			,{
				"<=msec": 8.900
				,"percent": 0.10
				}
			,{
				"<=msec": 9.100
				,"percent": 0.10
				}
			,{
				"<=msec": 9.300
				,"percent": 0.10
				}
			,{
				"<=msec": 9.600
				,"percent": 0.11
				}
			,{
				"<=msec": 9.800
				,"percent": 0.12
				}
			,{
				"<=msec": 10.000
				,"percent": 0.14
				}
			,{
				"<=msec": 11.000
				,"percent": 0.20
				}
			,{
				"<=msec": 12.000
				,"percent": 0.29
				}
			,{
				"<=msec": 13.000
				,"percent": 0.48
				}
			,{
				"<=msec": 14.000
				,"percent": 0.73
				}
			,{
				"<=msec": 15.000
				,"percent": 1.02
				}
			,{
				"<=msec": 16.000
				,"percent": 1.29
				}
			,{
				"<=msec": 17.000
				,"percent": 1.62
				}
			,{
				"<=msec": 18.000
				,"percent": 1.94
				}
			,{
				"<=msec": 19.000
				,"percent": 2.41
				}
			,{
				"<=msec": 20.000
				,"percent": 3.08
				}
			,{
				"<=msec": 21.000
				,"percent": 3.77
				}
			,{
				"<=msec": 22.000
				,"percent": 4.52
				}
			,{
				"<=msec": 23.000
				,"percent": 5.29
				}
			,{
				"<=msec": 24.000
				,"percent": 6.30
				}
			,{
				"<=msec": 25.000
				,"percent": 7.63
				}
			,{
				"<=msec": 26.000
				,"percent": 9.49
				}
			,{
				"<=msec": 27.000
				,"percent": 11.42
				}
			,{
				"<=msec": 28.000
				,"percent": 13.69
				}
			,{
				"<=msec": 29.000
				,"percent": 16.44
				}
			,{
				"<=msec": 30.000
				,"percent": 19.82
				}
			,{
				"<=msec": 31.000
				,"percent": 24.47
				}
			,{
				"<=msec": 32.000
				,"percent": 29.66
				}
			,{
				"<=msec": 33.000
				,"percent": 35.10
				}
			,{
				"<=msec": 34.000
				,"percent": 40.35
				}
			,{
				"<=msec": 35.000
				,"percent": 45.34
				}
			,{
				"<=msec": 36.000
				,"percent": 50.42
				}
			,{
				"<=msec": 37.000
				,"percent": 55.38
				}
			,{
				"<=msec": 38.000
				,"percent": 60.34
				}
			,{
				"<=msec": 39.000
				,"percent": 65.00
				}
			,{
				"<=msec": 40.000
				,"percent": 68.96
				}
			,{
				"<=msec": 41.000
				,"percent": 72.10
				}
			,{
				"<=msec": 42.000
				,"percent": 75.05
				}
			,{
				"<=msec": 43.000
				,"percent": 77.28
				}
			,{
				"<=msec": 44.000
				,"percent": 79.28
				}
			,{
				"<=msec": 45.000
				,"percent": 81.19
				}
			,{
				"<=msec": 46.000
				,"percent": 82.81
				}
			,{
				"<=msec": 47.000
				,"percent": 84.20
				}
			,{
				"<=msec": 48.000
				,"percent": 85.50
				}
			,{
				"<=msec": 49.000
				,"percent": 86.68
				}
			,{
				"<=msec": 50.000
				,"percent": 87.83
				}
			,{
				"<=msec": 51.000
				,"percent": 88.95
				}
			,{
				"<=msec": 52.000
				,"percent": 89.95
				}
			,{
				"<=msec": 53.000
				,"percent": 90.82
				}
			,{
				"<=msec": 54.000
				,"percent": 91.78
				}
			,{
				"<=msec": 55.000
				,"percent": 92.53
				}
			,{
				"<=msec": 56.000
				,"percent": 93.21
				}
			,{
				"<=msec": 57.000
				,"percent": 93.77
				}
			,{
				"<=msec": 58.000
				,"percent": 94.42
				}
			,{
				"<=msec": 59.000
				,"percent": 94.96
				}
			,{
				"<=msec": 60.000
				,"percent": 95.51
				}
			,{
				"<=msec": 61.000
				,"percent": 95.98
				}
			,{
				"<=msec": 62.000
				,"percent": 96.40
				}
			,{
				"<=msec": 63.000
				,"percent": 96.81
				}
			,{
				"<=msec": 64.000
				,"percent": 97.11
				}
			,{
				"<=msec": 65.000
				,"percent": 97.35
				}
			,{
				"<=msec": 66.000
				,"percent": 97.53
				}
			,{
				"<=msec": 67.000
				,"percent": 97.71
				}
			,{
				"<=msec": 68.000
				,"percent": 97.90
				}
			,{
				"<=msec": 69.000
				,"percent": 98.07
				}
			,{
				"<=msec": 70.000
				,"percent": 98.20
				}
			,{
				"<=msec": 71.000
				,"percent": 98.34
				}
			,{
				"<=msec": 72.000
				,"percent": 98.42
				}
			,{
				"<=msec": 73.000
				,"percent": 98.53
				}
			,{
				"<=msec": 74.000
				,"percent": 98.60
				}
			,{
				"<=msec": 75.000
				,"percent": 98.67
				}
			,{
				"<=msec": 76.000
				,"percent": 98.70
				}
			,{
				"<=msec": 77.000
				,"percent": 98.77
				}
			,{
				"<=msec": 78.000
				,"percent": 98.84
				}
			,{
				"<=msec": 79.000
				,"percent": 98.89
				}
			,{
				"<=msec": 80.000
				,"percent": 98.91
				}
			,{
				"<=msec": 81.000
				,"percent": 98.94
				}
			,{
				"<=msec": 82.000
				,"percent": 98.99
				}
			,{
				"<=msec": 83.000
				,"percent": 99.02
				}
			,{
				"<=msec": 84.000
				,"percent": 99.05
				}
			,{
				"<=msec": 85.000
				,"percent": 99.07
				}
			,{
				"<=msec": 86.000
				,"percent": 99.09
				}
			,{
				"<=msec": 87.000
				,"percent": 99.12
				}
			,{
				"<=msec": 88.000
				,"percent": 99.14
				}
			,{
				"<=msec": 89.000
				,"percent": 99.17
				}
			,{
				"<=msec": 90.000
				,"percent": 99.20
				}
			,{
				"<=msec": 91.000
				,"percent": 99.22
				}
			,{
				"<=msec": 92.000
				,"percent": 99.25
				}
			,{
				"<=msec": 93.000
				,"percent": 99.26
				}
			,{
				"<=msec": 94.000
				,"percent": 99.27
				}
			,{
				"<=msec": 95.000
				,"percent": 99.30
				}
			,{
				"<=msec": 96.000
				,"percent": 99.31
				}
			,{
				"<=msec": 97.000
				,"percent": 99.32
				}
			,{
				"<=msec": 98.000
				,"percent": 99.33
				}
			,{
				"<=msec": 99.000
				,"percent": 99.35
				}
			,{
				"<=msec": 100.000
				,"percent": 99.36
				}
			,{
				"<=msec": 110.000
				,"percent": 99.42
				}
			,{
				"<=msec": 120.000
				,"percent": 99.47
				}
			,{
				"<=msec": 130.000
				,"percent": 99.48
				}
			,{
				"<=msec": 140.000
				,"percent": 99.49
				}
			,{
				"<=msec": 150.000
				,"percent": 99.51
				}
			,{
				"<=msec": 160.000
				,"percent": 99.58
				}
			,{
				"<=msec": 170.000
				,"percent": 99.62
				}
			,{
				"<=msec": 180.000
				,"percent": 99.69
				}
			,{
				"<=msec": 190.000
				,"percent": 99.73
				}
			,{
				"<=msec": 200.000
				,"percent": 99.76
				}
			,{
				"<=msec": 210.000
				,"percent": 99.81
				}
			,{
				"<=msec": 220.000
				,"percent": 99.82
				}
			,{
				"<=msec": 230.000
				,"percent": 99.82
				}
			,{
				"<=msec": 240.000
				,"percent": 99.83
				}
			,{
				"<=msec": 250.000
				,"percent": 99.84
				}
			,{
				"<=msec": 260.000
				,"percent": 99.84
				}
			,{
				"<=msec": 270.000
				,"percent": 99.85
				}
			,{
				"<=msec": 280.000
				,"percent": 99.87
				}
			,{
				"<=msec": 290.000
				,"percent": 99.88
				}
			,{
				"<=msec": 300.000
				,"percent": 99.88
				}
			,{
				"<=msec": 310.000
				,"percent": 99.89
				}
			,{
				"<=msec": 320.000
				,"percent": 99.89
				}
			,{
				"<=msec": 330.000
				,"percent": 99.90
				}
			,{
				"<=msec": 340.000
				,"percent": 99.93
				}
			,{
				"<=msec": 350.000
				,"percent": 99.94
				}
			,{
				"<=msec": 360.000
				,"percent": 99.95
				}
			,{
				"<=msec": 370.000
				,"percent": 99.95
				}
			,{
				"<=msec": 380.000
				,"percent": 99.96
				}
			,{
				"<=msec": 390.000
				,"percent": 99.99
				}
			,{
				"<=msec": 400.000
				,"percent": 99.99
				}
			,{
				"<=msec": 410.000
				,"percent": 100.00
				}
			]
		,"GET":[
			{
				"<=msec": 4.200
				,"percent": 0.00
				}
			,{
				"<=msec": 4.500
				,"percent": 0.01
				}
			,{
				"<=msec": 5.200
				,"percent": 0.02
				}
			,{
				"<=msec": 5.400
				,"percent": 0.02
				}
			,{
				"<=msec": 5.500
				,"percent": 0.03
				}
			,{
				"<=msec": 5.600
				,"percent": 0.04
				}
			,{
				"<=msec": 5.800
				,"percent": 0.04
				}
			,{
				"<=msec": 5.900
				,"percent": 0.04
				}
			,{
				"<=msec": 6.100
				,"percent": 0.05
				}
			,{
				"<=msec": 6.200
				,"percent": 0.05
				}
			,{
				"<=msec": 6.300
				,"percent": 0.06
				}
			,{
				"<=msec": 6.400
				,"percent": 0.07
				}
			,{
				"<=msec": 6.500
				,"percent": 0.07
				}
			,{
				"<=msec": 6.600
				,"percent": 0.07
				}
			,{
				"<=msec": 6.700
				,"percent": 0.08
				}
			,{
				"<=msec": 6.900
				,"percent": 0.09
				}
			,{
				"<=msec": 7.000
				,"percent": 0.09
				}
			,{
				"<=msec": 7.200
				,"percent": 0.09
				}
			,{
				"<=msec": 7.500
				,"percent": 0.10
				}
			,{
				"<=msec": 7.600
				,"percent": 0.10
				}
			,{
				"<=msec": 7.700
				,"percent": 0.11
				}
			,{
				"<=msec": 7.800
				,"percent": 0.11
				}
			,{
				"<=msec": 8.000
				,"percent": 0.12
				}
			,{
				"<=msec": 8.300
				,"percent": 0.13
				}
			,{
				"<=msec": 8.400
				,"percent": 0.14
				}
			,{
				"<=msec": 8.500
				,"percent": 0.15
				}
			,{
				"<=msec": 8.600
				,"percent": 0.15
				}
			,{
				"<=msec": 8.700
				,"percent": 0.16
				}
			,{
				"<=msec": 8.800
				,"percent": 0.17
				}
			,{
				"<=msec": 8.900
				,"percent": 0.17
				}
			,{
				"<=msec": 9.000
				,"percent": 0.18
				}
			,{
				"<=msec": 9.100
				,"percent": 0.19
				}
			,{
				"<=msec": 9.300
				,"percent": 0.20
				}
			,{
				"<=msec": 9.400
				,"percent": 0.20
				}
			,{
				"<=msec": 9.500
				,"percent": 0.21
				}
			,{
				"<=msec": 9.600
				,"percent": 0.22
				}
			,{
				"<=msec": 9.700
				,"percent": 0.23
				}
			,{
				"<=msec": 9.800
				,"percent": 0.23
				}
			,{
				"<=msec": 9.900
				,"percent": 0.24
				}
			,{
				"<=msec": 10.000
				,"percent": 0.30
				}
			,{
				"<=msec": 11.000
				,"percent": 0.46
				}
			,{
				"<=msec": 12.000
				,"percent": 0.77
				}
			,{
				"<=msec": 13.000
				,"percent": 1.15
				}
			,{
				"<=msec": 14.000
				,"percent": 1.62
				}
			,{
				"<=msec": 15.000
				,"percent": 2.05
				}
			,{
				"<=msec": 16.000
				,"percent": 2.54
				}
			,{
				"<=msec": 17.000
				,"percent": 3.02
				}
			,{
				"<=msec": 18.000
				,"percent": 3.57
				}
			,{
				"<=msec": 19.000
				,"percent": 4.26
				}
			,{
				"<=msec": 20.000
				,"percent": 5.10
				}
			,{
				"<=msec": 21.000
				,"percent": 5.99
				}
			,{
				"<=msec": 22.000
				,"percent": 6.97
				}
			,{
				"<=msec": 23.000
				,"percent": 8.26
				}
			,{
				"<=msec": 24.000
				,"percent": 10.15
				}
			,{
				"<=msec": 25.000
				,"percent": 13.17
				}
			,{
				"<=msec": 26.000
				,"percent": 16.78
				}
			,{
				"<=msec": 27.000
				,"percent": 20.61
				}
			,{
				"<=msec": 28.000
				,"percent": 24.58
				}
			,{
				"<=msec": 29.000
				,"percent": 28.83
				}
			,{
				"<=msec": 30.000
				,"percent": 33.84
				}
			,{
				"<=msec": 31.000
				,"percent": 40.36
				}
			,{
				"<=msec": 32.000
				,"percent": 47.26
				}
			,{
				"<=msec": 33.000
				,"percent": 54.01
				}
			,{
				"<=msec": 34.000
				,"percent": 59.79
				}
			,{
				"<=msec": 35.000
				,"percent": 64.47
				}
			,{
				"<=msec": 36.000
				,"percent": 68.40
				}
			,{
				"<=msec": 37.000
				,"percent": 71.90
				}
			,{
				"<=msec": 38.000
				,"percent": 75.16
				}
			,{
				"<=msec": 39.000
				,"percent": 77.92
				}
			,{
				"<=msec": 40.000
				,"percent": 80.49
				}
			,{
				"<=msec": 41.000
				,"percent": 82.60
				}
			,{
				"<=msec": 42.000
				,"percent": 84.18
				}
			,{
				"<=msec": 43.000
				,"percent": 85.63
				}
			,{
				"<=msec": 44.000
				,"percent": 86.98
				}
			,{
				"<=msec": 45.000
				,"percent": 88.19
				}
			,{
				"<=msec": 46.000
				,"percent": 89.23
				}
			,{
				"<=msec": 47.000
				,"percent": 90.17
				}
			,{
				"<=msec": 48.000
				,"percent": 90.96
				}
			,{
				"<=msec": 49.000
				,"percent": 91.73
				}
			,{
				"<=msec": 50.000
				,"percent": 92.50
				}
			,{
				"<=msec": 51.000
				,"percent": 93.17
				}
			,{
				"<=msec": 52.000
				,"percent": 93.82
				}
			,{
				"<=msec": 53.000
				,"percent": 94.42
				}
			,{
				"<=msec": 54.000
				,"percent": 94.93
				}
			,{
				"<=msec": 55.000
				,"percent": 95.43
				}
			,{
				"<=msec": 56.000
				,"percent": 95.84
				}
			,{
				"<=msec": 57.000
				,"percent": 96.28
				}
			,{
				"<=msec": 58.000
				,"percent": 96.65
				}
			,{
				"<=msec": 59.000
				,"percent": 97.00
				}
			,{
				"<=msec": 60.000
				,"percent": 97.27
				}
			,{
				"<=msec": 61.000
				,"percent": 97.51
				}
			,{
				"<=msec": 62.000
				,"percent": 97.72
				}
			,{
				"<=msec": 63.000
				,"percent": 97.91
				}
			,{
				"<=msec": 64.000
				,"percent": 98.05
				}
			,{
				"<=msec": 65.000
				,"percent": 98.18
				}
			,{
				"<=msec": 66.000
				,"percent": 98.29
				}
			,{
				"<=msec": 67.000
				,"percent": 98.37
				}
			,{
				"<=msec": 68.000
				,"percent": 98.49
				}
			,{
				"<=msec": 69.000
				,"percent": 98.58
				}
			,{
				"<=msec": 70.000
				,"percent": 98.64
				}
			,{
				"<=msec": 71.000
				,"percent": 98.72
				}
			,{
				"<=msec": 72.000
				,"percent": 98.79
				}
			,{
				"<=msec": 73.000
				,"percent": 98.86
				}
			,{
				"<=msec": 74.000
				,"percent": 98.92
				}
			,{
				"<=msec": 75.000
				,"percent": 98.98
				}
			,{
				"<=msec": 76.000
				,"percent": 99.00
				}
			,{
				"<=msec": 77.000
				,"percent": 99.03
				}
			,{
				"<=msec": 78.000
				,"percent": 99.06
				}
			,{
				"<=msec": 79.000
				,"percent": 99.09
				}
			,{
				"<=msec": 80.000
				,"percent": 99.11
				}
			,{
				"<=msec": 81.000
				,"percent": 99.14
				}
			,{
				"<=msec": 82.000
				,"percent": 99.17
				}
			,{
				"<=msec": 83.000
				,"percent": 99.18
				}
			,{
				"<=msec": 84.000
				,"percent": 99.19
				}
			,{
				"<=msec": 86.000
				,"percent": 99.20
				}
			,{
				"<=msec": 87.000
				,"percent": 99.22
				}
			,{
				"<=msec": 88.000
				,"percent": 99.23
				}
			,{
				"<=msec": 89.000
				,"percent": 99.25
				}
			,{
				"<=msec": 90.000
				,"percent": 99.28
				}
			,{
				"<=msec": 91.000
				,"percent": 99.29
				}
			,{
				"<=msec": 92.000
				,"percent": 99.31
				}
			,{
				"<=msec": 93.000
				,"percent": 99.32
				}
			,{
				"<=msec": 94.000
				,"percent": 99.33
				}
			,{
				"<=msec": 95.000
				,"percent": 99.34
				}
			,{
				"<=msec": 96.000
				,"percent": 99.34
				}
			,{
				"<=msec": 97.000
				,"percent": 99.35
				}
			,{
				"<=msec": 98.000
				,"percent": 99.36
				}
			,{
				"<=msec": 100.000
				,"percent": 99.36
				}
			,{
				"<=msec": 110.000
				,"percent": 99.43
				}
			,{
				"<=msec": 120.000
				,"percent": 99.48
				}
			,{
				"<=msec": 130.000
				,"percent": 99.51
				}
			,{
				"<=msec": 140.000
				,"percent": 99.52
				}
			,{
				"<=msec": 150.000
				,"percent": 99.53
				}
			,{
				"<=msec": 160.000
				,"percent": 99.59
				}
			,{
				"<=msec": 170.000
				,"percent": 99.65
				}
			,{
				"<=msec": 180.000
				,"percent": 99.70
				}
			,{
				"<=msec": 190.000
				,"percent": 99.72
				}
			,{
				"<=msec": 200.000
				,"percent": 99.75
				}
			,{
				"<=msec": 210.000
				,"percent": 99.79
				}
			,{
				"<=msec": 220.000
				,"percent": 99.80
				}
			,{
				"<=msec": 240.000
				,"percent": 99.80
				}
			,{
				"<=msec": 270.000
				,"percent": 99.81
				}
			,{
				"<=msec": 280.000
				,"percent": 99.84
				}
			,{
				"<=msec": 300.000
				,"percent": 99.85
				}
			,{
				"<=msec": 310.000
				,"percent": 99.85
				}
			,{
				"<=msec": 320.000
				,"percent": 99.86
				}
			,{
				"<=msec": 330.000
				,"percent": 99.90
				}
			,{
				"<=msec": 340.000
				,"percent": 99.92
				}
			,{
				"<=msec": 350.000
				,"percent": 99.94
				}
			,{
				"<=msec": 360.000
				,"percent": 99.96
				}
			,{
				"<=msec": 380.000
				,"percent": 99.97
				}
			,{
				"<=msec": 390.000
				,"percent": 99.98
				}
			,{
				"<=msec": 400.000
				,"percent": 100.00
				}
			]
		,"WAIT":[
		]
		}
	}
