{
	"configuration":{
		"server": "10.0.0.8"
		,"port": 6379
		,"unix socket": "(null)"
		,"protocol": "memcache_text"
		,"out_file": "(null)"
		,"client_stats": "(null)"
		,"run_count": 1
		,"debug": 0
		,"requests": 0
		,"clients": 32
		,"threads": 1
		,"test_time": 75
		,"ratio": "1:1"
		,"pipeline": 1
		,"data_size": 1024
		,"data_offset": 0
		,"random_data": "false"
		,"data_size_range": "0:0"
		,"data_size_list": ""
		,"data_size_pattern": "R"
		,"expiry_range": "9999:10000"
		,"data_import": "(null)"
		,"data_verify": "false"
		,"verify_only": "false"
		,"generate_keys": "false"
		,"key_prefix": "memtier-"
		,"key_minimum":           0
		,"key_maximum":       10000
		,"key_pattern": "R:R"
		,"key_stddev": 0.000000
		,"key_median": 0.000000
		,"reconnect_interval": 0
		,"multi_key_get": 0
		,"authenticate": ""
		,"select-db": 0
		,"no-expiry": "false"
		,"wait-ratio": "0:0"
		,"num-slaves": "0:0"
		,"wait-timeout": "0-0"
		}
	,"run information":{
		"Threads": 1
		,"Connections per thread": 32
		,"Seconds": 75
		}
	,"ALL STATS":{
		"Sets":{
			"Ops/sec": 422.06
			,"Hits/sec": 0.00
			,"Misses/sec": 0.00
			,"Latency": 39.53
			,"KB/sec": 438.71
			}
		,"Gets":{
			"Ops/sec": 421.84
			,"Hits/sec": 421.84
			,"Misses/sec": 0.00
			,"Latency": 36.28
			,"KB/sec": 443.18
			}
		,"Waits":{
			"Ops/sec": 0.00
			,"Hits/sec": 0.00
			,"Misses/sec": 0.00
			,"Latency": 0.00
			,"KB/sec": 0.00
			}
		,"Totals":{
			"Ops/sec": 843.90
			,"Hits/sec": 421.84
			,"Misses/sec": 0.00
			,"Latency": 37.91
			,"KB/sec": 881.89
			}
		,"SET":[
			{
				"<=msec": 4.500
				,"percent": 0.00
				}
			,{
				"<=msec": 4.600
				,"percent": 0.01
				}
			,{
				"<=msec": 4.700
				,"percent": 0.02
				}
			,{
				"<=msec": 5.000
				,"percent": 0.03
				}
			,{
				"<=msec": 5.100
				,"percent": 0.04
				}
			,{
				"<=msec": 5.200
				,"percent": 0.05
				}
			,{
				"<=msec": 5.300
				,"percent": 0.06
				}
			,{
				"<=msec": 5.400
				,"percent": 0.06
				}
			,{
				"<=msec": 5.500
				,"percent": 0.07
				}
			,{
				"<=msec": 5.600
				,"percent": 0.07
				}
			,{
				"<=msec": 5.800
				,"percent": 0.08
				}
			,{
				"<=msec": 5.900
				,"percent": 0.08
				}
			,{
				"<=msec": 6.200
				,"percent": 0.09
				}
			,{
				"<=msec": 6.300
				,"percent": 0.09
				}
			,{
				"<=msec": 6.400
				,"percent": 0.09
				}
			,{
				"<=msec": 6.500
				,"percent": 0.11
				}
			,{
				"<=msec": 6.600
				,"percent": 0.12
				}
			,{
				"<=msec": 6.700
				,"percent": 0.13
				}
			,{
				"<=msec": 6.800
				,"percent": 0.14
				}
			,{
				"<=msec": 6.900
				,"percent": 0.14
				}
			,{
				"<=msec": 7.000
				,"percent": 0.14
				}
			,{
				"<=msec": 7.100
				,"percent": 0.15
				}
			,{
				"<=msec": 7.200
				,"percent": 0.15
				}
			,{
				"<=msec": 7.300
				,"percent": 0.15
				}
			,{
				"<=msec": 7.400
				,"percent": 0.16
				}
			,{
				"<=msec": 7.600
				,"percent": 0.17
				}
			,{
				"<=msec": 7.700
				,"percent": 0.17
				}
			,{
				"<=msec": 7.800
				,"percent": 0.18
				}
			,{
				"<=msec": 7.900
				,"percent": 0.19
				}
			,{
				"<=msec": 8.000
				,"percent": 0.20
				}
			,{
				"<=msec": 8.100
				,"percent": 0.21
				}
			,{
				"<=msec": 8.200
				,"percent": 0.21
				}
			,{
				"<=msec": 8.300
				,"percent": 0.23
				}
			,{
				"<=msec": 8.500
				,"percent": 0.24
				}
			,{
				"<=msec": 8.600
				,"percent": 0.25
				}
			,{
				"<=msec": 8.700
				,"percent": 0.26
				}
			,{
				"<=msec": 8.800
				,"percent": 0.27
				}
			,{
				"<=msec": 8.900
				,"percent": 0.28
				}
			,{
				"<=msec": 9.000
				,"percent": 0.29
				}
			,{
				"<=msec": 9.100
				,"percent": 0.30
				}
			,{
				"<=msec": 9.200
				,"percent": 0.31
				}
			,{
				"<=msec": 9.300
				,"percent": 0.33
				}
			,{
				"<=msec": 9.400
				,"percent": 0.36
				}
			,{
				"<=msec": 9.500
				,"percent": 0.38
				}
			,{
				"<=msec": 9.600
				,"percent": 0.40
				}
			,{
				"<=msec": 9.700
				,"percent": 0.42
				}
			,{
				"<=msec": 9.800
				,"percent": 0.44
				}
			,{
				"<=msec": 9.900
				,"percent": 0.46
				}
			,{
				"<=msec": 10.000
				,"percent": 0.59
				}
			,{
				"<=msec": 11.000
				,"percent": 0.99
				}
			,{
				"<=msec": 12.000
				,"percent": 1.47
				}
			,{
				"<=msec": 13.000
				,"percent": 2.13
				}
			,{
				"<=msec": 14.000
				,"percent": 2.70
				}
			,{
				"<=msec": 15.000
				,"percent": 3.25
				}
			,{
				"<=msec": 16.000
				,"percent": 3.71
				}
			,{
				"<=msec": 17.000
				,"percent": 4.25
				}
			,{
				"<=msec": 18.000
				,"percent": 4.71
				}
			,{
				"<=msec": 19.000
				,"percent": 5.26
				}
			,{
				"<=msec": 20.000
				,"percent": 5.81
				}
			,{
				"<=msec": 21.000
				,"percent": 6.41
				}
			,{
				"<=msec": 22.000
				,"percent": 6.95
				}
			,{
				"<=msec": 23.000
				,"percent": 7.51
				}
			,{
				"<=msec": 24.000
				,"percent": 8.04
				}
			,{
				"<=msec": 25.000
				,"percent": 8.94
				}
			,{
				"<=msec": 26.000
				,"percent": 9.98
				}
			,{
				"<=msec": 27.000
				,"percent": 11.39
				}
			,{
				"<=msec": 28.000
				,"percent": 12.87
				}
			,{
				"<=msec": 29.000
				,"percent": 14.97
				}
			,{
				"<=msec": 30.000
				,"percent": 17.45
				}
			,{
				"<=msec": 31.000
				,"percent": 20.82
				}
			,{
				"<=msec": 32.000
				,"percent": 25.16
				}
			,{
				"<=msec": 33.000
				,"percent": 30.32
				}
			,{
				"<=msec": 34.000
				,"percent": 35.44
				}
			,{
				"<=msec": 35.000
				,"percent": 40.71
				}
			,{
				"<=msec": 36.000
				,"percent": 45.68
				}
			,{
				"<=msec": 37.000
				,"percent": 50.93
				}
			,{
				"<=msec": 38.000
				,"percent": 56.05
				}
			,{
				"<=msec": 39.000
				,"percent": 61.16
				}
			,{
				"<=msec": 40.000
				,"percent": 65.71
				}
			,{
				"<=msec": 41.000
				,"percent": 69.39
				}
			,{
				"<=msec": 42.000
				,"percent": 72.53
				}
			,{
				"<=msec": 43.000
				,"percent": 75.20
				}
			,{
				"<=msec": 44.000
				,"percent": 77.40
				}
			,{
				"<=msec": 45.000
				,"percent": 79.49
				}
			,{
				"<=msec": 46.000
				,"percent": 81.17
				}
			,{
				"<=msec": 47.000
				,"percent": 82.68
				}
			,{
				"<=msec": 48.000
				,"percent": 83.98
				}
			,{
				"<=msec": 49.000
				,"percent": 85.36
				}
			,{
				"<=msec": 50.000
				,"percent": 86.52
				}
			,{
				"<=msec": 51.000
				,"percent": 87.60
				}
			,{
				"<=msec": 52.000
				,"percent": 88.67
				}
			,{
				"<=msec": 53.000
				,"percent": 89.62
				}
			,{
				"<=msec": 54.000
				,"percent": 90.60
				}
			,{
				"<=msec": 55.000
				,"percent": 91.38
				}
			,{
				"<=msec": 56.000
				,"percent": 92.14
				}
			,{
				"<=msec": 57.000
				,"percent": 92.88
				}
			,{
				"<=msec": 58.000
				,"percent": 93.55
				}
			,{
				"<=msec": 59.000
				,"percent": 94.26
				}
			,{
				"<=msec": 60.000
				,"percent": 94.86
				}
			,{
				"<=msec": 61.000
				,"percent": 95.44
				}
			,{
				"<=msec": 62.000
				,"percent": 95.86
				}
			,{
				"<=msec": 63.000
				,"percent": 96.29
				}
			,{
				"<=msec": 64.000
				,"percent": 96.63
				}
			,{
				"<=msec": 65.000
				,"percent": 96.96
				}
			,{
				"<=msec": 66.000
				,"percent": 97.24
				}
			,{
				"<=msec": 67.000
				,"percent": 97.46
				}
			,{
				"<=msec": 68.000
				,"percent": 97.65
				}
			,{
				"<=msec": 69.000
				,"percent": 97.86
				}
			,{
				"<=msec": 70.000
				,"percent": 98.04
				}
			,{
				"<=msec": 71.000
				,"percent": 98.16
				}
			,{
				"<=msec": 72.000
				,"percent": 98.30
				}
			,{
				"<=msec": 73.000
				,"percent": 98.40
				}
			,{
				"<=msec": 74.000
				,"percent": 98.50
				}
			,{
				"<=msec": 75.000
				,"percent": 98.56
				}
			,{
				"<=msec": 76.000
				,"percent": 98.65
				}
			,{
				"<=msec": 77.000
				,"percent": 98.70
				}
			,{
				"<=msec": 78.000
				,"percent": 98.73
				}
			,{
				"<=msec": 79.000
				,"percent": 98.81
				}
			,{
				"<=msec": 80.000
				,"percent": 98.86
				}
			,{
				"<=msec": 81.000
				,"percent": 98.91
				}
			,{
				"<=msec": 82.000
				,"percent": 98.95
				}
			,{
				"<=msec": 83.000
				,"percent": 98.99
				}
			,{
				"<=msec": 84.000
				,"percent": 99.03
				}
			,{
				"<=msec": 85.000
				,"percent": 99.06
				}
			,{
				"<=msec": 86.000
				,"percent": 99.08
				}
			,{
				"<=msec": 87.000
				,"percent": 99.10
				}
			,{
				"<=msec": 88.000
				,"percent": 99.12
				}
			,{
				"<=msec": 89.000
				,"percent": 99.16
				}
			,{
				"<=msec": 90.000
				,"percent": 99.18
				}
			,{
				"<=msec": 91.000
				,"percent": 99.21
				}
			,{
				"<=msec": 92.000
				,"percent": 99.24
				}
			,{
				"<=msec": 93.000
				,"percent": 99.26
				}
			,{
				"<=msec": 94.000
				,"percent": 99.29
				}
			,{
				"<=msec": 95.000
				,"percent": 99.31
				}
			,{
				"<=msec": 96.000
				,"percent": 99.32
				}
			,{
				"<=msec": 97.000
				,"percent": 99.33
				}
			,{
				"<=msec": 98.000
				,"percent": 99.34
				}
			,{
				"<=msec": 99.000
				,"percent": 99.35
				}
			,{
				"<=msec": 100.000
				,"percent": 99.38
				}
			,{
				"<=msec": 110.000
				,"percent": 99.42
				}
			,{
				"<=msec": 120.000
				,"percent": 99.46
				}
			,{
				"<=msec": 130.000
				,"percent": 99.50
				}
			,{
				"<=msec": 140.000
				,"percent": 99.51
				}
			,{
				"<=msec": 150.000
				,"percent": 99.53
				}
			,{
				"<=msec": 160.000
				,"percent": 99.58
				}
			,{
				"<=msec": 170.000
				,"percent": 99.63
				}
			,{
				"<=msec": 180.000
				,"percent": 99.71
				}
			,{
				"<=msec": 190.000
				,"percent": 99.73
				}
			,{
				"<=msec": 200.000
				,"percent": 99.75
				}
			,{
				"<=msec": 210.000
				,"percent": 99.77
				}
			,{
				"<=msec": 220.000
				,"percent": 99.79
				}
			,{
				"<=msec": 230.000
				,"percent": 99.79
				}
			,{
				"<=msec": 240.000
				,"percent": 99.79
				}
			,{
				"<=msec": 250.000
				,"percent": 99.80
				}
			,{
				"<=msec": 260.000
				,"percent": 99.81
				}
			,{
				"<=msec": 270.000
				,"percent": 99.82
				}
			,{
				"<=msec": 280.000
				,"percent": 99.85
				}
			,{
				"<=msec": 290.000
				,"percent": 99.85
				}
			,{
				"<=msec": 300.000
				,"percent": 99.86
				}
			,{
				"<=msec": 310.000
				,"percent": 99.87
				}
			,{
				"<=msec": 330.000
				,"percent": 99.88
				}
			,{
				"<=msec": 340.000
				,"percent": 99.91
				}
			,{
				"<=msec": 350.000
				,"percent": 99.92
				}
			,{
				"<=msec": 360.000
				,"percent": 99.93
				}
			,{
				"<=msec": 370.000
				,"percent": 99.94
				}
			,{
				"<=msec": 380.000
				,"percent": 99.95
				}
			,{
				"<=msec": 390.000
				,"percent": 99.97
				}
			,{
				"<=msec": 400.000
				,"percent": 99.98
				}
			,{
				"<=msec": 410.000
				,"percent": 99.99
				}
			,{
				"<=msec": 420.000
				,"percent": 99.99
				}
			,{
				"<=msec": 440.000
				,"percent": 100.00
				}
			]
		,"GET":[
			{
				"<=msec": 3.900
				,"percent": 0.01
				}
			,{
				"<=msec": 4.000
				,"percent": 0.01
				}
			,{
				"<=msec": 4.100
				,"percent": 0.02
				}
			,{
				"<=msec": 4.200
				,"percent": 0.03
				}
			,{
				"<=msec": 4.300
				,"percent": 0.03
				}
			,{
				"<=msec": 4.400
				,"percent": 0.04
				}
			,{
				"<=msec": 4.500
				,"percent": 0.05
				}
			,{
				"<=msec": 4.600
				,"percent": 0.07
				}
			,{
				"<=msec": 4.700
				,"percent": 0.09
				}
			,{
				"<=msec": 4.800
				,"percent": 0.11
				}
			,{
				"<=msec": 4.900
				,"percent": 0.15
				}
			,{
				"<=msec": 5.000
				,"percent": 0.17
				}
			,{
				"<=msec": 5.100
				,"percent": 0.19
				}
			,{
				"<=msec": 5.200
				,"percent": 0.21
				}
			,{
				"<=msec": 5.300
				,"percent": 0.25
				}
			,{
				"<=msec": 5.400
				,"percent": 0.26
				}
			,{
				"<=msec": 5.500
				,"percent": 0.28
				}
			,{
				"<=msec": 5.600
				,"percent": 0.30
				}
			,{
				"<=msec": 5.700
				,"percent": 0.31
				}
			,{
				"<=msec": 5.800
				,"percent": 0.33
				}
			,{
				"<=msec": 5.900
				,"percent": 0.35
				}
			,{
				"<=msec": 6.000
				,"percent": 0.36
				}
			,{
				"<=msec": 6.100
				,"percent": 0.37
				}
			,{
				"<=msec": 6.200
				,"percent": 0.40
				}
			,{
				"<=msec": 6.300
				,"percent": 0.42
				}
			,{
				"<=msec": 6.400
				,"percent": 0.45
				}
			,{
				"<=msec": 6.500
				,"percent": 0.49
				}
			,{
				"<=msec": 6.600
				,"percent": 0.51
				}
			,{
				"<=msec": 6.700
				,"percent": 0.54
				}
			,{
				"<=msec": 6.800
				,"percent": 0.57
				}
			,{
				"<=msec": 6.900
				,"percent": 0.61
				}
			,{
				"<=msec": 7.000
				,"percent": 0.63
				}
			,{
				"<=msec": 7.100
				,"percent": 0.64
				}
			,{
				"<=msec": 7.200
				,"percent": 0.66
				}
			,{
				"<=msec": 7.300
				,"percent": 0.68
				}
			,{
				"<=msec": 7.400
				,"percent": 0.70
				}
			,{
				"<=msec": 7.500
				,"percent": 0.73
				}
			,{
				"<=msec": 7.600
				,"percent": 0.74
				}
			,{
				"<=msec": 7.700
				,"percent": 0.76
				}
			,{
				"<=msec": 7.800
				,"percent": 0.79
				}
			,{
				"<=msec": 7.900
				,"percent": 0.81
				}
			,{
				"<=msec": 8.000
				,"percent": 0.83
				}
			,{
				"<=msec": 8.100
				,"percent": 0.86
				}
			,{
				"<=msec": 8.200
				,"percent": 0.87
				}
			,{
				"<=msec": 8.300
				,"percent": 0.89
				}
			,{
				"<=msec": 8.400
				,"percent": 0.91
				}
			,{
				"<=msec": 8.500
				,"percent": 0.92
				}
			,{
				"<=msec": 8.600
				,"percent": 0.95
				}
			,{
				"<=msec": 8.700
				,"percent": 0.98
				}
			,{
				"<=msec": 8.800
				,"percent": 1.00
				}
			,{
				"<=msec": 8.900
				,"percent": 1.03
				}
			,{
				"<=msec": 9.000
				,"percent": 1.07
				}
			,{
				"<=msec": 9.100
				,"percent": 1.08
				}
			,{
				"<=msec": 9.200
				,"percent": 1.10
				}
			,{
				"<=msec": 9.300
				,"percent": 1.12
				}
			,{
				"<=msec": 9.400
				,"percent": 1.14
				}
			,{
				"<=msec": 9.500
				,"percent": 1.17
				}
			,{
				"<=msec": 9.600
				,"percent": 1.20
				}
			,{
				"<=msec": 9.700
				,"percent": 1.23
				}
			,{
				"<=msec": 9.800
				,"percent": 1.26
				}
			,{
				"<=msec": 9.900
				,"percent": 1.28
				}
			,{
				"<=msec": 10.000
				,"percent": 1.48
				}
			,{
				"<=msec": 11.000
				,"percent": 1.97
				}
			,{
				"<=msec": 12.000
				,"percent": 2.63
				}
			,{
				"<=msec": 13.000
				,"percent": 3.44
				}
			,{
				"<=msec": 14.000
				,"percent": 4.20
				}
			,{
				"<=msec": 15.000
				,"percent": 4.83
				}
			,{
				"<=msec": 16.000
				,"percent": 5.28
				}
			,{
				"<=msec": 17.000
				,"percent": 5.70
				}
			,{
				"<=msec": 18.000
				,"percent": 6.20
				}
			,{
				"<=msec": 19.000
				,"percent": 6.65
				}
			,{
				"<=msec": 20.000
				,"percent": 7.18
				}
			,{
				"<=msec": 21.000
				,"percent": 7.89
				}
			,{
				"<=msec": 22.000
				,"percent": 8.46
				}
			,{
				"<=msec": 23.000
				,"percent": 9.16
				}
			,{
				"<=msec": 24.000
				,"percent": 10.26
				}
			,{
				"<=msec": 25.000
				,"percent": 11.88
				}
			,{
				"<=msec": 26.000
				,"percent": 14.14
				}
			,{
				"<=msec": 27.000
				,"percent": 17.00
				}
			,{
				"<=msec": 28.000
				,"percent": 20.21
				}
			,{
				"<=msec": 29.000
				,"percent": 23.70
				}
			,{
				"<=msec": 30.000
				,"percent": 27.93
				}
			,{
				"<=msec": 31.000
				,"percent": 32.96
				}
			,{
				"<=msec": 32.000
				,"percent": 39.22
				}
			,{
				"<=msec": 33.000
				,"percent": 45.54
				}
			,{
				"<=msec": 34.000
				,"percent": 51.82
				}
			,{
				"<=msec": 35.000
				,"percent": 57.37
				}
			,{
				"<=msec": 36.000
				,"percent": 62.11
				}
			,{
				"<=msec": 37.000
				,"percent": 66.45
				}
			,{
				"<=msec": 38.000
				,"percent": 70.34
				}
			,{
				"<=msec": 39.000
				,"percent": 74.10
				}
			,{
				"<=msec": 40.000
				,"percent": 77.05
				}
			,{
				"<=msec": 41.000
				,"percent": 79.56
				}
			,{
				"<=msec": 42.000
				,"percent": 81.77
				}
			,{
				"<=msec": 43.000
				,"percent": 83.42
				}
			,{
				"<=msec": 44.000
				,"percent": 84.99
				}
			,{
				"<=msec": 45.000
				,"percent": 86.42
				}
			,{
				"<=msec": 46.000
				,"percent": 87.52
				}
			,{
				"<=msec": 47.000
				,"percent": 88.56
				}
			,{
				"<=msec": 48.000
				,"percent": 89.55
				}
			,{
				"<=msec": 49.000
				,"percent": 90.44
				}
			,{
				"<=msec": 50.000
				,"percent": 91.19
				}
			,{
				"<=msec": 51.000
				,"percent": 92.00
				}
			,{
				"<=msec": 52.000
				,"percent": 92.87
				}
			,{
				"<=msec": 53.000
				,"percent": 93.61
				}
			,{
				"<=msec": 54.000
				,"percent": 94.19
				}
			,{
				"<=msec": 55.000
				,"percent": 94.78
				}
			,{
				"<=msec": 56.000
				,"percent": 95.28
				}
			,{
				"<=msec": 57.000
				,"percent": 95.66
				}
			,{
				"<=msec": 58.000
				,"percent": 96.08
				}
			,{
				"<=msec": 59.000
				,"percent": 96.49
				}
			,{
				"<=msec": 60.000
				,"percent": 96.86
				}
			,{
				"<=msec": 61.000
				,"percent": 97.18
				}
			,{
				"<=msec": 62.000
				,"percent": 97.41
				}
			,{
				"<=msec": 63.000
				,"percent": 97.70
				}
			,{
				"<=msec": 64.000
				,"percent": 97.92
				}
			,{
				"<=msec": 65.000
				,"percent": 98.08
				}
			,{
				"<=msec": 66.000
				,"percent": 98.22
				}
			,{
				"<=msec": 67.000
				,"percent": 98.31
				}
			,{
				"<=msec": 68.000
				,"percent": 98.41
				}
			,{
				"<=msec": 69.000
				,"percent": 98.50
				}
			,{
				"<=msec": 70.000
				,"percent": 98.60
				}
			,{
				"<=msec": 71.000
				,"percent": 98.68
				}
			,{
				"<=msec": 72.000
				,"percent": 98.77
				}
			,{
				"<=msec": 73.000
				,"percent": 98.80
				}
			,{
				"<=msec": 74.000
				,"percent": 98.83
				}
			,{
				"<=msec": 75.000
				,"percent": 98.87
				}
			,{
				"<=msec": 76.000
				,"percent": 98.92
				}
			,{
				"<=msec": 77.000
				,"percent": 98.94
				}
			,{
				"<=msec": 78.000
				,"percent": 98.95
				}
			,{
				"<=msec": 79.000
				,"percent": 99.00
				}
			,{
				"<=msec": 80.000
				,"percent": 99.03
				}
			,{
				"<=msec": 81.000
				,"percent": 99.08
				}
			,{
				"<=msec": 82.000
				,"percent": 99.10
				}
			,{
				"<=msec": 84.000
				,"percent": 99.11
				}
			,{
				"<=msec": 85.000
				,"percent": 99.14
				}
			,{
				"<=msec": 86.000
				,"percent": 99.16
				}
			,{
				"<=msec": 87.000
				,"percent": 99.19
				}
			,{
				"<=msec": 88.000
				,"percent": 99.21
				}
			,{
				"<=msec": 89.000
				,"percent": 99.23
				}
			,{
				"<=msec": 90.000
				,"percent": 99.23
				}
			,{
				"<=msec": 91.000
				,"percent": 99.25
				}
			,{
				"<=msec": 92.000
				,"percent": 99.26
				}
			,{
				"<=msec": 93.000
				,"percent": 99.27
				}
			,{
				"<=msec": 94.000
				,"percent": 99.29
				}
			,{
				"<=msec": 95.000
				,"percent": 99.31
				}
			,{
				"<=msec": 96.000
				,"percent": 99.31
				}
			,{
				"<=msec": 97.000
				,"percent": 99.31
				}
			,{
				"<=msec": 99.000
				,"percent": 99.32
				}
			,{
				"<=msec": 100.000
				,"percent": 99.34
				}
			,{
				"<=msec": 110.000
				,"percent": 99.40
				}
			,{
				"<=msec": 120.000
				,"percent": 99.44
				}
			,{
				"<=msec": 130.000
				,"percent": 99.45
				}
			,{
				"<=msec": 140.000
				,"percent": 99.46
				}
			,{
				"<=msec": 150.000
				,"percent": 99.48
				}
			,{
				"<=msec": 160.000
				,"percent": 99.53
				}
			,{
				"<=msec": 170.000
				,"percent": 99.58
				}
			,{
				"<=msec": 180.000
				,"percent": 99.67
				}
			,{
				"<=msec": 190.000
				,"percent": 99.69
				}
			,{
				"<=msec": 200.000
				,"percent": 99.74
				}
			,{
				"<=msec": 210.000
				,"percent": 99.80
				}
			,{
				"<=msec": 220.000
				,"percent": 99.80
				}
			,{
				"<=msec": 250.000
				,"percent": 99.81
				}
			,{
				"<=msec": 260.000
				,"percent": 99.81
				}
			,{
				"<=msec": 270.000
				,"percent": 99.82
				}
			,{
				"<=msec": 280.000
				,"percent": 99.85
				}
			,{
				"<=msec": 290.000
				,"percent": 99.88
				}
			,{
				"<=msec": 300.000
				,"percent": 99.88
				}
			,{
				"<=msec": 310.000
				,"percent": 99.89
				}
			,{
				"<=msec": 320.000
				,"percent": 99.89
				}
			,{
				"<=msec": 330.000
				,"percent": 99.91
				}
			,{
				"<=msec": 340.000
				,"percent": 99.94
				}
			,{
				"<=msec": 360.000
				,"percent": 99.97
				}
			,{
				"<=msec": 370.000
				,"percent": 99.97
				}
			,{
				"<=msec": 380.000
				,"percent": 99.97
				}
			,{
				"<=msec": 390.000
				,"percent": 99.99
				}
			,{
				"<=msec": 400.000
				,"percent": 100.00
				}
			]
		,"WAIT":[
		]
		}
	}
