{
	"configuration":{
		"server": "10.0.0.8"
		,"port": 6379
		,"unix socket": "(null)"
		,"protocol": "memcache_text"
		,"out_file": "(null)"
		,"client_stats": "(null)"
		,"run_count": 1
		,"debug": 0
		,"requests": 0
		,"clients": 32
		,"threads": 1
		,"test_time": 75
		,"ratio": "1:1"
		,"pipeline": 1
		,"data_size": 1024
		,"data_offset": 0
		,"random_data": "false"
		,"data_size_range": "0:0"
		,"data_size_list": ""
		,"data_size_pattern": "R"
		,"expiry_range": "9999:10000"
		,"data_import": "(null)"
		,"data_verify": "false"
		,"verify_only": "false"
		,"generate_keys": "false"
		,"key_prefix": "memtier-"
		,"key_minimum":           0
		,"key_maximum":       10000
		,"key_pattern": "R:R"
		,"key_stddev": 0.000000
		,"key_median": 0.000000
		,"reconnect_interval": 0
		,"multi_key_get": 0
		,"authenticate": ""
		,"select-db": 0
		,"no-expiry": "false"
		,"wait-ratio": "0:0"
		,"num-slaves": "0:0"
		,"wait-timeout": "0-0"
		}
	,"run information":{
		"Threads": 1
		,"Connections per thread": 32
		,"Seconds": 75
		}
	,"ALL STATS":{
		"Sets":{
			"Ops/sec": 447.02
			,"Hits/sec": 0.00
			,"Misses/sec": 0.00
			,"Latency": 37.37
			,"KB/sec": 464.65
			}
		,"Gets":{
			"Ops/sec": 446.82
			,"Hits/sec": 446.82
			,"Misses/sec": 0.00
			,"Latency": 34.22
			,"KB/sec": 469.43
			}
		,"Waits":{
			"Ops/sec": 0.00
			,"Hits/sec": 0.00
			,"Misses/sec": 0.00
			,"Latency": 0.00
			,"KB/sec": 0.00
			}
		,"Totals":{
			"Ops/sec": 893.85
			,"Hits/sec": 446.82
			,"Misses/sec": 0.00
			,"Latency": 35.79
			,"KB/sec": 934.08
			}
		,"SET":[
			{
				"<=msec": 4.500
				,"percent": 0.00
				}
			,{
				"<=msec": 4.600
				,"percent": 0.01
				}
			,{
				"<=msec": 4.700
				,"percent": 0.01
				}
			,{
				"<=msec": 4.800
				,"percent": 0.02
				}
			,{
				"<=msec": 4.900
				,"percent": 0.03
				}
			,{
				"<=msec": 5.000
				,"percent": 0.04
				}
			,{
				"<=msec": 5.100
				,"percent": 0.04
				}
			,{
				"<=msec": 5.200
				,"percent": 0.06
				}
			,{
				"<=msec": 5.300
				,"percent": 0.08
				}
			,{
				"<=msec": 5.400
				,"percent": 0.09
				}
			,{
				"<=msec": 5.500
				,"percent": 0.12
				}
			,{
				"<=msec": 5.600
				,"percent": 0.14
				}
			,{
				"<=msec": 5.700
				,"percent": 0.16
				}
			,{
				"<=msec": 5.800
				,"percent": 0.18
				}
			,{
				"<=msec": 5.900
				,"percent": 0.20
				}
			,{
				"<=msec": 6.000
				,"percent": 0.23
				}
			,{
				"<=msec": 6.100
				,"percent": 0.25
				}
			,{
				"<=msec": 6.200
				,"percent": 0.27
				}
			,{
				"<=msec": 6.300
				,"percent": 0.28
				}
			,{
				"<=msec": 6.400
				,"percent": 0.30
				}
			,{
				"<=msec": 6.500
				,"percent": 0.31
				}
			,{
				"<=msec": 6.600
				,"percent": 0.33
				}
			,{
				"<=msec": 6.700
				,"percent": 0.34
				}
			,{
				"<=msec": 6.800
				,"percent": 0.35
				}
			,{
				"<=msec": 6.900
				,"percent": 0.36
				}
			,{
				"<=msec": 7.000
				,"percent": 0.38
				}
			,{
				"<=msec": 7.100
				,"percent": 0.38
				}
			,{
				"<=msec": 7.200
				,"percent": 0.39
				}
			,{
				"<=msec": 7.300
				,"percent": 0.41
				}
			,{
				"<=msec": 7.400
				,"percent": 0.41
				}
			,{
				"<=msec": 7.500
				,"percent": 0.43
				}
			,{
				"<=msec": 7.600
				,"percent": 0.44
				}
			,{
				"<=msec": 7.700
				,"percent": 0.46
				}
			,{
				"<=msec": 7.800
				,"percent": 0.48
				}
			,{
				"<=msec": 7.900
				,"percent": 0.50
				}
			,{
				"<=msec": 8.000
				,"percent": 0.52
				}
			,{
				"<=msec": 8.100
				,"percent": 0.53
				}
			,{
				"<=msec": 8.200
				,"percent": 0.53
				}
			,{
				"<=msec": 8.300
				,"percent": 0.54
				}
			,{
				"<=msec": 8.400
				,"percent": 0.56
				}
			,{
				"<=msec": 8.500
				,"percent": 0.56
				}
			,{
				"<=msec": 8.600
				,"percent": 0.58
				}
			,{
				"<=msec": 8.700
				,"percent": 0.58
				}
			,{
				"<=msec": 8.800
				,"percent": 0.60
				}
			,{
				"<=msec": 8.900
				,"percent": 0.61
				}
			,{
				"<=msec": 9.000
				,"percent": 0.64
				}
			,{
				"<=msec": 9.100
				,"percent": 0.66
				}
			,{
				"<=msec": 9.200
				,"percent": 0.69
				}
			,{
				"<=msec": 9.300
				,"percent": 0.71
				}
			,{
				"<=msec": 9.400
				,"percent": 0.72
				}
			,{
				"<=msec": 9.500
				,"percent": 0.75
				}
			,{
				"<=msec": 9.600
				,"percent": 0.80
				}
			,{
				"<=msec": 9.700
				,"percent": 0.85
				}
			,{
				"<=msec": 9.800
				,"percent": 0.90
				}
			,{
				"<=msec": 9.900
				,"percent": 0.92
				}
			,{
				"<=msec": 10.000
				,"percent": 1.23
				}
			,{
				"<=msec": 11.000
				,"percent": 2.22
				}
			,{
				"<=msec": 12.000
				,"percent": 3.80
				}
			,{
				"<=msec": 13.000
				,"percent": 5.15
				}
			,{
				"<=msec": 14.000
				,"percent": 6.13
				}
			,{
				"<=msec": 15.000
				,"percent": 6.84
				}
			,{
				"<=msec": 16.000
				,"percent": 7.40
				}
			,{
				"<=msec": 17.000
				,"percent": 7.93
				}
			,{
				"<=msec": 18.000
				,"percent": 8.40
				}
			,{
				"<=msec": 19.000
				,"percent": 9.01
				}
			,{
				"<=msec": 20.000
				,"percent": 9.64
				}
			,{
				"<=msec": 21.000
				,"percent": 10.24
				}
			,{
				"<=msec": 22.000
				,"percent": 10.83
				}
			,{
				"<=msec": 23.000
				,"percent": 11.40
				}
			,{
				"<=msec": 24.000
				,"percent": 12.15
				}
			,{
				"<=msec": 25.000
				,"percent": 13.03
				}
			,{
				"<=msec": 26.000
				,"percent": 14.08
				}
			,{
				"<=msec": 27.000
				,"percent": 15.40
				}
			,{
				"<=msec": 28.000
				,"percent": 17.02
				}
			,{
				"<=msec": 29.000
				,"percent": 18.92
				}
			,{
				"<=msec": 30.000
				,"percent": 21.56
				}
			,{
				"<=msec": 31.000
				,"percent": 24.78
				}
			,{
				"<=msec": 32.000
				,"percent": 29.20
				}
			,{
				"<=msec": 33.000
				,"percent": 34.15
				}
			,{
				"<=msec": 34.000
				,"percent": 39.43
				}
			,{
				"<=msec": 35.000
				,"percent": 44.84
				}
			,{
				"<=msec": 36.000
				,"percent": 49.86
				}
			,{
				"<=msec": 37.000
				,"percent": 54.87
				}
			,{
				"<=msec": 38.000
				,"percent": 59.77
				}
			,{
				"<=msec": 39.000
				,"percent": 64.49
				}
			,{
				"<=msec": 40.000
				,"percent": 68.78
				}
			,{
				"<=msec": 41.000
				,"percent": 72.35
				}
			,{
				"<=msec": 42.000
				,"percent": 75.28
				}
			,{
				"<=msec": 43.000
				,"percent": 77.62
				}
			,{
				"<=msec": 44.000
				,"percent": 79.69
				}
			,{
				"<=msec": 45.000
				,"percent": 81.36
				}
			,{
				"<=msec": 46.000
				,"percent": 82.86
				}
			,{
				"<=msec": 47.000
				,"percent": 84.29
				}
			,{
				"<=msec": 48.000
				,"percent": 85.54
				}
			,{
				"<=msec": 49.000
				,"percent": 86.72
				}
			,{
				"<=msec": 50.000
				,"percent": 87.81
				}
			,{
				"<=msec": 51.000
				,"percent": 88.89
				}
			,{
				"<=msec": 52.000
				,"percent": 90.00
				}
			,{
				"<=msec": 53.000
				,"percent": 90.96
				}
			,{
				"<=msec": 54.000
				,"percent": 91.80
				}
			,{
				"<=msec": 55.000
				,"percent": 92.44
				}
			,{
				"<=msec": 56.000
				,"percent": 93.14
				}
			,{
				"<=msec": 57.000
				,"percent": 93.77
				}
			,{
				"<=msec": 58.000
				,"percent": 94.37
				}
			,{
				"<=msec": 59.000
				,"percent": 94.92
				}
			,{
				"<=msec": 60.000
				,"percent": 95.37
				}
			,{
				"<=msec": 61.000
				,"percent": 95.88
				}
			,{
				"<=msec": 62.000
				,"percent": 96.37
				}
			,{
				"<=msec": 63.000
				,"percent": 96.80
				}
			,{
				"<=msec": 64.000
				,"percent": 97.07
				}
			,{
				"<=msec": 65.000
				,"percent": 97.39
				}
			,{
				"<=msec": 66.000
				,"percent": 97.67
				}
			,{
				"<=msec": 67.000
				,"percent": 97.97
				}
			,{
				"<=msec": 68.000
				,"percent": 98.29
				}
			,{
				"<=msec": 69.000
				,"percent": 98.50
				}
			,{
				"<=msec": 70.000
				,"percent": 98.69
				}
			,{
				"<=msec": 71.000
				,"percent": 98.84
				}
			,{
				"<=msec": 72.000
				,"percent": 98.96
				}
			,{
				"<=msec": 73.000
				,"percent": 99.07
				}
			,{
				"<=msec": 74.000
				,"percent": 99.14
				}
			,{
				"<=msec": 75.000
				,"percent": 99.19
				}
			,{
				"<=msec": 76.000
				,"percent": 99.27
				}
			,{
				"<=msec": 77.000
				,"percent": 99.33
				}
			,{
				"<=msec": 78.000
				,"percent": 99.38
				}
			,{
				"<=msec": 79.000
				,"percent": 99.48
				}
			,{
				"<=msec": 80.000
				,"percent": 99.53
				}
			,{
				"<=msec": 81.000
				,"percent": 99.56
				}
			,{
				"<=msec": 82.000
				,"percent": 99.57
				}
			,{
				"<=msec": 83.000
				,"percent": 99.62
				}
			,{
				"<=msec": 84.000
				,"percent": 99.64
				}
			,{
				"<=msec": 85.000
				,"percent": 99.65
				}
			,{
				"<=msec": 86.000
				,"percent": 99.67
				}
			,{
				"<=msec": 87.000
				,"percent": 99.69
				}
			,{
				"<=msec": 88.000
				,"percent": 99.69
				}
			,{
				"<=msec": 89.000
				,"percent": 99.71
				}
			,{
				"<=msec": 90.000
				,"percent": 99.73
				}
			,{
				"<=msec": 91.000
				,"percent": 99.73
				}
			,{
				"<=msec": 93.000
				,"percent": 99.74
				}
			,{
				"<=msec": 94.000
				,"percent": 99.76
				}
			,{
				"<=msec": 95.000
				,"percent": 99.77
				}
			,{
				"<=msec": 96.000
				,"percent": 99.77
				}
			,{
				"<=msec": 98.000
				,"percent": 99.78
				}
			,{
				"<=msec": 99.000
				,"percent": 99.78
				}
			,{
				"<=msec": 100.000
				,"percent": 99.81
				}
			,{
				"<=msec": 110.000
				,"percent": 99.85
				}
			,{
				"<=msec": 120.000
				,"percent": 99.87
				}
			,{
				"<=msec": 170.000
				,"percent": 99.87
				}
			,{
				"<=msec": 180.000
				,"percent": 99.87
				}
			,{
				"<=msec": 210.000
				,"percent": 99.88
				}
			,{
				"<=msec": 220.000
				,"percent": 99.91
				}
			,{
				"<=msec": 230.000
				,"percent": 99.94
				}
			,{
				"<=msec": 240.000
				,"percent": 99.96
				}
			,{
				"<=msec": 290.000
				,"percent": 99.96
				}
			,{
				"<=msec": 320.000
				,"percent": 100.00
				}
			]
		,"GET":[
			{
				"<=msec": 3.600
				,"percent": 0.00
				}
			,{
				"<=msec": 3.900
				,"percent": 0.01
				}
			,{
				"<=msec": 4.100
				,"percent": 0.01
				}
			,{
				"<=msec": 4.200
				,"percent": 0.02
				}
			,{
				"<=msec": 4.300
				,"percent": 0.04
				}
			,{
				"<=msec": 4.400
				,"percent": 0.05
				}
			,{
				"<=msec": 4.500
				,"percent": 0.08
				}
			,{
				"<=msec": 4.600
				,"percent": 0.11
				}
			,{
				"<=msec": 4.700
				,"percent": 0.14
				}
			,{
				"<=msec": 4.800
				,"percent": 0.16
				}
			,{
				"<=msec": 4.900
				,"percent": 0.18
				}
			,{
				"<=msec": 5.000
				,"percent": 0.23
				}
			,{
				"<=msec": 5.100
				,"percent": 0.28
				}
			,{
				"<=msec": 5.200
				,"percent": 0.33
				}
			,{
				"<=msec": 5.300
				,"percent": 0.35
				}
			,{
				"<=msec": 5.400
				,"percent": 0.40
				}
			,{
				"<=msec": 5.500
				,"percent": 0.44
				}
			,{
				"<=msec": 5.600
				,"percent": 0.46
				}
			,{
				"<=msec": 5.700
				,"percent": 0.53
				}
			,{
				"<=msec": 5.800
				,"percent": 0.55
				}
			,{
				"<=msec": 5.900
				,"percent": 0.59
				}
			,{
				"<=msec": 6.000
				,"percent": 0.62
				}
			,{
				"<=msec": 6.100
				,"percent": 0.67
				}
			,{
				"<=msec": 6.200
				,"percent": 0.70
				}
			,{
				"<=msec": 6.300
				,"percent": 0.72
				}
			,{
				"<=msec": 6.400
				,"percent": 0.74
				}
			,{
				"<=msec": 6.500
				,"percent": 0.76
				}
			,{
				"<=msec": 6.600
				,"percent": 0.78
				}
			,{
				"<=msec": 6.700
				,"percent": 0.79
				}
			,{
				"<=msec": 6.800
				,"percent": 0.83
				}
			,{
				"<=msec": 6.900
				,"percent": 0.85
				}
			,{
				"<=msec": 7.000
				,"percent": 0.87
				}
			,{
				"<=msec": 7.100
				,"percent": 0.89
				}
			,{
				"<=msec": 7.200
				,"percent": 0.90
				}
			,{
				"<=msec": 7.300
				,"percent": 0.93
				}
			,{
				"<=msec": 7.400
				,"percent": 0.96
				}
			,{
				"<=msec": 7.500
				,"percent": 0.99
				}
			,{
				"<=msec": 7.600
				,"percent": 1.01
				}
			,{
				"<=msec": 7.700
				,"percent": 1.03
				}
			,{
				"<=msec": 7.800
				,"percent": 1.07
				}
			,{
				"<=msec": 7.900
				,"percent": 1.10
				}
			,{
				"<=msec": 8.000
				,"percent": 1.12
				}
			,{
				"<=msec": 8.100
				,"percent": 1.12
				}
			,{
				"<=msec": 8.200
				,"percent": 1.14
				}
			,{
				"<=msec": 8.300
				,"percent": 1.17
				}
			,{
				"<=msec": 8.400
				,"percent": 1.19
				}
			,{
				"<=msec": 8.500
				,"percent": 1.21
				}
			,{
				"<=msec": 8.600
				,"percent": 1.23
				}
			,{
				"<=msec": 8.700
				,"percent": 1.25
				}
			,{
				"<=msec": 8.800
				,"percent": 1.28
				}
			,{
				"<=msec": 8.900
				,"percent": 1.31
				}
			,{
				"<=msec": 9.000
				,"percent": 1.32
				}
			,{
				"<=msec": 9.100
				,"percent": 1.35
				}
			,{
				"<=msec": 9.200
				,"percent": 1.39
				}
			,{
				"<=msec": 9.300
				,"percent": 1.41
				}
			,{
				"<=msec": 9.400
				,"percent": 1.43
				}
			,{
				"<=msec": 9.500
				,"percent": 1.49
				}
			,{
				"<=msec": 9.600
				,"percent": 1.53
				}
			,{
				"<=msec": 9.700
				,"percent": 1.56
				}
			,{
				"<=msec": 9.800
				,"percent": 1.63
				}
			,{
				"<=msec": 9.900
				,"percent": 1.68
				}
			,{
				"<=msec": 10.000
				,"percent": 2.20
				}
			,{
				"<=msec": 11.000
				,"percent": 3.51
				}
			,{
				"<=msec": 12.000
				,"percent": 5.40
				}
			,{
				"<=msec": 13.000
				,"percent": 6.81
				}
			,{
				"<=msec": 14.000
				,"percent": 7.87
				}
			,{
				"<=msec": 15.000
				,"percent": 8.62
				}
			,{
				"<=msec": 16.000
				,"percent": 9.24
				}
			,{
				"<=msec": 17.000
				,"percent": 9.72
				}
			,{
				"<=msec": 18.000
				,"percent": 10.15
				}
			,{
				"<=msec": 19.000
				,"percent": 10.75
				}
			,{
				"<=msec": 20.000
				,"percent": 11.28
				}
			,{
				"<=msec": 21.000
				,"percent": 11.78
				}
			,{
				"<=msec": 22.000
				,"percent": 12.32
				}
			,{
				"<=msec": 23.000
				,"percent": 13.11
				}
			,{
				"<=msec": 24.000
				,"percent": 14.18
				}
			,{
				"<=msec": 25.000
				,"percent": 15.71
				}
			,{
				"<=msec": 26.000
				,"percent": 18.11
				}
			,{
				"<=msec": 27.000
				,"percent": 21.08
				}
			,{
				"<=msec": 28.000
				,"percent": 24.29
				}
			,{
				"<=msec": 29.000
				,"percent": 27.89
				}
			,{
				"<=msec": 30.000
				,"percent": 31.86
				}
			,{
				"<=msec": 31.000
				,"percent": 36.98
				}
			,{
				"<=msec": 32.000
				,"percent": 43.28
				}
			,{
				"<=msec": 33.000
				,"percent": 50.21
				}
			,{
				"<=msec": 34.000
				,"percent": 56.37
				}
			,{
				"<=msec": 35.000
				,"percent": 61.61
				}
			,{
				"<=msec": 36.000
				,"percent": 66.07
				}
			,{
				"<=msec": 37.000
				,"percent": 70.24
				}
			,{
				"<=msec": 38.000
				,"percent": 73.88
				}
			,{
				"<=msec": 39.000
				,"percent": 76.92
				}
			,{
				"<=msec": 40.000
				,"percent": 79.75
				}
			,{
				"<=msec": 41.000
				,"percent": 81.97
				}
			,{
				"<=msec": 42.000
				,"percent": 83.73
				}
			,{
				"<=msec": 43.000
				,"percent": 85.15
				}
			,{
				"<=msec": 44.000
				,"percent": 86.40
				}
			,{
				"<=msec": 45.000
				,"percent": 87.54
				}
			,{
				"<=msec": 46.000
				,"percent": 88.61
				}
			,{
				"<=msec": 47.000
				,"percent": 89.58
				}
			,{
				"<=msec": 48.000
				,"percent": 90.55
				}
			,{
				"<=msec": 49.000
				,"percent": 91.46
				}
			,{
				"<=msec": 50.000
				,"percent": 92.19
				}
			,{
				"<=msec": 51.000
				,"percent": 92.88
				}
			,{
				"<=msec": 52.000
				,"percent": 93.65
				}
			,{
				"<=msec": 53.000
				,"percent": 94.21
				}
			,{
				"<=msec": 54.000
				,"percent": 94.74
				}
			,{
				"<=msec": 55.000
				,"percent": 95.28
				}
			,{
				"<=msec": 56.000
				,"percent": 95.71
				}
			,{
				"<=msec": 57.000
				,"percent": 96.16
				}
			,{
				"<=msec": 58.000
				,"percent": 96.53
				}
			,{
				"<=msec": 59.000
				,"percent": 96.88
				}
			,{
				"<=msec": 60.000
				,"percent": 97.20
				}
			,{
				"<=msec": 61.000
				,"percent": 97.47
				}
			,{
				"<=msec": 62.000
				,"percent": 97.83
				}
			,{
				"<=msec": 63.000
				,"percent": 98.16
				}
			,{
				"<=msec": 64.000
				,"percent": 98.37
				}
			,{
				"<=msec": 65.000
				,"percent": 98.55
				}
			,{
				"<=msec": 66.000
				,"percent": 98.72
				}
			,{
				"<=msec": 67.000
				,"percent": 98.88
				}
			,{
				"<=msec": 68.000
				,"percent": 99.07
				}
			,{
				"<=msec": 69.000
				,"percent": 99.18
				}
			,{
				"<=msec": 70.000
				,"percent": 99.28
				}
			,{
				"<=msec": 71.000
				,"percent": 99.37
				}
			,{
				"<=msec": 72.000
				,"percent": 99.42
				}
			,{
				"<=msec": 73.000
				,"percent": 99.46
				}
			,{
				"<=msec": 74.000
				,"percent": 99.50
				}
			,{
				"<=msec": 75.000
				,"percent": 99.55
				}
			,{
				"<=msec": 76.000
				,"percent": 99.57
				}
			,{
				"<=msec": 77.000
				,"percent": 99.61
				}
			,{
				"<=msec": 78.000
				,"percent": 99.63
				}
			,{
				"<=msec": 79.000
				,"percent": 99.64
				}
			,{
				"<=msec": 80.000
				,"percent": 99.65
				}
			,{
				"<=msec": 81.000
				,"percent": 99.66
				}
			,{
				"<=msec": 82.000
				,"percent": 99.67
				}
			,{
				"<=msec": 83.000
				,"percent": 99.68
				}
			,{
				"<=msec": 84.000
				,"percent": 99.68
				}
			,{
				"<=msec": 85.000
				,"percent": 99.70
				}
			,{
				"<=msec": 86.000
				,"percent": 99.70
				}
			,{
				"<=msec": 88.000
				,"percent": 99.71
				}
			,{
				"<=msec": 89.000
				,"percent": 99.72
				}
			,{
				"<=msec": 90.000
				,"percent": 99.73
				}
			,{
				"<=msec": 91.000
				,"percent": 99.73
				}
			,{
				"<=msec": 92.000
				,"percent": 99.74
				}
			,{
				"<=msec": 93.000
				,"percent": 99.75
				}
			,{
				"<=msec": 95.000
				,"percent": 99.76
				}
			,{
				"<=msec": 96.000
				,"percent": 99.77
				}
			,{
				"<=msec": 97.000
				,"percent": 99.78
				}
			,{
				"<=msec": 99.000
				,"percent": 99.78
				}
			,{
				"<=msec": 100.000
				,"percent": 99.81
				}
			,{
				"<=msec": 110.000
				,"percent": 99.84
				}
			,{
				"<=msec": 120.000
				,"percent": 99.85
				}
			,{
				"<=msec": 140.000
				,"percent": 99.85
				}
			,{
				"<=msec": 170.000
				,"percent": 99.86
				}
			,{
				"<=msec": 180.000
				,"percent": 99.87
				}
			,{
				"<=msec": 210.000
				,"percent": 99.87
				}
			,{
				"<=msec": 220.000
				,"percent": 99.89
				}
			,{
				"<=msec": 230.000
				,"percent": 99.93
				}
			,{
				"<=msec": 240.000
				,"percent": 99.95
				}
			,{
				"<=msec": 310.000
				,"percent": 99.97
				}
			,{
				"<=msec": 320.000
				,"percent": 100.00
				}
			]
		,"WAIT":[
		]
		}
	}
