{
	"configuration":{
		"server": "10.0.0.8"
		,"port": 6379
		,"unix socket": "(null)"
		,"protocol": "memcache_text"
		,"out_file": "(null)"
		,"client_stats": "(null)"
		,"run_count": 1
		,"debug": 0
		,"requests": 0
		,"clients": 32
		,"threads": 1
		,"test_time": 75
		,"ratio": "1:1"
		,"pipeline": 1
		,"data_size": 1024
		,"data_offset": 0
		,"random_data": "false"
		,"data_size_range": "0:0"
		,"data_size_list": ""
		,"data_size_pattern": "R"
		,"expiry_range": "9999:10000"
		,"data_import": "(null)"
		,"data_verify": "false"
		,"verify_only": "false"
		,"generate_keys": "false"
		,"key_prefix": "memtier-"
		,"key_minimum":           0
		,"key_maximum":       10000
		,"key_pattern": "R:R"
		,"key_stddev": 0.000000
		,"key_median": 0.000000
		,"reconnect_interval": 0
		,"multi_key_get": 0
		,"authenticate": ""
		,"select-db": 0
		,"no-expiry": "false"
		,"wait-ratio": "0:0"
		,"num-slaves": "0:0"
		,"wait-timeout": "0-0"
		}
	,"run information":{
		"Threads": 1
		,"Connections per thread": 32
		,"Seconds": 75
		}
	,"ALL STATS":{
		"Sets":{
			"Ops/sec": 432.38
			,"Hits/sec": 0.00
			,"Misses/sec": 0.00
			,"Latency": 38.60
			,"KB/sec": 449.44
			}
		,"Gets":{
			"Ops/sec": 432.14
			,"Hits/sec": 432.14
			,"Misses/sec": 0.00
			,"Latency": 35.42
			,"KB/sec": 454.00
			}
		,"Waits":{
			"Ops/sec": 0.00
			,"Hits/sec": 0.00
			,"Misses/sec": 0.00
			,"Latency": 0.00
			,"KB/sec": 0.00
			}
		,"Totals":{
			"Ops/sec": 864.52
			,"Hits/sec": 432.14
			,"Misses/sec": 0.00
			,"Latency": 37.01
			,"KB/sec": 903.44
			}
		,"SET":[
			{
				"<=msec": 4.200
				,"percent": 0.00
				}
			,{
				"<=msec": 4.400
				,"percent": 0.01
				}
			,{
				"<=msec": 4.700
				,"percent": 0.01
				}
			,{
				"<=msec": 4.800
				,"percent": 0.02
				}
			,{
				"<=msec": 4.900
				,"percent": 0.03
				}
			,{
				"<=msec": 5.000
				,"percent": 0.03
				}
			,{
				"<=msec": 5.100
				,"percent": 0.03
				}
			,{
				"<=msec": 5.200
				,"percent": 0.04
				}
			,{
				"<=msec": 5.300
				,"percent": 0.04
				}
			,{
				"<=msec": 5.400
				,"percent": 0.05
				}
			,{
				"<=msec": 5.500
				,"percent": 0.05
				}
			,{
				"<=msec": 5.600
				,"percent": 0.05
				}
			,{
				"<=msec": 5.700
				,"percent": 0.06
				}
			,{
				"<=msec": 5.800
				,"percent": 0.06
				}
			,{
				"<=msec": 5.900
				,"percent": 0.07
				}
			,{
				"<=msec": 6.000
				,"percent": 0.08
				}
			,{
				"<=msec": 6.100
				,"percent": 0.09
				}
			,{
				"<=msec": 6.200
				,"percent": 0.10
				}
			,{
				"<=msec": 6.300
				,"percent": 0.10
				}
			,{
				"<=msec": 6.400
				,"percent": 0.11
				}
			,{
				"<=msec": 6.500
				,"percent": 0.13
				}
			,{
				"<=msec": 6.600
				,"percent": 0.14
				}
			,{
				"<=msec": 6.700
				,"percent": 0.15
				}
			,{
				"<=msec": 6.800
				,"percent": 0.17
				}
			,{
				"<=msec": 6.900
				,"percent": 0.18
				}
			,{
				"<=msec": 7.000
				,"percent": 0.18
				}
			,{
				"<=msec": 7.100
				,"percent": 0.19
				}
			,{
				"<=msec": 7.200
				,"percent": 0.21
				}
			,{
				"<=msec": 7.300
				,"percent": 0.21
				}
			,{
				"<=msec": 7.400
				,"percent": 0.23
				}
			,{
				"<=msec": 7.500
				,"percent": 0.24
				}
			,{
				"<=msec": 7.600
				,"percent": 0.26
				}
			,{
				"<=msec": 7.700
				,"percent": 0.27
				}
			,{
				"<=msec": 7.800
				,"percent": 0.29
				}
			,{
				"<=msec": 7.900
				,"percent": 0.31
				}
			,{
				"<=msec": 8.000
				,"percent": 0.31
				}
			,{
				"<=msec": 8.100
				,"percent": 0.34
				}
			,{
				"<=msec": 8.200
				,"percent": 0.36
				}
			,{
				"<=msec": 8.300
				,"percent": 0.38
				}
			,{
				"<=msec": 8.400
				,"percent": 0.39
				}
			,{
				"<=msec": 8.500
				,"percent": 0.41
				}
			,{
				"<=msec": 8.600
				,"percent": 0.44
				}
			,{
				"<=msec": 8.700
				,"percent": 0.46
				}
			,{
				"<=msec": 8.800
				,"percent": 0.48
				}
			,{
				"<=msec": 8.900
				,"percent": 0.50
				}
			,{
				"<=msec": 9.000
				,"percent": 0.54
				}
			,{
				"<=msec": 9.100
				,"percent": 0.57
				}
			,{
				"<=msec": 9.200
				,"percent": 0.63
				}
			,{
				"<=msec": 9.300
				,"percent": 0.67
				}
			,{
				"<=msec": 9.400
				,"percent": 0.72
				}
			,{
				"<=msec": 9.500
				,"percent": 0.77
				}
			,{
				"<=msec": 9.600
				,"percent": 0.80
				}
			,{
				"<=msec": 9.700
				,"percent": 0.84
				}
			,{
				"<=msec": 9.800
				,"percent": 0.88
				}
			,{
				"<=msec": 9.900
				,"percent": 0.94
				}
			,{
				"<=msec": 10.000
				,"percent": 1.21
				}
			,{
				"<=msec": 11.000
				,"percent": 1.71
				}
			,{
				"<=msec": 12.000
				,"percent": 2.20
				}
			,{
				"<=msec": 13.000
				,"percent": 2.67
				}
			,{
				"<=msec": 14.000
				,"percent": 3.15
				}
			,{
				"<=msec": 15.000
				,"percent": 3.75
				}
			,{
				"<=msec": 16.000
				,"percent": 4.25
				}
			,{
				"<=msec": 17.000
				,"percent": 4.71
				}
			,{
				"<=msec": 18.000
				,"percent": 5.22
				}
			,{
				"<=msec": 19.000
				,"percent": 5.75
				}
			,{
				"<=msec": 20.000
				,"percent": 6.26
				}
			,{
				"<=msec": 21.000
				,"percent": 6.85
				}
			,{
				"<=msec": 22.000
				,"percent": 7.36
				}
			,{
				"<=msec": 23.000
				,"percent": 7.92
				}
			,{
				"<=msec": 24.000
				,"percent": 8.62
				}
			,{
				"<=msec": 25.000
				,"percent": 9.68
				}
			,{
				"<=msec": 26.000
				,"percent": 11.03
				}
			,{
				"<=msec": 27.000
				,"percent": 12.69
				}
			,{
				"<=msec": 28.000
				,"percent": 14.67
				}
			,{
				"<=msec": 29.000
				,"percent": 17.12
				}
			,{
				"<=msec": 30.000
				,"percent": 20.12
				}
			,{
				"<=msec": 31.000
				,"percent": 23.87
				}
			,{
				"<=msec": 32.000
				,"percent": 28.92
				}
			,{
				"<=msec": 33.000
				,"percent": 34.31
				}
			,{
				"<=msec": 34.000
				,"percent": 39.53
				}
			,{
				"<=msec": 35.000
				,"percent": 44.54
				}
			,{
				"<=msec": 36.000
				,"percent": 49.41
				}
			,{
				"<=msec": 37.000
				,"percent": 54.39
				}
			,{
				"<=msec": 38.000
				,"percent": 59.41
				}
			,{
				"<=msec": 39.000
				,"percent": 64.18
				}
			,{
				"<=msec": 40.000
				,"percent": 68.49
				}
			,{
				"<=msec": 41.000
				,"percent": 71.78
				}
			,{
				"<=msec": 42.000
				,"percent": 74.57
				}
			,{
				"<=msec": 43.000
				,"percent": 76.94
				}
			,{
				"<=msec": 44.000
				,"percent": 79.00
				}
			,{
				"<=msec": 45.000
				,"percent": 80.84
				}
			,{
				"<=msec": 46.000
				,"percent": 82.38
				}
			,{
				"<=msec": 47.000
				,"percent": 83.85
				}
			,{
				"<=msec": 48.000
				,"percent": 85.23
				}
			,{
				"<=msec": 49.000
				,"percent": 86.54
				}
			,{
				"<=msec": 50.000
				,"percent": 87.68
				}
			,{
				"<=msec": 51.000
				,"percent": 88.81
				}
			,{
				"<=msec": 52.000
				,"percent": 89.82
				}
			,{
				"<=msec": 53.000
				,"percent": 90.74
				}
			,{
				"<=msec": 54.000
				,"percent": 91.66
				}
			,{
				"<=msec": 55.000
				,"percent": 92.42
				}
			,{
				"<=msec": 56.000
				,"percent": 93.11
				}
			,{
				"<=msec": 57.000
				,"percent": 93.70
				}
			,{
				"<=msec": 58.000
				,"percent": 94.34
				}
			,{
				"<=msec": 59.000
				,"percent": 94.89
				}
			,{
				"<=msec": 60.000
				,"percent": 95.45
				}
			,{
				"<=msec": 61.000
				,"percent": 95.90
				}
			,{
				"<=msec": 62.000
				,"percent": 96.26
				}
			,{
				"<=msec": 63.000
				,"percent": 96.66
				}
			,{
				"<=msec": 64.000
				,"percent": 96.97
				}
			,{
				"<=msec": 65.000
				,"percent": 97.26
				}
			,{
				"<=msec": 66.000
				,"percent": 97.53
				}
			,{
				"<=msec": 67.000
				,"percent": 97.72
				}
			,{
				"<=msec": 68.000
				,"percent": 97.90
				}
			,{
				"<=msec": 69.000
				,"percent": 98.07
				}
			,{
				"<=msec": 70.000
				,"percent": 98.22
				}
			,{
				"<=msec": 71.000
				,"percent": 98.36
				}
			,{
				"<=msec": 72.000
				,"percent": 98.46
				}
			,{
				"<=msec": 73.000
				,"percent": 98.59
				}
			,{
				"<=msec": 74.000
				,"percent": 98.67
				}
			,{
				"<=msec": 75.000
				,"percent": 98.75
				}
			,{
				"<=msec": 76.000
				,"percent": 98.81
				}
			,{
				"<=msec": 77.000
				,"percent": 98.84
				}
			,{
				"<=msec": 78.000
				,"percent": 98.88
				}
			,{
				"<=msec": 79.000
				,"percent": 98.94
				}
			,{
				"<=msec": 80.000
				,"percent": 98.99
				}
			,{
				"<=msec": 81.000
				,"percent": 99.04
				}
			,{
				"<=msec": 82.000
				,"percent": 99.08
				}
			,{
				"<=msec": 83.000
				,"percent": 99.12
				}
			,{
				"<=msec": 84.000
				,"percent": 99.15
				}
			,{
				"<=msec": 85.000
				,"percent": 99.16
				}
			,{
				"<=msec": 86.000
				,"percent": 99.19
				}
			,{
				"<=msec": 87.000
				,"percent": 99.22
				}
			,{
				"<=msec": 88.000
				,"percent": 99.24
				}
			,{
				"<=msec": 89.000
				,"percent": 99.27
				}
			,{
				"<=msec": 90.000
				,"percent": 99.30
				}
			,{
				"<=msec": 91.000
				,"percent": 99.33
				}
			,{
				"<=msec": 92.000
				,"percent": 99.36
				}
			,{
				"<=msec": 93.000
				,"percent": 99.38
				}
			,{
				"<=msec": 94.000
				,"percent": 99.40
				}
			,{
				"<=msec": 95.000
				,"percent": 99.42
				}
			,{
				"<=msec": 96.000
				,"percent": 99.43
				}
			,{
				"<=msec": 97.000
				,"percent": 99.44
				}
			,{
				"<=msec": 98.000
				,"percent": 99.44
				}
			,{
				"<=msec": 99.000
				,"percent": 99.44
				}
			,{
				"<=msec": 100.000
				,"percent": 99.48
				}
			,{
				"<=msec": 110.000
				,"percent": 99.49
				}
			,{
				"<=msec": 120.000
				,"percent": 99.53
				}
			,{
				"<=msec": 130.000
				,"percent": 99.55
				}
			,{
				"<=msec": 140.000
				,"percent": 99.57
				}
			,{
				"<=msec": 150.000
				,"percent": 99.59
				}
			,{
				"<=msec": 160.000
				,"percent": 99.65
				}
			,{
				"<=msec": 170.000
				,"percent": 99.69
				}
			,{
				"<=msec": 180.000
				,"percent": 99.75
				}
			,{
				"<=msec": 190.000
				,"percent": 99.77
				}
			,{
				"<=msec": 200.000
				,"percent": 99.78
				}
			,{
				"<=msec": 210.000
				,"percent": 99.81
				}
			,{
				"<=msec": 230.000
				,"percent": 99.81
				}
			,{
				"<=msec": 240.000
				,"percent": 99.82
				}
			,{
				"<=msec": 270.000
				,"percent": 99.83
				}
			,{
				"<=msec": 280.000
				,"percent": 99.86
				}
			,{
				"<=msec": 290.000
				,"percent": 99.88
				}
			,{
				"<=msec": 310.000
				,"percent": 99.88
				}
			,{
				"<=msec": 330.000
				,"percent": 99.90
				}
			,{
				"<=msec": 340.000
				,"percent": 99.92
				}
			,{
				"<=msec": 350.000
				,"percent": 99.93
				}
			,{
				"<=msec": 360.000
				,"percent": 99.94
				}
			,{
				"<=msec": 370.000
				,"percent": 99.94
				}
			,{
				"<=msec": 380.000
				,"percent": 99.95
				}
			,{
				"<=msec": 390.000
				,"percent": 99.98
				}
			,{
				"<=msec": 400.000
				,"percent": 100.00
				}
			,{
				"<=msec": 420.000
				,"percent": 100.00
				}
			]
		,"GET":[
			{
				"<=msec": 3.500
				,"percent": 0.00
				}
			,{
				"<=msec": 3.700
				,"percent": 0.01
				}
			,{
				"<=msec": 3.900
				,"percent": 0.01
				}
			,{
				"<=msec": 4.000
				,"percent": 0.02
				}
			,{
				"<=msec": 4.100
				,"percent": 0.02
				}
			,{
				"<=msec": 4.200
				,"percent": 0.03
				}
			,{
				"<=msec": 4.300
				,"percent": 0.05
				}
			,{
				"<=msec": 4.400
				,"percent": 0.05
				}
			,{
				"<=msec": 4.500
				,"percent": 0.06
				}
			,{
				"<=msec": 4.600
				,"percent": 0.06
				}
			,{
				"<=msec": 4.700
				,"percent": 0.09
				}
			,{
				"<=msec": 4.800
				,"percent": 0.10
				}
			,{
				"<=msec": 4.900
				,"percent": 0.11
				}
			,{
				"<=msec": 5.000
				,"percent": 0.13
				}
			,{
				"<=msec": 5.100
				,"percent": 0.15
				}
			,{
				"<=msec": 5.200
				,"percent": 0.18
				}
			,{
				"<=msec": 5.300
				,"percent": 0.19
				}
			,{
				"<=msec": 5.400
				,"percent": 0.20
				}
			,{
				"<=msec": 5.500
				,"percent": 0.22
				}
			,{
				"<=msec": 5.600
				,"percent": 0.25
				}
			,{
				"<=msec": 5.700
				,"percent": 0.27
				}
			,{
				"<=msec": 5.800
				,"percent": 0.28
				}
			,{
				"<=msec": 5.900
				,"percent": 0.31
				}
			,{
				"<=msec": 6.000
				,"percent": 0.35
				}
			,{
				"<=msec": 6.100
				,"percent": 0.38
				}
			,{
				"<=msec": 6.200
				,"percent": 0.39
				}
			,{
				"<=msec": 6.300
				,"percent": 0.44
				}
			,{
				"<=msec": 6.400
				,"percent": 0.47
				}
			,{
				"<=msec": 6.500
				,"percent": 0.50
				}
			,{
				"<=msec": 6.600
				,"percent": 0.54
				}
			,{
				"<=msec": 6.700
				,"percent": 0.57
				}
			,{
				"<=msec": 6.800
				,"percent": 0.60
				}
			,{
				"<=msec": 6.900
				,"percent": 0.64
				}
			,{
				"<=msec": 7.000
				,"percent": 0.69
				}
			,{
				"<=msec": 7.100
				,"percent": 0.73
				}
			,{
				"<=msec": 7.200
				,"percent": 0.78
				}
			,{
				"<=msec": 7.300
				,"percent": 0.84
				}
			,{
				"<=msec": 7.400
				,"percent": 0.88
				}
			,{
				"<=msec": 7.500
				,"percent": 0.91
				}
			,{
				"<=msec": 7.600
				,"percent": 0.93
				}
			,{
				"<=msec": 7.700
				,"percent": 0.97
				}
			,{
				"<=msec": 7.800
				,"percent": 1.01
				}
			,{
				"<=msec": 7.900
				,"percent": 1.06
				}
			,{
				"<=msec": 8.000
				,"percent": 1.09
				}
			,{
				"<=msec": 8.100
				,"percent": 1.14
				}
			,{
				"<=msec": 8.200
				,"percent": 1.18
				}
			,{
				"<=msec": 8.300
				,"percent": 1.24
				}
			,{
				"<=msec": 8.400
				,"percent": 1.30
				}
			,{
				"<=msec": 8.500
				,"percent": 1.35
				}
			,{
				"<=msec": 8.600
				,"percent": 1.38
				}
			,{
				"<=msec": 8.700
				,"percent": 1.44
				}
			,{
				"<=msec": 8.800
				,"percent": 1.50
				}
			,{
				"<=msec": 8.900
				,"percent": 1.56
				}
			,{
				"<=msec": 9.000
				,"percent": 1.60
				}
			,{
				"<=msec": 9.100
				,"percent": 1.66
				}
			,{
				"<=msec": 9.200
				,"percent": 1.71
				}
			,{
				"<=msec": 9.300
				,"percent": 1.76
				}
			,{
				"<=msec": 9.400
				,"percent": 1.82
				}
			,{
				"<=msec": 9.500
				,"percent": 1.88
				}
			,{
				"<=msec": 9.600
				,"percent": 1.98
				}
			,{
				"<=msec": 9.700
				,"percent": 2.02
				}
			,{
				"<=msec": 9.800
				,"percent": 2.06
				}
			,{
				"<=msec": 9.900
				,"percent": 2.12
				}
			,{
				"<=msec": 10.000
				,"percent": 2.47
				}
			,{
				"<=msec": 11.000
				,"percent": 3.08
				}
			,{
				"<=msec": 12.000
				,"percent": 3.66
				}
			,{
				"<=msec": 13.000
				,"percent": 4.28
				}
			,{
				"<=msec": 14.000
				,"percent": 4.94
				}
			,{
				"<=msec": 15.000
				,"percent": 5.49
				}
			,{
				"<=msec": 16.000
				,"percent": 5.99
				}
			,{
				"<=msec": 17.000
				,"percent": 6.43
				}
			,{
				"<=msec": 18.000
				,"percent": 6.92
				}
			,{
				"<=msec": 19.000
				,"percent": 7.46
				}
			,{
				"<=msec": 20.000
				,"percent": 8.08
				}
			,{
				"<=msec": 21.000
				,"percent": 8.66
				}
			,{
				"<=msec": 22.000
				,"percent": 9.29
				}
			,{
				"<=msec": 23.000
				,"percent": 10.21
				}
			,{
				"<=msec": 24.000
				,"percent": 11.63
				}
			,{
				"<=msec": 25.000
				,"percent": 13.79
				}
			,{
				"<=msec": 26.000
				,"percent": 16.73
				}
			,{
				"<=msec": 27.000
				,"percent": 20.10
				}
			,{
				"<=msec": 28.000
				,"percent": 23.68
				}
			,{
				"<=msec": 29.000
				,"percent": 27.56
				}
			,{
				"<=msec": 30.000
				,"percent": 32.11
				}
			,{
				"<=msec": 31.000
				,"percent": 37.77
				}
			,{
				"<=msec": 32.000
				,"percent": 44.14
				}
			,{
				"<=msec": 33.000
				,"percent": 50.86
				}
			,{
				"<=msec": 34.000
				,"percent": 56.89
				}
			,{
				"<=msec": 35.000
				,"percent": 61.92
				}
			,{
				"<=msec": 36.000
				,"percent": 66.08
				}
			,{
				"<=msec": 37.000
				,"percent": 69.75
				}
			,{
				"<=msec": 38.000
				,"percent": 73.45
				}
			,{
				"<=msec": 39.000
				,"percent": 76.74
				}
			,{
				"<=msec": 40.000
				,"percent": 79.35
				}
			,{
				"<=msec": 41.000
				,"percent": 81.47
				}
			,{
				"<=msec": 42.000
				,"percent": 83.40
				}
			,{
				"<=msec": 43.000
				,"percent": 84.77
				}
			,{
				"<=msec": 44.000
				,"percent": 86.16
				}
			,{
				"<=msec": 45.000
				,"percent": 87.41
				}
			,{
				"<=msec": 46.000
				,"percent": 88.49
				}
			,{
				"<=msec": 47.000
				,"percent": 89.52
				}
			,{
				"<=msec": 48.000
				,"percent": 90.41
				}
			,{
				"<=msec": 49.000
				,"percent": 91.22
				}
			,{
				"<=msec": 50.000
				,"percent": 91.90
				}
			,{
				"<=msec": 51.000
				,"percent": 92.71
				}
			,{
				"<=msec": 52.000
				,"percent": 93.42
				}
			,{
				"<=msec": 53.000
				,"percent": 94.10
				}
			,{
				"<=msec": 54.000
				,"percent": 94.68
				}
			,{
				"<=msec": 55.000
				,"percent": 95.17
				}
			,{
				"<=msec": 56.000
				,"percent": 95.66
				}
			,{
				"<=msec": 57.000
				,"percent": 96.08
				}
			,{
				"<=msec": 58.000
				,"percent": 96.43
				}
			,{
				"<=msec": 59.000
				,"percent": 96.76
				}
			,{
				"<=msec": 60.000
				,"percent": 97.06
				}
			,{
				"<=msec": 61.000
				,"percent": 97.35
				}
			,{
				"<=msec": 62.000
				,"percent": 97.57
				}
			,{
				"<=msec": 63.000
				,"percent": 97.82
				}
			,{
				"<=msec": 64.000
				,"percent": 97.99
				}
			,{
				"<=msec": 65.000
				,"percent": 98.17
				}
			,{
				"<=msec": 66.000
				,"percent": 98.28
				}
			,{
				"<=msec": 67.000
				,"percent": 98.39
				}
			,{
				"<=msec": 68.000
				,"percent": 98.51
				}
			,{
				"<=msec": 69.000
				,"percent": 98.58
				}
			,{
				"<=msec": 70.000
				,"percent": 98.66
				}
			,{
				"<=msec": 71.000
				,"percent": 98.73
				}
			,{
				"<=msec": 72.000
				,"percent": 98.79
				}
			,{
				"<=msec": 73.000
				,"percent": 98.85
				}
			,{
				"<=msec": 74.000
				,"percent": 98.88
				}
			,{
				"<=msec": 75.000
				,"percent": 98.94
				}
			,{
				"<=msec": 76.000
				,"percent": 98.97
				}
			,{
				"<=msec": 77.000
				,"percent": 98.99
				}
			,{
				"<=msec": 78.000
				,"percent": 99.03
				}
			,{
				"<=msec": 79.000
				,"percent": 99.06
				}
			,{
				"<=msec": 80.000
				,"percent": 99.08
				}
			,{
				"<=msec": 81.000
				,"percent": 99.10
				}
			,{
				"<=msec": 82.000
				,"percent": 99.12
				}
			,{
				"<=msec": 83.000
				,"percent": 99.14
				}
			,{
				"<=msec": 84.000
				,"percent": 99.16
				}
			,{
				"<=msec": 85.000
				,"percent": 99.17
				}
			,{
				"<=msec": 86.000
				,"percent": 99.19
				}
			,{
				"<=msec": 87.000
				,"percent": 99.22
				}
			,{
				"<=msec": 88.000
				,"percent": 99.24
				}
			,{
				"<=msec": 89.000
				,"percent": 99.25
				}
			,{
				"<=msec": 90.000
				,"percent": 99.27
				}
			,{
				"<=msec": 91.000
				,"percent": 99.28
				}
			,{
				"<=msec": 92.000
				,"percent": 99.30
				}
			,{
				"<=msec": 93.000
				,"percent": 99.32
				}
			,{
				"<=msec": 94.000
				,"percent": 99.33
				}
			,{
				"<=msec": 95.000
				,"percent": 99.35
				}
			,{
				"<=msec": 96.000
				,"percent": 99.35
				}
			,{
				"<=msec": 97.000
				,"percent": 99.36
				}
			,{
				"<=msec": 99.000
				,"percent": 99.37
				}
			,{
				"<=msec": 100.000
				,"percent": 99.39
				}
			,{
				"<=msec": 110.000
				,"percent": 99.41
				}
			,{
				"<=msec": 120.000
				,"percent": 99.43
				}
			,{
				"<=msec": 130.000
				,"percent": 99.44
				}
			,{
				"<=msec": 140.000
				,"percent": 99.45
				}
			,{
				"<=msec": 150.000
				,"percent": 99.46
				}
			,{
				"<=msec": 160.000
				,"percent": 99.52
				}
			,{
				"<=msec": 170.000
				,"percent": 99.57
				}
			,{
				"<=msec": 180.000
				,"percent": 99.64
				}
			,{
				"<=msec": 190.000
				,"percent": 99.67
				}
			,{
				"<=msec": 200.000
				,"percent": 99.73
				}
			,{
				"<=msec": 210.000
				,"percent": 99.79
				}
			,{
				"<=msec": 220.000
				,"percent": 99.79
				}
			,{
				"<=msec": 230.000
				,"percent": 99.80
				}
			,{
				"<=msec": 240.000
				,"percent": 99.80
				}
			,{
				"<=msec": 250.000
				,"percent": 99.81
				}
			,{
				"<=msec": 270.000
				,"percent": 99.82
				}
			,{
				"<=msec": 280.000
				,"percent": 99.84
				}
			,{
				"<=msec": 290.000
				,"percent": 99.84
				}
			,{
				"<=msec": 320.000
				,"percent": 99.85
				}
			,{
				"<=msec": 330.000
				,"percent": 99.89
				}
			,{
				"<=msec": 340.000
				,"percent": 99.91
				}
			,{
				"<=msec": 350.000
				,"percent": 99.92
				}
			,{
				"<=msec": 360.000
				,"percent": 99.95
				}
			,{
				"<=msec": 380.000
				,"percent": 99.95
				}
			,{
				"<=msec": 390.000
				,"percent": 99.99
				}
			,{
				"<=msec": 400.000
				,"percent": 100.00
				}
			,{
				"<=msec": 420.000
				,"percent": 100.00
				}
			]
		,"WAIT":[
		]
		}
	}
