{
	"configuration":{
		"server": "10.0.0.8"
		,"port": 6379
		,"unix socket": "(null)"
		,"protocol": "memcache_text"
		,"out_file": "(null)"
		,"client_stats": "(null)"
		,"run_count": 1
		,"debug": 0
		,"requests": 0
		,"clients": 32
		,"threads": 1
		,"test_time": 75
		,"ratio": "1:1"
		,"pipeline": 1
		,"data_size": 1024
		,"data_offset": 0
		,"random_data": "false"
		,"data_size_range": "0:0"
		,"data_size_list": ""
		,"data_size_pattern": "R"
		,"expiry_range": "9999:10000"
		,"data_import": "(null)"
		,"data_verify": "false"
		,"verify_only": "false"
		,"generate_keys": "false"
		,"key_prefix": "memtier-"
		,"key_minimum":           0
		,"key_maximum":       10000
		,"key_pattern": "R:R"
		,"key_stddev": 0.000000
		,"key_median": 0.000000
		,"reconnect_interval": 0
		,"multi_key_get": 0
		,"authenticate": ""
		,"select-db": 0
		,"no-expiry": "false"
		,"wait-ratio": "0:0"
		,"num-slaves": "0:0"
		,"wait-timeout": "0-0"
		}
	,"run information":{
		"Threads": 1
		,"Connections per thread": 32
		,"Seconds": 75
		}
	,"ALL STATS":{
		"Sets":{
			"Ops/sec": 452.63
			,"Hits/sec": 0.00
			,"Misses/sec": 0.00
			,"Latency": 37.13
			,"KB/sec": 470.49
			}
		,"Gets":{
			"Ops/sec": 452.43
			,"Hits/sec": 452.43
			,"Misses/sec": 0.00
			,"Latency": 33.56
			,"KB/sec": 475.32
			}
		,"Waits":{
			"Ops/sec": 0.00
			,"Hits/sec": 0.00
			,"Misses/sec": 0.00
			,"Latency": 0.00
			,"KB/sec": 0.00
			}
		,"Totals":{
			"Ops/sec": 905.07
			,"Hits/sec": 452.43
			,"Misses/sec": 0.00
			,"Latency": 35.35
			,"KB/sec": 945.81
			}
		,"SET":[
			{
				"<=msec": 4.100
				,"percent": 0.00
				}
			,{
				"<=msec": 4.400
				,"percent": 0.01
				}
			,{
				"<=msec": 4.500
				,"percent": 0.01
				}
			,{
				"<=msec": 4.600
				,"percent": 0.01
				}
			,{
				"<=msec": 4.700
				,"percent": 0.02
				}
			,{
				"<=msec": 4.800
				,"percent": 0.02
				}
			,{
				"<=msec": 4.900
				,"percent": 0.03
				}
			,{
				"<=msec": 5.000
				,"percent": 0.03
				}
			,{
				"<=msec": 5.200
				,"percent": 0.04
				}
			,{
				"<=msec": 5.300
				,"percent": 0.04
				}
			,{
				"<=msec": 5.500
				,"percent": 0.05
				}
			,{
				"<=msec": 5.600
				,"percent": 0.05
				}
			,{
				"<=msec": 5.700
				,"percent": 0.06
				}
			,{
				"<=msec": 5.900
				,"percent": 0.08
				}
			,{
				"<=msec": 6.000
				,"percent": 0.08
				}
			,{
				"<=msec": 6.200
				,"percent": 0.09
				}
			,{
				"<=msec": 6.300
				,"percent": 0.09
				}
			,{
				"<=msec": 6.400
				,"percent": 0.10
				}
			,{
				"<=msec": 6.500
				,"percent": 0.11
				}
			,{
				"<=msec": 6.600
				,"percent": 0.11
				}
			,{
				"<=msec": 6.700
				,"percent": 0.12
				}
			,{
				"<=msec": 6.800
				,"percent": 0.13
				}
			,{
				"<=msec": 6.900
				,"percent": 0.14
				}
			,{
				"<=msec": 7.000
				,"percent": 0.16
				}
			,{
				"<=msec": 7.100
				,"percent": 0.17
				}
			,{
				"<=msec": 7.200
				,"percent": 0.17
				}
			,{
				"<=msec": 7.300
				,"percent": 0.19
				}
			,{
				"<=msec": 7.400
				,"percent": 0.20
				}
			,{
				"<=msec": 7.500
				,"percent": 0.21
				}
			,{
				"<=msec": 7.600
				,"percent": 0.21
				}
			,{
				"<=msec": 7.700
				,"percent": 0.23
				}
			,{
				"<=msec": 7.800
				,"percent": 0.24
				}
			,{
				"<=msec": 7.900
				,"percent": 0.24
				}
			,{
				"<=msec": 8.000
				,"percent": 0.27
				}
			,{
				"<=msec": 8.100
				,"percent": 0.28
				}
			,{
				"<=msec": 8.200
				,"percent": 0.30
				}
			,{
				"<=msec": 8.300
				,"percent": 0.32
				}
			,{
				"<=msec": 8.400
				,"percent": 0.33
				}
			,{
				"<=msec": 8.500
				,"percent": 0.37
				}
			,{
				"<=msec": 8.600
				,"percent": 0.39
				}
			,{
				"<=msec": 8.700
				,"percent": 0.41
				}
			,{
				"<=msec": 8.800
				,"percent": 0.43
				}
			,{
				"<=msec": 8.900
				,"percent": 0.48
				}
			,{
				"<=msec": 9.000
				,"percent": 0.50
				}
			,{
				"<=msec": 9.100
				,"percent": 0.53
				}
			,{
				"<=msec": 9.200
				,"percent": 0.55
				}
			,{
				"<=msec": 9.300
				,"percent": 0.59
				}
			,{
				"<=msec": 9.400
				,"percent": 0.63
				}
			,{
				"<=msec": 9.500
				,"percent": 0.67
				}
			,{
				"<=msec": 9.600
				,"percent": 0.72
				}
			,{
				"<=msec": 9.700
				,"percent": 0.78
				}
			,{
				"<=msec": 9.800
				,"percent": 0.82
				}
			,{
				"<=msec": 9.900
				,"percent": 0.86
				}
			,{
				"<=msec": 10.000
				,"percent": 1.20
				}
			,{
				"<=msec": 11.000
				,"percent": 1.90
				}
			,{
				"<=msec": 12.000
				,"percent": 2.40
				}
			,{
				"<=msec": 13.000
				,"percent": 2.96
				}
			,{
				"<=msec": 14.000
				,"percent": 3.46
				}
			,{
				"<=msec": 15.000
				,"percent": 4.03
				}
			,{
				"<=msec": 16.000
				,"percent": 4.53
				}
			,{
				"<=msec": 17.000
				,"percent": 5.10
				}
			,{
				"<=msec": 18.000
				,"percent": 5.67
				}
			,{
				"<=msec": 19.000
				,"percent": 6.26
				}
			,{
				"<=msec": 20.000
				,"percent": 6.77
				}
			,{
				"<=msec": 21.000
				,"percent": 7.30
				}
			,{
				"<=msec": 22.000
				,"percent": 7.98
				}
			,{
				"<=msec": 23.000
				,"percent": 8.69
				}
			,{
				"<=msec": 24.000
				,"percent": 9.72
				}
			,{
				"<=msec": 25.000
				,"percent": 10.97
				}
			,{
				"<=msec": 26.000
				,"percent": 12.63
				}
			,{
				"<=msec": 27.000
				,"percent": 14.47
				}
			,{
				"<=msec": 28.000
				,"percent": 16.59
				}
			,{
				"<=msec": 29.000
				,"percent": 19.09
				}
			,{
				"<=msec": 30.000
				,"percent": 22.49
				}
			,{
				"<=msec": 31.000
				,"percent": 26.83
				}
			,{
				"<=msec": 32.000
				,"percent": 32.23
				}
			,{
				"<=msec": 33.000
				,"percent": 38.10
				}
			,{
				"<=msec": 34.000
				,"percent": 43.53
				}
			,{
				"<=msec": 35.000
				,"percent": 48.85
				}
			,{
				"<=msec": 36.000
				,"percent": 53.78
				}
			,{
				"<=msec": 37.000
				,"percent": 58.71
				}
			,{
				"<=msec": 38.000
				,"percent": 63.63
				}
			,{
				"<=msec": 39.000
				,"percent": 68.12
				}
			,{
				"<=msec": 40.000
				,"percent": 71.63
				}
			,{
				"<=msec": 41.000
				,"percent": 74.62
				}
			,{
				"<=msec": 42.000
				,"percent": 77.20
				}
			,{
				"<=msec": 43.000
				,"percent": 79.32
				}
			,{
				"<=msec": 44.000
				,"percent": 81.09
				}
			,{
				"<=msec": 45.000
				,"percent": 82.70
				}
			,{
				"<=msec": 46.000
				,"percent": 84.08
				}
			,{
				"<=msec": 47.000
				,"percent": 85.37
				}
			,{
				"<=msec": 48.000
				,"percent": 86.60
				}
			,{
				"<=msec": 49.000
				,"percent": 87.81
				}
			,{
				"<=msec": 50.000
				,"percent": 88.79
				}
			,{
				"<=msec": 51.000
				,"percent": 89.83
				}
			,{
				"<=msec": 52.000
				,"percent": 90.72
				}
			,{
				"<=msec": 53.000
				,"percent": 91.61
				}
			,{
				"<=msec": 54.000
				,"percent": 92.35
				}
			,{
				"<=msec": 55.000
				,"percent": 93.00
				}
			,{
				"<=msec": 56.000
				,"percent": 93.64
				}
			,{
				"<=msec": 57.000
				,"percent": 94.20
				}
			,{
				"<=msec": 58.000
				,"percent": 94.69
				}
			,{
				"<=msec": 59.000
				,"percent": 95.23
				}
			,{
				"<=msec": 60.000
				,"percent": 95.67
				}
			,{
				"<=msec": 61.000
				,"percent": 96.11
				}
			,{
				"<=msec": 62.000
				,"percent": 96.45
				}
			,{
				"<=msec": 63.000
				,"percent": 96.83
				}
			,{
				"<=msec": 64.000
				,"percent": 97.20
				}
			,{
				"<=msec": 65.000
				,"percent": 97.53
				}
			,{
				"<=msec": 66.000
				,"percent": 97.77
				}
			,{
				"<=msec": 67.000
				,"percent": 98.03
				}
			,{
				"<=msec": 68.000
				,"percent": 98.25
				}
			,{
				"<=msec": 69.000
				,"percent": 98.45
				}
			,{
				"<=msec": 70.000
				,"percent": 98.65
				}
			,{
				"<=msec": 71.000
				,"percent": 98.80
				}
			,{
				"<=msec": 72.000
				,"percent": 98.92
				}
			,{
				"<=msec": 73.000
				,"percent": 99.02
				}
			,{
				"<=msec": 74.000
				,"percent": 99.12
				}
			,{
				"<=msec": 75.000
				,"percent": 99.20
				}
			,{
				"<=msec": 76.000
				,"percent": 99.25
				}
			,{
				"<=msec": 77.000
				,"percent": 99.31
				}
			,{
				"<=msec": 78.000
				,"percent": 99.40
				}
			,{
				"<=msec": 79.000
				,"percent": 99.44
				}
			,{
				"<=msec": 80.000
				,"percent": 99.48
				}
			,{
				"<=msec": 81.000
				,"percent": 99.51
				}
			,{
				"<=msec": 82.000
				,"percent": 99.55
				}
			,{
				"<=msec": 83.000
				,"percent": 99.59
				}
			,{
				"<=msec": 84.000
				,"percent": 99.61
				}
			,{
				"<=msec": 85.000
				,"percent": 99.61
				}
			,{
				"<=msec": 86.000
				,"percent": 99.63
				}
			,{
				"<=msec": 87.000
				,"percent": 99.65
				}
			,{
				"<=msec": 88.000
				,"percent": 99.67
				}
			,{
				"<=msec": 89.000
				,"percent": 99.70
				}
			,{
				"<=msec": 90.000
				,"percent": 99.70
				}
			,{
				"<=msec": 91.000
				,"percent": 99.71
				}
			,{
				"<=msec": 92.000
				,"percent": 99.72
				}
			,{
				"<=msec": 93.000
				,"percent": 99.72
				}
			,{
				"<=msec": 94.000
				,"percent": 99.73
				}
			,{
				"<=msec": 95.000
				,"percent": 99.73
				}
			,{
				"<=msec": 96.000
				,"percent": 99.74
				}
			,{
				"<=msec": 97.000
				,"percent": 99.75
				}
			,{
				"<=msec": 98.000
				,"percent": 99.75
				}
			,{
				"<=msec": 99.000
				,"percent": 99.76
				}
			,{
				"<=msec": 100.000
				,"percent": 99.79
				}
			,{
				"<=msec": 110.000
				,"percent": 99.83
				}
			,{
				"<=msec": 120.000
				,"percent": 99.85
				}
			,{
				"<=msec": 130.000
				,"percent": 99.89
				}
			,{
				"<=msec": 200.000
				,"percent": 99.93
				}
			,{
				"<=msec": 210.000
				,"percent": 100.00
				}
			]
		,"GET":[
			{
				"<=msec": 3.600
				,"percent": 0.00
				}
			,{
				"<=msec": 3.700
				,"percent": 0.02
				}
			,{
				"<=msec": 3.800
				,"percent": 0.04
				}
			,{
				"<=msec": 3.900
				,"percent": 0.05
				}
			,{
				"<=msec": 4.000
				,"percent": 0.06
				}
			,{
				"<=msec": 4.100
				,"percent": 0.08
				}
			,{
				"<=msec": 4.200
				,"percent": 0.10
				}
			,{
				"<=msec": 4.300
				,"percent": 0.12
				}
			,{
				"<=msec": 4.400
				,"percent": 0.14
				}
			,{
				"<=msec": 4.500
				,"percent": 0.17
				}
			,{
				"<=msec": 4.600
				,"percent": 0.20
				}
			,{
				"<=msec": 4.700
				,"percent": 0.22
				}
			,{
				"<=msec": 4.800
				,"percent": 0.23
				}
			,{
				"<=msec": 4.900
				,"percent": 0.24
				}
			,{
				"<=msec": 5.000
				,"percent": 0.26
				}
			,{
				"<=msec": 5.100
				,"percent": 0.29
				}
			,{
				"<=msec": 5.200
				,"percent": 0.31
				}
			,{
				"<=msec": 5.300
				,"percent": 0.33
				}
			,{
				"<=msec": 5.400
				,"percent": 0.34
				}
			,{
				"<=msec": 5.500
				,"percent": 0.37
				}
			,{
				"<=msec": 5.600
				,"percent": 0.39
				}
			,{
				"<=msec": 5.700
				,"percent": 0.42
				}
			,{
				"<=msec": 5.800
				,"percent": 0.45
				}
			,{
				"<=msec": 5.900
				,"percent": 0.48
				}
			,{
				"<=msec": 6.000
				,"percent": 0.50
				}
			,{
				"<=msec": 6.100
				,"percent": 0.51
				}
			,{
				"<=msec": 6.200
				,"percent": 0.55
				}
			,{
				"<=msec": 6.300
				,"percent": 0.57
				}
			,{
				"<=msec": 6.400
				,"percent": 0.60
				}
			,{
				"<=msec": 6.500
				,"percent": 0.64
				}
			,{
				"<=msec": 6.600
				,"percent": 0.67
				}
			,{
				"<=msec": 6.700
				,"percent": 0.69
				}
			,{
				"<=msec": 6.800
				,"percent": 0.71
				}
			,{
				"<=msec": 6.900
				,"percent": 0.75
				}
			,{
				"<=msec": 7.000
				,"percent": 0.77
				}
			,{
				"<=msec": 7.100
				,"percent": 0.80
				}
			,{
				"<=msec": 7.200
				,"percent": 0.83
				}
			,{
				"<=msec": 7.300
				,"percent": 0.86
				}
			,{
				"<=msec": 7.400
				,"percent": 0.91
				}
			,{
				"<=msec": 7.500
				,"percent": 0.95
				}
			,{
				"<=msec": 7.600
				,"percent": 0.98
				}
			,{
				"<=msec": 7.700
				,"percent": 1.01
				}
			,{
				"<=msec": 7.800
				,"percent": 1.03
				}
			,{
				"<=msec": 7.900
				,"percent": 1.07
				}
			,{
				"<=msec": 8.000
				,"percent": 1.10
				}
			,{
				"<=msec": 8.100
				,"percent": 1.14
				}
			,{
				"<=msec": 8.200
				,"percent": 1.18
				}
			,{
				"<=msec": 8.300
				,"percent": 1.21
				}
			,{
				"<=msec": 8.400
				,"percent": 1.26
				}
			,{
				"<=msec": 8.500
				,"percent": 1.29
				}
			,{
				"<=msec": 8.600
				,"percent": 1.35
				}
			,{
				"<=msec": 8.700
				,"percent": 1.41
				}
			,{
				"<=msec": 8.800
				,"percent": 1.47
				}
			,{
				"<=msec": 8.900
				,"percent": 1.55
				}
			,{
				"<=msec": 9.000
				,"percent": 1.59
				}
			,{
				"<=msec": 9.100
				,"percent": 1.65
				}
			,{
				"<=msec": 9.200
				,"percent": 1.71
				}
			,{
				"<=msec": 9.300
				,"percent": 1.77
				}
			,{
				"<=msec": 9.400
				,"percent": 1.82
				}
			,{
				"<=msec": 9.500
				,"percent": 1.89
				}
			,{
				"<=msec": 9.600
				,"percent": 1.97
				}
			,{
				"<=msec": 9.700
				,"percent": 2.05
				}
			,{
				"<=msec": 9.800
				,"percent": 2.16
				}
			,{
				"<=msec": 9.900
				,"percent": 2.24
				}
			,{
				"<=msec": 10.000
				,"percent": 2.67
				}
			,{
				"<=msec": 11.000
				,"percent": 3.38
				}
			,{
				"<=msec": 12.000
				,"percent": 4.04
				}
			,{
				"<=msec": 13.000
				,"percent": 4.62
				}
			,{
				"<=msec": 14.000
				,"percent": 5.20
				}
			,{
				"<=msec": 15.000
				,"percent": 5.69
				}
			,{
				"<=msec": 16.000
				,"percent": 6.17
				}
			,{
				"<=msec": 17.000
				,"percent": 6.62
				}
			,{
				"<=msec": 18.000
				,"percent": 7.20
				}
			,{
				"<=msec": 19.000
				,"percent": 7.80
				}
			,{
				"<=msec": 20.000
				,"percent": 8.45
				}
			,{
				"<=msec": 21.000
				,"percent": 9.16
				}
			,{
				"<=msec": 22.000
				,"percent": 9.93
				}
			,{
				"<=msec": 23.000
				,"percent": 10.93
				}
			,{
				"<=msec": 24.000
				,"percent": 12.80
				}
			,{
				"<=msec": 25.000
				,"percent": 15.70
				}
			,{
				"<=msec": 26.000
				,"percent": 19.26
				}
			,{
				"<=msec": 27.000
				,"percent": 23.24
				}
			,{
				"<=msec": 28.000
				,"percent": 27.20
				}
			,{
				"<=msec": 29.000
				,"percent": 31.33
				}
			,{
				"<=msec": 30.000
				,"percent": 36.22
				}
			,{
				"<=msec": 31.000
				,"percent": 42.61
				}
			,{
				"<=msec": 32.000
				,"percent": 49.56
				}
			,{
				"<=msec": 33.000
				,"percent": 56.74
				}
			,{
				"<=msec": 34.000
				,"percent": 62.47
				}
			,{
				"<=msec": 35.000
				,"percent": 66.99
				}
			,{
				"<=msec": 36.000
				,"percent": 70.73
				}
			,{
				"<=msec": 37.000
				,"percent": 74.14
				}
			,{
				"<=msec": 38.000
				,"percent": 77.22
				}
			,{
				"<=msec": 39.000
				,"percent": 79.84
				}
			,{
				"<=msec": 40.000
				,"percent": 81.99
				}
			,{
				"<=msec": 41.000
				,"percent": 83.84
				}
			,{
				"<=msec": 42.000
				,"percent": 85.30
				}
			,{
				"<=msec": 43.000
				,"percent": 86.75
				}
			,{
				"<=msec": 44.000
				,"percent": 87.96
				}
			,{
				"<=msec": 45.000
				,"percent": 89.04
				}
			,{
				"<=msec": 46.000
				,"percent": 89.97
				}
			,{
				"<=msec": 47.000
				,"percent": 90.92
				}
			,{
				"<=msec": 48.000
				,"percent": 91.74
				}
			,{
				"<=msec": 49.000
				,"percent": 92.44
				}
			,{
				"<=msec": 50.000
				,"percent": 93.14
				}
			,{
				"<=msec": 51.000
				,"percent": 93.83
				}
			,{
				"<=msec": 52.000
				,"percent": 94.46
				}
			,{
				"<=msec": 53.000
				,"percent": 95.08
				}
			,{
				"<=msec": 54.000
				,"percent": 95.54
				}
			,{
				"<=msec": 55.000
				,"percent": 95.93
				}
			,{
				"<=msec": 56.000
				,"percent": 96.30
				}
			,{
				"<=msec": 57.000
				,"percent": 96.58
				}
			,{
				"<=msec": 58.000
				,"percent": 96.86
				}
			,{
				"<=msec": 59.000
				,"percent": 97.24
				}
			,{
				"<=msec": 60.000
				,"percent": 97.56
				}
			,{
				"<=msec": 61.000
				,"percent": 97.80
				}
			,{
				"<=msec": 62.000
				,"percent": 98.06
				}
			,{
				"<=msec": 63.000
				,"percent": 98.26
				}
			,{
				"<=msec": 64.000
				,"percent": 98.43
				}
			,{
				"<=msec": 65.000
				,"percent": 98.60
				}
			,{
				"<=msec": 66.000
				,"percent": 98.79
				}
			,{
				"<=msec": 67.000
				,"percent": 98.92
				}
			,{
				"<=msec": 68.000
				,"percent": 99.03
				}
			,{
				"<=msec": 69.000
				,"percent": 99.14
				}
			,{
				"<=msec": 70.000
				,"percent": 99.25
				}
			,{
				"<=msec": 71.000
				,"percent": 99.31
				}
			,{
				"<=msec": 72.000
				,"percent": 99.36
				}
			,{
				"<=msec": 73.000
				,"percent": 99.42
				}
			,{
				"<=msec": 74.000
				,"percent": 99.48
				}
			,{
				"<=msec": 75.000
				,"percent": 99.53
				}
			,{
				"<=msec": 76.000
				,"percent": 99.58
				}
			,{
				"<=msec": 77.000
				,"percent": 99.61
				}
			,{
				"<=msec": 78.000
				,"percent": 99.65
				}
			,{
				"<=msec": 79.000
				,"percent": 99.68
				}
			,{
				"<=msec": 80.000
				,"percent": 99.70
				}
			,{
				"<=msec": 81.000
				,"percent": 99.72
				}
			,{
				"<=msec": 82.000
				,"percent": 99.74
				}
			,{
				"<=msec": 83.000
				,"percent": 99.75
				}
			,{
				"<=msec": 84.000
				,"percent": 99.76
				}
			,{
				"<=msec": 85.000
				,"percent": 99.76
				}
			,{
				"<=msec": 86.000
				,"percent": 99.77
				}
			,{
				"<=msec": 87.000
				,"percent": 99.78
				}
			,{
				"<=msec": 88.000
				,"percent": 99.79
				}
			,{
				"<=msec": 89.000
				,"percent": 99.80
				}
			,{
				"<=msec": 90.000
				,"percent": 99.80
				}
			,{
				"<=msec": 91.000
				,"percent": 99.81
				}
			,{
				"<=msec": 92.000
				,"percent": 99.81
				}
			,{
				"<=msec": 95.000
				,"percent": 99.81
				}
			,{
				"<=msec": 96.000
				,"percent": 99.81
				}
			,{
				"<=msec": 97.000
				,"percent": 99.82
				}
			,{
				"<=msec": 98.000
				,"percent": 99.83
				}
			,{
				"<=msec": 99.000
				,"percent": 99.83
				}
			,{
				"<=msec": 100.000
				,"percent": 99.86
				}
			,{
				"<=msec": 110.000
				,"percent": 99.87
				}
			,{
				"<=msec": 120.000
				,"percent": 99.89
				}
			,{
				"<=msec": 130.000
				,"percent": 99.92
				}
			,{
				"<=msec": 200.000
				,"percent": 99.98
				}
			,{
				"<=msec": 210.000
				,"percent": 100.00
				}
			,{
				"<=msec": 220.000
				,"percent": 100.00
				}
			]
		,"WAIT":[
		]
		}
	}
