{
	"configuration":{
		"server": "10.0.0.8"
		,"port": 6379
		,"unix socket": "(null)"
		,"protocol": "memcache_text"
		,"out_file": "(null)"
		,"client_stats": "(null)"
		,"run_count": 1
		,"debug": 0
		,"requests": 0
		,"clients": 2
		,"threads": 1
		,"test_time": 75
		,"ratio": "1:6"
		,"pipeline": 1
		,"data_size": 1024
		,"data_offset": 0
		,"random_data": "false"
		,"data_size_range": "0:0"
		,"data_size_list": ""
		,"data_size_pattern": "R"
		,"expiry_range": "9999:10000"
		,"data_import": "(null)"
		,"data_verify": "false"
		,"verify_only": "false"
		,"generate_keys": "false"
		,"key_prefix": "memtier-"
		,"key_minimum":           0
		,"key_maximum":       10000
		,"key_pattern": "R:R"
		,"key_stddev": 0.000000
		,"key_median": 0.000000
		,"reconnect_interval": 0
		,"multi_key_get": 6
		,"authenticate": ""
		,"select-db": 0
		,"no-expiry": "false"
		,"wait-ratio": "0:0"
		,"num-slaves": "0:0"
		,"wait-timeout": "0-0"
		}
	,"run information":{
		"Threads": 1
		,"Connections per thread": 2
		,"Seconds": 75
		}
	,"ALL STATS":{
		"Sets":{
			"Ops/sec": 208.29
			,"Hits/sec": 0.00
			,"Misses/sec": 0.00
			,"Latency": 5.41
			,"KB/sec": 216.50
			}
		,"Gets":{
			"Ops/sec": 208.26
			,"Hits/sec": 1249.57
			,"Misses/sec": 0.00
			,"Latency": 4.17
			,"KB/sec": 1302.59
			}
		,"Waits":{
			"Ops/sec": 0.00
			,"Hits/sec": 0.00
			,"Misses/sec": 0.00
			,"Latency": 0.00
			,"KB/sec": 0.00
			}
		,"Totals":{
			"Ops/sec": 416.55
			,"Hits/sec": 1249.57
			,"Misses/sec": 0.00
			,"Latency": 4.79
			,"KB/sec": 1519.09
			}
		,"SET":[
			{
				"<=msec": 0.800
				,"percent": 0.01
				}
			,{
				"<=msec": 0.840
				,"percent": 0.02
				}
			,{
				"<=msec": 0.860
				,"percent": 0.03
				}
			,{
				"<=msec": 0.870
				,"percent": 0.05
				}
			,{
				"<=msec": 0.880
				,"percent": 0.06
				}
			,{
				"<=msec": 0.890
				,"percent": 0.07
				}
			,{
				"<=msec": 0.900
				,"percent": 0.08
				}
			,{
				"<=msec": 0.910
				,"percent": 0.10
				}
			,{
				"<=msec": 0.920
				,"percent": 0.11
				}
			,{
				"<=msec": 0.930
				,"percent": 0.15
				}
			,{
				"<=msec": 0.940
				,"percent": 0.18
				}
			,{
				"<=msec": 0.950
				,"percent": 0.24
				}
			,{
				"<=msec": 0.960
				,"percent": 0.30
				}
			,{
				"<=msec": 0.970
				,"percent": 0.32
				}
			,{
				"<=msec": 0.980
				,"percent": 0.34
				}
			,{
				"<=msec": 0.990
				,"percent": 0.44
				}
			,{
				"<=msec": 1.000
				,"percent": 0.85
				}
			,{
				"<=msec": 1.100
				,"percent": 2.36
				}
			,{
				"<=msec": 1.200
				,"percent": 4.67
				}
			,{
				"<=msec": 1.300
				,"percent": 7.77
				}
			,{
				"<=msec": 1.400
				,"percent": 10.80
				}
			,{
				"<=msec": 1.500
				,"percent": 13.91
				}
			,{
				"<=msec": 1.600
				,"percent": 16.74
				}
			,{
				"<=msec": 1.700
				,"percent": 19.72
				}
			,{
				"<=msec": 1.800
				,"percent": 22.36
				}
			,{
				"<=msec": 1.900
				,"percent": 24.69
				}
			,{
				"<=msec": 2.000
				,"percent": 26.83
				}
			,{
				"<=msec": 2.100
				,"percent": 28.78
				}
			,{
				"<=msec": 2.200
				,"percent": 30.45
				}
			,{
				"<=msec": 2.300
				,"percent": 31.86
				}
			,{
				"<=msec": 2.400
				,"percent": 33.41
				}
			,{
				"<=msec": 2.500
				,"percent": 34.62
				}
			,{
				"<=msec": 2.600
				,"percent": 35.81
				}
			,{
				"<=msec": 2.700
				,"percent": 36.90
				}
			,{
				"<=msec": 2.800
				,"percent": 38.01
				}
			,{
				"<=msec": 2.900
				,"percent": 38.87
				}
			,{
				"<=msec": 3.000
				,"percent": 39.72
				}
			,{
				"<=msec": 3.100
				,"percent": 40.47
				}
			,{
				"<=msec": 3.200
				,"percent": 41.32
				}
			,{
				"<=msec": 3.300
				,"percent": 41.94
				}
			,{
				"<=msec": 3.400
				,"percent": 42.74
				}
			,{
				"<=msec": 3.500
				,"percent": 43.38
				}
			,{
				"<=msec": 3.600
				,"percent": 44.11
				}
			,{
				"<=msec": 3.700
				,"percent": 44.73
				}
			,{
				"<=msec": 3.800
				,"percent": 45.23
				}
			,{
				"<=msec": 3.900
				,"percent": 45.93
				}
			,{
				"<=msec": 4.000
				,"percent": 46.65
				}
			,{
				"<=msec": 4.100
				,"percent": 47.21
				}
			,{
				"<=msec": 4.200
				,"percent": 47.74
				}
			,{
				"<=msec": 4.300
				,"percent": 48.20
				}
			,{
				"<=msec": 4.400
				,"percent": 48.74
				}
			,{
				"<=msec": 4.500
				,"percent": 49.36
				}
			,{
				"<=msec": 4.600
				,"percent": 49.84
				}
			,{
				"<=msec": 4.700
				,"percent": 50.33
				}
			,{
				"<=msec": 4.800
				,"percent": 50.99
				}
			,{
				"<=msec": 4.900
				,"percent": 51.75
				}
			,{
				"<=msec": 5.000
				,"percent": 52.35
				}
			,{
				"<=msec": 5.100
				,"percent": 53.04
				}
			,{
				"<=msec": 5.200
				,"percent": 53.70
				}
			,{
				"<=msec": 5.300
				,"percent": 54.38
				}
			,{
				"<=msec": 5.400
				,"percent": 55.14
				}
			,{
				"<=msec": 5.500
				,"percent": 55.74
				}
			,{
				"<=msec": 5.600
				,"percent": 56.29
				}
			,{
				"<=msec": 5.700
				,"percent": 57.07
				}
			,{
				"<=msec": 5.800
				,"percent": 57.88
				}
			,{
				"<=msec": 5.900
				,"percent": 58.79
				}
			,{
				"<=msec": 6.000
				,"percent": 59.64
				}
			,{
				"<=msec": 6.100
				,"percent": 60.57
				}
			,{
				"<=msec": 6.200
				,"percent": 61.44
				}
			,{
				"<=msec": 6.300
				,"percent": 62.42
				}
			,{
				"<=msec": 6.400
				,"percent": 63.44
				}
			,{
				"<=msec": 6.500
				,"percent": 64.53
				}
			,{
				"<=msec": 6.600
				,"percent": 65.50
				}
			,{
				"<=msec": 6.700
				,"percent": 66.57
				}
			,{
				"<=msec": 6.800
				,"percent": 67.62
				}
			,{
				"<=msec": 6.900
				,"percent": 68.73
				}
			,{
				"<=msec": 7.000
				,"percent": 69.86
				}
			,{
				"<=msec": 7.100
				,"percent": 70.92
				}
			,{
				"<=msec": 7.200
				,"percent": 71.84
				}
			,{
				"<=msec": 7.300
				,"percent": 73.01
				}
			,{
				"<=msec": 7.400
				,"percent": 74.12
				}
			,{
				"<=msec": 7.500
				,"percent": 75.16
				}
			,{
				"<=msec": 7.600
				,"percent": 76.12
				}
			,{
				"<=msec": 7.700
				,"percent": 77.09
				}
			,{
				"<=msec": 7.800
				,"percent": 78.09
				}
			,{
				"<=msec": 7.900
				,"percent": 79.02
				}
			,{
				"<=msec": 8.000
				,"percent": 79.91
				}
			,{
				"<=msec": 8.100
				,"percent": 80.61
				}
			,{
				"<=msec": 8.200
				,"percent": 81.52
				}
			,{
				"<=msec": 8.300
				,"percent": 82.35
				}
			,{
				"<=msec": 8.400
				,"percent": 83.11
				}
			,{
				"<=msec": 8.500
				,"percent": 83.79
				}
			,{
				"<=msec": 8.600
				,"percent": 84.48
				}
			,{
				"<=msec": 8.700
				,"percent": 85.14
				}
			,{
				"<=msec": 8.800
				,"percent": 85.80
				}
			,{
				"<=msec": 8.900
				,"percent": 86.48
				}
			,{
				"<=msec": 9.000
				,"percent": 87.07
				}
			,{
				"<=msec": 9.100
				,"percent": 87.61
				}
			,{
				"<=msec": 9.200
				,"percent": 88.14
				}
			,{
				"<=msec": 9.300
				,"percent": 88.64
				}
			,{
				"<=msec": 9.400
				,"percent": 89.14
				}
			,{
				"<=msec": 9.500
				,"percent": 89.61
				}
			,{
				"<=msec": 9.600
				,"percent": 89.98
				}
			,{
				"<=msec": 9.700
				,"percent": 90.39
				}
			,{
				"<=msec": 9.800
				,"percent": 90.73
				}
			,{
				"<=msec": 9.900
				,"percent": 91.12
				}
			,{
				"<=msec": 10.000
				,"percent": 92.62
				}
			,{
				"<=msec": 11.000
				,"percent": 94.24
				}
			,{
				"<=msec": 12.000
				,"percent": 95.30
				}
			,{
				"<=msec": 13.000
				,"percent": 95.92
				}
			,{
				"<=msec": 14.000
				,"percent": 96.37
				}
			,{
				"<=msec": 15.000
				,"percent": 96.81
				}
			,{
				"<=msec": 16.000
				,"percent": 97.29
				}
			,{
				"<=msec": 17.000
				,"percent": 97.79
				}
			,{
				"<=msec": 18.000
				,"percent": 98.28
				}
			,{
				"<=msec": 19.000
				,"percent": 98.63
				}
			,{
				"<=msec": 20.000
				,"percent": 98.81
				}
			,{
				"<=msec": 21.000
				,"percent": 98.99
				}
			,{
				"<=msec": 22.000
				,"percent": 99.12
				}
			,{
				"<=msec": 23.000
				,"percent": 99.21
				}
			,{
				"<=msec": 24.000
				,"percent": 99.29
				}
			,{
				"<=msec": 25.000
				,"percent": 99.35
				}
			,{
				"<=msec": 26.000
				,"percent": 99.42
				}
			,{
				"<=msec": 27.000
				,"percent": 99.53
				}
			,{
				"<=msec": 28.000
				,"percent": 99.61
				}
			,{
				"<=msec": 29.000
				,"percent": 99.67
				}
			,{
				"<=msec": 30.000
				,"percent": 99.72
				}
			,{
				"<=msec": 31.000
				,"percent": 99.76
				}
			,{
				"<=msec": 32.000
				,"percent": 99.78
				}
			,{
				"<=msec": 34.000
				,"percent": 99.80
				}
			,{
				"<=msec": 35.000
				,"percent": 99.83
				}
			,{
				"<=msec": 36.000
				,"percent": 99.87
				}
			,{
				"<=msec": 37.000
				,"percent": 99.90
				}
			,{
				"<=msec": 38.000
				,"percent": 99.94
				}
			,{
				"<=msec": 39.000
				,"percent": 99.94
				}
			,{
				"<=msec": 41.000
				,"percent": 99.95
				}
			,{
				"<=msec": 44.000
				,"percent": 99.96
				}
			,{
				"<=msec": 45.000
				,"percent": 99.97
				}
			,{
				"<=msec": 46.000
				,"percent": 99.97
				}
			,{
				"<=msec": 47.000
				,"percent": 99.98
				}
			,{
				"<=msec": 51.000
				,"percent": 99.99
				}
			,{
				"<=msec": 55.000
				,"percent": 99.99
				}
			,{
				"<=msec": 56.000
				,"percent": 100.00
				}
			]
		,"GET":[
			{
				"<=msec": 0.820
				,"percent": 0.01
				}
			,{
				"<=msec": 0.940
				,"percent": 0.01
				}
			,{
				"<=msec": 0.950
				,"percent": 0.02
				}
			,{
				"<=msec": 0.960
				,"percent": 0.04
				}
			,{
				"<=msec": 0.980
				,"percent": 0.06
				}
			,{
				"<=msec": 0.990
				,"percent": 0.07
				}
			,{
				"<=msec": 1.000
				,"percent": 0.20
				}
			,{
				"<=msec": 1.100
				,"percent": 1.23
				}
			,{
				"<=msec": 1.200
				,"percent": 3.35
				}
			,{
				"<=msec": 1.300
				,"percent": 6.86
				}
			,{
				"<=msec": 1.400
				,"percent": 11.19
				}
			,{
				"<=msec": 1.500
				,"percent": 15.91
				}
			,{
				"<=msec": 1.600
				,"percent": 20.60
				}
			,{
				"<=msec": 1.700
				,"percent": 24.79
				}
			,{
				"<=msec": 1.800
				,"percent": 28.77
				}
			,{
				"<=msec": 1.900
				,"percent": 32.66
				}
			,{
				"<=msec": 2.000
				,"percent": 36.41
				}
			,{
				"<=msec": 2.100
				,"percent": 39.85
				}
			,{
				"<=msec": 2.200
				,"percent": 43.31
				}
			,{
				"<=msec": 2.300
				,"percent": 46.61
				}
			,{
				"<=msec": 2.400
				,"percent": 49.38
				}
			,{
				"<=msec": 2.500
				,"percent": 51.91
				}
			,{
				"<=msec": 2.600
				,"percent": 54.36
				}
			,{
				"<=msec": 2.700
				,"percent": 56.58
				}
			,{
				"<=msec": 2.800
				,"percent": 58.49
				}
			,{
				"<=msec": 2.900
				,"percent": 59.98
				}
			,{
				"<=msec": 3.000
				,"percent": 61.75
				}
			,{
				"<=msec": 3.100
				,"percent": 63.02
				}
			,{
				"<=msec": 3.200
				,"percent": 64.09
				}
			,{
				"<=msec": 3.300
				,"percent": 65.19
				}
			,{
				"<=msec": 3.400
				,"percent": 65.96
				}
			,{
				"<=msec": 3.500
				,"percent": 66.79
				}
			,{
				"<=msec": 3.600
				,"percent": 67.51
				}
			,{
				"<=msec": 3.700
				,"percent": 68.27
				}
			,{
				"<=msec": 3.800
				,"percent": 68.89
				}
			,{
				"<=msec": 3.900
				,"percent": 69.61
				}
			,{
				"<=msec": 4.000
				,"percent": 70.18
				}
			,{
				"<=msec": 4.100
				,"percent": 70.78
				}
			,{
				"<=msec": 4.200
				,"percent": 71.22
				}
			,{
				"<=msec": 4.300
				,"percent": 71.66
				}
			,{
				"<=msec": 4.400
				,"percent": 72.08
				}
			,{
				"<=msec": 4.500
				,"percent": 72.46
				}
			,{
				"<=msec": 4.600
				,"percent": 72.79
				}
			,{
				"<=msec": 4.700
				,"percent": 73.16
				}
			,{
				"<=msec": 4.800
				,"percent": 73.48
				}
			,{
				"<=msec": 4.900
				,"percent": 73.81
				}
			,{
				"<=msec": 5.000
				,"percent": 74.16
				}
			,{
				"<=msec": 5.100
				,"percent": 74.42
				}
			,{
				"<=msec": 5.200
				,"percent": 74.73
				}
			,{
				"<=msec": 5.300
				,"percent": 75.02
				}
			,{
				"<=msec": 5.400
				,"percent": 75.33
				}
			,{
				"<=msec": 5.500
				,"percent": 75.71
				}
			,{
				"<=msec": 5.600
				,"percent": 75.99
				}
			,{
				"<=msec": 5.700
				,"percent": 76.29
				}
			,{
				"<=msec": 5.800
				,"percent": 76.50
				}
			,{
				"<=msec": 5.900
				,"percent": 76.76
				}
			,{
				"<=msec": 6.000
				,"percent": 77.01
				}
			,{
				"<=msec": 6.100
				,"percent": 77.25
				}
			,{
				"<=msec": 6.200
				,"percent": 77.54
				}
			,{
				"<=msec": 6.300
				,"percent": 77.77
				}
			,{
				"<=msec": 6.400
				,"percent": 78.09
				}
			,{
				"<=msec": 6.500
				,"percent": 78.38
				}
			,{
				"<=msec": 6.600
				,"percent": 78.64
				}
			,{
				"<=msec": 6.700
				,"percent": 78.96
				}
			,{
				"<=msec": 6.800
				,"percent": 79.27
				}
			,{
				"<=msec": 6.900
				,"percent": 79.57
				}
			,{
				"<=msec": 7.000
				,"percent": 79.96
				}
			,{
				"<=msec": 7.100
				,"percent": 80.34
				}
			,{
				"<=msec": 7.200
				,"percent": 80.76
				}
			,{
				"<=msec": 7.300
				,"percent": 81.18
				}
			,{
				"<=msec": 7.400
				,"percent": 81.67
				}
			,{
				"<=msec": 7.500
				,"percent": 82.23
				}
			,{
				"<=msec": 7.600
				,"percent": 82.74
				}
			,{
				"<=msec": 7.700
				,"percent": 83.20
				}
			,{
				"<=msec": 7.800
				,"percent": 83.61
				}
			,{
				"<=msec": 7.900
				,"percent": 84.06
				}
			,{
				"<=msec": 8.000
				,"percent": 84.59
				}
			,{
				"<=msec": 8.100
				,"percent": 85.17
				}
			,{
				"<=msec": 8.200
				,"percent": 85.61
				}
			,{
				"<=msec": 8.300
				,"percent": 86.03
				}
			,{
				"<=msec": 8.400
				,"percent": 86.44
				}
			,{
				"<=msec": 8.500
				,"percent": 86.96
				}
			,{
				"<=msec": 8.600
				,"percent": 87.38
				}
			,{
				"<=msec": 8.700
				,"percent": 87.74
				}
			,{
				"<=msec": 8.800
				,"percent": 88.15
				}
			,{
				"<=msec": 8.900
				,"percent": 88.62
				}
			,{
				"<=msec": 9.000
				,"percent": 88.99
				}
			,{
				"<=msec": 9.100
				,"percent": 89.37
				}
			,{
				"<=msec": 9.200
				,"percent": 89.74
				}
			,{
				"<=msec": 9.300
				,"percent": 90.12
				}
			,{
				"<=msec": 9.400
				,"percent": 90.52
				}
			,{
				"<=msec": 9.500
				,"percent": 90.87
				}
			,{
				"<=msec": 9.600
				,"percent": 91.22
				}
			,{
				"<=msec": 9.700
				,"percent": 91.62
				}
			,{
				"<=msec": 9.800
				,"percent": 91.99
				}
			,{
				"<=msec": 9.900
				,"percent": 92.35
				}
			,{
				"<=msec": 10.000
				,"percent": 93.82
				}
			,{
				"<=msec": 11.000
				,"percent": 95.48
				}
			,{
				"<=msec": 12.000
				,"percent": 96.42
				}
			,{
				"<=msec": 13.000
				,"percent": 96.95
				}
			,{
				"<=msec": 14.000
				,"percent": 97.34
				}
			,{
				"<=msec": 15.000
				,"percent": 97.77
				}
			,{
				"<=msec": 16.000
				,"percent": 97.96
				}
			,{
				"<=msec": 17.000
				,"percent": 98.28
				}
			,{
				"<=msec": 18.000
				,"percent": 98.75
				}
			,{
				"<=msec": 19.000
				,"percent": 99.08
				}
			,{
				"<=msec": 20.000
				,"percent": 99.41
				}
			,{
				"<=msec": 21.000
				,"percent": 99.55
				}
			,{
				"<=msec": 22.000
				,"percent": 99.62
				}
			,{
				"<=msec": 23.000
				,"percent": 99.68
				}
			,{
				"<=msec": 24.000
				,"percent": 99.71
				}
			,{
				"<=msec": 25.000
				,"percent": 99.74
				}
			,{
				"<=msec": 26.000
				,"percent": 99.78
				}
			,{
				"<=msec": 27.000
				,"percent": 99.81
				}
			,{
				"<=msec": 28.000
				,"percent": 99.83
				}
			,{
				"<=msec": 30.000
				,"percent": 99.85
				}
			,{
				"<=msec": 31.000
				,"percent": 99.87
				}
			,{
				"<=msec": 32.000
				,"percent": 99.88
				}
			,{
				"<=msec": 33.000
				,"percent": 99.89
				}
			,{
				"<=msec": 35.000
				,"percent": 99.90
				}
			,{
				"<=msec": 36.000
				,"percent": 99.92
				}
			,{
				"<=msec": 37.000
				,"percent": 99.94
				}
			,{
				"<=msec": 38.000
				,"percent": 99.94
				}
			,{
				"<=msec": 40.000
				,"percent": 99.95
				}
			,{
				"<=msec": 41.000
				,"percent": 99.96
				}
			,{
				"<=msec": 42.000
				,"percent": 99.98
				}
			,{
				"<=msec": 47.000
				,"percent": 99.99
				}
			,{
				"<=msec": 49.000
				,"percent": 99.99
				}
			,{
				"<=msec": 50.000
				,"percent": 100.00
				}
			]
		,"WAIT":[
		]
		}
	}
