{
	"configuration":{
		"server": "10.0.0.9"
		,"port": 6379
		,"unix socket": "(null)"
		,"protocol": "memcache_text"
		,"out_file": "(null)"
		,"client_stats": "(null)"
		,"run_count": 1
		,"debug": 0
		,"requests": 0
		,"clients": 2
		,"threads": 1
		,"test_time": 75
		,"ratio": "1:6"
		,"pipeline": 1
		,"data_size": 1024
		,"data_offset": 0
		,"random_data": "false"
		,"data_size_range": "0:0"
		,"data_size_list": ""
		,"data_size_pattern": "R"
		,"expiry_range": "9999:10000"
		,"data_import": "(null)"
		,"data_verify": "false"
		,"verify_only": "false"
		,"generate_keys": "false"
		,"key_prefix": "memtier-"
		,"key_minimum":           0
		,"key_maximum":       10000
		,"key_pattern": "R:R"
		,"key_stddev": 0.000000
		,"key_median": 0.000000
		,"reconnect_interval": 0
		,"multi_key_get": 6
		,"authenticate": ""
		,"select-db": 0
		,"no-expiry": "false"
		,"wait-ratio": "0:0"
		,"num-slaves": "0:0"
		,"wait-timeout": "0-0"
		}
	,"run information":{
		"Threads": 1
		,"Connections per thread": 2
		,"Seconds": 75
		}
	,"ALL STATS":{
		"Sets":{
			"Ops/sec": 122.09
			,"Hits/sec": 0.00
			,"Misses/sec": 0.00
			,"Latency": 8.75
			,"KB/sec": 126.90
			}
		,"Gets":{
			"Ops/sec": 122.07
			,"Hits/sec": 732.43
			,"Misses/sec": 0.00
			,"Latency": 7.61
			,"KB/sec": 763.51
			}
		,"Waits":{
			"Ops/sec": 0.00
			,"Hits/sec": 0.00
			,"Misses/sec": 0.00
			,"Latency": 0.00
			,"KB/sec": 0.00
			}
		,"Totals":{
			"Ops/sec": 244.16
			,"Hits/sec": 732.43
			,"Misses/sec": 0.00
			,"Latency": 8.18
			,"KB/sec": 890.41
			}
		,"SET":[
			{
				"<=msec": 3.700
				,"percent": 0.04
				}
			,{
				"<=msec": 3.800
				,"percent": 0.31
				}
			,{
				"<=msec": 3.900
				,"percent": 0.97
				}
			,{
				"<=msec": 4.000
				,"percent": 2.49
				}
			,{
				"<=msec": 4.100
				,"percent": 4.22
				}
			,{
				"<=msec": 4.200
				,"percent": 6.10
				}
			,{
				"<=msec": 4.300
				,"percent": 8.29
				}
			,{
				"<=msec": 4.400
				,"percent": 10.24
				}
			,{
				"<=msec": 4.500
				,"percent": 12.57
				}
			,{
				"<=msec": 4.600
				,"percent": 14.31
				}
			,{
				"<=msec": 4.700
				,"percent": 15.99
				}
			,{
				"<=msec": 4.800
				,"percent": 17.59
				}
			,{
				"<=msec": 4.900
				,"percent": 18.91
				}
			,{
				"<=msec": 5.000
				,"percent": 20.20
				}
			,{
				"<=msec": 5.100
				,"percent": 21.48
				}
			,{
				"<=msec": 5.200
				,"percent": 22.61
				}
			,{
				"<=msec": 5.300
				,"percent": 23.82
				}
			,{
				"<=msec": 5.400
				,"percent": 24.90
				}
			,{
				"<=msec": 5.500
				,"percent": 26.08
				}
			,{
				"<=msec": 5.600
				,"percent": 27.06
				}
			,{
				"<=msec": 5.700
				,"percent": 28.08
				}
			,{
				"<=msec": 5.800
				,"percent": 29.06
				}
			,{
				"<=msec": 5.900
				,"percent": 29.89
				}
			,{
				"<=msec": 6.000
				,"percent": 30.83
				}
			,{
				"<=msec": 6.100
				,"percent": 31.82
				}
			,{
				"<=msec": 6.200
				,"percent": 32.75
				}
			,{
				"<=msec": 6.300
				,"percent": 33.68
				}
			,{
				"<=msec": 6.400
				,"percent": 34.47
				}
			,{
				"<=msec": 6.500
				,"percent": 35.45
				}
			,{
				"<=msec": 6.600
				,"percent": 36.39
				}
			,{
				"<=msec": 6.700
				,"percent": 37.38
				}
			,{
				"<=msec": 6.800
				,"percent": 38.36
				}
			,{
				"<=msec": 6.900
				,"percent": 39.22
				}
			,{
				"<=msec": 7.000
				,"percent": 40.43
				}
			,{
				"<=msec": 7.100
				,"percent": 41.54
				}
			,{
				"<=msec": 7.200
				,"percent": 42.40
				}
			,{
				"<=msec": 7.300
				,"percent": 43.52
				}
			,{
				"<=msec": 7.400
				,"percent": 44.53
				}
			,{
				"<=msec": 7.500
				,"percent": 45.52
				}
			,{
				"<=msec": 7.600
				,"percent": 46.61
				}
			,{
				"<=msec": 7.700
				,"percent": 47.57
				}
			,{
				"<=msec": 7.800
				,"percent": 48.50
				}
			,{
				"<=msec": 7.900
				,"percent": 49.52
				}
			,{
				"<=msec": 8.000
				,"percent": 50.78
				}
			,{
				"<=msec": 8.100
				,"percent": 51.95
				}
			,{
				"<=msec": 8.200
				,"percent": 53.04
				}
			,{
				"<=msec": 8.300
				,"percent": 54.37
				}
			,{
				"<=msec": 8.400
				,"percent": 55.48
				}
			,{
				"<=msec": 8.500
				,"percent": 56.66
				}
			,{
				"<=msec": 8.600
				,"percent": 57.79
				}
			,{
				"<=msec": 8.700
				,"percent": 59.10
				}
			,{
				"<=msec": 8.800
				,"percent": 60.29
				}
			,{
				"<=msec": 8.900
				,"percent": 61.44
				}
			,{
				"<=msec": 9.000
				,"percent": 62.89
				}
			,{
				"<=msec": 9.100
				,"percent": 64.06
				}
			,{
				"<=msec": 9.200
				,"percent": 65.23
				}
			,{
				"<=msec": 9.300
				,"percent": 66.18
				}
			,{
				"<=msec": 9.400
				,"percent": 67.47
				}
			,{
				"<=msec": 9.500
				,"percent": 68.75
				}
			,{
				"<=msec": 9.600
				,"percent": 69.86
				}
			,{
				"<=msec": 9.700
				,"percent": 71.15
				}
			,{
				"<=msec": 9.800
				,"percent": 72.25
				}
			,{
				"<=msec": 9.900
				,"percent": 73.41
				}
			,{
				"<=msec": 10.000
				,"percent": 78.21
				}
			,{
				"<=msec": 11.000
				,"percent": 84.22
				}
			,{
				"<=msec": 12.000
				,"percent": 87.95
				}
			,{
				"<=msec": 13.000
				,"percent": 90.34
				}
			,{
				"<=msec": 14.000
				,"percent": 91.78
				}
			,{
				"<=msec": 15.000
				,"percent": 93.12
				}
			,{
				"<=msec": 16.000
				,"percent": 94.22
				}
			,{
				"<=msec": 17.000
				,"percent": 95.02
				}
			,{
				"<=msec": 18.000
				,"percent": 95.81
				}
			,{
				"<=msec": 19.000
				,"percent": 96.56
				}
			,{
				"<=msec": 20.000
				,"percent": 97.18
				}
			,{
				"<=msec": 21.000
				,"percent": 97.65
				}
			,{
				"<=msec": 22.000
				,"percent": 97.87
				}
			,{
				"<=msec": 23.000
				,"percent": 98.08
				}
			,{
				"<=msec": 24.000
				,"percent": 98.27
				}
			,{
				"<=msec": 25.000
				,"percent": 98.37
				}
			,{
				"<=msec": 26.000
				,"percent": 98.62
				}
			,{
				"<=msec": 27.000
				,"percent": 98.85
				}
			,{
				"<=msec": 28.000
				,"percent": 99.00
				}
			,{
				"<=msec": 29.000
				,"percent": 99.10
				}
			,{
				"<=msec": 30.000
				,"percent": 99.25
				}
			,{
				"<=msec": 31.000
				,"percent": 99.34
				}
			,{
				"<=msec": 32.000
				,"percent": 99.42
				}
			,{
				"<=msec": 33.000
				,"percent": 99.48
				}
			,{
				"<=msec": 34.000
				,"percent": 99.54
				}
			,{
				"<=msec": 35.000
				,"percent": 99.59
				}
			,{
				"<=msec": 36.000
				,"percent": 99.65
				}
			,{
				"<=msec": 37.000
				,"percent": 99.69
				}
			,{
				"<=msec": 38.000
				,"percent": 99.72
				}
			,{
				"<=msec": 39.000
				,"percent": 99.77
				}
			,{
				"<=msec": 40.000
				,"percent": 99.80
				}
			,{
				"<=msec": 41.000
				,"percent": 99.85
				}
			,{
				"<=msec": 42.000
				,"percent": 99.86
				}
			,{
				"<=msec": 44.000
				,"percent": 99.89
				}
			,{
				"<=msec": 45.000
				,"percent": 99.90
				}
			,{
				"<=msec": 46.000
				,"percent": 99.92
				}
			,{
				"<=msec": 47.000
				,"percent": 99.93
				}
			,{
				"<=msec": 48.000
				,"percent": 99.96
				}
			,{
				"<=msec": 50.000
				,"percent": 99.97
				}
			,{
				"<=msec": 51.000
				,"percent": 99.98
				}
			,{
				"<=msec": 56.000
				,"percent": 99.99
				}
			,{
				"<=msec": 57.000
				,"percent": 100.00
				}
			]
		,"GET":[
			{
				"<=msec": 3.500
				,"percent": 0.05
				}
			,{
				"<=msec": 3.600
				,"percent": 0.39
				}
			,{
				"<=msec": 3.700
				,"percent": 1.44
				}
			,{
				"<=msec": 3.800
				,"percent": 3.07
				}
			,{
				"<=msec": 3.900
				,"percent": 5.23
				}
			,{
				"<=msec": 4.000
				,"percent": 7.84
				}
			,{
				"<=msec": 4.100
				,"percent": 10.78
				}
			,{
				"<=msec": 4.200
				,"percent": 13.90
				}
			,{
				"<=msec": 4.300
				,"percent": 17.07
				}
			,{
				"<=msec": 4.400
				,"percent": 20.69
				}
			,{
				"<=msec": 4.500
				,"percent": 24.17
				}
			,{
				"<=msec": 4.600
				,"percent": 27.50
				}
			,{
				"<=msec": 4.700
				,"percent": 30.43
				}
			,{
				"<=msec": 4.800
				,"percent": 33.48
				}
			,{
				"<=msec": 4.900
				,"percent": 36.10
				}
			,{
				"<=msec": 5.000
				,"percent": 38.61
				}
			,{
				"<=msec": 5.100
				,"percent": 40.93
				}
			,{
				"<=msec": 5.200
				,"percent": 42.84
				}
			,{
				"<=msec": 5.300
				,"percent": 44.70
				}
			,{
				"<=msec": 5.400
				,"percent": 46.61
				}
			,{
				"<=msec": 5.500
				,"percent": 48.04
				}
			,{
				"<=msec": 5.600
				,"percent": 49.55
				}
			,{
				"<=msec": 5.700
				,"percent": 50.67
				}
			,{
				"<=msec": 5.800
				,"percent": 51.78
				}
			,{
				"<=msec": 5.900
				,"percent": 52.75
				}
			,{
				"<=msec": 6.000
				,"percent": 53.68
				}
			,{
				"<=msec": 6.100
				,"percent": 54.55
				}
			,{
				"<=msec": 6.200
				,"percent": 55.45
				}
			,{
				"<=msec": 6.300
				,"percent": 56.14
				}
			,{
				"<=msec": 6.400
				,"percent": 56.72
				}
			,{
				"<=msec": 6.500
				,"percent": 57.27
				}
			,{
				"<=msec": 6.600
				,"percent": 57.81
				}
			,{
				"<=msec": 6.700
				,"percent": 58.30
				}
			,{
				"<=msec": 6.800
				,"percent": 58.90
				}
			,{
				"<=msec": 6.900
				,"percent": 59.38
				}
			,{
				"<=msec": 7.000
				,"percent": 59.84
				}
			,{
				"<=msec": 7.100
				,"percent": 60.32
				}
			,{
				"<=msec": 7.200
				,"percent": 60.82
				}
			,{
				"<=msec": 7.300
				,"percent": 61.27
				}
			,{
				"<=msec": 7.400
				,"percent": 61.88
				}
			,{
				"<=msec": 7.500
				,"percent": 62.34
				}
			,{
				"<=msec": 7.600
				,"percent": 62.90
				}
			,{
				"<=msec": 7.700
				,"percent": 63.34
				}
			,{
				"<=msec": 7.800
				,"percent": 63.89
				}
			,{
				"<=msec": 7.900
				,"percent": 64.41
				}
			,{
				"<=msec": 8.000
				,"percent": 65.09
				}
			,{
				"<=msec": 8.100
				,"percent": 65.64
				}
			,{
				"<=msec": 8.200
				,"percent": 66.10
				}
			,{
				"<=msec": 8.300
				,"percent": 66.55
				}
			,{
				"<=msec": 8.400
				,"percent": 67.05
				}
			,{
				"<=msec": 8.500
				,"percent": 67.69
				}
			,{
				"<=msec": 8.600
				,"percent": 68.30
				}
			,{
				"<=msec": 8.700
				,"percent": 68.87
				}
			,{
				"<=msec": 8.800
				,"percent": 69.60
				}
			,{
				"<=msec": 8.900
				,"percent": 70.09
				}
			,{
				"<=msec": 9.000
				,"percent": 70.74
				}
			,{
				"<=msec": 9.100
				,"percent": 71.29
				}
			,{
				"<=msec": 9.200
				,"percent": 71.85
				}
			,{
				"<=msec": 9.300
				,"percent": 72.64
				}
			,{
				"<=msec": 9.400
				,"percent": 73.37
				}
			,{
				"<=msec": 9.500
				,"percent": 74.10
				}
			,{
				"<=msec": 9.600
				,"percent": 74.71
				}
			,{
				"<=msec": 9.700
				,"percent": 75.45
				}
			,{
				"<=msec": 9.800
				,"percent": 76.22
				}
			,{
				"<=msec": 9.900
				,"percent": 76.94
				}
			,{
				"<=msec": 10.000
				,"percent": 81.02
				}
			,{
				"<=msec": 11.000
				,"percent": 86.64
				}
			,{
				"<=msec": 12.000
				,"percent": 90.18
				}
			,{
				"<=msec": 13.000
				,"percent": 92.32
				}
			,{
				"<=msec": 14.000
				,"percent": 94.06
				}
			,{
				"<=msec": 15.000
				,"percent": 94.95
				}
			,{
				"<=msec": 16.000
				,"percent": 95.47
				}
			,{
				"<=msec": 17.000
				,"percent": 95.94
				}
			,{
				"<=msec": 18.000
				,"percent": 96.57
				}
			,{
				"<=msec": 19.000
				,"percent": 97.05
				}
			,{
				"<=msec": 20.000
				,"percent": 97.60
				}
			,{
				"<=msec": 21.000
				,"percent": 98.09
				}
			,{
				"<=msec": 22.000
				,"percent": 98.45
				}
			,{
				"<=msec": 23.000
				,"percent": 98.68
				}
			,{
				"<=msec": 24.000
				,"percent": 98.90
				}
			,{
				"<=msec": 25.000
				,"percent": 99.01
				}
			,{
				"<=msec": 26.000
				,"percent": 99.20
				}
			,{
				"<=msec": 27.000
				,"percent": 99.30
				}
			,{
				"<=msec": 28.000
				,"percent": 99.39
				}
			,{
				"<=msec": 29.000
				,"percent": 99.45
				}
			,{
				"<=msec": 30.000
				,"percent": 99.52
				}
			,{
				"<=msec": 31.000
				,"percent": 99.56
				}
			,{
				"<=msec": 32.000
				,"percent": 99.64
				}
			,{
				"<=msec": 33.000
				,"percent": 99.69
				}
			,{
				"<=msec": 34.000
				,"percent": 99.74
				}
			,{
				"<=msec": 35.000
				,"percent": 99.83
				}
			,{
				"<=msec": 36.000
				,"percent": 99.85
				}
			,{
				"<=msec": 37.000
				,"percent": 99.86
				}
			,{
				"<=msec": 39.000
				,"percent": 99.87
				}
			,{
				"<=msec": 40.000
				,"percent": 99.91
				}
			,{
				"<=msec": 41.000
				,"percent": 99.93
				}
			,{
				"<=msec": 42.000
				,"percent": 99.96
				}
			,{
				"<=msec": 45.000
				,"percent": 99.97
				}
			,{
				"<=msec": 46.000
				,"percent": 99.98
				}
			,{
				"<=msec": 47.000
				,"percent": 99.99
				}
			,{
				"<=msec": 49.000
				,"percent": 100.00
				}
			]
		,"WAIT":[
		]
		}
	}
