{
	"configuration":{
		"server": "10.0.0.9"
		,"port": 6379
		,"unix socket": "(null)"
		,"protocol": "memcache_text"
		,"out_file": "(null)"
		,"client_stats": "(null)"
		,"run_count": 1
		,"debug": 0
		,"requests": 0
		,"clients": 2
		,"threads": 1
		,"test_time": 75
		,"ratio": "1:6"
		,"pipeline": 1
		,"data_size": 1024
		,"data_offset": 0
		,"random_data": "false"
		,"data_size_range": "0:0"
		,"data_size_list": ""
		,"data_size_pattern": "R"
		,"expiry_range": "9999:10000"
		,"data_import": "(null)"
		,"data_verify": "false"
		,"verify_only": "false"
		,"generate_keys": "false"
		,"key_prefix": "memtier-"
		,"key_minimum":           0
		,"key_maximum":       10000
		,"key_pattern": "R:R"
		,"key_stddev": 0.000000
		,"key_median": 0.000000
		,"reconnect_interval": 0
		,"multi_key_get": 6
		,"authenticate": ""
		,"select-db": 0
		,"no-expiry": "false"
		,"wait-ratio": "0:0"
		,"num-slaves": "0:0"
		,"wait-timeout": "0-0"
		}
	,"run information":{
		"Threads": 1
		,"Connections per thread": 2
		,"Seconds": 75
		}
	,"ALL STATS":{
		"Sets":{
			"Ops/sec": 125.75
			,"Hits/sec": 0.00
			,"Misses/sec": 0.00
			,"Latency": 8.48
			,"KB/sec": 130.71
			}
		,"Gets":{
			"Ops/sec": 125.73
			,"Hits/sec": 754.35
			,"Misses/sec": 0.00
			,"Latency": 7.40
			,"KB/sec": 786.36
			}
		,"Waits":{
			"Ops/sec": 0.00
			,"Hits/sec": 0.00
			,"Misses/sec": 0.00
			,"Latency": 0.00
			,"KB/sec": 0.00
			}
		,"Totals":{
			"Ops/sec": 251.48
			,"Hits/sec": 754.35
			,"Misses/sec": 0.00
			,"Latency": 7.94
			,"KB/sec": 917.07
			}
		,"SET":[
			{
				"<=msec": 3.500
				,"percent": 0.02
				}
			,{
				"<=msec": 3.600
				,"percent": 0.13
				}
			,{
				"<=msec": 3.700
				,"percent": 0.59
				}
			,{
				"<=msec": 3.800
				,"percent": 1.58
				}
			,{
				"<=msec": 3.900
				,"percent": 3.10
				}
			,{
				"<=msec": 4.000
				,"percent": 4.94
				}
			,{
				"<=msec": 4.100
				,"percent": 6.86
				}
			,{
				"<=msec": 4.200
				,"percent": 9.07
				}
			,{
				"<=msec": 4.300
				,"percent": 11.05
				}
			,{
				"<=msec": 4.400
				,"percent": 12.82
				}
			,{
				"<=msec": 4.500
				,"percent": 14.61
				}
			,{
				"<=msec": 4.600
				,"percent": 16.51
				}
			,{
				"<=msec": 4.700
				,"percent": 18.16
				}
			,{
				"<=msec": 4.800
				,"percent": 19.87
				}
			,{
				"<=msec": 4.900
				,"percent": 21.22
				}
			,{
				"<=msec": 5.000
				,"percent": 22.59
				}
			,{
				"<=msec": 5.100
				,"percent": 24.03
				}
			,{
				"<=msec": 5.200
				,"percent": 25.32
				}
			,{
				"<=msec": 5.300
				,"percent": 26.51
				}
			,{
				"<=msec": 5.400
				,"percent": 27.76
				}
			,{
				"<=msec": 5.500
				,"percent": 28.91
				}
			,{
				"<=msec": 5.600
				,"percent": 30.14
				}
			,{
				"<=msec": 5.700
				,"percent": 31.26
				}
			,{
				"<=msec": 5.800
				,"percent": 32.23
				}
			,{
				"<=msec": 5.900
				,"percent": 33.19
				}
			,{
				"<=msec": 6.000
				,"percent": 34.22
				}
			,{
				"<=msec": 6.100
				,"percent": 35.38
				}
			,{
				"<=msec": 6.200
				,"percent": 36.54
				}
			,{
				"<=msec": 6.300
				,"percent": 37.53
				}
			,{
				"<=msec": 6.400
				,"percent": 38.32
				}
			,{
				"<=msec": 6.500
				,"percent": 39.17
				}
			,{
				"<=msec": 6.600
				,"percent": 40.22
				}
			,{
				"<=msec": 6.700
				,"percent": 41.21
				}
			,{
				"<=msec": 6.800
				,"percent": 42.19
				}
			,{
				"<=msec": 6.900
				,"percent": 43.23
				}
			,{
				"<=msec": 7.000
				,"percent": 44.15
				}
			,{
				"<=msec": 7.100
				,"percent": 45.20
				}
			,{
				"<=msec": 7.200
				,"percent": 46.36
				}
			,{
				"<=msec": 7.300
				,"percent": 47.23
				}
			,{
				"<=msec": 7.400
				,"percent": 48.26
				}
			,{
				"<=msec": 7.500
				,"percent": 49.14
				}
			,{
				"<=msec": 7.600
				,"percent": 49.94
				}
			,{
				"<=msec": 7.700
				,"percent": 50.91
				}
			,{
				"<=msec": 7.800
				,"percent": 51.98
				}
			,{
				"<=msec": 7.900
				,"percent": 53.10
				}
			,{
				"<=msec": 8.000
				,"percent": 54.28
				}
			,{
				"<=msec": 8.100
				,"percent": 55.40
				}
			,{
				"<=msec": 8.200
				,"percent": 56.31
				}
			,{
				"<=msec": 8.300
				,"percent": 57.26
				}
			,{
				"<=msec": 8.400
				,"percent": 58.53
				}
			,{
				"<=msec": 8.500
				,"percent": 59.68
				}
			,{
				"<=msec": 8.600
				,"percent": 60.94
				}
			,{
				"<=msec": 8.700
				,"percent": 61.97
				}
			,{
				"<=msec": 8.800
				,"percent": 63.13
				}
			,{
				"<=msec": 8.900
				,"percent": 64.27
				}
			,{
				"<=msec": 9.000
				,"percent": 65.45
				}
			,{
				"<=msec": 9.100
				,"percent": 66.59
				}
			,{
				"<=msec": 9.200
				,"percent": 67.73
				}
			,{
				"<=msec": 9.300
				,"percent": 68.82
				}
			,{
				"<=msec": 9.400
				,"percent": 69.91
				}
			,{
				"<=msec": 9.500
				,"percent": 70.89
				}
			,{
				"<=msec": 9.600
				,"percent": 71.90
				}
			,{
				"<=msec": 9.700
				,"percent": 72.77
				}
			,{
				"<=msec": 9.800
				,"percent": 73.82
				}
			,{
				"<=msec": 9.900
				,"percent": 74.61
				}
			,{
				"<=msec": 10.000
				,"percent": 79.29
				}
			,{
				"<=msec": 11.000
				,"percent": 85.26
				}
			,{
				"<=msec": 12.000
				,"percent": 89.07
				}
			,{
				"<=msec": 13.000
				,"percent": 91.29
				}
			,{
				"<=msec": 14.000
				,"percent": 92.57
				}
			,{
				"<=msec": 15.000
				,"percent": 93.63
				}
			,{
				"<=msec": 16.000
				,"percent": 94.48
				}
			,{
				"<=msec": 17.000
				,"percent": 95.30
				}
			,{
				"<=msec": 18.000
				,"percent": 96.05
				}
			,{
				"<=msec": 19.000
				,"percent": 96.61
				}
			,{
				"<=msec": 20.000
				,"percent": 97.19
				}
			,{
				"<=msec": 21.000
				,"percent": 97.61
				}
			,{
				"<=msec": 22.000
				,"percent": 97.93
				}
			,{
				"<=msec": 23.000
				,"percent": 98.25
				}
			,{
				"<=msec": 24.000
				,"percent": 98.44
				}
			,{
				"<=msec": 25.000
				,"percent": 98.61
				}
			,{
				"<=msec": 26.000
				,"percent": 98.73
				}
			,{
				"<=msec": 27.000
				,"percent": 98.92
				}
			,{
				"<=msec": 28.000
				,"percent": 99.09
				}
			,{
				"<=msec": 29.000
				,"percent": 99.23
				}
			,{
				"<=msec": 30.000
				,"percent": 99.29
				}
			,{
				"<=msec": 31.000
				,"percent": 99.41
				}
			,{
				"<=msec": 32.000
				,"percent": 99.46
				}
			,{
				"<=msec": 33.000
				,"percent": 99.54
				}
			,{
				"<=msec": 34.000
				,"percent": 99.57
				}
			,{
				"<=msec": 35.000
				,"percent": 99.68
				}
			,{
				"<=msec": 36.000
				,"percent": 99.70
				}
			,{
				"<=msec": 37.000
				,"percent": 99.78
				}
			,{
				"<=msec": 38.000
				,"percent": 99.79
				}
			,{
				"<=msec": 39.000
				,"percent": 99.87
				}
			,{
				"<=msec": 40.000
				,"percent": 99.88
				}
			,{
				"<=msec": 41.000
				,"percent": 99.90
				}
			,{
				"<=msec": 42.000
				,"percent": 99.92
				}
			,{
				"<=msec": 43.000
				,"percent": 99.93
				}
			,{
				"<=msec": 44.000
				,"percent": 99.96
				}
			,{
				"<=msec": 47.000
				,"percent": 99.97
				}
			,{
				"<=msec": 49.000
				,"percent": 99.98
				}
			,{
				"<=msec": 52.000
				,"percent": 99.99
				}
			,{
				"<=msec": 71.000
				,"percent": 100.00
				}
			]
		,"GET":[
			{
				"<=msec": 3.300
				,"percent": 0.05
				}
			,{
				"<=msec": 3.400
				,"percent": 0.22
				}
			,{
				"<=msec": 3.500
				,"percent": 0.80
				}
			,{
				"<=msec": 3.600
				,"percent": 1.83
				}
			,{
				"<=msec": 3.700
				,"percent": 3.31
				}
			,{
				"<=msec": 3.800
				,"percent": 5.25
				}
			,{
				"<=msec": 3.900
				,"percent": 7.57
				}
			,{
				"<=msec": 4.000
				,"percent": 10.57
				}
			,{
				"<=msec": 4.100
				,"percent": 13.56
				}
			,{
				"<=msec": 4.200
				,"percent": 16.57
				}
			,{
				"<=msec": 4.300
				,"percent": 19.90
				}
			,{
				"<=msec": 4.400
				,"percent": 23.04
				}
			,{
				"<=msec": 4.500
				,"percent": 26.04
				}
			,{
				"<=msec": 4.600
				,"percent": 29.37
				}
			,{
				"<=msec": 4.700
				,"percent": 32.42
				}
			,{
				"<=msec": 4.800
				,"percent": 35.20
				}
			,{
				"<=msec": 4.900
				,"percent": 37.79
				}
			,{
				"<=msec": 5.000
				,"percent": 40.34
				}
			,{
				"<=msec": 5.100
				,"percent": 42.57
				}
			,{
				"<=msec": 5.200
				,"percent": 44.57
				}
			,{
				"<=msec": 5.300
				,"percent": 46.39
				}
			,{
				"<=msec": 5.400
				,"percent": 48.20
				}
			,{
				"<=msec": 5.500
				,"percent": 49.76
				}
			,{
				"<=msec": 5.600
				,"percent": 51.39
				}
			,{
				"<=msec": 5.700
				,"percent": 52.63
				}
			,{
				"<=msec": 5.800
				,"percent": 53.75
				}
			,{
				"<=msec": 5.900
				,"percent": 54.99
				}
			,{
				"<=msec": 6.000
				,"percent": 56.13
				}
			,{
				"<=msec": 6.100
				,"percent": 57.04
				}
			,{
				"<=msec": 6.200
				,"percent": 57.86
				}
			,{
				"<=msec": 6.300
				,"percent": 58.49
				}
			,{
				"<=msec": 6.400
				,"percent": 59.11
				}
			,{
				"<=msec": 6.500
				,"percent": 59.72
				}
			,{
				"<=msec": 6.600
				,"percent": 60.42
				}
			,{
				"<=msec": 6.700
				,"percent": 61.03
				}
			,{
				"<=msec": 6.800
				,"percent": 61.70
				}
			,{
				"<=msec": 6.900
				,"percent": 62.20
				}
			,{
				"<=msec": 7.000
				,"percent": 62.85
				}
			,{
				"<=msec": 7.100
				,"percent": 63.35
				}
			,{
				"<=msec": 7.200
				,"percent": 63.98
				}
			,{
				"<=msec": 7.300
				,"percent": 64.46
				}
			,{
				"<=msec": 7.400
				,"percent": 64.98
				}
			,{
				"<=msec": 7.500
				,"percent": 65.40
				}
			,{
				"<=msec": 7.600
				,"percent": 65.91
				}
			,{
				"<=msec": 7.700
				,"percent": 66.43
				}
			,{
				"<=msec": 7.800
				,"percent": 66.82
				}
			,{
				"<=msec": 7.900
				,"percent": 67.28
				}
			,{
				"<=msec": 8.000
				,"percent": 67.88
				}
			,{
				"<=msec": 8.100
				,"percent": 68.50
				}
			,{
				"<=msec": 8.200
				,"percent": 69.12
				}
			,{
				"<=msec": 8.300
				,"percent": 69.62
				}
			,{
				"<=msec": 8.400
				,"percent": 70.02
				}
			,{
				"<=msec": 8.500
				,"percent": 70.52
				}
			,{
				"<=msec": 8.600
				,"percent": 70.99
				}
			,{
				"<=msec": 8.700
				,"percent": 71.69
				}
			,{
				"<=msec": 8.800
				,"percent": 72.25
				}
			,{
				"<=msec": 8.900
				,"percent": 72.97
				}
			,{
				"<=msec": 9.000
				,"percent": 73.54
				}
			,{
				"<=msec": 9.100
				,"percent": 74.30
				}
			,{
				"<=msec": 9.200
				,"percent": 74.81
				}
			,{
				"<=msec": 9.300
				,"percent": 75.33
				}
			,{
				"<=msec": 9.400
				,"percent": 76.07
				}
			,{
				"<=msec": 9.500
				,"percent": 76.63
				}
			,{
				"<=msec": 9.600
				,"percent": 77.17
				}
			,{
				"<=msec": 9.700
				,"percent": 77.82
				}
			,{
				"<=msec": 9.800
				,"percent": 78.36
				}
			,{
				"<=msec": 9.900
				,"percent": 78.96
				}
			,{
				"<=msec": 10.000
				,"percent": 82.43
				}
			,{
				"<=msec": 11.000
				,"percent": 87.75
				}
			,{
				"<=msec": 12.000
				,"percent": 90.93
				}
			,{
				"<=msec": 13.000
				,"percent": 92.92
				}
			,{
				"<=msec": 14.000
				,"percent": 94.30
				}
			,{
				"<=msec": 15.000
				,"percent": 95.14
				}
			,{
				"<=msec": 16.000
				,"percent": 95.73
				}
			,{
				"<=msec": 17.000
				,"percent": 96.20
				}
			,{
				"<=msec": 18.000
				,"percent": 96.67
				}
			,{
				"<=msec": 19.000
				,"percent": 97.16
				}
			,{
				"<=msec": 20.000
				,"percent": 97.66
				}
			,{
				"<=msec": 21.000
				,"percent": 98.18
				}
			,{
				"<=msec": 22.000
				,"percent": 98.61
				}
			,{
				"<=msec": 23.000
				,"percent": 98.82
				}
			,{
				"<=msec": 24.000
				,"percent": 98.95
				}
			,{
				"<=msec": 25.000
				,"percent": 99.05
				}
			,{
				"<=msec": 26.000
				,"percent": 99.16
				}
			,{
				"<=msec": 27.000
				,"percent": 99.28
				}
			,{
				"<=msec": 28.000
				,"percent": 99.35
				}
			,{
				"<=msec": 29.000
				,"percent": 99.49
				}
			,{
				"<=msec": 30.000
				,"percent": 99.60
				}
			,{
				"<=msec": 31.000
				,"percent": 99.67
				}
			,{
				"<=msec": 32.000
				,"percent": 99.70
				}
			,{
				"<=msec": 33.000
				,"percent": 99.71
				}
			,{
				"<=msec": 34.000
				,"percent": 99.72
				}
			,{
				"<=msec": 35.000
				,"percent": 99.79
				}
			,{
				"<=msec": 36.000
				,"percent": 99.82
				}
			,{
				"<=msec": 37.000
				,"percent": 99.83
				}
			,{
				"<=msec": 39.000
				,"percent": 99.84
				}
			,{
				"<=msec": 40.000
				,"percent": 99.87
				}
			,{
				"<=msec": 41.000
				,"percent": 99.90
				}
			,{
				"<=msec": 43.000
				,"percent": 99.92
				}
			,{
				"<=msec": 44.000
				,"percent": 99.93
				}
			,{
				"<=msec": 45.000
				,"percent": 99.94
				}
			,{
				"<=msec": 46.000
				,"percent": 99.95
				}
			,{
				"<=msec": 49.000
				,"percent": 99.96
				}
			,{
				"<=msec": 53.000
				,"percent": 99.97
				}
			,{
				"<=msec": 58.000
				,"percent": 99.98
				}
			,{
				"<=msec": 70.000
				,"percent": 99.99
				}
			,{
				"<=msec": 71.000
				,"percent": 100.00
				}
			]
		,"WAIT":[
		]
		}
	}
