{
	"configuration":{
		"server": "10.0.0.8"
		,"port": 6379
		,"unix socket": "(null)"
		,"protocol": "memcache_text"
		,"out_file": "(null)"
		,"client_stats": "(null)"
		,"run_count": 1
		,"debug": 0
		,"requests": 0
		,"clients": 2
		,"threads": 1
		,"test_time": 75
		,"ratio": "1:6"
		,"pipeline": 1
		,"data_size": 1024
		,"data_offset": 0
		,"random_data": "false"
		,"data_size_range": "0:0"
		,"data_size_list": ""
		,"data_size_pattern": "R"
		,"expiry_range": "9999:10000"
		,"data_import": "(null)"
		,"data_verify": "false"
		,"verify_only": "false"
		,"generate_keys": "false"
		,"key_prefix": "memtier-"
		,"key_minimum":           0
		,"key_maximum":       10000
		,"key_pattern": "R:R"
		,"key_stddev": 0.000000
		,"key_median": 0.000000
		,"reconnect_interval": 0
		,"multi_key_get": 6
		,"authenticate": ""
		,"select-db": 0
		,"no-expiry": "false"
		,"wait-ratio": "0:0"
		,"num-slaves": "0:0"
		,"wait-timeout": "0-0"
		}
	,"run information":{
		"Threads": 1
		,"Connections per thread": 2
		,"Seconds": 75
		}
	,"ALL STATS":{
		"Sets":{
			"Ops/sec": 204.90
			,"Hits/sec": 0.00
			,"Misses/sec": 0.00
			,"Latency": 5.46
			,"KB/sec": 212.98
			}
		,"Gets":{
			"Ops/sec": 204.88
			,"Hits/sec": 1229.26
			,"Misses/sec": 0.00
			,"Latency": 4.28
			,"KB/sec": 1281.41
			}
		,"Waits":{
			"Ops/sec": 0.00
			,"Hits/sec": 0.00
			,"Misses/sec": 0.00
			,"Latency": 0.00
			,"KB/sec": 0.00
			}
		,"Totals":{
			"Ops/sec": 409.78
			,"Hits/sec": 1229.26
			,"Misses/sec": 0.00
			,"Latency": 4.87
			,"KB/sec": 1494.39
			}
		,"SET":[
			{
				"<=msec": 0.880
				,"percent": 0.01
				}
			,{
				"<=msec": 0.920
				,"percent": 0.01
				}
			,{
				"<=msec": 0.930
				,"percent": 0.02
				}
			,{
				"<=msec": 0.940
				,"percent": 0.03
				}
			,{
				"<=msec": 0.950
				,"percent": 0.03
				}
			,{
				"<=msec": 0.960
				,"percent": 0.04
				}
			,{
				"<=msec": 0.970
				,"percent": 0.07
				}
			,{
				"<=msec": 0.980
				,"percent": 0.08
				}
			,{
				"<=msec": 0.990
				,"percent": 0.09
				}
			,{
				"<=msec": 1.000
				,"percent": 0.40
				}
			,{
				"<=msec": 1.100
				,"percent": 1.37
				}
			,{
				"<=msec": 1.200
				,"percent": 3.20
				}
			,{
				"<=msec": 1.300
				,"percent": 5.49
				}
			,{
				"<=msec": 1.400
				,"percent": 8.26
				}
			,{
				"<=msec": 1.500
				,"percent": 11.20
				}
			,{
				"<=msec": 1.600
				,"percent": 14.11
				}
			,{
				"<=msec": 1.700
				,"percent": 17.16
				}
			,{
				"<=msec": 1.800
				,"percent": 19.68
				}
			,{
				"<=msec": 1.900
				,"percent": 22.12
				}
			,{
				"<=msec": 2.000
				,"percent": 24.55
				}
			,{
				"<=msec": 2.100
				,"percent": 26.59
				}
			,{
				"<=msec": 2.200
				,"percent": 28.56
				}
			,{
				"<=msec": 2.300
				,"percent": 30.47
				}
			,{
				"<=msec": 2.400
				,"percent": 32.11
				}
			,{
				"<=msec": 2.500
				,"percent": 33.49
				}
			,{
				"<=msec": 2.600
				,"percent": 35.03
				}
			,{
				"<=msec": 2.700
				,"percent": 36.36
				}
			,{
				"<=msec": 2.800
				,"percent": 37.36
				}
			,{
				"<=msec": 2.900
				,"percent": 38.36
				}
			,{
				"<=msec": 3.000
				,"percent": 39.37
				}
			,{
				"<=msec": 3.100
				,"percent": 40.38
				}
			,{
				"<=msec": 3.200
				,"percent": 41.21
				}
			,{
				"<=msec": 3.300
				,"percent": 42.13
				}
			,{
				"<=msec": 3.400
				,"percent": 42.79
				}
			,{
				"<=msec": 3.500
				,"percent": 43.54
				}
			,{
				"<=msec": 3.600
				,"percent": 44.19
				}
			,{
				"<=msec": 3.700
				,"percent": 44.94
				}
			,{
				"<=msec": 3.800
				,"percent": 45.67
				}
			,{
				"<=msec": 3.900
				,"percent": 46.28
				}
			,{
				"<=msec": 4.000
				,"percent": 46.91
				}
			,{
				"<=msec": 4.100
				,"percent": 47.53
				}
			,{
				"<=msec": 4.200
				,"percent": 48.12
				}
			,{
				"<=msec": 4.300
				,"percent": 48.68
				}
			,{
				"<=msec": 4.400
				,"percent": 49.37
				}
			,{
				"<=msec": 4.500
				,"percent": 49.90
				}
			,{
				"<=msec": 4.600
				,"percent": 50.58
				}
			,{
				"<=msec": 4.700
				,"percent": 51.15
				}
			,{
				"<=msec": 4.800
				,"percent": 51.74
				}
			,{
				"<=msec": 4.900
				,"percent": 52.45
				}
			,{
				"<=msec": 5.000
				,"percent": 53.10
				}
			,{
				"<=msec": 5.100
				,"percent": 53.66
				}
			,{
				"<=msec": 5.200
				,"percent": 54.28
				}
			,{
				"<=msec": 5.300
				,"percent": 54.78
				}
			,{
				"<=msec": 5.400
				,"percent": 55.52
				}
			,{
				"<=msec": 5.500
				,"percent": 56.18
				}
			,{
				"<=msec": 5.600
				,"percent": 56.83
				}
			,{
				"<=msec": 5.700
				,"percent": 57.53
				}
			,{
				"<=msec": 5.800
				,"percent": 58.29
				}
			,{
				"<=msec": 5.900
				,"percent": 59.16
				}
			,{
				"<=msec": 6.000
				,"percent": 59.90
				}
			,{
				"<=msec": 6.100
				,"percent": 60.85
				}
			,{
				"<=msec": 6.200
				,"percent": 61.83
				}
			,{
				"<=msec": 6.300
				,"percent": 62.71
				}
			,{
				"<=msec": 6.400
				,"percent": 63.72
				}
			,{
				"<=msec": 6.500
				,"percent": 64.81
				}
			,{
				"<=msec": 6.600
				,"percent": 65.81
				}
			,{
				"<=msec": 6.700
				,"percent": 66.85
				}
			,{
				"<=msec": 6.800
				,"percent": 67.71
				}
			,{
				"<=msec": 6.900
				,"percent": 68.68
				}
			,{
				"<=msec": 7.000
				,"percent": 69.68
				}
			,{
				"<=msec": 7.100
				,"percent": 70.78
				}
			,{
				"<=msec": 7.200
				,"percent": 71.78
				}
			,{
				"<=msec": 7.300
				,"percent": 72.77
				}
			,{
				"<=msec": 7.400
				,"percent": 73.70
				}
			,{
				"<=msec": 7.500
				,"percent": 74.76
				}
			,{
				"<=msec": 7.600
				,"percent": 75.79
				}
			,{
				"<=msec": 7.700
				,"percent": 76.72
				}
			,{
				"<=msec": 7.800
				,"percent": 77.56
				}
			,{
				"<=msec": 7.900
				,"percent": 78.47
				}
			,{
				"<=msec": 8.000
				,"percent": 79.42
				}
			,{
				"<=msec": 8.100
				,"percent": 80.26
				}
			,{
				"<=msec": 8.200
				,"percent": 81.03
				}
			,{
				"<=msec": 8.300
				,"percent": 81.74
				}
			,{
				"<=msec": 8.400
				,"percent": 82.54
				}
			,{
				"<=msec": 8.500
				,"percent": 83.21
				}
			,{
				"<=msec": 8.600
				,"percent": 83.97
				}
			,{
				"<=msec": 8.700
				,"percent": 84.57
				}
			,{
				"<=msec": 8.800
				,"percent": 85.17
				}
			,{
				"<=msec": 8.900
				,"percent": 85.90
				}
			,{
				"<=msec": 9.000
				,"percent": 86.41
				}
			,{
				"<=msec": 9.100
				,"percent": 86.97
				}
			,{
				"<=msec": 9.200
				,"percent": 87.46
				}
			,{
				"<=msec": 9.300
				,"percent": 88.01
				}
			,{
				"<=msec": 9.400
				,"percent": 88.53
				}
			,{
				"<=msec": 9.500
				,"percent": 88.96
				}
			,{
				"<=msec": 9.600
				,"percent": 89.45
				}
			,{
				"<=msec": 9.700
				,"percent": 89.89
				}
			,{
				"<=msec": 9.800
				,"percent": 90.25
				}
			,{
				"<=msec": 9.900
				,"percent": 90.56
				}
			,{
				"<=msec": 10.000
				,"percent": 92.20
				}
			,{
				"<=msec": 11.000
				,"percent": 94.06
				}
			,{
				"<=msec": 12.000
				,"percent": 95.07
				}
			,{
				"<=msec": 13.000
				,"percent": 95.80
				}
			,{
				"<=msec": 14.000
				,"percent": 96.25
				}
			,{
				"<=msec": 15.000
				,"percent": 96.71
				}
			,{
				"<=msec": 16.000
				,"percent": 97.16
				}
			,{
				"<=msec": 17.000
				,"percent": 97.78
				}
			,{
				"<=msec": 18.000
				,"percent": 98.26
				}
			,{
				"<=msec": 19.000
				,"percent": 98.61
				}
			,{
				"<=msec": 20.000
				,"percent": 98.86
				}
			,{
				"<=msec": 21.000
				,"percent": 98.99
				}
			,{
				"<=msec": 22.000
				,"percent": 99.09
				}
			,{
				"<=msec": 23.000
				,"percent": 99.18
				}
			,{
				"<=msec": 24.000
				,"percent": 99.25
				}
			,{
				"<=msec": 25.000
				,"percent": 99.32
				}
			,{
				"<=msec": 26.000
				,"percent": 99.42
				}
			,{
				"<=msec": 27.000
				,"percent": 99.51
				}
			,{
				"<=msec": 28.000
				,"percent": 99.60
				}
			,{
				"<=msec": 29.000
				,"percent": 99.71
				}
			,{
				"<=msec": 30.000
				,"percent": 99.75
				}
			,{
				"<=msec": 31.000
				,"percent": 99.79
				}
			,{
				"<=msec": 32.000
				,"percent": 99.82
				}
			,{
				"<=msec": 33.000
				,"percent": 99.83
				}
			,{
				"<=msec": 34.000
				,"percent": 99.85
				}
			,{
				"<=msec": 35.000
				,"percent": 99.89
				}
			,{
				"<=msec": 36.000
				,"percent": 99.92
				}
			,{
				"<=msec": 37.000
				,"percent": 99.94
				}
			,{
				"<=msec": 38.000
				,"percent": 99.96
				}
			,{
				"<=msec": 42.000
				,"percent": 99.97
				}
			,{
				"<=msec": 45.000
				,"percent": 99.98
				}
			,{
				"<=msec": 46.000
				,"percent": 99.99
				}
			,{
				"<=msec": 49.000
				,"percent": 100.00
				}
			]
		,"GET":[
			{
				"<=msec": 0.980
				,"percent": 0.01
				}
			,{
				"<=msec": 1.000
				,"percent": 0.02
				}
			,{
				"<=msec": 1.100
				,"percent": 0.35
				}
			,{
				"<=msec": 1.200
				,"percent": 1.58
				}
			,{
				"<=msec": 1.300
				,"percent": 3.85
				}
			,{
				"<=msec": 1.400
				,"percent": 7.31
				}
			,{
				"<=msec": 1.500
				,"percent": 11.39
				}
			,{
				"<=msec": 1.600
				,"percent": 15.78
				}
			,{
				"<=msec": 1.700
				,"percent": 19.77
				}
			,{
				"<=msec": 1.800
				,"percent": 23.83
				}
			,{
				"<=msec": 1.900
				,"percent": 28.04
				}
			,{
				"<=msec": 2.000
				,"percent": 31.84
				}
			,{
				"<=msec": 2.100
				,"percent": 35.64
				}
			,{
				"<=msec": 2.200
				,"percent": 39.08
				}
			,{
				"<=msec": 2.300
				,"percent": 42.46
				}
			,{
				"<=msec": 2.400
				,"percent": 45.59
				}
			,{
				"<=msec": 2.500
				,"percent": 48.65
				}
			,{
				"<=msec": 2.600
				,"percent": 51.48
				}
			,{
				"<=msec": 2.700
				,"percent": 53.70
				}
			,{
				"<=msec": 2.800
				,"percent": 55.88
				}
			,{
				"<=msec": 2.900
				,"percent": 57.84
				}
			,{
				"<=msec": 3.000
				,"percent": 59.48
				}
			,{
				"<=msec": 3.100
				,"percent": 61.07
				}
			,{
				"<=msec": 3.200
				,"percent": 62.48
				}
			,{
				"<=msec": 3.300
				,"percent": 63.71
				}
			,{
				"<=msec": 3.400
				,"percent": 64.59
				}
			,{
				"<=msec": 3.500
				,"percent": 65.64
				}
			,{
				"<=msec": 3.600
				,"percent": 66.57
				}
			,{
				"<=msec": 3.700
				,"percent": 67.33
				}
			,{
				"<=msec": 3.800
				,"percent": 68.10
				}
			,{
				"<=msec": 3.900
				,"percent": 69.01
				}
			,{
				"<=msec": 4.000
				,"percent": 69.78
				}
			,{
				"<=msec": 4.100
				,"percent": 70.34
				}
			,{
				"<=msec": 4.200
				,"percent": 70.86
				}
			,{
				"<=msec": 4.300
				,"percent": 71.37
				}
			,{
				"<=msec": 4.400
				,"percent": 71.81
				}
			,{
				"<=msec": 4.500
				,"percent": 72.20
				}
			,{
				"<=msec": 4.600
				,"percent": 72.65
				}
			,{
				"<=msec": 4.700
				,"percent": 73.00
				}
			,{
				"<=msec": 4.800
				,"percent": 73.41
				}
			,{
				"<=msec": 4.900
				,"percent": 73.80
				}
			,{
				"<=msec": 5.000
				,"percent": 74.12
				}
			,{
				"<=msec": 5.100
				,"percent": 74.50
				}
			,{
				"<=msec": 5.200
				,"percent": 74.78
				}
			,{
				"<=msec": 5.300
				,"percent": 75.04
				}
			,{
				"<=msec": 5.400
				,"percent": 75.35
				}
			,{
				"<=msec": 5.500
				,"percent": 75.68
				}
			,{
				"<=msec": 5.600
				,"percent": 75.97
				}
			,{
				"<=msec": 5.700
				,"percent": 76.25
				}
			,{
				"<=msec": 5.800
				,"percent": 76.55
				}
			,{
				"<=msec": 5.900
				,"percent": 76.81
				}
			,{
				"<=msec": 6.000
				,"percent": 77.05
				}
			,{
				"<=msec": 6.100
				,"percent": 77.31
				}
			,{
				"<=msec": 6.200
				,"percent": 77.63
				}
			,{
				"<=msec": 6.300
				,"percent": 77.94
				}
			,{
				"<=msec": 6.400
				,"percent": 78.21
				}
			,{
				"<=msec": 6.500
				,"percent": 78.47
				}
			,{
				"<=msec": 6.600
				,"percent": 78.80
				}
			,{
				"<=msec": 6.700
				,"percent": 79.11
				}
			,{
				"<=msec": 6.800
				,"percent": 79.49
				}
			,{
				"<=msec": 6.900
				,"percent": 79.81
				}
			,{
				"<=msec": 7.000
				,"percent": 80.18
				}
			,{
				"<=msec": 7.100
				,"percent": 80.54
				}
			,{
				"<=msec": 7.200
				,"percent": 80.80
				}
			,{
				"<=msec": 7.300
				,"percent": 81.09
				}
			,{
				"<=msec": 7.400
				,"percent": 81.50
				}
			,{
				"<=msec": 7.500
				,"percent": 81.93
				}
			,{
				"<=msec": 7.600
				,"percent": 82.31
				}
			,{
				"<=msec": 7.700
				,"percent": 82.68
				}
			,{
				"<=msec": 7.800
				,"percent": 83.09
				}
			,{
				"<=msec": 7.900
				,"percent": 83.60
				}
			,{
				"<=msec": 8.000
				,"percent": 84.13
				}
			,{
				"<=msec": 8.100
				,"percent": 84.58
				}
			,{
				"<=msec": 8.200
				,"percent": 85.02
				}
			,{
				"<=msec": 8.300
				,"percent": 85.45
				}
			,{
				"<=msec": 8.400
				,"percent": 85.94
				}
			,{
				"<=msec": 8.500
				,"percent": 86.37
				}
			,{
				"<=msec": 8.600
				,"percent": 86.95
				}
			,{
				"<=msec": 8.700
				,"percent": 87.34
				}
			,{
				"<=msec": 8.800
				,"percent": 87.88
				}
			,{
				"<=msec": 8.900
				,"percent": 88.39
				}
			,{
				"<=msec": 9.000
				,"percent": 88.85
				}
			,{
				"<=msec": 9.100
				,"percent": 89.27
				}
			,{
				"<=msec": 9.200
				,"percent": 89.62
				}
			,{
				"<=msec": 9.300
				,"percent": 90.04
				}
			,{
				"<=msec": 9.400
				,"percent": 90.40
				}
			,{
				"<=msec": 9.500
				,"percent": 90.84
				}
			,{
				"<=msec": 9.600
				,"percent": 91.16
				}
			,{
				"<=msec": 9.700
				,"percent": 91.42
				}
			,{
				"<=msec": 9.800
				,"percent": 91.68
				}
			,{
				"<=msec": 9.900
				,"percent": 92.07
				}
			,{
				"<=msec": 10.000
				,"percent": 93.39
				}
			,{
				"<=msec": 11.000
				,"percent": 95.16
				}
			,{
				"<=msec": 12.000
				,"percent": 96.26
				}
			,{
				"<=msec": 13.000
				,"percent": 96.89
				}
			,{
				"<=msec": 14.000
				,"percent": 97.29
				}
			,{
				"<=msec": 15.000
				,"percent": 97.61
				}
			,{
				"<=msec": 16.000
				,"percent": 97.85
				}
			,{
				"<=msec": 17.000
				,"percent": 98.22
				}
			,{
				"<=msec": 18.000
				,"percent": 98.63
				}
			,{
				"<=msec": 19.000
				,"percent": 98.97
				}
			,{
				"<=msec": 20.000
				,"percent": 99.28
				}
			,{
				"<=msec": 21.000
				,"percent": 99.49
				}
			,{
				"<=msec": 22.000
				,"percent": 99.56
				}
			,{
				"<=msec": 23.000
				,"percent": 99.63
				}
			,{
				"<=msec": 24.000
				,"percent": 99.71
				}
			,{
				"<=msec": 25.000
				,"percent": 99.75
				}
			,{
				"<=msec": 26.000
				,"percent": 99.77
				}
			,{
				"<=msec": 27.000
				,"percent": 99.79
				}
			,{
				"<=msec": 28.000
				,"percent": 99.83
				}
			,{
				"<=msec": 29.000
				,"percent": 99.85
				}
			,{
				"<=msec": 31.000
				,"percent": 99.87
				}
			,{
				"<=msec": 32.000
				,"percent": 99.90
				}
			,{
				"<=msec": 33.000
				,"percent": 99.90
				}
			,{
				"<=msec": 34.000
				,"percent": 99.91
				}
			,{
				"<=msec": 36.000
				,"percent": 99.94
				}
			,{
				"<=msec": 37.000
				,"percent": 99.95
				}
			,{
				"<=msec": 39.000
				,"percent": 99.95
				}
			,{
				"<=msec": 40.000
				,"percent": 99.96
				}
			,{
				"<=msec": 42.000
				,"percent": 99.97
				}
			,{
				"<=msec": 44.000
				,"percent": 99.97
				}
			,{
				"<=msec": 47.000
				,"percent": 99.98
				}
			,{
				"<=msec": 48.000
				,"percent": 99.99
				}
			,{
				"<=msec": 49.000
				,"percent": 100.00
				}
			]
		,"WAIT":[
		]
		}
	}
