{
	"configuration":{
		"server": "10.0.0.8"
		,"port": 6379
		,"unix socket": "(null)"
		,"protocol": "memcache_text"
		,"out_file": "(null)"
		,"client_stats": "(null)"
		,"run_count": 1
		,"debug": 0
		,"requests": 0
		,"clients": 2
		,"threads": 1
		,"test_time": 75
		,"ratio": "1:6"
		,"pipeline": 1
		,"data_size": 1024
		,"data_offset": 0
		,"random_data": "false"
		,"data_size_range": "0:0"
		,"data_size_list": ""
		,"data_size_pattern": "R"
		,"expiry_range": "9999:10000"
		,"data_import": "(null)"
		,"data_verify": "false"
		,"verify_only": "false"
		,"generate_keys": "false"
		,"key_prefix": "memtier-"
		,"key_minimum":           0
		,"key_maximum":       10000
		,"key_pattern": "R:R"
		,"key_stddev": 0.000000
		,"key_median": 0.000000
		,"reconnect_interval": 0
		,"multi_key_get": 6
		,"authenticate": ""
		,"select-db": 0
		,"no-expiry": "false"
		,"wait-ratio": "0:0"
		,"num-slaves": "0:0"
		,"wait-timeout": "0-0"
		}
	,"run information":{
		"Threads": 1
		,"Connections per thread": 2
		,"Seconds": 75
		}
	,"ALL STATS":{
		"Sets":{
			"Ops/sec": 212.99
			,"Hits/sec": 0.00
			,"Misses/sec": 0.00
			,"Latency": 5.31
			,"KB/sec": 221.40
			}
		,"Gets":{
			"Ops/sec": 212.98
			,"Hits/sec": 1277.89
			,"Misses/sec": 0.00
			,"Latency": 4.05
			,"KB/sec": 1332.10
			}
		,"Waits":{
			"Ops/sec": 0.00
			,"Hits/sec": 0.00
			,"Misses/sec": 0.00
			,"Latency": 0.00
			,"KB/sec": 0.00
			}
		,"Totals":{
			"Ops/sec": 425.98
			,"Hits/sec": 1277.89
			,"Misses/sec": 0.00
			,"Latency": 4.68
			,"KB/sec": 1553.50
			}
		,"SET":[
			{
				"<=msec": 0.750
				,"percent": 0.01
				}
			,{
				"<=msec": 0.770
				,"percent": 0.01
				}
			,{
				"<=msec": 0.780
				,"percent": 0.02
				}
			,{
				"<=msec": 0.800
				,"percent": 0.03
				}
			,{
				"<=msec": 0.810
				,"percent": 0.04
				}
			,{
				"<=msec": 0.830
				,"percent": 0.05
				}
			,{
				"<=msec": 0.840
				,"percent": 0.07
				}
			,{
				"<=msec": 0.850
				,"percent": 0.08
				}
			,{
				"<=msec": 0.860
				,"percent": 0.11
				}
			,{
				"<=msec": 0.870
				,"percent": 0.15
				}
			,{
				"<=msec": 0.880
				,"percent": 0.18
				}
			,{
				"<=msec": 0.890
				,"percent": 0.24
				}
			,{
				"<=msec": 0.900
				,"percent": 0.28
				}
			,{
				"<=msec": 0.910
				,"percent": 0.31
				}
			,{
				"<=msec": 0.920
				,"percent": 0.39
				}
			,{
				"<=msec": 0.930
				,"percent": 0.46
				}
			,{
				"<=msec": 0.940
				,"percent": 0.51
				}
			,{
				"<=msec": 0.950
				,"percent": 0.63
				}
			,{
				"<=msec": 0.960
				,"percent": 0.71
				}
			,{
				"<=msec": 0.970
				,"percent": 0.79
				}
			,{
				"<=msec": 0.980
				,"percent": 0.92
				}
			,{
				"<=msec": 0.990
				,"percent": 1.06
				}
			,{
				"<=msec": 1.000
				,"percent": 2.17
				}
			,{
				"<=msec": 1.100
				,"percent": 5.22
				}
			,{
				"<=msec": 1.200
				,"percent": 8.94
				}
			,{
				"<=msec": 1.300
				,"percent": 12.71
				}
			,{
				"<=msec": 1.400
				,"percent": 16.07
				}
			,{
				"<=msec": 1.500
				,"percent": 19.30
				}
			,{
				"<=msec": 1.600
				,"percent": 22.30
				}
			,{
				"<=msec": 1.700
				,"percent": 24.84
				}
			,{
				"<=msec": 1.800
				,"percent": 27.10
				}
			,{
				"<=msec": 1.900
				,"percent": 29.01
				}
			,{
				"<=msec": 2.000
				,"percent": 30.97
				}
			,{
				"<=msec": 2.100
				,"percent": 32.59
				}
			,{
				"<=msec": 2.200
				,"percent": 34.11
				}
			,{
				"<=msec": 2.300
				,"percent": 35.54
				}
			,{
				"<=msec": 2.400
				,"percent": 36.71
				}
			,{
				"<=msec": 2.500
				,"percent": 37.78
				}
			,{
				"<=msec": 2.600
				,"percent": 38.76
				}
			,{
				"<=msec": 2.700
				,"percent": 39.65
				}
			,{
				"<=msec": 2.800
				,"percent": 40.55
				}
			,{
				"<=msec": 2.900
				,"percent": 41.24
				}
			,{
				"<=msec": 3.000
				,"percent": 41.96
				}
			,{
				"<=msec": 3.100
				,"percent": 42.55
				}
			,{
				"<=msec": 3.200
				,"percent": 43.13
				}
			,{
				"<=msec": 3.300
				,"percent": 43.70
				}
			,{
				"<=msec": 3.400
				,"percent": 44.41
				}
			,{
				"<=msec": 3.500
				,"percent": 45.00
				}
			,{
				"<=msec": 3.600
				,"percent": 45.55
				}
			,{
				"<=msec": 3.700
				,"percent": 45.98
				}
			,{
				"<=msec": 3.800
				,"percent": 46.53
				}
			,{
				"<=msec": 3.900
				,"percent": 47.06
				}
			,{
				"<=msec": 4.000
				,"percent": 47.58
				}
			,{
				"<=msec": 4.100
				,"percent": 48.13
				}
			,{
				"<=msec": 4.200
				,"percent": 48.67
				}
			,{
				"<=msec": 4.300
				,"percent": 49.13
				}
			,{
				"<=msec": 4.400
				,"percent": 49.71
				}
			,{
				"<=msec": 4.500
				,"percent": 50.34
				}
			,{
				"<=msec": 4.600
				,"percent": 50.93
				}
			,{
				"<=msec": 4.700
				,"percent": 51.53
				}
			,{
				"<=msec": 4.800
				,"percent": 52.11
				}
			,{
				"<=msec": 4.900
				,"percent": 52.77
				}
			,{
				"<=msec": 5.000
				,"percent": 53.27
				}
			,{
				"<=msec": 5.100
				,"percent": 53.86
				}
			,{
				"<=msec": 5.200
				,"percent": 54.48
				}
			,{
				"<=msec": 5.300
				,"percent": 55.05
				}
			,{
				"<=msec": 5.400
				,"percent": 55.81
				}
			,{
				"<=msec": 5.500
				,"percent": 56.55
				}
			,{
				"<=msec": 5.600
				,"percent": 57.34
				}
			,{
				"<=msec": 5.700
				,"percent": 58.18
				}
			,{
				"<=msec": 5.800
				,"percent": 59.11
				}
			,{
				"<=msec": 5.900
				,"percent": 59.92
				}
			,{
				"<=msec": 6.000
				,"percent": 60.84
				}
			,{
				"<=msec": 6.100
				,"percent": 61.96
				}
			,{
				"<=msec": 6.200
				,"percent": 62.94
				}
			,{
				"<=msec": 6.300
				,"percent": 63.97
				}
			,{
				"<=msec": 6.400
				,"percent": 65.19
				}
			,{
				"<=msec": 6.500
				,"percent": 66.22
				}
			,{
				"<=msec": 6.600
				,"percent": 67.44
				}
			,{
				"<=msec": 6.700
				,"percent": 68.50
				}
			,{
				"<=msec": 6.800
				,"percent": 69.55
				}
			,{
				"<=msec": 6.900
				,"percent": 70.56
				}
			,{
				"<=msec": 7.000
				,"percent": 71.68
				}
			,{
				"<=msec": 7.100
				,"percent": 72.78
				}
			,{
				"<=msec": 7.200
				,"percent": 73.81
				}
			,{
				"<=msec": 7.300
				,"percent": 74.71
				}
			,{
				"<=msec": 7.400
				,"percent": 75.71
				}
			,{
				"<=msec": 7.500
				,"percent": 76.69
				}
			,{
				"<=msec": 7.600
				,"percent": 77.68
				}
			,{
				"<=msec": 7.700
				,"percent": 78.59
				}
			,{
				"<=msec": 7.800
				,"percent": 79.38
				}
			,{
				"<=msec": 7.900
				,"percent": 80.26
				}
			,{
				"<=msec": 8.000
				,"percent": 81.09
				}
			,{
				"<=msec": 8.100
				,"percent": 81.96
				}
			,{
				"<=msec": 8.200
				,"percent": 82.73
				}
			,{
				"<=msec": 8.300
				,"percent": 83.39
				}
			,{
				"<=msec": 8.400
				,"percent": 84.08
				}
			,{
				"<=msec": 8.500
				,"percent": 84.68
				}
			,{
				"<=msec": 8.600
				,"percent": 85.25
				}
			,{
				"<=msec": 8.700
				,"percent": 85.85
				}
			,{
				"<=msec": 8.800
				,"percent": 86.48
				}
			,{
				"<=msec": 8.900
				,"percent": 86.96
				}
			,{
				"<=msec": 9.000
				,"percent": 87.36
				}
			,{
				"<=msec": 9.100
				,"percent": 87.88
				}
			,{
				"<=msec": 9.200
				,"percent": 88.24
				}
			,{
				"<=msec": 9.300
				,"percent": 88.58
				}
			,{
				"<=msec": 9.400
				,"percent": 89.03
				}
			,{
				"<=msec": 9.500
				,"percent": 89.47
				}
			,{
				"<=msec": 9.600
				,"percent": 89.85
				}
			,{
				"<=msec": 9.700
				,"percent": 90.24
				}
			,{
				"<=msec": 9.800
				,"percent": 90.64
				}
			,{
				"<=msec": 9.900
				,"percent": 90.92
				}
			,{
				"<=msec": 10.000
				,"percent": 92.25
				}
			,{
				"<=msec": 11.000
				,"percent": 93.82
				}
			,{
				"<=msec": 12.000
				,"percent": 94.73
				}
			,{
				"<=msec": 13.000
				,"percent": 95.48
				}
			,{
				"<=msec": 14.000
				,"percent": 95.99
				}
			,{
				"<=msec": 15.000
				,"percent": 96.44
				}
			,{
				"<=msec": 16.000
				,"percent": 97.05
				}
			,{
				"<=msec": 17.000
				,"percent": 97.64
				}
			,{
				"<=msec": 18.000
				,"percent": 98.09
				}
			,{
				"<=msec": 19.000
				,"percent": 98.44
				}
			,{
				"<=msec": 20.000
				,"percent": 98.67
				}
			,{
				"<=msec": 21.000
				,"percent": 98.81
				}
			,{
				"<=msec": 22.000
				,"percent": 98.95
				}
			,{
				"<=msec": 23.000
				,"percent": 99.00
				}
			,{
				"<=msec": 24.000
				,"percent": 99.07
				}
			,{
				"<=msec": 25.000
				,"percent": 99.18
				}
			,{
				"<=msec": 26.000
				,"percent": 99.27
				}
			,{
				"<=msec": 27.000
				,"percent": 99.36
				}
			,{
				"<=msec": 28.000
				,"percent": 99.46
				}
			,{
				"<=msec": 29.000
				,"percent": 99.57
				}
			,{
				"<=msec": 30.000
				,"percent": 99.62
				}
			,{
				"<=msec": 31.000
				,"percent": 99.66
				}
			,{
				"<=msec": 32.000
				,"percent": 99.71
				}
			,{
				"<=msec": 33.000
				,"percent": 99.75
				}
			,{
				"<=msec": 34.000
				,"percent": 99.79
				}
			,{
				"<=msec": 35.000
				,"percent": 99.81
				}
			,{
				"<=msec": 36.000
				,"percent": 99.84
				}
			,{
				"<=msec": 37.000
				,"percent": 99.87
				}
			,{
				"<=msec": 38.000
				,"percent": 99.90
				}
			,{
				"<=msec": 39.000
				,"percent": 99.94
				}
			,{
				"<=msec": 40.000
				,"percent": 99.95
				}
			,{
				"<=msec": 42.000
				,"percent": 99.96
				}
			,{
				"<=msec": 43.000
				,"percent": 99.97
				}
			,{
				"<=msec": 45.000
				,"percent": 99.97
				}
			,{
				"<=msec": 47.000
				,"percent": 99.98
				}
			,{
				"<=msec": 48.000
				,"percent": 99.99
				}
			,{
				"<=msec": 50.000
				,"percent": 99.99
				}
			,{
				"<=msec": 55.000
				,"percent": 100.00
				}
			]
		,"GET":[
			{
				"<=msec": 0.900
				,"percent": 0.01
				}
			,{
				"<=msec": 0.920
				,"percent": 0.01
				}
			,{
				"<=msec": 0.940
				,"percent": 0.02
				}
			,{
				"<=msec": 0.950
				,"percent": 0.03
				}
			,{
				"<=msec": 0.960
				,"percent": 0.04
				}
			,{
				"<=msec": 0.970
				,"percent": 0.05
				}
			,{
				"<=msec": 0.980
				,"percent": 0.06
				}
			,{
				"<=msec": 0.990
				,"percent": 0.10
				}
			,{
				"<=msec": 1.000
				,"percent": 0.44
				}
			,{
				"<=msec": 1.100
				,"percent": 2.43
				}
			,{
				"<=msec": 1.200
				,"percent": 6.11
				}
			,{
				"<=msec": 1.300
				,"percent": 10.97
				}
			,{
				"<=msec": 1.400
				,"percent": 15.99
				}
			,{
				"<=msec": 1.500
				,"percent": 21.18
				}
			,{
				"<=msec": 1.600
				,"percent": 25.82
				}
			,{
				"<=msec": 1.700
				,"percent": 30.37
				}
			,{
				"<=msec": 1.800
				,"percent": 34.40
				}
			,{
				"<=msec": 1.900
				,"percent": 38.27
				}
			,{
				"<=msec": 2.000
				,"percent": 41.97
				}
			,{
				"<=msec": 2.100
				,"percent": 45.62
				}
			,{
				"<=msec": 2.200
				,"percent": 48.91
				}
			,{
				"<=msec": 2.300
				,"percent": 51.97
				}
			,{
				"<=msec": 2.400
				,"percent": 54.82
				}
			,{
				"<=msec": 2.500
				,"percent": 57.05
				}
			,{
				"<=msec": 2.600
				,"percent": 59.22
				}
			,{
				"<=msec": 2.700
				,"percent": 60.96
				}
			,{
				"<=msec": 2.800
				,"percent": 62.45
				}
			,{
				"<=msec": 2.900
				,"percent": 63.69
				}
			,{
				"<=msec": 3.000
				,"percent": 64.85
				}
			,{
				"<=msec": 3.100
				,"percent": 65.82
				}
			,{
				"<=msec": 3.200
				,"percent": 66.60
				}
			,{
				"<=msec": 3.300
				,"percent": 67.46
				}
			,{
				"<=msec": 3.400
				,"percent": 68.21
				}
			,{
				"<=msec": 3.500
				,"percent": 68.85
				}
			,{
				"<=msec": 3.600
				,"percent": 69.53
				}
			,{
				"<=msec": 3.700
				,"percent": 70.04
				}
			,{
				"<=msec": 3.800
				,"percent": 70.59
				}
			,{
				"<=msec": 3.900
				,"percent": 71.02
				}
			,{
				"<=msec": 4.000
				,"percent": 71.42
				}
			,{
				"<=msec": 4.100
				,"percent": 71.84
				}
			,{
				"<=msec": 4.200
				,"percent": 72.16
				}
			,{
				"<=msec": 4.300
				,"percent": 72.52
				}
			,{
				"<=msec": 4.400
				,"percent": 72.83
				}
			,{
				"<=msec": 4.500
				,"percent": 73.25
				}
			,{
				"<=msec": 4.600
				,"percent": 73.51
				}
			,{
				"<=msec": 4.700
				,"percent": 73.78
				}
			,{
				"<=msec": 4.800
				,"percent": 74.00
				}
			,{
				"<=msec": 4.900
				,"percent": 74.29
				}
			,{
				"<=msec": 5.000
				,"percent": 74.64
				}
			,{
				"<=msec": 5.100
				,"percent": 74.82
				}
			,{
				"<=msec": 5.200
				,"percent": 75.11
				}
			,{
				"<=msec": 5.300
				,"percent": 75.36
				}
			,{
				"<=msec": 5.400
				,"percent": 75.62
				}
			,{
				"<=msec": 5.500
				,"percent": 75.84
				}
			,{
				"<=msec": 5.600
				,"percent": 76.12
				}
			,{
				"<=msec": 5.700
				,"percent": 76.36
				}
			,{
				"<=msec": 5.800
				,"percent": 76.56
				}
			,{
				"<=msec": 5.900
				,"percent": 76.79
				}
			,{
				"<=msec": 6.000
				,"percent": 77.10
				}
			,{
				"<=msec": 6.100
				,"percent": 77.38
				}
			,{
				"<=msec": 6.200
				,"percent": 77.68
				}
			,{
				"<=msec": 6.300
				,"percent": 78.00
				}
			,{
				"<=msec": 6.400
				,"percent": 78.27
				}
			,{
				"<=msec": 6.500
				,"percent": 78.65
				}
			,{
				"<=msec": 6.600
				,"percent": 78.96
				}
			,{
				"<=msec": 6.700
				,"percent": 79.32
				}
			,{
				"<=msec": 6.800
				,"percent": 79.67
				}
			,{
				"<=msec": 6.900
				,"percent": 80.19
				}
			,{
				"<=msec": 7.000
				,"percent": 80.61
				}
			,{
				"<=msec": 7.100
				,"percent": 81.05
				}
			,{
				"<=msec": 7.200
				,"percent": 81.48
				}
			,{
				"<=msec": 7.300
				,"percent": 81.85
				}
			,{
				"<=msec": 7.400
				,"percent": 82.36
				}
			,{
				"<=msec": 7.500
				,"percent": 82.86
				}
			,{
				"<=msec": 7.600
				,"percent": 83.34
				}
			,{
				"<=msec": 7.700
				,"percent": 83.79
				}
			,{
				"<=msec": 7.800
				,"percent": 84.29
				}
			,{
				"<=msec": 7.900
				,"percent": 84.73
				}
			,{
				"<=msec": 8.000
				,"percent": 85.25
				}
			,{
				"<=msec": 8.100
				,"percent": 85.73
				}
			,{
				"<=msec": 8.200
				,"percent": 86.25
				}
			,{
				"<=msec": 8.300
				,"percent": 86.67
				}
			,{
				"<=msec": 8.400
				,"percent": 87.19
				}
			,{
				"<=msec": 8.500
				,"percent": 87.70
				}
			,{
				"<=msec": 8.600
				,"percent": 88.21
				}
			,{
				"<=msec": 8.700
				,"percent": 88.64
				}
			,{
				"<=msec": 8.800
				,"percent": 89.00
				}
			,{
				"<=msec": 8.900
				,"percent": 89.37
				}
			,{
				"<=msec": 9.000
				,"percent": 89.77
				}
			,{
				"<=msec": 9.100
				,"percent": 90.13
				}
			,{
				"<=msec": 9.200
				,"percent": 90.46
				}
			,{
				"<=msec": 9.300
				,"percent": 90.82
				}
			,{
				"<=msec": 9.400
				,"percent": 91.14
				}
			,{
				"<=msec": 9.500
				,"percent": 91.38
				}
			,{
				"<=msec": 9.600
				,"percent": 91.69
				}
			,{
				"<=msec": 9.700
				,"percent": 92.06
				}
			,{
				"<=msec": 9.800
				,"percent": 92.34
				}
			,{
				"<=msec": 9.900
				,"percent": 92.51
				}
			,{
				"<=msec": 10.000
				,"percent": 93.76
				}
			,{
				"<=msec": 11.000
				,"percent": 95.26
				}
			,{
				"<=msec": 12.000
				,"percent": 96.29
				}
			,{
				"<=msec": 13.000
				,"percent": 96.81
				}
			,{
				"<=msec": 14.000
				,"percent": 97.28
				}
			,{
				"<=msec": 15.000
				,"percent": 97.56
				}
			,{
				"<=msec": 16.000
				,"percent": 97.84
				}
			,{
				"<=msec": 17.000
				,"percent": 98.19
				}
			,{
				"<=msec": 18.000
				,"percent": 98.57
				}
			,{
				"<=msec": 19.000
				,"percent": 98.95
				}
			,{
				"<=msec": 20.000
				,"percent": 99.22
				}
			,{
				"<=msec": 21.000
				,"percent": 99.32
				}
			,{
				"<=msec": 22.000
				,"percent": 99.42
				}
			,{
				"<=msec": 23.000
				,"percent": 99.49
				}
			,{
				"<=msec": 24.000
				,"percent": 99.52
				}
			,{
				"<=msec": 25.000
				,"percent": 99.57
				}
			,{
				"<=msec": 26.000
				,"percent": 99.64
				}
			,{
				"<=msec": 27.000
				,"percent": 99.72
				}
			,{
				"<=msec": 28.000
				,"percent": 99.76
				}
			,{
				"<=msec": 29.000
				,"percent": 99.77
				}
			,{
				"<=msec": 30.000
				,"percent": 99.79
				}
			,{
				"<=msec": 31.000
				,"percent": 99.83
				}
			,{
				"<=msec": 32.000
				,"percent": 99.86
				}
			,{
				"<=msec": 33.000
				,"percent": 99.88
				}
			,{
				"<=msec": 34.000
				,"percent": 99.89
				}
			,{
				"<=msec": 35.000
				,"percent": 99.91
				}
			,{
				"<=msec": 36.000
				,"percent": 99.92
				}
			,{
				"<=msec": 37.000
				,"percent": 99.93
				}
			,{
				"<=msec": 39.000
				,"percent": 99.95
				}
			,{
				"<=msec": 41.000
				,"percent": 99.96
				}
			,{
				"<=msec": 42.000
				,"percent": 99.96
				}
			,{
				"<=msec": 43.000
				,"percent": 99.97
				}
			,{
				"<=msec": 45.000
				,"percent": 99.98
				}
			,{
				"<=msec": 48.000
				,"percent": 99.99
				}
			,{
				"<=msec": 53.000
				,"percent": 99.99
				}
			,{
				"<=msec": 57.000
				,"percent": 100.00
				}
			]
		,"WAIT":[
		]
		}
	}
