{
	"configuration":{
		"server": "10.0.0.9"
		,"port": 6379
		,"unix socket": "(null)"
		,"protocol": "memcache_text"
		,"out_file": "(null)"
		,"client_stats": "(null)"
		,"run_count": 1
		,"debug": 0
		,"requests": 0
		,"clients": 2
		,"threads": 1
		,"test_time": 75
		,"ratio": "1:1"
		,"pipeline": 1
		,"data_size": 1024
		,"data_offset": 0
		,"random_data": "false"
		,"data_size_range": "0:0"
		,"data_size_list": ""
		,"data_size_pattern": "R"
		,"expiry_range": "9999:10000"
		,"data_import": "(null)"
		,"data_verify": "false"
		,"verify_only": "false"
		,"generate_keys": "false"
		,"key_prefix": "memtier-"
		,"key_minimum":           0
		,"key_maximum":       10000
		,"key_pattern": "R:R"
		,"key_stddev": 0.000000
		,"key_median": 0.000000
		,"reconnect_interval": 0
		,"multi_key_get": 1
		,"authenticate": ""
		,"select-db": 0
		,"no-expiry": "false"
		,"wait-ratio": "0:0"
		,"num-slaves": "0:0"
		,"wait-timeout": "0-0"
		}
	,"run information":{
		"Threads": 1
		,"Connections per thread": 2
		,"Seconds": 75
		}
	,"ALL STATS":{
		"Sets":{
			"Ops/sec": 172.22
			,"Hits/sec": 0.00
			,"Misses/sec": 0.00
			,"Latency": 6.60
			,"KB/sec": 179.01
			}
		,"Gets":{
			"Ops/sec": 172.21
			,"Hits/sec": 172.21
			,"Misses/sec": 0.00
			,"Latency": 5.00
			,"KB/sec": 180.91
			}
		,"Waits":{
			"Ops/sec": 0.00
			,"Hits/sec": 0.00
			,"Misses/sec": 0.00
			,"Latency": 0.00
			,"KB/sec": 0.00
			}
		,"Totals":{
			"Ops/sec": 344.43
			,"Hits/sec": 172.21
			,"Misses/sec": 0.00
			,"Latency": 5.80
			,"KB/sec": 359.93
			}
		,"SET":[
			{
				"<=msec": 3.400
				,"percent": 0.02
				}
			,{
				"<=msec": 3.500
				,"percent": 0.12
				}
			,{
				"<=msec": 3.600
				,"percent": 0.57
				}
			,{
				"<=msec": 3.700
				,"percent": 2.11
				}
			,{
				"<=msec": 3.800
				,"percent": 4.75
				}
			,{
				"<=msec": 3.900
				,"percent": 8.48
				}
			,{
				"<=msec": 4.000
				,"percent": 12.71
				}
			,{
				"<=msec": 4.100
				,"percent": 17.63
				}
			,{
				"<=msec": 4.200
				,"percent": 22.36
				}
			,{
				"<=msec": 4.300
				,"percent": 26.62
				}
			,{
				"<=msec": 4.400
				,"percent": 30.82
				}
			,{
				"<=msec": 4.500
				,"percent": 34.26
				}
			,{
				"<=msec": 4.600
				,"percent": 37.38
				}
			,{
				"<=msec": 4.700
				,"percent": 40.16
				}
			,{
				"<=msec": 4.800
				,"percent": 42.92
				}
			,{
				"<=msec": 4.900
				,"percent": 45.15
				}
			,{
				"<=msec": 5.000
				,"percent": 47.08
				}
			,{
				"<=msec": 5.100
				,"percent": 48.63
				}
			,{
				"<=msec": 5.200
				,"percent": 50.29
				}
			,{
				"<=msec": 5.300
				,"percent": 51.66
				}
			,{
				"<=msec": 5.400
				,"percent": 53.17
				}
			,{
				"<=msec": 5.500
				,"percent": 54.34
				}
			,{
				"<=msec": 5.600
				,"percent": 55.29
				}
			,{
				"<=msec": 5.700
				,"percent": 56.53
				}
			,{
				"<=msec": 5.800
				,"percent": 57.63
				}
			,{
				"<=msec": 5.900
				,"percent": 58.52
				}
			,{
				"<=msec": 6.000
				,"percent": 59.41
				}
			,{
				"<=msec": 6.100
				,"percent": 60.28
				}
			,{
				"<=msec": 6.200
				,"percent": 61.20
				}
			,{
				"<=msec": 6.300
				,"percent": 62.22
				}
			,{
				"<=msec": 6.400
				,"percent": 63.14
				}
			,{
				"<=msec": 6.500
				,"percent": 64.00
				}
			,{
				"<=msec": 6.600
				,"percent": 64.79
				}
			,{
				"<=msec": 6.700
				,"percent": 65.55
				}
			,{
				"<=msec": 6.800
				,"percent": 66.43
				}
			,{
				"<=msec": 6.900
				,"percent": 67.21
				}
			,{
				"<=msec": 7.000
				,"percent": 68.22
				}
			,{
				"<=msec": 7.100
				,"percent": 69.00
				}
			,{
				"<=msec": 7.200
				,"percent": 69.84
				}
			,{
				"<=msec": 7.300
				,"percent": 70.91
				}
			,{
				"<=msec": 7.400
				,"percent": 71.74
				}
			,{
				"<=msec": 7.500
				,"percent": 72.62
				}
			,{
				"<=msec": 7.600
				,"percent": 73.50
				}
			,{
				"<=msec": 7.700
				,"percent": 74.24
				}
			,{
				"<=msec": 7.800
				,"percent": 75.03
				}
			,{
				"<=msec": 7.900
				,"percent": 75.89
				}
			,{
				"<=msec": 8.000
				,"percent": 76.77
				}
			,{
				"<=msec": 8.100
				,"percent": 77.54
				}
			,{
				"<=msec": 8.200
				,"percent": 78.27
				}
			,{
				"<=msec": 8.300
				,"percent": 79.01
				}
			,{
				"<=msec": 8.400
				,"percent": 79.75
				}
			,{
				"<=msec": 8.500
				,"percent": 80.54
				}
			,{
				"<=msec": 8.600
				,"percent": 81.20
				}
			,{
				"<=msec": 8.700
				,"percent": 81.90
				}
			,{
				"<=msec": 8.800
				,"percent": 82.68
				}
			,{
				"<=msec": 8.900
				,"percent": 83.32
				}
			,{
				"<=msec": 9.000
				,"percent": 84.11
				}
			,{
				"<=msec": 9.100
				,"percent": 84.84
				}
			,{
				"<=msec": 9.200
				,"percent": 85.52
				}
			,{
				"<=msec": 9.300
				,"percent": 86.21
				}
			,{
				"<=msec": 9.400
				,"percent": 86.89
				}
			,{
				"<=msec": 9.500
				,"percent": 87.65
				}
			,{
				"<=msec": 9.600
				,"percent": 88.30
				}
			,{
				"<=msec": 9.700
				,"percent": 89.00
				}
			,{
				"<=msec": 9.800
				,"percent": 89.68
				}
			,{
				"<=msec": 9.900
				,"percent": 90.25
				}
			,{
				"<=msec": 10.000
				,"percent": 93.09
				}
			,{
				"<=msec": 11.000
				,"percent": 95.39
				}
			,{
				"<=msec": 12.000
				,"percent": 96.20
				}
			,{
				"<=msec": 13.000
				,"percent": 96.65
				}
			,{
				"<=msec": 14.000
				,"percent": 96.88
				}
			,{
				"<=msec": 15.000
				,"percent": 97.08
				}
			,{
				"<=msec": 16.000
				,"percent": 97.30
				}
			,{
				"<=msec": 17.000
				,"percent": 97.48
				}
			,{
				"<=msec": 18.000
				,"percent": 97.73
				}
			,{
				"<=msec": 19.000
				,"percent": 97.90
				}
			,{
				"<=msec": 20.000
				,"percent": 98.13
				}
			,{
				"<=msec": 21.000
				,"percent": 98.28
				}
			,{
				"<=msec": 22.000
				,"percent": 98.41
				}
			,{
				"<=msec": 23.000
				,"percent": 98.56
				}
			,{
				"<=msec": 24.000
				,"percent": 98.71
				}
			,{
				"<=msec": 25.000
				,"percent": 98.89
				}
			,{
				"<=msec": 26.000
				,"percent": 99.05
				}
			,{
				"<=msec": 27.000
				,"percent": 99.21
				}
			,{
				"<=msec": 28.000
				,"percent": 99.33
				}
			,{
				"<=msec": 29.000
				,"percent": 99.38
				}
			,{
				"<=msec": 30.000
				,"percent": 99.51
				}
			,{
				"<=msec": 31.000
				,"percent": 99.62
				}
			,{
				"<=msec": 32.000
				,"percent": 99.69
				}
			,{
				"<=msec": 33.000
				,"percent": 99.74
				}
			,{
				"<=msec": 34.000
				,"percent": 99.78
				}
			,{
				"<=msec": 35.000
				,"percent": 99.83
				}
			,{
				"<=msec": 36.000
				,"percent": 99.88
				}
			,{
				"<=msec": 37.000
				,"percent": 99.92
				}
			,{
				"<=msec": 38.000
				,"percent": 99.97
				}
			,{
				"<=msec": 39.000
				,"percent": 99.98
				}
			,{
				"<=msec": 40.000
				,"percent": 100.00
				}
			]
		,"GET":[
			{
				"<=msec": 3.000
				,"percent": 0.02
				}
			,{
				"<=msec": 3.100
				,"percent": 0.15
				}
			,{
				"<=msec": 3.200
				,"percent": 0.72
				}
			,{
				"<=msec": 3.300
				,"percent": 2.11
				}
			,{
				"<=msec": 3.400
				,"percent": 4.52
				}
			,{
				"<=msec": 3.500
				,"percent": 8.14
				}
			,{
				"<=msec": 3.600
				,"percent": 13.01
				}
			,{
				"<=msec": 3.700
				,"percent": 18.59
				}
			,{
				"<=msec": 3.800
				,"percent": 25.11
				}
			,{
				"<=msec": 3.900
				,"percent": 31.76
				}
			,{
				"<=msec": 4.000
				,"percent": 38.59
				}
			,{
				"<=msec": 4.100
				,"percent": 44.67
				}
			,{
				"<=msec": 4.200
				,"percent": 50.51
				}
			,{
				"<=msec": 4.300
				,"percent": 55.69
				}
			,{
				"<=msec": 4.400
				,"percent": 60.07
				}
			,{
				"<=msec": 4.500
				,"percent": 63.72
				}
			,{
				"<=msec": 4.600
				,"percent": 67.26
				}
			,{
				"<=msec": 4.700
				,"percent": 69.88
				}
			,{
				"<=msec": 4.800
				,"percent": 72.20
				}
			,{
				"<=msec": 4.900
				,"percent": 74.26
				}
			,{
				"<=msec": 5.000
				,"percent": 76.24
				}
			,{
				"<=msec": 5.100
				,"percent": 77.75
				}
			,{
				"<=msec": 5.200
				,"percent": 79.18
				}
			,{
				"<=msec": 5.300
				,"percent": 80.11
				}
			,{
				"<=msec": 5.400
				,"percent": 80.92
				}
			,{
				"<=msec": 5.500
				,"percent": 81.71
				}
			,{
				"<=msec": 5.600
				,"percent": 82.47
				}
			,{
				"<=msec": 5.700
				,"percent": 83.00
				}
			,{
				"<=msec": 5.800
				,"percent": 83.46
				}
			,{
				"<=msec": 5.900
				,"percent": 83.97
				}
			,{
				"<=msec": 6.000
				,"percent": 84.48
				}
			,{
				"<=msec": 6.100
				,"percent": 84.94
				}
			,{
				"<=msec": 6.200
				,"percent": 85.36
				}
			,{
				"<=msec": 6.300
				,"percent": 85.68
				}
			,{
				"<=msec": 6.400
				,"percent": 85.96
				}
			,{
				"<=msec": 6.500
				,"percent": 86.36
				}
			,{
				"<=msec": 6.600
				,"percent": 86.67
				}
			,{
				"<=msec": 6.700
				,"percent": 87.02
				}
			,{
				"<=msec": 6.800
				,"percent": 87.31
				}
			,{
				"<=msec": 6.900
				,"percent": 87.69
				}
			,{
				"<=msec": 7.000
				,"percent": 88.04
				}
			,{
				"<=msec": 7.100
				,"percent": 88.28
				}
			,{
				"<=msec": 7.200
				,"percent": 88.51
				}
			,{
				"<=msec": 7.300
				,"percent": 88.84
				}
			,{
				"<=msec": 7.400
				,"percent": 89.19
				}
			,{
				"<=msec": 7.500
				,"percent": 89.45
				}
			,{
				"<=msec": 7.600
				,"percent": 89.78
				}
			,{
				"<=msec": 7.700
				,"percent": 90.11
				}
			,{
				"<=msec": 7.800
				,"percent": 90.32
				}
			,{
				"<=msec": 7.900
				,"percent": 90.66
				}
			,{
				"<=msec": 8.000
				,"percent": 90.90
				}
			,{
				"<=msec": 8.100
				,"percent": 91.15
				}
			,{
				"<=msec": 8.200
				,"percent": 91.36
				}
			,{
				"<=msec": 8.300
				,"percent": 91.65
				}
			,{
				"<=msec": 8.400
				,"percent": 91.97
				}
			,{
				"<=msec": 8.500
				,"percent": 92.25
				}
			,{
				"<=msec": 8.600
				,"percent": 92.44
				}
			,{
				"<=msec": 8.700
				,"percent": 92.65
				}
			,{
				"<=msec": 8.800
				,"percent": 92.97
				}
			,{
				"<=msec": 8.900
				,"percent": 93.19
				}
			,{
				"<=msec": 9.000
				,"percent": 93.47
				}
			,{
				"<=msec": 9.100
				,"percent": 93.77
				}
			,{
				"<=msec": 9.200
				,"percent": 94.03
				}
			,{
				"<=msec": 9.300
				,"percent": 94.38
				}
			,{
				"<=msec": 9.400
				,"percent": 94.60
				}
			,{
				"<=msec": 9.500
				,"percent": 94.91
				}
			,{
				"<=msec": 9.600
				,"percent": 95.26
				}
			,{
				"<=msec": 9.700
				,"percent": 95.53
				}
			,{
				"<=msec": 9.800
				,"percent": 95.83
				}
			,{
				"<=msec": 9.900
				,"percent": 96.12
				}
			,{
				"<=msec": 10.000
				,"percent": 97.28
				}
			,{
				"<=msec": 11.000
				,"percent": 98.55
				}
			,{
				"<=msec": 12.000
				,"percent": 99.01
				}
			,{
				"<=msec": 13.000
				,"percent": 99.15
				}
			,{
				"<=msec": 14.000
				,"percent": 99.24
				}
			,{
				"<=msec": 15.000
				,"percent": 99.32
				}
			,{
				"<=msec": 16.000
				,"percent": 99.36
				}
			,{
				"<=msec": 17.000
				,"percent": 99.40
				}
			,{
				"<=msec": 18.000
				,"percent": 99.45
				}
			,{
				"<=msec": 19.000
				,"percent": 99.47
				}
			,{
				"<=msec": 20.000
				,"percent": 99.50
				}
			,{
				"<=msec": 21.000
				,"percent": 99.57
				}
			,{
				"<=msec": 22.000
				,"percent": 99.65
				}
			,{
				"<=msec": 23.000
				,"percent": 99.69
				}
			,{
				"<=msec": 24.000
				,"percent": 99.72
				}
			,{
				"<=msec": 25.000
				,"percent": 99.74
				}
			,{
				"<=msec": 26.000
				,"percent": 99.78
				}
			,{
				"<=msec": 27.000
				,"percent": 99.83
				}
			,{
				"<=msec": 28.000
				,"percent": 99.87
				}
			,{
				"<=msec": 29.000
				,"percent": 99.90
				}
			,{
				"<=msec": 30.000
				,"percent": 99.92
				}
			,{
				"<=msec": 31.000
				,"percent": 99.94
				}
			,{
				"<=msec": 32.000
				,"percent": 99.95
				}
			,{
				"<=msec": 34.000
				,"percent": 99.97
				}
			,{
				"<=msec": 41.000
				,"percent": 99.98
				}
			,{
				"<=msec": 44.000
				,"percent": 99.98
				}
			,{
				"<=msec": 57.000
				,"percent": 100.00
				}
			]
		,"WAIT":[
		]
		}
	}
