{
	"configuration":{
		"server": "10.0.0.8"
		,"port": 6379
		,"unix socket": "(null)"
		,"protocol": "memcache_text"
		,"out_file": "(null)"
		,"client_stats": "(null)"
		,"run_count": 1
		,"debug": 0
		,"requests": 0
		,"clients": 2
		,"threads": 1
		,"test_time": 75
		,"ratio": "1:1"
		,"pipeline": 1
		,"data_size": 1024
		,"data_offset": 0
		,"random_data": "false"
		,"data_size_range": "0:0"
		,"data_size_list": ""
		,"data_size_pattern": "R"
		,"expiry_range": "9999:10000"
		,"data_import": "(null)"
		,"data_verify": "false"
		,"verify_only": "false"
		,"generate_keys": "false"
		,"key_prefix": "memtier-"
		,"key_minimum":           0
		,"key_maximum":       10000
		,"key_pattern": "R:R"
		,"key_stddev": 0.000000
		,"key_median": 0.000000
		,"reconnect_interval": 0
		,"multi_key_get": 1
		,"authenticate": ""
		,"select-db": 0
		,"no-expiry": "false"
		,"wait-ratio": "0:0"
		,"num-slaves": "0:0"
		,"wait-timeout": "0-0"
		}
	,"run information":{
		"Threads": 1
		,"Connections per thread": 2
		,"Seconds": 75
		}
	,"ALL STATS":{
		"Sets":{
			"Ops/sec": 359.94
			,"Hits/sec": 0.00
			,"Misses/sec": 0.00
			,"Latency": 3.30
			,"KB/sec": 374.13
			}
		,"Gets":{
			"Ops/sec": 359.94
			,"Hits/sec": 359.94
			,"Misses/sec": 0.00
			,"Latency": 2.24
			,"KB/sec": 378.13
			}
		,"Waits":{
			"Ops/sec": 0.00
			,"Hits/sec": 0.00
			,"Misses/sec": 0.00
			,"Latency": 0.00
			,"KB/sec": 0.00
			}
		,"Totals":{
			"Ops/sec": 719.87
			,"Hits/sec": 359.94
			,"Misses/sec": 0.00
			,"Latency": 2.77
			,"KB/sec": 752.27
			}
		,"SET":[
			{
				"<=msec": 0.800
				,"percent": 0.01
				}
			,{
				"<=msec": 0.810
				,"percent": 0.01
				}
			,{
				"<=msec": 0.840
				,"percent": 0.03
				}
			,{
				"<=msec": 0.850
				,"percent": 0.05
				}
			,{
				"<=msec": 0.860
				,"percent": 0.06
				}
			,{
				"<=msec": 0.870
				,"percent": 0.08
				}
			,{
				"<=msec": 0.880
				,"percent": 0.11
				}
			,{
				"<=msec": 0.890
				,"percent": 0.13
				}
			,{
				"<=msec": 0.900
				,"percent": 0.16
				}
			,{
				"<=msec": 0.910
				,"percent": 0.19
				}
			,{
				"<=msec": 0.920
				,"percent": 0.24
				}
			,{
				"<=msec": 0.930
				,"percent": 0.31
				}
			,{
				"<=msec": 0.940
				,"percent": 0.39
				}
			,{
				"<=msec": 0.950
				,"percent": 0.47
				}
			,{
				"<=msec": 0.960
				,"percent": 0.56
				}
			,{
				"<=msec": 0.970
				,"percent": 0.69
				}
			,{
				"<=msec": 0.980
				,"percent": 0.80
				}
			,{
				"<=msec": 0.990
				,"percent": 0.95
				}
			,{
				"<=msec": 1.000
				,"percent": 2.08
				}
			,{
				"<=msec": 1.100
				,"percent": 5.63
				}
			,{
				"<=msec": 1.200
				,"percent": 11.38
				}
			,{
				"<=msec": 1.300
				,"percent": 17.84
				}
			,{
				"<=msec": 1.400
				,"percent": 24.77
				}
			,{
				"<=msec": 1.500
				,"percent": 31.05
				}
			,{
				"<=msec": 1.600
				,"percent": 36.79
				}
			,{
				"<=msec": 1.700
				,"percent": 42.02
				}
			,{
				"<=msec": 1.800
				,"percent": 46.46
				}
			,{
				"<=msec": 1.900
				,"percent": 49.94
				}
			,{
				"<=msec": 2.000
				,"percent": 53.21
				}
			,{
				"<=msec": 2.100
				,"percent": 55.85
				}
			,{
				"<=msec": 2.200
				,"percent": 58.02
				}
			,{
				"<=msec": 2.300
				,"percent": 60.00
				}
			,{
				"<=msec": 2.400
				,"percent": 61.56
				}
			,{
				"<=msec": 2.500
				,"percent": 62.99
				}
			,{
				"<=msec": 2.600
				,"percent": 64.28
				}
			,{
				"<=msec": 2.700
				,"percent": 65.45
				}
			,{
				"<=msec": 2.800
				,"percent": 66.33
				}
			,{
				"<=msec": 2.900
				,"percent": 67.24
				}
			,{
				"<=msec": 3.000
				,"percent": 68.12
				}
			,{
				"<=msec": 3.100
				,"percent": 68.81
				}
			,{
				"<=msec": 3.200
				,"percent": 69.53
				}
			,{
				"<=msec": 3.300
				,"percent": 70.17
				}
			,{
				"<=msec": 3.400
				,"percent": 70.89
				}
			,{
				"<=msec": 3.500
				,"percent": 71.53
				}
			,{
				"<=msec": 3.600
				,"percent": 72.10
				}
			,{
				"<=msec": 3.700
				,"percent": 72.61
				}
			,{
				"<=msec": 3.800
				,"percent": 73.14
				}
			,{
				"<=msec": 3.900
				,"percent": 73.59
				}
			,{
				"<=msec": 4.000
				,"percent": 74.03
				}
			,{
				"<=msec": 4.100
				,"percent": 74.54
				}
			,{
				"<=msec": 4.200
				,"percent": 74.91
				}
			,{
				"<=msec": 4.300
				,"percent": 75.40
				}
			,{
				"<=msec": 4.400
				,"percent": 75.86
				}
			,{
				"<=msec": 4.500
				,"percent": 76.30
				}
			,{
				"<=msec": 4.600
				,"percent": 76.77
				}
			,{
				"<=msec": 4.700
				,"percent": 77.23
				}
			,{
				"<=msec": 4.800
				,"percent": 77.62
				}
			,{
				"<=msec": 4.900
				,"percent": 78.06
				}
			,{
				"<=msec": 5.000
				,"percent": 78.52
				}
			,{
				"<=msec": 5.100
				,"percent": 78.98
				}
			,{
				"<=msec": 5.200
				,"percent": 79.42
				}
			,{
				"<=msec": 5.300
				,"percent": 79.91
				}
			,{
				"<=msec": 5.400
				,"percent": 80.36
				}
			,{
				"<=msec": 5.500
				,"percent": 80.75
				}
			,{
				"<=msec": 5.600
				,"percent": 81.16
				}
			,{
				"<=msec": 5.700
				,"percent": 81.72
				}
			,{
				"<=msec": 5.800
				,"percent": 82.22
				}
			,{
				"<=msec": 5.900
				,"percent": 82.70
				}
			,{
				"<=msec": 6.000
				,"percent": 83.28
				}
			,{
				"<=msec": 6.100
				,"percent": 83.88
				}
			,{
				"<=msec": 6.200
				,"percent": 84.46
				}
			,{
				"<=msec": 6.300
				,"percent": 85.03
				}
			,{
				"<=msec": 6.400
				,"percent": 85.66
				}
			,{
				"<=msec": 6.500
				,"percent": 86.41
				}
			,{
				"<=msec": 6.600
				,"percent": 87.20
				}
			,{
				"<=msec": 6.700
				,"percent": 87.91
				}
			,{
				"<=msec": 6.800
				,"percent": 88.62
				}
			,{
				"<=msec": 6.900
				,"percent": 89.44
				}
			,{
				"<=msec": 7.000
				,"percent": 90.17
				}
			,{
				"<=msec": 7.100
				,"percent": 90.90
				}
			,{
				"<=msec": 7.200
				,"percent": 91.55
				}
			,{
				"<=msec": 7.300
				,"percent": 92.18
				}
			,{
				"<=msec": 7.400
				,"percent": 92.82
				}
			,{
				"<=msec": 7.500
				,"percent": 93.37
				}
			,{
				"<=msec": 7.600
				,"percent": 93.95
				}
			,{
				"<=msec": 7.700
				,"percent": 94.43
				}
			,{
				"<=msec": 7.800
				,"percent": 94.85
				}
			,{
				"<=msec": 7.900
				,"percent": 95.20
				}
			,{
				"<=msec": 8.000
				,"percent": 95.60
				}
			,{
				"<=msec": 8.100
				,"percent": 95.92
				}
			,{
				"<=msec": 8.200
				,"percent": 96.16
				}
			,{
				"<=msec": 8.300
				,"percent": 96.37
				}
			,{
				"<=msec": 8.400
				,"percent": 96.55
				}
			,{
				"<=msec": 8.500
				,"percent": 96.71
				}
			,{
				"<=msec": 8.600
				,"percent": 96.84
				}
			,{
				"<=msec": 8.700
				,"percent": 96.97
				}
			,{
				"<=msec": 8.800
				,"percent": 97.11
				}
			,{
				"<=msec": 8.900
				,"percent": 97.23
				}
			,{
				"<=msec": 9.000
				,"percent": 97.34
				}
			,{
				"<=msec": 9.100
				,"percent": 97.44
				}
			,{
				"<=msec": 9.200
				,"percent": 97.50
				}
			,{
				"<=msec": 9.300
				,"percent": 97.55
				}
			,{
				"<=msec": 9.400
				,"percent": 97.63
				}
			,{
				"<=msec": 9.500
				,"percent": 97.67
				}
			,{
				"<=msec": 9.600
				,"percent": 97.73
				}
			,{
				"<=msec": 9.700
				,"percent": 97.77
				}
			,{
				"<=msec": 9.800
				,"percent": 97.81
				}
			,{
				"<=msec": 9.900
				,"percent": 97.86
				}
			,{
				"<=msec": 10.000
				,"percent": 98.09
				}
			,{
				"<=msec": 11.000
				,"percent": 98.34
				}
			,{
				"<=msec": 12.000
				,"percent": 98.49
				}
			,{
				"<=msec": 13.000
				,"percent": 98.60
				}
			,{
				"<=msec": 14.000
				,"percent": 98.68
				}
			,{
				"<=msec": 15.000
				,"percent": 98.73
				}
			,{
				"<=msec": 16.000
				,"percent": 98.78
				}
			,{
				"<=msec": 17.000
				,"percent": 98.83
				}
			,{
				"<=msec": 18.000
				,"percent": 98.90
				}
			,{
				"<=msec": 19.000
				,"percent": 98.99
				}
			,{
				"<=msec": 20.000
				,"percent": 99.15
				}
			,{
				"<=msec": 21.000
				,"percent": 99.22
				}
			,{
				"<=msec": 22.000
				,"percent": 99.30
				}
			,{
				"<=msec": 23.000
				,"percent": 99.39
				}
			,{
				"<=msec": 24.000
				,"percent": 99.44
				}
			,{
				"<=msec": 25.000
				,"percent": 99.51
				}
			,{
				"<=msec": 26.000
				,"percent": 99.61
				}
			,{
				"<=msec": 27.000
				,"percent": 99.70
				}
			,{
				"<=msec": 28.000
				,"percent": 99.75
				}
			,{
				"<=msec": 29.000
				,"percent": 99.81
				}
			,{
				"<=msec": 30.000
				,"percent": 99.86
				}
			,{
				"<=msec": 31.000
				,"percent": 99.91
				}
			,{
				"<=msec": 32.000
				,"percent": 99.93
				}
			,{
				"<=msec": 33.000
				,"percent": 99.94
				}
			,{
				"<=msec": 34.000
				,"percent": 99.94
				}
			,{
				"<=msec": 35.000
				,"percent": 99.95
				}
			,{
				"<=msec": 36.000
				,"percent": 99.96
				}
			,{
				"<=msec": 37.000
				,"percent": 99.97
				}
			,{
				"<=msec": 38.000
				,"percent": 99.98
				}
			,{
				"<=msec": 39.000
				,"percent": 99.99
				}
			,{
				"<=msec": 42.000
				,"percent": 100.00
				}
			,{
				"<=msec": 45.000
				,"percent": 100.00
				}
			]
		,"GET":[
			{
				"<=msec": 0.630
				,"percent": 0.00
				}
			,{
				"<=msec": 0.660
				,"percent": 0.01
				}
			,{
				"<=msec": 0.690
				,"percent": 0.01
				}
			,{
				"<=msec": 0.700
				,"percent": 0.01
				}
			,{
				"<=msec": 0.710
				,"percent": 0.02
				}
			,{
				"<=msec": 0.720
				,"percent": 0.03
				}
			,{
				"<=msec": 0.730
				,"percent": 0.04
				}
			,{
				"<=msec": 0.740
				,"percent": 0.06
				}
			,{
				"<=msec": 0.750
				,"percent": 0.10
				}
			,{
				"<=msec": 0.760
				,"percent": 0.14
				}
			,{
				"<=msec": 0.770
				,"percent": 0.20
				}
			,{
				"<=msec": 0.780
				,"percent": 0.24
				}
			,{
				"<=msec": 0.790
				,"percent": 0.29
				}
			,{
				"<=msec": 0.800
				,"percent": 0.40
				}
			,{
				"<=msec": 0.810
				,"percent": 0.48
				}
			,{
				"<=msec": 0.820
				,"percent": 0.57
				}
			,{
				"<=msec": 0.830
				,"percent": 0.68
				}
			,{
				"<=msec": 0.840
				,"percent": 0.80
				}
			,{
				"<=msec": 0.850
				,"percent": 0.94
				}
			,{
				"<=msec": 0.860
				,"percent": 1.07
				}
			,{
				"<=msec": 0.870
				,"percent": 1.23
				}
			,{
				"<=msec": 0.880
				,"percent": 1.40
				}
			,{
				"<=msec": 0.890
				,"percent": 1.55
				}
			,{
				"<=msec": 0.900
				,"percent": 1.80
				}
			,{
				"<=msec": 0.910
				,"percent": 2.00
				}
			,{
				"<=msec": 0.920
				,"percent": 2.21
				}
			,{
				"<=msec": 0.930
				,"percent": 2.53
				}
			,{
				"<=msec": 0.940
				,"percent": 2.81
				}
			,{
				"<=msec": 0.950
				,"percent": 3.15
				}
			,{
				"<=msec": 0.960
				,"percent": 3.46
				}
			,{
				"<=msec": 0.970
				,"percent": 3.83
				}
			,{
				"<=msec": 0.980
				,"percent": 4.26
				}
			,{
				"<=msec": 0.990
				,"percent": 4.69
				}
			,{
				"<=msec": 1.000
				,"percent": 7.29
				}
			,{
				"<=msec": 1.100
				,"percent": 14.40
				}
			,{
				"<=msec": 1.200
				,"percent": 23.09
				}
			,{
				"<=msec": 1.300
				,"percent": 32.22
				}
			,{
				"<=msec": 1.400
				,"percent": 41.21
				}
			,{
				"<=msec": 1.500
				,"percent": 49.16
				}
			,{
				"<=msec": 1.600
				,"percent": 55.90
				}
			,{
				"<=msec": 1.700
				,"percent": 61.41
				}
			,{
				"<=msec": 1.800
				,"percent": 66.05
				}
			,{
				"<=msec": 1.900
				,"percent": 69.83
				}
			,{
				"<=msec": 2.000
				,"percent": 73.00
				}
			,{
				"<=msec": 2.100
				,"percent": 75.63
				}
			,{
				"<=msec": 2.200
				,"percent": 77.73
				}
			,{
				"<=msec": 2.300
				,"percent": 79.46
				}
			,{
				"<=msec": 2.400
				,"percent": 80.82
				}
			,{
				"<=msec": 2.500
				,"percent": 81.97
				}
			,{
				"<=msec": 2.600
				,"percent": 82.96
				}
			,{
				"<=msec": 2.700
				,"percent": 83.83
				}
			,{
				"<=msec": 2.800
				,"percent": 84.54
				}
			,{
				"<=msec": 2.900
				,"percent": 85.24
				}
			,{
				"<=msec": 3.000
				,"percent": 85.86
				}
			,{
				"<=msec": 3.100
				,"percent": 86.34
				}
			,{
				"<=msec": 3.200
				,"percent": 86.77
				}
			,{
				"<=msec": 3.300
				,"percent": 87.17
				}
			,{
				"<=msec": 3.400
				,"percent": 87.54
				}
			,{
				"<=msec": 3.500
				,"percent": 87.92
				}
			,{
				"<=msec": 3.600
				,"percent": 88.20
				}
			,{
				"<=msec": 3.700
				,"percent": 88.53
				}
			,{
				"<=msec": 3.800
				,"percent": 88.81
				}
			,{
				"<=msec": 3.900
				,"percent": 89.05
				}
			,{
				"<=msec": 4.000
				,"percent": 89.31
				}
			,{
				"<=msec": 4.100
				,"percent": 89.55
				}
			,{
				"<=msec": 4.200
				,"percent": 89.75
				}
			,{
				"<=msec": 4.300
				,"percent": 89.93
				}
			,{
				"<=msec": 4.400
				,"percent": 90.15
				}
			,{
				"<=msec": 4.500
				,"percent": 90.32
				}
			,{
				"<=msec": 4.600
				,"percent": 90.46
				}
			,{
				"<=msec": 4.700
				,"percent": 90.62
				}
			,{
				"<=msec": 4.800
				,"percent": 90.73
				}
			,{
				"<=msec": 4.900
				,"percent": 90.89
				}
			,{
				"<=msec": 5.000
				,"percent": 90.99
				}
			,{
				"<=msec": 5.100
				,"percent": 91.12
				}
			,{
				"<=msec": 5.200
				,"percent": 91.26
				}
			,{
				"<=msec": 5.300
				,"percent": 91.42
				}
			,{
				"<=msec": 5.400
				,"percent": 91.57
				}
			,{
				"<=msec": 5.500
				,"percent": 91.67
				}
			,{
				"<=msec": 5.600
				,"percent": 91.78
				}
			,{
				"<=msec": 5.700
				,"percent": 91.96
				}
			,{
				"<=msec": 5.800
				,"percent": 92.10
				}
			,{
				"<=msec": 5.900
				,"percent": 92.28
				}
			,{
				"<=msec": 6.000
				,"percent": 92.44
				}
			,{
				"<=msec": 6.100
				,"percent": 92.65
				}
			,{
				"<=msec": 6.200
				,"percent": 92.87
				}
			,{
				"<=msec": 6.300
				,"percent": 93.10
				}
			,{
				"<=msec": 6.400
				,"percent": 93.38
				}
			,{
				"<=msec": 6.500
				,"percent": 93.74
				}
			,{
				"<=msec": 6.600
				,"percent": 94.04
				}
			,{
				"<=msec": 6.700
				,"percent": 94.37
				}
			,{
				"<=msec": 6.800
				,"percent": 94.75
				}
			,{
				"<=msec": 6.900
				,"percent": 95.17
				}
			,{
				"<=msec": 7.000
				,"percent": 95.53
				}
			,{
				"<=msec": 7.100
				,"percent": 95.84
				}
			,{
				"<=msec": 7.200
				,"percent": 96.20
				}
			,{
				"<=msec": 7.300
				,"percent": 96.52
				}
			,{
				"<=msec": 7.400
				,"percent": 96.89
				}
			,{
				"<=msec": 7.500
				,"percent": 97.17
				}
			,{
				"<=msec": 7.600
				,"percent": 97.45
				}
			,{
				"<=msec": 7.700
				,"percent": 97.67
				}
			,{
				"<=msec": 7.800
				,"percent": 97.87
				}
			,{
				"<=msec": 7.900
				,"percent": 98.00
				}
			,{
				"<=msec": 8.000
				,"percent": 98.13
				}
			,{
				"<=msec": 8.100
				,"percent": 98.28
				}
			,{
				"<=msec": 8.200
				,"percent": 98.44
				}
			,{
				"<=msec": 8.300
				,"percent": 98.55
				}
			,{
				"<=msec": 8.400
				,"percent": 98.66
				}
			,{
				"<=msec": 8.500
				,"percent": 98.74
				}
			,{
				"<=msec": 8.600
				,"percent": 98.83
				}
			,{
				"<=msec": 8.700
				,"percent": 98.90
				}
			,{
				"<=msec": 8.800
				,"percent": 98.97
				}
			,{
				"<=msec": 8.900
				,"percent": 99.04
				}
			,{
				"<=msec": 9.000
				,"percent": 99.10
				}
			,{
				"<=msec": 9.100
				,"percent": 99.16
				}
			,{
				"<=msec": 9.200
				,"percent": 99.19
				}
			,{
				"<=msec": 9.300
				,"percent": 99.21
				}
			,{
				"<=msec": 9.400
				,"percent": 99.26
				}
			,{
				"<=msec": 9.500
				,"percent": 99.29
				}
			,{
				"<=msec": 9.600
				,"percent": 99.30
				}
			,{
				"<=msec": 9.700
				,"percent": 99.33
				}
			,{
				"<=msec": 9.800
				,"percent": 99.34
				}
			,{
				"<=msec": 9.900
				,"percent": 99.36
				}
			,{
				"<=msec": 10.000
				,"percent": 99.45
				}
			,{
				"<=msec": 11.000
				,"percent": 99.56
				}
			,{
				"<=msec": 12.000
				,"percent": 99.62
				}
			,{
				"<=msec": 13.000
				,"percent": 99.68
				}
			,{
				"<=msec": 14.000
				,"percent": 99.71
				}
			,{
				"<=msec": 15.000
				,"percent": 99.73
				}
			,{
				"<=msec": 16.000
				,"percent": 99.74
				}
			,{
				"<=msec": 17.000
				,"percent": 99.74
				}
			,{
				"<=msec": 18.000
				,"percent": 99.76
				}
			,{
				"<=msec": 19.000
				,"percent": 99.77
				}
			,{
				"<=msec": 20.000
				,"percent": 99.79
				}
			,{
				"<=msec": 21.000
				,"percent": 99.81
				}
			,{
				"<=msec": 22.000
				,"percent": 99.83
				}
			,{
				"<=msec": 23.000
				,"percent": 99.84
				}
			,{
				"<=msec": 24.000
				,"percent": 99.86
				}
			,{
				"<=msec": 25.000
				,"percent": 99.88
				}
			,{
				"<=msec": 26.000
				,"percent": 99.90
				}
			,{
				"<=msec": 27.000
				,"percent": 99.91
				}
			,{
				"<=msec": 28.000
				,"percent": 99.93
				}
			,{
				"<=msec": 29.000
				,"percent": 99.95
				}
			,{
				"<=msec": 30.000
				,"percent": 99.96
				}
			,{
				"<=msec": 31.000
				,"percent": 99.97
				}
			,{
				"<=msec": 32.000
				,"percent": 99.98
				}
			,{
				"<=msec": 33.000
				,"percent": 99.98
				}
			,{
				"<=msec": 34.000
				,"percent": 99.99
				}
			,{
				"<=msec": 35.000
				,"percent": 99.99
				}
			,{
				"<=msec": 38.000
				,"percent": 99.99
				}
			,{
				"<=msec": 43.000
				,"percent": 100.00
				}
			,{
				"<=msec": 45.000
				,"percent": 100.00
				}
			]
		,"WAIT":[
		]
		}
	}
