{
	"configuration":{
		"server": "10.0.0.9"
		,"port": 6379
		,"unix socket": "(null)"
		,"protocol": "memcache_text"
		,"out_file": "(null)"
		,"client_stats": "(null)"
		,"run_count": 1
		,"debug": 0
		,"requests": 0
		,"clients": 2
		,"threads": 1
		,"test_time": 75
		,"ratio": "1:1"
		,"pipeline": 1
		,"data_size": 1024
		,"data_offset": 0
		,"random_data": "false"
		,"data_size_range": "0:0"
		,"data_size_list": ""
		,"data_size_pattern": "R"
		,"expiry_range": "9999:10000"
		,"data_import": "(null)"
		,"data_verify": "false"
		,"verify_only": "false"
		,"generate_keys": "false"
		,"key_prefix": "memtier-"
		,"key_minimum":           0
		,"key_maximum":       10000
		,"key_pattern": "R:R"
		,"key_stddev": 0.000000
		,"key_median": 0.000000
		,"reconnect_interval": 0
		,"multi_key_get": 1
		,"authenticate": ""
		,"select-db": 0
		,"no-expiry": "false"
		,"wait-ratio": "0:0"
		,"num-slaves": "0:0"
		,"wait-timeout": "0-0"
		}
	,"run information":{
		"Threads": 1
		,"Connections per thread": 2
		,"Seconds": 75
		}
	,"ALL STATS":{
		"Sets":{
			"Ops/sec": 165.39
			,"Hits/sec": 0.00
			,"Misses/sec": 0.00
			,"Latency": 6.72
			,"KB/sec": 171.92
			}
		,"Gets":{
			"Ops/sec": 165.38
			,"Hits/sec": 165.38
			,"Misses/sec": 0.00
			,"Latency": 5.35
			,"KB/sec": 173.74
			}
		,"Waits":{
			"Ops/sec": 0.00
			,"Hits/sec": 0.00
			,"Misses/sec": 0.00
			,"Latency": 0.00
			,"KB/sec": 0.00
			}
		,"Totals":{
			"Ops/sec": 330.78
			,"Hits/sec": 165.38
			,"Misses/sec": 0.00
			,"Latency": 6.04
			,"KB/sec": 345.66
			}
		,"SET":[
			{
				"<=msec": 3.900
				,"percent": 0.01
				}
			,{
				"<=msec": 4.000
				,"percent": 0.31
				}
			,{
				"<=msec": 4.100
				,"percent": 1.28
				}
			,{
				"<=msec": 4.200
				,"percent": 3.65
				}
			,{
				"<=msec": 4.300
				,"percent": 7.20
				}
			,{
				"<=msec": 4.400
				,"percent": 11.63
				}
			,{
				"<=msec": 4.500
				,"percent": 16.41
				}
			,{
				"<=msec": 4.600
				,"percent": 21.27
				}
			,{
				"<=msec": 4.700
				,"percent": 26.22
				}
			,{
				"<=msec": 4.800
				,"percent": 30.79
				}
			,{
				"<=msec": 4.900
				,"percent": 35.00
				}
			,{
				"<=msec": 5.000
				,"percent": 38.74
				}
			,{
				"<=msec": 5.100
				,"percent": 42.16
				}
			,{
				"<=msec": 5.200
				,"percent": 45.28
				}
			,{
				"<=msec": 5.300
				,"percent": 47.92
				}
			,{
				"<=msec": 5.400
				,"percent": 50.31
				}
			,{
				"<=msec": 5.500
				,"percent": 52.34
				}
			,{
				"<=msec": 5.600
				,"percent": 54.35
				}
			,{
				"<=msec": 5.700
				,"percent": 56.20
				}
			,{
				"<=msec": 5.800
				,"percent": 57.73
				}
			,{
				"<=msec": 5.900
				,"percent": 59.42
				}
			,{
				"<=msec": 6.000
				,"percent": 60.61
				}
			,{
				"<=msec": 6.100
				,"percent": 62.03
				}
			,{
				"<=msec": 6.200
				,"percent": 63.15
				}
			,{
				"<=msec": 6.300
				,"percent": 64.17
				}
			,{
				"<=msec": 6.400
				,"percent": 65.05
				}
			,{
				"<=msec": 6.500
				,"percent": 66.17
				}
			,{
				"<=msec": 6.600
				,"percent": 67.10
				}
			,{
				"<=msec": 6.700
				,"percent": 68.11
				}
			,{
				"<=msec": 6.800
				,"percent": 68.87
				}
			,{
				"<=msec": 6.900
				,"percent": 69.77
				}
			,{
				"<=msec": 7.000
				,"percent": 70.71
				}
			,{
				"<=msec": 7.100
				,"percent": 71.54
				}
			,{
				"<=msec": 7.200
				,"percent": 72.35
				}
			,{
				"<=msec": 7.300
				,"percent": 73.20
				}
			,{
				"<=msec": 7.400
				,"percent": 74.16
				}
			,{
				"<=msec": 7.500
				,"percent": 74.90
				}
			,{
				"<=msec": 7.600
				,"percent": 75.58
				}
			,{
				"<=msec": 7.700
				,"percent": 76.38
				}
			,{
				"<=msec": 7.800
				,"percent": 77.14
				}
			,{
				"<=msec": 7.900
				,"percent": 77.80
				}
			,{
				"<=msec": 8.000
				,"percent": 78.61
				}
			,{
				"<=msec": 8.100
				,"percent": 79.44
				}
			,{
				"<=msec": 8.200
				,"percent": 80.19
				}
			,{
				"<=msec": 8.300
				,"percent": 80.86
				}
			,{
				"<=msec": 8.400
				,"percent": 81.46
				}
			,{
				"<=msec": 8.500
				,"percent": 82.10
				}
			,{
				"<=msec": 8.600
				,"percent": 82.84
				}
			,{
				"<=msec": 8.700
				,"percent": 83.49
				}
			,{
				"<=msec": 8.800
				,"percent": 84.18
				}
			,{
				"<=msec": 8.900
				,"percent": 84.74
				}
			,{
				"<=msec": 9.000
				,"percent": 85.25
				}
			,{
				"<=msec": 9.100
				,"percent": 85.78
				}
			,{
				"<=msec": 9.200
				,"percent": 86.25
				}
			,{
				"<=msec": 9.300
				,"percent": 86.91
				}
			,{
				"<=msec": 9.400
				,"percent": 87.34
				}
			,{
				"<=msec": 9.500
				,"percent": 87.82
				}
			,{
				"<=msec": 9.600
				,"percent": 88.38
				}
			,{
				"<=msec": 9.700
				,"percent": 88.87
				}
			,{
				"<=msec": 9.800
				,"percent": 89.48
				}
			,{
				"<=msec": 9.900
				,"percent": 89.92
				}
			,{
				"<=msec": 10.000
				,"percent": 92.65
				}
			,{
				"<=msec": 11.000
				,"percent": 95.23
				}
			,{
				"<=msec": 12.000
				,"percent": 96.15
				}
			,{
				"<=msec": 13.000
				,"percent": 96.60
				}
			,{
				"<=msec": 14.000
				,"percent": 96.90
				}
			,{
				"<=msec": 15.000
				,"percent": 97.06
				}
			,{
				"<=msec": 16.000
				,"percent": 97.23
				}
			,{
				"<=msec": 17.000
				,"percent": 97.46
				}
			,{
				"<=msec": 18.000
				,"percent": 97.72
				}
			,{
				"<=msec": 19.000
				,"percent": 97.97
				}
			,{
				"<=msec": 20.000
				,"percent": 98.19
				}
			,{
				"<=msec": 21.000
				,"percent": 98.39
				}
			,{
				"<=msec": 22.000
				,"percent": 98.60
				}
			,{
				"<=msec": 23.000
				,"percent": 98.73
				}
			,{
				"<=msec": 24.000
				,"percent": 98.90
				}
			,{
				"<=msec": 25.000
				,"percent": 99.07
				}
			,{
				"<=msec": 26.000
				,"percent": 99.24
				}
			,{
				"<=msec": 27.000
				,"percent": 99.34
				}
			,{
				"<=msec": 28.000
				,"percent": 99.44
				}
			,{
				"<=msec": 29.000
				,"percent": 99.55
				}
			,{
				"<=msec": 30.000
				,"percent": 99.65
				}
			,{
				"<=msec": 31.000
				,"percent": 99.71
				}
			,{
				"<=msec": 32.000
				,"percent": 99.83
				}
			,{
				"<=msec": 33.000
				,"percent": 99.85
				}
			,{
				"<=msec": 34.000
				,"percent": 99.87
				}
			,{
				"<=msec": 35.000
				,"percent": 99.93
				}
			,{
				"<=msec": 36.000
				,"percent": 99.97
				}
			,{
				"<=msec": 37.000
				,"percent": 99.98
				}
			,{
				"<=msec": 39.000
				,"percent": 99.99
				}
			,{
				"<=msec": 41.000
				,"percent": 100.00
				}
			]
		,"GET":[
			{
				"<=msec": 3.500
				,"percent": 0.07
				}
			,{
				"<=msec": 3.600
				,"percent": 0.37
				}
			,{
				"<=msec": 3.700
				,"percent": 1.55
				}
			,{
				"<=msec": 3.800
				,"percent": 3.85
				}
			,{
				"<=msec": 3.900
				,"percent": 7.31
				}
			,{
				"<=msec": 4.000
				,"percent": 12.38
				}
			,{
				"<=msec": 4.100
				,"percent": 18.41
				}
			,{
				"<=msec": 4.200
				,"percent": 24.54
				}
			,{
				"<=msec": 4.300
				,"percent": 30.47
				}
			,{
				"<=msec": 4.400
				,"percent": 36.88
				}
			,{
				"<=msec": 4.500
				,"percent": 42.89
				}
			,{
				"<=msec": 4.600
				,"percent": 48.07
				}
			,{
				"<=msec": 4.700
				,"percent": 53.20
				}
			,{
				"<=msec": 4.800
				,"percent": 57.99
				}
			,{
				"<=msec": 4.900
				,"percent": 62.08
				}
			,{
				"<=msec": 5.000
				,"percent": 65.95
				}
			,{
				"<=msec": 5.100
				,"percent": 69.31
				}
			,{
				"<=msec": 5.200
				,"percent": 71.81
				}
			,{
				"<=msec": 5.300
				,"percent": 74.40
				}
			,{
				"<=msec": 5.400
				,"percent": 76.39
				}
			,{
				"<=msec": 5.500
				,"percent": 78.23
				}
			,{
				"<=msec": 5.600
				,"percent": 79.73
				}
			,{
				"<=msec": 5.700
				,"percent": 81.09
				}
			,{
				"<=msec": 5.800
				,"percent": 82.25
				}
			,{
				"<=msec": 5.900
				,"percent": 83.34
				}
			,{
				"<=msec": 6.000
				,"percent": 84.29
				}
			,{
				"<=msec": 6.100
				,"percent": 84.92
				}
			,{
				"<=msec": 6.200
				,"percent": 85.61
				}
			,{
				"<=msec": 6.300
				,"percent": 86.11
				}
			,{
				"<=msec": 6.400
				,"percent": 86.58
				}
			,{
				"<=msec": 6.500
				,"percent": 87.04
				}
			,{
				"<=msec": 6.600
				,"percent": 87.47
				}
			,{
				"<=msec": 6.700
				,"percent": 87.89
				}
			,{
				"<=msec": 6.800
				,"percent": 88.27
				}
			,{
				"<=msec": 6.900
				,"percent": 88.70
				}
			,{
				"<=msec": 7.000
				,"percent": 89.10
				}
			,{
				"<=msec": 7.100
				,"percent": 89.41
				}
			,{
				"<=msec": 7.200
				,"percent": 89.67
				}
			,{
				"<=msec": 7.300
				,"percent": 89.92
				}
			,{
				"<=msec": 7.400
				,"percent": 90.15
				}
			,{
				"<=msec": 7.500
				,"percent": 90.34
				}
			,{
				"<=msec": 7.600
				,"percent": 90.59
				}
			,{
				"<=msec": 7.700
				,"percent": 90.84
				}
			,{
				"<=msec": 7.800
				,"percent": 91.03
				}
			,{
				"<=msec": 7.900
				,"percent": 91.33
				}
			,{
				"<=msec": 8.000
				,"percent": 91.58
				}
			,{
				"<=msec": 8.100
				,"percent": 91.81
				}
			,{
				"<=msec": 8.200
				,"percent": 92.00
				}
			,{
				"<=msec": 8.300
				,"percent": 92.27
				}
			,{
				"<=msec": 8.400
				,"percent": 92.46
				}
			,{
				"<=msec": 8.500
				,"percent": 92.64
				}
			,{
				"<=msec": 8.600
				,"percent": 92.82
				}
			,{
				"<=msec": 8.700
				,"percent": 93.00
				}
			,{
				"<=msec": 8.800
				,"percent": 93.19
				}
			,{
				"<=msec": 8.900
				,"percent": 93.32
				}
			,{
				"<=msec": 9.000
				,"percent": 93.55
				}
			,{
				"<=msec": 9.100
				,"percent": 93.75
				}
			,{
				"<=msec": 9.200
				,"percent": 93.99
				}
			,{
				"<=msec": 9.300
				,"percent": 94.12
				}
			,{
				"<=msec": 9.400
				,"percent": 94.29
				}
			,{
				"<=msec": 9.500
				,"percent": 94.45
				}
			,{
				"<=msec": 9.600
				,"percent": 94.64
				}
			,{
				"<=msec": 9.700
				,"percent": 94.82
				}
			,{
				"<=msec": 9.800
				,"percent": 95.02
				}
			,{
				"<=msec": 9.900
				,"percent": 95.18
				}
			,{
				"<=msec": 10.000
				,"percent": 96.26
				}
			,{
				"<=msec": 11.000
				,"percent": 98.06
				}
			,{
				"<=msec": 12.000
				,"percent": 98.82
				}
			,{
				"<=msec": 13.000
				,"percent": 99.02
				}
			,{
				"<=msec": 14.000
				,"percent": 99.18
				}
			,{
				"<=msec": 15.000
				,"percent": 99.25
				}
			,{
				"<=msec": 16.000
				,"percent": 99.27
				}
			,{
				"<=msec": 17.000
				,"percent": 99.34
				}
			,{
				"<=msec": 18.000
				,"percent": 99.41
				}
			,{
				"<=msec": 19.000
				,"percent": 99.44
				}
			,{
				"<=msec": 20.000
				,"percent": 99.52
				}
			,{
				"<=msec": 21.000
				,"percent": 99.56
				}
			,{
				"<=msec": 22.000
				,"percent": 99.62
				}
			,{
				"<=msec": 23.000
				,"percent": 99.69
				}
			,{
				"<=msec": 24.000
				,"percent": 99.72
				}
			,{
				"<=msec": 25.000
				,"percent": 99.74
				}
			,{
				"<=msec": 26.000
				,"percent": 99.80
				}
			,{
				"<=msec": 27.000
				,"percent": 99.83
				}
			,{
				"<=msec": 28.000
				,"percent": 99.86
				}
			,{
				"<=msec": 29.000
				,"percent": 99.88
				}
			,{
				"<=msec": 30.000
				,"percent": 99.90
				}
			,{
				"<=msec": 31.000
				,"percent": 99.91
				}
			,{
				"<=msec": 32.000
				,"percent": 99.93
				}
			,{
				"<=msec": 34.000
				,"percent": 99.94
				}
			,{
				"<=msec": 35.000
				,"percent": 99.96
				}
			,{
				"<=msec": 36.000
				,"percent": 99.97
				}
			,{
				"<=msec": 37.000
				,"percent": 99.99
				}
			,{
				"<=msec": 38.000
				,"percent": 100.00
				}
			]
		,"WAIT":[
		]
		}
	}
