{
	"configuration":{
		"server": "10.0.0.8"
		,"port": 6379
		,"unix socket": "(null)"
		,"protocol": "memcache_text"
		,"out_file": "(null)"
		,"client_stats": "(null)"
		,"run_count": 1
		,"debug": 0
		,"requests": 0
		,"clients": 2
		,"threads": 1
		,"test_time": 75
		,"ratio": "1:1"
		,"pipeline": 1
		,"data_size": 1024
		,"data_offset": 0
		,"random_data": "false"
		,"data_size_range": "0:0"
		,"data_size_list": ""
		,"data_size_pattern": "R"
		,"expiry_range": "9999:10000"
		,"data_import": "(null)"
		,"data_verify": "false"
		,"verify_only": "false"
		,"generate_keys": "false"
		,"key_prefix": "memtier-"
		,"key_minimum":           0
		,"key_maximum":       10000
		,"key_pattern": "R:R"
		,"key_stddev": 0.000000
		,"key_median": 0.000000
		,"reconnect_interval": 0
		,"multi_key_get": 1
		,"authenticate": ""
		,"select-db": 0
		,"no-expiry": "false"
		,"wait-ratio": "0:0"
		,"num-slaves": "0:0"
		,"wait-timeout": "0-0"
		}
	,"run information":{
		"Threads": 1
		,"Connections per thread": 2
		,"Seconds": 75
		}
	,"ALL STATS":{
		"Sets":{
			"Ops/sec": 338.24
			,"Hits/sec": 0.00
			,"Misses/sec": 0.00
			,"Latency": 3.42
			,"KB/sec": 351.58
			}
		,"Gets":{
			"Ops/sec": 338.22
			,"Hits/sec": 338.22
			,"Misses/sec": 0.00
			,"Latency": 2.47
			,"KB/sec": 355.32
			}
		,"Waits":{
			"Ops/sec": 0.00
			,"Hits/sec": 0.00
			,"Misses/sec": 0.00
			,"Latency": 0.00
			,"KB/sec": 0.00
			}
		,"Totals":{
			"Ops/sec": 676.46
			,"Hits/sec": 338.22
			,"Misses/sec": 0.00
			,"Latency": 2.95
			,"KB/sec": 706.90
			}
		,"SET":[
			{
				"<=msec": 0.830
				,"percent": 0.00
				}
			,{
				"<=msec": 0.850
				,"percent": 0.02
				}
			,{
				"<=msec": 0.860
				,"percent": 0.02
				}
			,{
				"<=msec": 0.870
				,"percent": 0.04
				}
			,{
				"<=msec": 0.880
				,"percent": 0.07
				}
			,{
				"<=msec": 0.890
				,"percent": 0.09
				}
			,{
				"<=msec": 0.900
				,"percent": 0.12
				}
			,{
				"<=msec": 0.910
				,"percent": 0.15
				}
			,{
				"<=msec": 0.920
				,"percent": 0.20
				}
			,{
				"<=msec": 0.930
				,"percent": 0.27
				}
			,{
				"<=msec": 0.940
				,"percent": 0.37
				}
			,{
				"<=msec": 0.950
				,"percent": 0.47
				}
			,{
				"<=msec": 0.960
				,"percent": 0.56
				}
			,{
				"<=msec": 0.970
				,"percent": 0.69
				}
			,{
				"<=msec": 0.980
				,"percent": 0.80
				}
			,{
				"<=msec": 0.990
				,"percent": 0.93
				}
			,{
				"<=msec": 1.000
				,"percent": 2.04
				}
			,{
				"<=msec": 1.100
				,"percent": 5.67
				}
			,{
				"<=msec": 1.200
				,"percent": 11.03
				}
			,{
				"<=msec": 1.300
				,"percent": 17.44
				}
			,{
				"<=msec": 1.400
				,"percent": 24.13
				}
			,{
				"<=msec": 1.500
				,"percent": 30.83
				}
			,{
				"<=msec": 1.600
				,"percent": 36.62
				}
			,{
				"<=msec": 1.700
				,"percent": 41.79
				}
			,{
				"<=msec": 1.800
				,"percent": 46.01
				}
			,{
				"<=msec": 1.900
				,"percent": 49.74
				}
			,{
				"<=msec": 2.000
				,"percent": 52.82
				}
			,{
				"<=msec": 2.100
				,"percent": 55.58
				}
			,{
				"<=msec": 2.200
				,"percent": 57.92
				}
			,{
				"<=msec": 2.300
				,"percent": 59.83
				}
			,{
				"<=msec": 2.400
				,"percent": 61.42
				}
			,{
				"<=msec": 2.500
				,"percent": 62.99
				}
			,{
				"<=msec": 2.600
				,"percent": 64.14
				}
			,{
				"<=msec": 2.700
				,"percent": 65.15
				}
			,{
				"<=msec": 2.800
				,"percent": 66.04
				}
			,{
				"<=msec": 2.900
				,"percent": 66.89
				}
			,{
				"<=msec": 3.000
				,"percent": 67.68
				}
			,{
				"<=msec": 3.100
				,"percent": 68.29
				}
			,{
				"<=msec": 3.200
				,"percent": 68.85
				}
			,{
				"<=msec": 3.300
				,"percent": 69.41
				}
			,{
				"<=msec": 3.400
				,"percent": 69.96
				}
			,{
				"<=msec": 3.500
				,"percent": 70.50
				}
			,{
				"<=msec": 3.600
				,"percent": 71.06
				}
			,{
				"<=msec": 3.700
				,"percent": 71.55
				}
			,{
				"<=msec": 3.800
				,"percent": 72.02
				}
			,{
				"<=msec": 3.900
				,"percent": 72.48
				}
			,{
				"<=msec": 4.000
				,"percent": 72.92
				}
			,{
				"<=msec": 4.100
				,"percent": 73.27
				}
			,{
				"<=msec": 4.200
				,"percent": 73.65
				}
			,{
				"<=msec": 4.300
				,"percent": 74.03
				}
			,{
				"<=msec": 4.400
				,"percent": 74.36
				}
			,{
				"<=msec": 4.500
				,"percent": 74.70
				}
			,{
				"<=msec": 4.600
				,"percent": 75.08
				}
			,{
				"<=msec": 4.700
				,"percent": 75.40
				}
			,{
				"<=msec": 4.800
				,"percent": 75.73
				}
			,{
				"<=msec": 4.900
				,"percent": 76.11
				}
			,{
				"<=msec": 5.000
				,"percent": 76.50
				}
			,{
				"<=msec": 5.100
				,"percent": 76.88
				}
			,{
				"<=msec": 5.200
				,"percent": 77.30
				}
			,{
				"<=msec": 5.300
				,"percent": 77.70
				}
			,{
				"<=msec": 5.400
				,"percent": 78.06
				}
			,{
				"<=msec": 5.500
				,"percent": 78.41
				}
			,{
				"<=msec": 5.600
				,"percent": 78.81
				}
			,{
				"<=msec": 5.700
				,"percent": 79.14
				}
			,{
				"<=msec": 5.800
				,"percent": 79.52
				}
			,{
				"<=msec": 5.900
				,"percent": 79.94
				}
			,{
				"<=msec": 6.000
				,"percent": 80.45
				}
			,{
				"<=msec": 6.100
				,"percent": 80.86
				}
			,{
				"<=msec": 6.200
				,"percent": 81.28
				}
			,{
				"<=msec": 6.300
				,"percent": 81.86
				}
			,{
				"<=msec": 6.400
				,"percent": 82.44
				}
			,{
				"<=msec": 6.500
				,"percent": 83.20
				}
			,{
				"<=msec": 6.600
				,"percent": 83.99
				}
			,{
				"<=msec": 6.700
				,"percent": 84.85
				}
			,{
				"<=msec": 6.800
				,"percent": 85.72
				}
			,{
				"<=msec": 6.900
				,"percent": 86.62
				}
			,{
				"<=msec": 7.000
				,"percent": 87.54
				}
			,{
				"<=msec": 7.100
				,"percent": 88.47
				}
			,{
				"<=msec": 7.200
				,"percent": 89.38
				}
			,{
				"<=msec": 7.300
				,"percent": 90.36
				}
			,{
				"<=msec": 7.400
				,"percent": 91.11
				}
			,{
				"<=msec": 7.500
				,"percent": 91.79
				}
			,{
				"<=msec": 7.600
				,"percent": 92.44
				}
			,{
				"<=msec": 7.700
				,"percent": 93.05
				}
			,{
				"<=msec": 7.800
				,"percent": 93.60
				}
			,{
				"<=msec": 7.900
				,"percent": 94.20
				}
			,{
				"<=msec": 8.000
				,"percent": 94.60
				}
			,{
				"<=msec": 8.100
				,"percent": 94.95
				}
			,{
				"<=msec": 8.200
				,"percent": 95.26
				}
			,{
				"<=msec": 8.300
				,"percent": 95.56
				}
			,{
				"<=msec": 8.400
				,"percent": 95.77
				}
			,{
				"<=msec": 8.500
				,"percent": 96.01
				}
			,{
				"<=msec": 8.600
				,"percent": 96.21
				}
			,{
				"<=msec": 8.700
				,"percent": 96.37
				}
			,{
				"<=msec": 8.800
				,"percent": 96.54
				}
			,{
				"<=msec": 8.900
				,"percent": 96.72
				}
			,{
				"<=msec": 9.000
				,"percent": 96.83
				}
			,{
				"<=msec": 9.100
				,"percent": 96.94
				}
			,{
				"<=msec": 9.200
				,"percent": 97.02
				}
			,{
				"<=msec": 9.300
				,"percent": 97.17
				}
			,{
				"<=msec": 9.400
				,"percent": 97.23
				}
			,{
				"<=msec": 9.500
				,"percent": 97.34
				}
			,{
				"<=msec": 9.600
				,"percent": 97.42
				}
			,{
				"<=msec": 9.700
				,"percent": 97.47
				}
			,{
				"<=msec": 9.800
				,"percent": 97.54
				}
			,{
				"<=msec": 9.900
				,"percent": 97.59
				}
			,{
				"<=msec": 10.000
				,"percent": 97.82
				}
			,{
				"<=msec": 11.000
				,"percent": 98.12
				}
			,{
				"<=msec": 12.000
				,"percent": 98.25
				}
			,{
				"<=msec": 13.000
				,"percent": 98.39
				}
			,{
				"<=msec": 14.000
				,"percent": 98.49
				}
			,{
				"<=msec": 15.000
				,"percent": 98.62
				}
			,{
				"<=msec": 16.000
				,"percent": 98.71
				}
			,{
				"<=msec": 17.000
				,"percent": 98.83
				}
			,{
				"<=msec": 18.000
				,"percent": 98.90
				}
			,{
				"<=msec": 19.000
				,"percent": 99.01
				}
			,{
				"<=msec": 20.000
				,"percent": 99.12
				}
			,{
				"<=msec": 21.000
				,"percent": 99.27
				}
			,{
				"<=msec": 22.000
				,"percent": 99.40
				}
			,{
				"<=msec": 23.000
				,"percent": 99.48
				}
			,{
				"<=msec": 24.000
				,"percent": 99.53
				}
			,{
				"<=msec": 25.000
				,"percent": 99.61
				}
			,{
				"<=msec": 26.000
				,"percent": 99.66
				}
			,{
				"<=msec": 27.000
				,"percent": 99.72
				}
			,{
				"<=msec": 28.000
				,"percent": 99.76
				}
			,{
				"<=msec": 29.000
				,"percent": 99.80
				}
			,{
				"<=msec": 30.000
				,"percent": 99.86
				}
			,{
				"<=msec": 31.000
				,"percent": 99.90
				}
			,{
				"<=msec": 32.000
				,"percent": 99.92
				}
			,{
				"<=msec": 34.000
				,"percent": 99.94
				}
			,{
				"<=msec": 36.000
				,"percent": 99.96
				}
			,{
				"<=msec": 37.000
				,"percent": 99.97
				}
			,{
				"<=msec": 38.000
				,"percent": 99.97
				}
			,{
				"<=msec": 43.000
				,"percent": 99.98
				}
			,{
				"<=msec": 45.000
				,"percent": 99.98
				}
			,{
				"<=msec": 56.000
				,"percent": 99.98
				}
			,{
				"<=msec": 59.000
				,"percent": 99.99
				}
			,{
				"<=msec": 60.000
				,"percent": 99.99
				}
			,{
				"<=msec": 61.000
				,"percent": 100.00
				}
			,{
				"<=msec": 72.000
				,"percent": 100.00
				}
			]
		,"GET":[
			{
				"<=msec": 0.640
				,"percent": 0.00
				}
			,{
				"<=msec": 0.700
				,"percent": 0.01
				}
			,{
				"<=msec": 0.710
				,"percent": 0.02
				}
			,{
				"<=msec": 0.720
				,"percent": 0.02
				}
			,{
				"<=msec": 0.730
				,"percent": 0.05
				}
			,{
				"<=msec": 0.740
				,"percent": 0.07
				}
			,{
				"<=msec": 0.750
				,"percent": 0.11
				}
			,{
				"<=msec": 0.760
				,"percent": 0.14
				}
			,{
				"<=msec": 0.770
				,"percent": 0.19
				}
			,{
				"<=msec": 0.780
				,"percent": 0.23
				}
			,{
				"<=msec": 0.790
				,"percent": 0.28
				}
			,{
				"<=msec": 0.800
				,"percent": 0.35
				}
			,{
				"<=msec": 0.810
				,"percent": 0.42
				}
			,{
				"<=msec": 0.820
				,"percent": 0.48
				}
			,{
				"<=msec": 0.830
				,"percent": 0.56
				}
			,{
				"<=msec": 0.840
				,"percent": 0.66
				}
			,{
				"<=msec": 0.850
				,"percent": 0.78
				}
			,{
				"<=msec": 0.860
				,"percent": 0.92
				}
			,{
				"<=msec": 0.870
				,"percent": 1.08
				}
			,{
				"<=msec": 0.880
				,"percent": 1.20
				}
			,{
				"<=msec": 0.890
				,"percent": 1.37
				}
			,{
				"<=msec": 0.900
				,"percent": 1.55
				}
			,{
				"<=msec": 0.910
				,"percent": 1.78
				}
			,{
				"<=msec": 0.920
				,"percent": 1.98
				}
			,{
				"<=msec": 0.930
				,"percent": 2.22
				}
			,{
				"<=msec": 0.940
				,"percent": 2.48
				}
			,{
				"<=msec": 0.950
				,"percent": 2.77
				}
			,{
				"<=msec": 0.960
				,"percent": 3.00
				}
			,{
				"<=msec": 0.970
				,"percent": 3.28
				}
			,{
				"<=msec": 0.980
				,"percent": 3.63
				}
			,{
				"<=msec": 0.990
				,"percent": 4.00
				}
			,{
				"<=msec": 1.000
				,"percent": 6.45
				}
			,{
				"<=msec": 1.100
				,"percent": 12.77
				}
			,{
				"<=msec": 1.200
				,"percent": 21.02
				}
			,{
				"<=msec": 1.300
				,"percent": 30.19
				}
			,{
				"<=msec": 1.400
				,"percent": 38.70
				}
			,{
				"<=msec": 1.500
				,"percent": 46.67
				}
			,{
				"<=msec": 1.600
				,"percent": 53.01
				}
			,{
				"<=msec": 1.700
				,"percent": 58.45
				}
			,{
				"<=msec": 1.800
				,"percent": 62.97
				}
			,{
				"<=msec": 1.900
				,"percent": 66.81
				}
			,{
				"<=msec": 2.000
				,"percent": 70.03
				}
			,{
				"<=msec": 2.100
				,"percent": 72.39
				}
			,{
				"<=msec": 2.200
				,"percent": 74.39
				}
			,{
				"<=msec": 2.300
				,"percent": 76.08
				}
			,{
				"<=msec": 2.400
				,"percent": 77.58
				}
			,{
				"<=msec": 2.500
				,"percent": 78.94
				}
			,{
				"<=msec": 2.600
				,"percent": 79.84
				}
			,{
				"<=msec": 2.700
				,"percent": 80.68
				}
			,{
				"<=msec": 2.800
				,"percent": 81.41
				}
			,{
				"<=msec": 2.900
				,"percent": 82.07
				}
			,{
				"<=msec": 3.000
				,"percent": 82.58
				}
			,{
				"<=msec": 3.100
				,"percent": 82.93
				}
			,{
				"<=msec": 3.200
				,"percent": 83.34
				}
			,{
				"<=msec": 3.300
				,"percent": 83.75
				}
			,{
				"<=msec": 3.400
				,"percent": 84.08
				}
			,{
				"<=msec": 3.500
				,"percent": 84.35
				}
			,{
				"<=msec": 3.600
				,"percent": 84.63
				}
			,{
				"<=msec": 3.700
				,"percent": 84.90
				}
			,{
				"<=msec": 3.800
				,"percent": 85.19
				}
			,{
				"<=msec": 3.900
				,"percent": 85.39
				}
			,{
				"<=msec": 4.000
				,"percent": 85.62
				}
			,{
				"<=msec": 4.100
				,"percent": 85.78
				}
			,{
				"<=msec": 4.200
				,"percent": 85.95
				}
			,{
				"<=msec": 4.300
				,"percent": 86.14
				}
			,{
				"<=msec": 4.400
				,"percent": 86.32
				}
			,{
				"<=msec": 4.500
				,"percent": 86.45
				}
			,{
				"<=msec": 4.600
				,"percent": 86.64
				}
			,{
				"<=msec": 4.700
				,"percent": 86.77
				}
			,{
				"<=msec": 4.800
				,"percent": 86.88
				}
			,{
				"<=msec": 4.900
				,"percent": 86.99
				}
			,{
				"<=msec": 5.000
				,"percent": 87.10
				}
			,{
				"<=msec": 5.100
				,"percent": 87.23
				}
			,{
				"<=msec": 5.200
				,"percent": 87.35
				}
			,{
				"<=msec": 5.300
				,"percent": 87.46
				}
			,{
				"<=msec": 5.400
				,"percent": 87.55
				}
			,{
				"<=msec": 5.500
				,"percent": 87.72
				}
			,{
				"<=msec": 5.600
				,"percent": 87.85
				}
			,{
				"<=msec": 5.700
				,"percent": 88.02
				}
			,{
				"<=msec": 5.800
				,"percent": 88.15
				}
			,{
				"<=msec": 5.900
				,"percent": 88.28
				}
			,{
				"<=msec": 6.000
				,"percent": 88.51
				}
			,{
				"<=msec": 6.100
				,"percent": 88.70
				}
			,{
				"<=msec": 6.200
				,"percent": 88.97
				}
			,{
				"<=msec": 6.300
				,"percent": 89.30
				}
			,{
				"<=msec": 6.400
				,"percent": 89.71
				}
			,{
				"<=msec": 6.500
				,"percent": 90.22
				}
			,{
				"<=msec": 6.600
				,"percent": 90.77
				}
			,{
				"<=msec": 6.700
				,"percent": 91.34
				}
			,{
				"<=msec": 6.800
				,"percent": 91.88
				}
			,{
				"<=msec": 6.900
				,"percent": 92.53
				}
			,{
				"<=msec": 7.000
				,"percent": 93.18
				}
			,{
				"<=msec": 7.100
				,"percent": 93.80
				}
			,{
				"<=msec": 7.200
				,"percent": 94.48
				}
			,{
				"<=msec": 7.300
				,"percent": 95.04
				}
			,{
				"<=msec": 7.400
				,"percent": 95.56
				}
			,{
				"<=msec": 7.500
				,"percent": 96.09
				}
			,{
				"<=msec": 7.600
				,"percent": 96.42
				}
			,{
				"<=msec": 7.700
				,"percent": 96.74
				}
			,{
				"<=msec": 7.800
				,"percent": 97.01
				}
			,{
				"<=msec": 7.900
				,"percent": 97.28
				}
			,{
				"<=msec": 8.000
				,"percent": 97.58
				}
			,{
				"<=msec": 8.100
				,"percent": 97.77
				}
			,{
				"<=msec": 8.200
				,"percent": 97.95
				}
			,{
				"<=msec": 8.300
				,"percent": 98.09
				}
			,{
				"<=msec": 8.400
				,"percent": 98.27
				}
			,{
				"<=msec": 8.500
				,"percent": 98.42
				}
			,{
				"<=msec": 8.600
				,"percent": 98.50
				}
			,{
				"<=msec": 8.700
				,"percent": 98.62
				}
			,{
				"<=msec": 8.800
				,"percent": 98.73
				}
			,{
				"<=msec": 8.900
				,"percent": 98.81
				}
			,{
				"<=msec": 9.000
				,"percent": 98.84
				}
			,{
				"<=msec": 9.100
				,"percent": 98.90
				}
			,{
				"<=msec": 9.200
				,"percent": 98.93
				}
			,{
				"<=msec": 9.300
				,"percent": 98.97
				}
			,{
				"<=msec": 9.400
				,"percent": 99.04
				}
			,{
				"<=msec": 9.500
				,"percent": 99.07
				}
			,{
				"<=msec": 9.600
				,"percent": 99.11
				}
			,{
				"<=msec": 9.700
				,"percent": 99.16
				}
			,{
				"<=msec": 9.800
				,"percent": 99.19
				}
			,{
				"<=msec": 9.900
				,"percent": 99.22
				}
			,{
				"<=msec": 10.000
				,"percent": 99.37
				}
			,{
				"<=msec": 11.000
				,"percent": 99.48
				}
			,{
				"<=msec": 12.000
				,"percent": 99.55
				}
			,{
				"<=msec": 13.000
				,"percent": 99.61
				}
			,{
				"<=msec": 14.000
				,"percent": 99.63
				}
			,{
				"<=msec": 15.000
				,"percent": 99.66
				}
			,{
				"<=msec": 16.000
				,"percent": 99.68
				}
			,{
				"<=msec": 17.000
				,"percent": 99.72
				}
			,{
				"<=msec": 18.000
				,"percent": 99.74
				}
			,{
				"<=msec": 19.000
				,"percent": 99.77
				}
			,{
				"<=msec": 20.000
				,"percent": 99.80
				}
			,{
				"<=msec": 21.000
				,"percent": 99.83
				}
			,{
				"<=msec": 22.000
				,"percent": 99.85
				}
			,{
				"<=msec": 23.000
				,"percent": 99.86
				}
			,{
				"<=msec": 24.000
				,"percent": 99.87
				}
			,{
				"<=msec": 25.000
				,"percent": 99.88
				}
			,{
				"<=msec": 26.000
				,"percent": 99.90
				}
			,{
				"<=msec": 27.000
				,"percent": 99.91
				}
			,{
				"<=msec": 28.000
				,"percent": 99.93
				}
			,{
				"<=msec": 29.000
				,"percent": 99.94
				}
			,{
				"<=msec": 30.000
				,"percent": 99.95
				}
			,{
				"<=msec": 31.000
				,"percent": 99.97
				}
			,{
				"<=msec": 33.000
				,"percent": 99.98
				}
			,{
				"<=msec": 34.000
				,"percent": 99.98
				}
			,{
				"<=msec": 47.000
				,"percent": 99.98
				}
			,{
				"<=msec": 50.000
				,"percent": 99.99
				}
			,{
				"<=msec": 51.000
				,"percent": 99.99
				}
			,{
				"<=msec": 60.000
				,"percent": 100.00
				}
			,{
				"<=msec": 66.000
				,"percent": 100.00
				}
			]
		,"WAIT":[
		]
		}
	}
