{
	"configuration":{
		"server": "10.0.0.9"
		,"port": 6379
		,"unix socket": "(null)"
		,"protocol": "memcache_text"
		,"out_file": "(null)"
		,"client_stats": "(null)"
		,"run_count": 1
		,"debug": 0
		,"requests": 0
		,"clients": 2
		,"threads": 1
		,"test_time": 75
		,"ratio": "1:1"
		,"pipeline": 1
		,"data_size": 1024
		,"data_offset": 0
		,"random_data": "false"
		,"data_size_range": "0:0"
		,"data_size_list": ""
		,"data_size_pattern": "R"
		,"expiry_range": "9999:10000"
		,"data_import": "(null)"
		,"data_verify": "false"
		,"verify_only": "false"
		,"generate_keys": "false"
		,"key_prefix": "memtier-"
		,"key_minimum":           0
		,"key_maximum":       10000
		,"key_pattern": "R:R"
		,"key_stddev": 0.000000
		,"key_median": 0.000000
		,"reconnect_interval": 0
		,"multi_key_get": 1
		,"authenticate": ""
		,"select-db": 0
		,"no-expiry": "false"
		,"wait-ratio": "0:0"
		,"num-slaves": "0:0"
		,"wait-timeout": "0-0"
		}
	,"run information":{
		"Threads": 1
		,"Connections per thread": 2
		,"Seconds": 75
		}
	,"ALL STATS":{
		"Sets":{
			"Ops/sec": 178.07
			,"Hits/sec": 0.00
			,"Misses/sec": 0.00
			,"Latency": 6.30
			,"KB/sec": 185.10
			}
		,"Gets":{
			"Ops/sec": 178.06
			,"Hits/sec": 178.06
			,"Misses/sec": 0.00
			,"Latency": 4.92
			,"KB/sec": 187.06
			}
		,"Waits":{
			"Ops/sec": 0.00
			,"Hits/sec": 0.00
			,"Misses/sec": 0.00
			,"Latency": 0.00
			,"KB/sec": 0.00
			}
		,"Totals":{
			"Ops/sec": 356.13
			,"Hits/sec": 178.06
			,"Misses/sec": 0.00
			,"Latency": 5.61
			,"KB/sec": 372.16
			}
		,"SET":[
			{
				"<=msec": 3.400
				,"percent": 0.01
				}
			,{
				"<=msec": 3.500
				,"percent": 0.08
				}
			,{
				"<=msec": 3.600
				,"percent": 0.48
				}
			,{
				"<=msec": 3.700
				,"percent": 2.02
				}
			,{
				"<=msec": 3.800
				,"percent": 4.73
				}
			,{
				"<=msec": 3.900
				,"percent": 8.89
				}
			,{
				"<=msec": 4.000
				,"percent": 14.17
				}
			,{
				"<=msec": 4.100
				,"percent": 19.57
				}
			,{
				"<=msec": 4.200
				,"percent": 25.07
				}
			,{
				"<=msec": 4.300
				,"percent": 29.90
				}
			,{
				"<=msec": 4.400
				,"percent": 34.31
				}
			,{
				"<=msec": 4.500
				,"percent": 38.48
				}
			,{
				"<=msec": 4.600
				,"percent": 42.12
				}
			,{
				"<=msec": 4.700
				,"percent": 45.29
				}
			,{
				"<=msec": 4.800
				,"percent": 48.11
				}
			,{
				"<=msec": 4.900
				,"percent": 50.32
				}
			,{
				"<=msec": 5.000
				,"percent": 52.67
				}
			,{
				"<=msec": 5.100
				,"percent": 54.59
				}
			,{
				"<=msec": 5.200
				,"percent": 56.25
				}
			,{
				"<=msec": 5.300
				,"percent": 57.66
				}
			,{
				"<=msec": 5.400
				,"percent": 58.98
				}
			,{
				"<=msec": 5.500
				,"percent": 60.27
				}
			,{
				"<=msec": 5.600
				,"percent": 61.40
				}
			,{
				"<=msec": 5.700
				,"percent": 62.36
				}
			,{
				"<=msec": 5.800
				,"percent": 63.44
				}
			,{
				"<=msec": 5.900
				,"percent": 64.48
				}
			,{
				"<=msec": 6.000
				,"percent": 65.28
				}
			,{
				"<=msec": 6.100
				,"percent": 66.17
				}
			,{
				"<=msec": 6.200
				,"percent": 66.96
				}
			,{
				"<=msec": 6.300
				,"percent": 67.56
				}
			,{
				"<=msec": 6.400
				,"percent": 68.23
				}
			,{
				"<=msec": 6.500
				,"percent": 68.94
				}
			,{
				"<=msec": 6.600
				,"percent": 69.55
				}
			,{
				"<=msec": 6.700
				,"percent": 70.43
				}
			,{
				"<=msec": 6.800
				,"percent": 71.15
				}
			,{
				"<=msec": 6.900
				,"percent": 71.89
				}
			,{
				"<=msec": 7.000
				,"percent": 72.65
				}
			,{
				"<=msec": 7.100
				,"percent": 73.32
				}
			,{
				"<=msec": 7.200
				,"percent": 74.07
				}
			,{
				"<=msec": 7.300
				,"percent": 74.69
				}
			,{
				"<=msec": 7.400
				,"percent": 75.41
				}
			,{
				"<=msec": 7.500
				,"percent": 76.13
				}
			,{
				"<=msec": 7.600
				,"percent": 76.81
				}
			,{
				"<=msec": 7.700
				,"percent": 77.55
				}
			,{
				"<=msec": 7.800
				,"percent": 78.20
				}
			,{
				"<=msec": 7.900
				,"percent": 78.92
				}
			,{
				"<=msec": 8.000
				,"percent": 79.58
				}
			,{
				"<=msec": 8.100
				,"percent": 80.36
				}
			,{
				"<=msec": 8.200
				,"percent": 81.04
				}
			,{
				"<=msec": 8.300
				,"percent": 81.75
				}
			,{
				"<=msec": 8.400
				,"percent": 82.43
				}
			,{
				"<=msec": 8.500
				,"percent": 83.09
				}
			,{
				"<=msec": 8.600
				,"percent": 83.74
				}
			,{
				"<=msec": 8.700
				,"percent": 84.39
				}
			,{
				"<=msec": 8.800
				,"percent": 84.97
				}
			,{
				"<=msec": 8.900
				,"percent": 85.62
				}
			,{
				"<=msec": 9.000
				,"percent": 86.39
				}
			,{
				"<=msec": 9.100
				,"percent": 87.05
				}
			,{
				"<=msec": 9.200
				,"percent": 87.60
				}
			,{
				"<=msec": 9.300
				,"percent": 88.27
				}
			,{
				"<=msec": 9.400
				,"percent": 88.94
				}
			,{
				"<=msec": 9.500
				,"percent": 89.41
				}
			,{
				"<=msec": 9.600
				,"percent": 89.83
				}
			,{
				"<=msec": 9.700
				,"percent": 90.42
				}
			,{
				"<=msec": 9.800
				,"percent": 90.96
				}
			,{
				"<=msec": 9.900
				,"percent": 91.49
				}
			,{
				"<=msec": 10.000
				,"percent": 94.05
				}
			,{
				"<=msec": 11.000
				,"percent": 95.94
				}
			,{
				"<=msec": 12.000
				,"percent": 96.62
				}
			,{
				"<=msec": 13.000
				,"percent": 96.97
				}
			,{
				"<=msec": 14.000
				,"percent": 97.19
				}
			,{
				"<=msec": 15.000
				,"percent": 97.38
				}
			,{
				"<=msec": 16.000
				,"percent": 97.52
				}
			,{
				"<=msec": 17.000
				,"percent": 97.73
				}
			,{
				"<=msec": 18.000
				,"percent": 97.89
				}
			,{
				"<=msec": 19.000
				,"percent": 98.06
				}
			,{
				"<=msec": 20.000
				,"percent": 98.34
				}
			,{
				"<=msec": 21.000
				,"percent": 98.52
				}
			,{
				"<=msec": 22.000
				,"percent": 98.71
				}
			,{
				"<=msec": 23.000
				,"percent": 98.84
				}
			,{
				"<=msec": 24.000
				,"percent": 99.00
				}
			,{
				"<=msec": 25.000
				,"percent": 99.13
				}
			,{
				"<=msec": 26.000
				,"percent": 99.27
				}
			,{
				"<=msec": 27.000
				,"percent": 99.38
				}
			,{
				"<=msec": 28.000
				,"percent": 99.50
				}
			,{
				"<=msec": 29.000
				,"percent": 99.57
				}
			,{
				"<=msec": 30.000
				,"percent": 99.63
				}
			,{
				"<=msec": 31.000
				,"percent": 99.78
				}
			,{
				"<=msec": 32.000
				,"percent": 99.84
				}
			,{
				"<=msec": 33.000
				,"percent": 99.90
				}
			,{
				"<=msec": 34.000
				,"percent": 99.93
				}
			,{
				"<=msec": 35.000
				,"percent": 99.96
				}
			,{
				"<=msec": 36.000
				,"percent": 99.96
				}
			,{
				"<=msec": 37.000
				,"percent": 99.97
				}
			,{
				"<=msec": 38.000
				,"percent": 99.99
				}
			,{
				"<=msec": 54.000
				,"percent": 100.00
				}
			]
		,"GET":[
			{
				"<=msec": 3.000
				,"percent": 0.01
				}
			,{
				"<=msec": 3.100
				,"percent": 0.10
				}
			,{
				"<=msec": 3.200
				,"percent": 0.44
				}
			,{
				"<=msec": 3.300
				,"percent": 1.55
				}
			,{
				"<=msec": 3.400
				,"percent": 4.08
				}
			,{
				"<=msec": 3.500
				,"percent": 7.87
				}
			,{
				"<=msec": 3.600
				,"percent": 13.07
				}
			,{
				"<=msec": 3.700
				,"percent": 18.45
				}
			,{
				"<=msec": 3.800
				,"percent": 24.69
				}
			,{
				"<=msec": 3.900
				,"percent": 31.49
				}
			,{
				"<=msec": 4.000
				,"percent": 38.55
				}
			,{
				"<=msec": 4.100
				,"percent": 45.35
				}
			,{
				"<=msec": 4.200
				,"percent": 51.07
				}
			,{
				"<=msec": 4.300
				,"percent": 56.17
				}
			,{
				"<=msec": 4.400
				,"percent": 60.78
				}
			,{
				"<=msec": 4.500
				,"percent": 64.57
				}
			,{
				"<=msec": 4.600
				,"percent": 67.97
				}
			,{
				"<=msec": 4.700
				,"percent": 71.10
				}
			,{
				"<=msec": 4.800
				,"percent": 73.73
				}
			,{
				"<=msec": 4.900
				,"percent": 76.08
				}
			,{
				"<=msec": 5.000
				,"percent": 77.96
				}
			,{
				"<=msec": 5.100
				,"percent": 79.35
				}
			,{
				"<=msec": 5.200
				,"percent": 80.68
				}
			,{
				"<=msec": 5.300
				,"percent": 81.81
				}
			,{
				"<=msec": 5.400
				,"percent": 82.74
				}
			,{
				"<=msec": 5.500
				,"percent": 83.48
				}
			,{
				"<=msec": 5.600
				,"percent": 84.13
				}
			,{
				"<=msec": 5.700
				,"percent": 84.78
				}
			,{
				"<=msec": 5.800
				,"percent": 85.29
				}
			,{
				"<=msec": 5.900
				,"percent": 85.95
				}
			,{
				"<=msec": 6.000
				,"percent": 86.41
				}
			,{
				"<=msec": 6.100
				,"percent": 86.78
				}
			,{
				"<=msec": 6.200
				,"percent": 87.19
				}
			,{
				"<=msec": 6.300
				,"percent": 87.57
				}
			,{
				"<=msec": 6.400
				,"percent": 87.93
				}
			,{
				"<=msec": 6.500
				,"percent": 88.27
				}
			,{
				"<=msec": 6.600
				,"percent": 88.62
				}
			,{
				"<=msec": 6.700
				,"percent": 88.90
				}
			,{
				"<=msec": 6.800
				,"percent": 89.27
				}
			,{
				"<=msec": 6.900
				,"percent": 89.46
				}
			,{
				"<=msec": 7.000
				,"percent": 89.70
				}
			,{
				"<=msec": 7.100
				,"percent": 89.92
				}
			,{
				"<=msec": 7.200
				,"percent": 90.19
				}
			,{
				"<=msec": 7.300
				,"percent": 90.43
				}
			,{
				"<=msec": 7.400
				,"percent": 90.72
				}
			,{
				"<=msec": 7.500
				,"percent": 91.07
				}
			,{
				"<=msec": 7.600
				,"percent": 91.23
				}
			,{
				"<=msec": 7.700
				,"percent": 91.46
				}
			,{
				"<=msec": 7.800
				,"percent": 91.60
				}
			,{
				"<=msec": 7.900
				,"percent": 91.86
				}
			,{
				"<=msec": 8.000
				,"percent": 92.11
				}
			,{
				"<=msec": 8.100
				,"percent": 92.31
				}
			,{
				"<=msec": 8.200
				,"percent": 92.51
				}
			,{
				"<=msec": 8.300
				,"percent": 92.79
				}
			,{
				"<=msec": 8.400
				,"percent": 92.99
				}
			,{
				"<=msec": 8.500
				,"percent": 93.20
				}
			,{
				"<=msec": 8.600
				,"percent": 93.42
				}
			,{
				"<=msec": 8.700
				,"percent": 93.67
				}
			,{
				"<=msec": 8.800
				,"percent": 93.90
				}
			,{
				"<=msec": 8.900
				,"percent": 94.08
				}
			,{
				"<=msec": 9.000
				,"percent": 94.32
				}
			,{
				"<=msec": 9.100
				,"percent": 94.50
				}
			,{
				"<=msec": 9.200
				,"percent": 94.70
				}
			,{
				"<=msec": 9.300
				,"percent": 94.92
				}
			,{
				"<=msec": 9.400
				,"percent": 95.13
				}
			,{
				"<=msec": 9.500
				,"percent": 95.34
				}
			,{
				"<=msec": 9.600
				,"percent": 95.63
				}
			,{
				"<=msec": 9.700
				,"percent": 95.90
				}
			,{
				"<=msec": 9.800
				,"percent": 96.20
				}
			,{
				"<=msec": 9.900
				,"percent": 96.35
				}
			,{
				"<=msec": 10.000
				,"percent": 97.35
				}
			,{
				"<=msec": 11.000
				,"percent": 98.58
				}
			,{
				"<=msec": 12.000
				,"percent": 99.12
				}
			,{
				"<=msec": 13.000
				,"percent": 99.23
				}
			,{
				"<=msec": 14.000
				,"percent": 99.30
				}
			,{
				"<=msec": 15.000
				,"percent": 99.34
				}
			,{
				"<=msec": 16.000
				,"percent": 99.35
				}
			,{
				"<=msec": 17.000
				,"percent": 99.39
				}
			,{
				"<=msec": 18.000
				,"percent": 99.46
				}
			,{
				"<=msec": 19.000
				,"percent": 99.53
				}
			,{
				"<=msec": 20.000
				,"percent": 99.60
				}
			,{
				"<=msec": 21.000
				,"percent": 99.63
				}
			,{
				"<=msec": 22.000
				,"percent": 99.69
				}
			,{
				"<=msec": 23.000
				,"percent": 99.72
				}
			,{
				"<=msec": 24.000
				,"percent": 99.77
				}
			,{
				"<=msec": 25.000
				,"percent": 99.83
				}
			,{
				"<=msec": 26.000
				,"percent": 99.84
				}
			,{
				"<=msec": 27.000
				,"percent": 99.87
				}
			,{
				"<=msec": 28.000
				,"percent": 99.88
				}
			,{
				"<=msec": 29.000
				,"percent": 99.89
				}
			,{
				"<=msec": 30.000
				,"percent": 99.90
				}
			,{
				"<=msec": 31.000
				,"percent": 99.93
				}
			,{
				"<=msec": 32.000
				,"percent": 99.93
				}
			,{
				"<=msec": 33.000
				,"percent": 99.94
				}
			,{
				"<=msec": 35.000
				,"percent": 99.95
				}
			,{
				"<=msec": 36.000
				,"percent": 99.96
				}
			,{
				"<=msec": 37.000
				,"percent": 99.97
				}
			,{
				"<=msec": 43.000
				,"percent": 99.99
				}
			,{
				"<=msec": 47.000
				,"percent": 99.99
				}
			,{
				"<=msec": 49.000
				,"percent": 100.00
				}
			]
		,"WAIT":[
		]
		}
	}
