{
	"configuration":{
		"server": "10.0.0.8"
		,"port": 6379
		,"unix socket": "(null)"
		,"protocol": "memcache_text"
		,"out_file": "(null)"
		,"client_stats": "(null)"
		,"run_count": 1
		,"debug": 0
		,"requests": 0
		,"clients": 32
		,"threads": 1
		,"test_time": 75
		,"ratio": "1:1"
		,"pipeline": 1
		,"data_size": 1024
		,"data_offset": 0
		,"random_data": "false"
		,"data_size_range": "0:0"
		,"data_size_list": ""
		,"data_size_pattern": "R"
		,"expiry_range": "9999:10000"
		,"data_import": "(null)"
		,"data_verify": "false"
		,"verify_only": "false"
		,"generate_keys": "false"
		,"key_prefix": "memtier-"
		,"key_minimum":           0
		,"key_maximum":       10000
		,"key_pattern": "R:R"
		,"key_stddev": 0.000000
		,"key_median": 0.000000
		,"reconnect_interval": 0
		,"multi_key_get": 0
		,"authenticate": ""
		,"select-db": 0
		,"no-expiry": "false"
		,"wait-ratio": "0:0"
		,"num-slaves": "0:0"
		,"wait-timeout": "0-0"
		}
	,"run information":{
		"Threads": 1
		,"Connections per thread": 32
		,"Seconds": 75
		}
	,"ALL STATS":{
		"Sets":{
			"Ops/sec": 276.94
			,"Hits/sec": 0.00
			,"Misses/sec": 0.00
			,"Latency": 58.48
			,"KB/sec": 287.87
			}
		,"Gets":{
			"Ops/sec": 276.68
			,"Hits/sec": 276.68
			,"Misses/sec": 0.00
			,"Latency": 57.10
			,"KB/sec": 290.69
			}
		,"Waits":{
			"Ops/sec": 0.00
			,"Hits/sec": 0.00
			,"Misses/sec": 0.00
			,"Latency": 0.00
			,"KB/sec": 0.00
			}
		,"Totals":{
			"Ops/sec": 553.62
			,"Hits/sec": 276.68
			,"Misses/sec": 0.00
			,"Latency": 57.79
			,"KB/sec": 578.56
			}
		,"SET":[
			{
				"<=msec": 17.000
				,"percent": 0.02
				}
			,{
				"<=msec": 18.000
				,"percent": 0.06
				}
			,{
				"<=msec": 19.000
				,"percent": 0.10
				}
			,{
				"<=msec": 20.000
				,"percent": 0.15
				}
			,{
				"<=msec": 21.000
				,"percent": 0.18
				}
			,{
				"<=msec": 22.000
				,"percent": 0.22
				}
			,{
				"<=msec": 23.000
				,"percent": 0.32
				}
			,{
				"<=msec": 24.000
				,"percent": 0.44
				}
			,{
				"<=msec": 25.000
				,"percent": 0.52
				}
			,{
				"<=msec": 26.000
				,"percent": 0.65
				}
			,{
				"<=msec": 27.000
				,"percent": 0.79
				}
			,{
				"<=msec": 28.000
				,"percent": 0.99
				}
			,{
				"<=msec": 29.000
				,"percent": 1.31
				}
			,{
				"<=msec": 30.000
				,"percent": 1.69
				}
			,{
				"<=msec": 31.000
				,"percent": 2.09
				}
			,{
				"<=msec": 32.000
				,"percent": 2.52
				}
			,{
				"<=msec": 33.000
				,"percent": 3.11
				}
			,{
				"<=msec": 34.000
				,"percent": 3.71
				}
			,{
				"<=msec": 35.000
				,"percent": 4.28
				}
			,{
				"<=msec": 36.000
				,"percent": 4.93
				}
			,{
				"<=msec": 37.000
				,"percent": 5.39
				}
			,{
				"<=msec": 38.000
				,"percent": 5.96
				}
			,{
				"<=msec": 39.000
				,"percent": 6.65
				}
			,{
				"<=msec": 40.000
				,"percent": 7.25
				}
			,{
				"<=msec": 41.000
				,"percent": 8.02
				}
			,{
				"<=msec": 42.000
				,"percent": 8.87
				}
			,{
				"<=msec": 43.000
				,"percent": 9.72
				}
			,{
				"<=msec": 44.000
				,"percent": 10.51
				}
			,{
				"<=msec": 45.000
				,"percent": 11.62
				}
			,{
				"<=msec": 46.000
				,"percent": 12.73
				}
			,{
				"<=msec": 47.000
				,"percent": 14.48
				}
			,{
				"<=msec": 48.000
				,"percent": 16.73
				}
			,{
				"<=msec": 49.000
				,"percent": 19.26
				}
			,{
				"<=msec": 50.000
				,"percent": 22.00
				}
			,{
				"<=msec": 51.000
				,"percent": 24.98
				}
			,{
				"<=msec": 52.000
				,"percent": 27.93
				}
			,{
				"<=msec": 53.000
				,"percent": 31.80
				}
			,{
				"<=msec": 54.000
				,"percent": 36.42
				}
			,{
				"<=msec": 55.000
				,"percent": 40.79
				}
			,{
				"<=msec": 56.000
				,"percent": 45.50
				}
			,{
				"<=msec": 57.000
				,"percent": 50.21
				}
			,{
				"<=msec": 58.000
				,"percent": 54.68
				}
			,{
				"<=msec": 59.000
				,"percent": 58.64
				}
			,{
				"<=msec": 60.000
				,"percent": 62.54
				}
			,{
				"<=msec": 61.000
				,"percent": 66.15
				}
			,{
				"<=msec": 62.000
				,"percent": 69.71
				}
			,{
				"<=msec": 63.000
				,"percent": 72.96
				}
			,{
				"<=msec": 64.000
				,"percent": 75.88
				}
			,{
				"<=msec": 65.000
				,"percent": 78.26
				}
			,{
				"<=msec": 66.000
				,"percent": 80.34
				}
			,{
				"<=msec": 67.000
				,"percent": 82.08
				}
			,{
				"<=msec": 68.000
				,"percent": 83.60
				}
			,{
				"<=msec": 69.000
				,"percent": 84.98
				}
			,{
				"<=msec": 70.000
				,"percent": 86.16
				}
			,{
				"<=msec": 71.000
				,"percent": 87.17
				}
			,{
				"<=msec": 72.000
				,"percent": 88.09
				}
			,{
				"<=msec": 73.000
				,"percent": 88.99
				}
			,{
				"<=msec": 74.000
				,"percent": 89.82
				}
			,{
				"<=msec": 75.000
				,"percent": 90.59
				}
			,{
				"<=msec": 76.000
				,"percent": 91.40
				}
			,{
				"<=msec": 77.000
				,"percent": 92.00
				}
			,{
				"<=msec": 78.000
				,"percent": 92.62
				}
			,{
				"<=msec": 79.000
				,"percent": 93.26
				}
			,{
				"<=msec": 80.000
				,"percent": 93.86
				}
			,{
				"<=msec": 81.000
				,"percent": 94.48
				}
			,{
				"<=msec": 82.000
				,"percent": 94.94
				}
			,{
				"<=msec": 83.000
				,"percent": 95.33
				}
			,{
				"<=msec": 84.000
				,"percent": 95.71
				}
			,{
				"<=msec": 85.000
				,"percent": 96.13
				}
			,{
				"<=msec": 86.000
				,"percent": 96.53
				}
			,{
				"<=msec": 87.000
				,"percent": 96.83
				}
			,{
				"<=msec": 88.000
				,"percent": 97.17
				}
			,{
				"<=msec": 89.000
				,"percent": 97.48
				}
			,{
				"<=msec": 90.000
				,"percent": 97.75
				}
			,{
				"<=msec": 91.000
				,"percent": 97.94
				}
			,{
				"<=msec": 92.000
				,"percent": 98.10
				}
			,{
				"<=msec": 93.000
				,"percent": 98.23
				}
			,{
				"<=msec": 94.000
				,"percent": 98.38
				}
			,{
				"<=msec": 95.000
				,"percent": 98.55
				}
			,{
				"<=msec": 96.000
				,"percent": 98.69
				}
			,{
				"<=msec": 97.000
				,"percent": 98.82
				}
			,{
				"<=msec": 98.000
				,"percent": 98.94
				}
			,{
				"<=msec": 99.000
				,"percent": 99.06
				}
			,{
				"<=msec": 100.000
				,"percent": 99.55
				}
			,{
				"<=msec": 110.000
				,"percent": 99.93
				}
			,{
				"<=msec": 120.000
				,"percent": 99.96
				}
			,{
				"<=msec": 130.000
				,"percent": 99.97
				}
			,{
				"<=msec": 140.000
				,"percent": 100.00
				}
			]
		,"GET":[
			{
				"<=msec": 18.000
				,"percent": 0.00
				}
			,{
				"<=msec": 19.000
				,"percent": 0.05
				}
			,{
				"<=msec": 20.000
				,"percent": 0.11
				}
			,{
				"<=msec": 21.000
				,"percent": 0.12
				}
			,{
				"<=msec": 22.000
				,"percent": 0.19
				}
			,{
				"<=msec": 23.000
				,"percent": 0.33
				}
			,{
				"<=msec": 24.000
				,"percent": 0.44
				}
			,{
				"<=msec": 25.000
				,"percent": 0.59
				}
			,{
				"<=msec": 26.000
				,"percent": 0.70
				}
			,{
				"<=msec": 27.000
				,"percent": 0.86
				}
			,{
				"<=msec": 28.000
				,"percent": 1.15
				}
			,{
				"<=msec": 29.000
				,"percent": 1.53
				}
			,{
				"<=msec": 30.000
				,"percent": 1.88
				}
			,{
				"<=msec": 31.000
				,"percent": 2.20
				}
			,{
				"<=msec": 32.000
				,"percent": 2.60
				}
			,{
				"<=msec": 33.000
				,"percent": 3.17
				}
			,{
				"<=msec": 34.000
				,"percent": 3.79
				}
			,{
				"<=msec": 35.000
				,"percent": 4.45
				}
			,{
				"<=msec": 36.000
				,"percent": 4.97
				}
			,{
				"<=msec": 37.000
				,"percent": 5.48
				}
			,{
				"<=msec": 38.000
				,"percent": 6.12
				}
			,{
				"<=msec": 39.000
				,"percent": 6.99
				}
			,{
				"<=msec": 40.000
				,"percent": 7.77
				}
			,{
				"<=msec": 41.000
				,"percent": 8.61
				}
			,{
				"<=msec": 42.000
				,"percent": 9.66
				}
			,{
				"<=msec": 43.000
				,"percent": 10.73
				}
			,{
				"<=msec": 44.000
				,"percent": 11.95
				}
			,{
				"<=msec": 45.000
				,"percent": 13.32
				}
			,{
				"<=msec": 46.000
				,"percent": 14.87
				}
			,{
				"<=msec": 47.000
				,"percent": 17.10
				}
			,{
				"<=msec": 48.000
				,"percent": 19.62
				}
			,{
				"<=msec": 49.000
				,"percent": 22.93
				}
			,{
				"<=msec": 50.000
				,"percent": 26.28
				}
			,{
				"<=msec": 51.000
				,"percent": 29.82
				}
			,{
				"<=msec": 52.000
				,"percent": 33.23
				}
			,{
				"<=msec": 53.000
				,"percent": 37.28
				}
			,{
				"<=msec": 54.000
				,"percent": 42.18
				}
			,{
				"<=msec": 55.000
				,"percent": 46.97
				}
			,{
				"<=msec": 56.000
				,"percent": 52.11
				}
			,{
				"<=msec": 57.000
				,"percent": 56.99
				}
			,{
				"<=msec": 58.000
				,"percent": 61.09
				}
			,{
				"<=msec": 59.000
				,"percent": 64.83
				}
			,{
				"<=msec": 60.000
				,"percent": 68.34
				}
			,{
				"<=msec": 61.000
				,"percent": 71.70
				}
			,{
				"<=msec": 62.000
				,"percent": 74.61
				}
			,{
				"<=msec": 63.000
				,"percent": 77.18
				}
			,{
				"<=msec": 64.000
				,"percent": 79.52
				}
			,{
				"<=msec": 65.000
				,"percent": 81.35
				}
			,{
				"<=msec": 66.000
				,"percent": 83.06
				}
			,{
				"<=msec": 67.000
				,"percent": 84.56
				}
			,{
				"<=msec": 68.000
				,"percent": 85.79
				}
			,{
				"<=msec": 69.000
				,"percent": 87.03
				}
			,{
				"<=msec": 70.000
				,"percent": 88.07
				}
			,{
				"<=msec": 71.000
				,"percent": 88.88
				}
			,{
				"<=msec": 72.000
				,"percent": 89.66
				}
			,{
				"<=msec": 73.000
				,"percent": 90.26
				}
			,{
				"<=msec": 74.000
				,"percent": 91.13
				}
			,{
				"<=msec": 75.000
				,"percent": 91.81
				}
			,{
				"<=msec": 76.000
				,"percent": 92.49
				}
			,{
				"<=msec": 77.000
				,"percent": 93.14
				}
			,{
				"<=msec": 78.000
				,"percent": 93.60
				}
			,{
				"<=msec": 79.000
				,"percent": 94.14
				}
			,{
				"<=msec": 80.000
				,"percent": 94.60
				}
			,{
				"<=msec": 81.000
				,"percent": 95.08
				}
			,{
				"<=msec": 82.000
				,"percent": 95.58
				}
			,{
				"<=msec": 83.000
				,"percent": 95.99
				}
			,{
				"<=msec": 84.000
				,"percent": 96.36
				}
			,{
				"<=msec": 85.000
				,"percent": 96.63
				}
			,{
				"<=msec": 86.000
				,"percent": 96.97
				}
			,{
				"<=msec": 87.000
				,"percent": 97.27
				}
			,{
				"<=msec": 88.000
				,"percent": 97.55
				}
			,{
				"<=msec": 89.000
				,"percent": 97.85
				}
			,{
				"<=msec": 90.000
				,"percent": 98.07
				}
			,{
				"<=msec": 91.000
				,"percent": 98.25
				}
			,{
				"<=msec": 92.000
				,"percent": 98.44
				}
			,{
				"<=msec": 93.000
				,"percent": 98.58
				}
			,{
				"<=msec": 94.000
				,"percent": 98.72
				}
			,{
				"<=msec": 95.000
				,"percent": 98.89
				}
			,{
				"<=msec": 96.000
				,"percent": 99.04
				}
			,{
				"<=msec": 97.000
				,"percent": 99.17
				}
			,{
				"<=msec": 98.000
				,"percent": 99.25
				}
			,{
				"<=msec": 99.000
				,"percent": 99.37
				}
			,{
				"<=msec": 100.000
				,"percent": 99.77
				}
			,{
				"<=msec": 110.000
				,"percent": 99.96
				}
			,{
				"<=msec": 120.000
				,"percent": 99.97
				}
			,{
				"<=msec": 130.000
				,"percent": 99.99
				}
			,{
				"<=msec": 140.000
				,"percent": 100.00
				}
			,{
				"<=msec": 150.000
				,"percent": 100.00
				}
			]
		,"WAIT":[
		]
		}
	}
