{
	"configuration":{
		"server": "10.0.0.8"
		,"port": 6379
		,"unix socket": "(null)"
		,"protocol": "memcache_text"
		,"out_file": "(null)"
		,"client_stats": "(null)"
		,"run_count": 1
		,"debug": 0
		,"requests": 0
		,"clients": 32
		,"threads": 1
		,"test_time": 75
		,"ratio": "1:1"
		,"pipeline": 1
		,"data_size": 1024
		,"data_offset": 0
		,"random_data": "false"
		,"data_size_range": "0:0"
		,"data_size_list": ""
		,"data_size_pattern": "R"
		,"expiry_range": "9999:10000"
		,"data_import": "(null)"
		,"data_verify": "false"
		,"verify_only": "false"
		,"generate_keys": "false"
		,"key_prefix": "memtier-"
		,"key_minimum":           0
		,"key_maximum":       10000
		,"key_pattern": "R:R"
		,"key_stddev": 0.000000
		,"key_median": 0.000000
		,"reconnect_interval": 0
		,"multi_key_get": 0
		,"authenticate": ""
		,"select-db": 0
		,"no-expiry": "false"
		,"wait-ratio": "0:0"
		,"num-slaves": "0:0"
		,"wait-timeout": "0-0"
		}
	,"run information":{
		"Threads": 1
		,"Connections per thread": 32
		,"Seconds": 75
		}
	,"ALL STATS":{
		"Sets":{
			"Ops/sec": 291.31
			,"Hits/sec": 0.00
			,"Misses/sec": 0.00
			,"Latency": 55.56
			,"KB/sec": 302.80
			}
		,"Gets":{
			"Ops/sec": 291.16
			,"Hits/sec": 291.16
			,"Misses/sec": 0.00
			,"Latency": 54.29
			,"KB/sec": 305.90
			}
		,"Waits":{
			"Ops/sec": 0.00
			,"Hits/sec": 0.00
			,"Misses/sec": 0.00
			,"Latency": 0.00
			,"KB/sec": 0.00
			}
		,"Totals":{
			"Ops/sec": 582.47
			,"Hits/sec": 291.16
			,"Misses/sec": 0.00
			,"Latency": 54.93
			,"KB/sec": 608.71
			}
		,"SET":[
			{
				"<=msec": 4.800
				,"percent": 0.00
				}
			,{
				"<=msec": 5.200
				,"percent": 0.01
				}
			,{
				"<=msec": 5.700
				,"percent": 0.02
				}
			,{
				"<=msec": 5.800
				,"percent": 0.02
				}
			,{
				"<=msec": 6.600
				,"percent": 0.03
				}
			,{
				"<=msec": 6.700
				,"percent": 0.05
				}
			,{
				"<=msec": 6.900
				,"percent": 0.05
				}
			,{
				"<=msec": 7.000
				,"percent": 0.05
				}
			,{
				"<=msec": 7.100
				,"percent": 0.07
				}
			,{
				"<=msec": 7.200
				,"percent": 0.07
				}
			,{
				"<=msec": 7.500
				,"percent": 0.08
				}
			,{
				"<=msec": 7.900
				,"percent": 0.09
				}
			,{
				"<=msec": 8.000
				,"percent": 0.11
				}
			,{
				"<=msec": 8.200
				,"percent": 0.11
				}
			,{
				"<=msec": 8.300
				,"percent": 0.13
				}
			,{
				"<=msec": 8.400
				,"percent": 0.14
				}
			,{
				"<=msec": 8.500
				,"percent": 0.14
				}
			,{
				"<=msec": 8.600
				,"percent": 0.16
				}
			,{
				"<=msec": 8.700
				,"percent": 0.18
				}
			,{
				"<=msec": 8.800
				,"percent": 0.22
				}
			,{
				"<=msec": 8.900
				,"percent": 0.25
				}
			,{
				"<=msec": 9.000
				,"percent": 0.31
				}
			,{
				"<=msec": 9.100
				,"percent": 0.38
				}
			,{
				"<=msec": 9.200
				,"percent": 0.44
				}
			,{
				"<=msec": 9.300
				,"percent": 0.50
				}
			,{
				"<=msec": 9.400
				,"percent": 0.62
				}
			,{
				"<=msec": 9.500
				,"percent": 0.71
				}
			,{
				"<=msec": 9.600
				,"percent": 0.86
				}
			,{
				"<=msec": 9.700
				,"percent": 1.02
				}
			,{
				"<=msec": 9.800
				,"percent": 1.11
				}
			,{
				"<=msec": 9.900
				,"percent": 1.21
				}
			,{
				"<=msec": 10.000
				,"percent": 1.92
				}
			,{
				"<=msec": 11.000
				,"percent": 2.81
				}
			,{
				"<=msec": 12.000
				,"percent": 3.40
				}
			,{
				"<=msec": 13.000
				,"percent": 4.14
				}
			,{
				"<=msec": 14.000
				,"percent": 5.17
				}
			,{
				"<=msec": 15.000
				,"percent": 6.31
				}
			,{
				"<=msec": 16.000
				,"percent": 7.03
				}
			,{
				"<=msec": 17.000
				,"percent": 7.54
				}
			,{
				"<=msec": 18.000
				,"percent": 7.99
				}
			,{
				"<=msec": 19.000
				,"percent": 8.75
				}
			,{
				"<=msec": 20.000
				,"percent": 9.41
				}
			,{
				"<=msec": 21.000
				,"percent": 10.00
				}
			,{
				"<=msec": 22.000
				,"percent": 10.53
				}
			,{
				"<=msec": 23.000
				,"percent": 10.84
				}
			,{
				"<=msec": 24.000
				,"percent": 11.10
				}
			,{
				"<=msec": 25.000
				,"percent": 11.36
				}
			,{
				"<=msec": 26.000
				,"percent": 11.51
				}
			,{
				"<=msec": 27.000
				,"percent": 11.77
				}
			,{
				"<=msec": 28.000
				,"percent": 11.95
				}
			,{
				"<=msec": 29.000
				,"percent": 12.28
				}
			,{
				"<=msec": 30.000
				,"percent": 12.56
				}
			,{
				"<=msec": 31.000
				,"percent": 12.80
				}
			,{
				"<=msec": 32.000
				,"percent": 13.03
				}
			,{
				"<=msec": 33.000
				,"percent": 13.25
				}
			,{
				"<=msec": 34.000
				,"percent": 13.56
				}
			,{
				"<=msec": 35.000
				,"percent": 13.77
				}
			,{
				"<=msec": 36.000
				,"percent": 14.06
				}
			,{
				"<=msec": 37.000
				,"percent": 14.40
				}
			,{
				"<=msec": 38.000
				,"percent": 14.71
				}
			,{
				"<=msec": 39.000
				,"percent": 14.98
				}
			,{
				"<=msec": 40.000
				,"percent": 15.32
				}
			,{
				"<=msec": 41.000
				,"percent": 15.71
				}
			,{
				"<=msec": 42.000
				,"percent": 16.18
				}
			,{
				"<=msec": 43.000
				,"percent": 16.80
				}
			,{
				"<=msec": 44.000
				,"percent": 17.34
				}
			,{
				"<=msec": 45.000
				,"percent": 18.06
				}
			,{
				"<=msec": 46.000
				,"percent": 18.84
				}
			,{
				"<=msec": 47.000
				,"percent": 19.88
				}
			,{
				"<=msec": 48.000
				,"percent": 21.11
				}
			,{
				"<=msec": 49.000
				,"percent": 22.85
				}
			,{
				"<=msec": 50.000
				,"percent": 24.97
				}
			,{
				"<=msec": 51.000
				,"percent": 27.17
				}
			,{
				"<=msec": 52.000
				,"percent": 29.46
				}
			,{
				"<=msec": 53.000
				,"percent": 32.44
				}
			,{
				"<=msec": 54.000
				,"percent": 35.97
				}
			,{
				"<=msec": 55.000
				,"percent": 40.19
				}
			,{
				"<=msec": 56.000
				,"percent": 44.50
				}
			,{
				"<=msec": 57.000
				,"percent": 48.93
				}
			,{
				"<=msec": 58.000
				,"percent": 52.99
				}
			,{
				"<=msec": 59.000
				,"percent": 56.76
				}
			,{
				"<=msec": 60.000
				,"percent": 60.88
				}
			,{
				"<=msec": 61.000
				,"percent": 64.55
				}
			,{
				"<=msec": 62.000
				,"percent": 68.24
				}
			,{
				"<=msec": 63.000
				,"percent": 71.77
				}
			,{
				"<=msec": 64.000
				,"percent": 74.49
				}
			,{
				"<=msec": 65.000
				,"percent": 77.15
				}
			,{
				"<=msec": 66.000
				,"percent": 79.35
				}
			,{
				"<=msec": 67.000
				,"percent": 81.16
				}
			,{
				"<=msec": 68.000
				,"percent": 82.88
				}
			,{
				"<=msec": 69.000
				,"percent": 84.14
				}
			,{
				"<=msec": 70.000
				,"percent": 85.35
				}
			,{
				"<=msec": 71.000
				,"percent": 86.40
				}
			,{
				"<=msec": 72.000
				,"percent": 87.37
				}
			,{
				"<=msec": 73.000
				,"percent": 88.23
				}
			,{
				"<=msec": 74.000
				,"percent": 89.03
				}
			,{
				"<=msec": 75.000
				,"percent": 89.81
				}
			,{
				"<=msec": 76.000
				,"percent": 90.62
				}
			,{
				"<=msec": 77.000
				,"percent": 91.27
				}
			,{
				"<=msec": 78.000
				,"percent": 91.94
				}
			,{
				"<=msec": 79.000
				,"percent": 92.45
				}
			,{
				"<=msec": 80.000
				,"percent": 92.90
				}
			,{
				"<=msec": 81.000
				,"percent": 93.49
				}
			,{
				"<=msec": 82.000
				,"percent": 94.15
				}
			,{
				"<=msec": 83.000
				,"percent": 94.78
				}
			,{
				"<=msec": 84.000
				,"percent": 95.25
				}
			,{
				"<=msec": 85.000
				,"percent": 95.69
				}
			,{
				"<=msec": 86.000
				,"percent": 96.08
				}
			,{
				"<=msec": 87.000
				,"percent": 96.41
				}
			,{
				"<=msec": 88.000
				,"percent": 96.78
				}
			,{
				"<=msec": 89.000
				,"percent": 97.12
				}
			,{
				"<=msec": 90.000
				,"percent": 97.38
				}
			,{
				"<=msec": 91.000
				,"percent": 97.65
				}
			,{
				"<=msec": 92.000
				,"percent": 97.89
				}
			,{
				"<=msec": 93.000
				,"percent": 98.10
				}
			,{
				"<=msec": 94.000
				,"percent": 98.35
				}
			,{
				"<=msec": 95.000
				,"percent": 98.49
				}
			,{
				"<=msec": 96.000
				,"percent": 98.60
				}
			,{
				"<=msec": 97.000
				,"percent": 98.80
				}
			,{
				"<=msec": 98.000
				,"percent": 98.89
				}
			,{
				"<=msec": 99.000
				,"percent": 99.05
				}
			,{
				"<=msec": 100.000
				,"percent": 99.56
				}
			,{
				"<=msec": 110.000
				,"percent": 99.80
				}
			,{
				"<=msec": 120.000
				,"percent": 99.91
				}
			,{
				"<=msec": 130.000
				,"percent": 99.99
				}
			,{
				"<=msec": 140.000
				,"percent": 100.00
				}
			]
		,"GET":[
			{
				"<=msec": 5.200
				,"percent": 0.00
				}
			,{
				"<=msec": 5.400
				,"percent": 0.01
				}
			,{
				"<=msec": 5.700
				,"percent": 0.01
				}
			,{
				"<=msec": 5.800
				,"percent": 0.02
				}
			,{
				"<=msec": 6.400
				,"percent": 0.02
				}
			,{
				"<=msec": 6.800
				,"percent": 0.03
				}
			,{
				"<=msec": 7.100
				,"percent": 0.04
				}
			,{
				"<=msec": 7.300
				,"percent": 0.05
				}
			,{
				"<=msec": 7.500
				,"percent": 0.05
				}
			,{
				"<=msec": 7.600
				,"percent": 0.07
				}
			,{
				"<=msec": 7.800
				,"percent": 0.07
				}
			,{
				"<=msec": 7.900
				,"percent": 0.09
				}
			,{
				"<=msec": 8.000
				,"percent": 0.10
				}
			,{
				"<=msec": 8.100
				,"percent": 0.12
				}
			,{
				"<=msec": 8.200
				,"percent": 0.13
				}
			,{
				"<=msec": 8.300
				,"percent": 0.14
				}
			,{
				"<=msec": 8.400
				,"percent": 0.17
				}
			,{
				"<=msec": 8.500
				,"percent": 0.20
				}
			,{
				"<=msec": 8.600
				,"percent": 0.22
				}
			,{
				"<=msec": 8.700
				,"percent": 0.29
				}
			,{
				"<=msec": 8.800
				,"percent": 0.34
				}
			,{
				"<=msec": 8.900
				,"percent": 0.41
				}
			,{
				"<=msec": 9.000
				,"percent": 0.49
				}
			,{
				"<=msec": 9.100
				,"percent": 0.56
				}
			,{
				"<=msec": 9.200
				,"percent": 0.66
				}
			,{
				"<=msec": 9.300
				,"percent": 0.77
				}
			,{
				"<=msec": 9.400
				,"percent": 0.94
				}
			,{
				"<=msec": 9.500
				,"percent": 1.09
				}
			,{
				"<=msec": 9.600
				,"percent": 1.24
				}
			,{
				"<=msec": 9.700
				,"percent": 1.38
				}
			,{
				"<=msec": 9.800
				,"percent": 1.51
				}
			,{
				"<=msec": 9.900
				,"percent": 1.66
				}
			,{
				"<=msec": 10.000
				,"percent": 2.47
				}
			,{
				"<=msec": 11.000
				,"percent": 3.50
				}
			,{
				"<=msec": 12.000
				,"percent": 4.20
				}
			,{
				"<=msec": 13.000
				,"percent": 5.01
				}
			,{
				"<=msec": 14.000
				,"percent": 5.96
				}
			,{
				"<=msec": 15.000
				,"percent": 7.14
				}
			,{
				"<=msec": 16.000
				,"percent": 8.07
				}
			,{
				"<=msec": 17.000
				,"percent": 8.57
				}
			,{
				"<=msec": 18.000
				,"percent": 8.98
				}
			,{
				"<=msec": 19.000
				,"percent": 9.48
				}
			,{
				"<=msec": 20.000
				,"percent": 10.12
				}
			,{
				"<=msec": 21.000
				,"percent": 10.56
				}
			,{
				"<=msec": 22.000
				,"percent": 11.08
				}
			,{
				"<=msec": 23.000
				,"percent": 11.37
				}
			,{
				"<=msec": 24.000
				,"percent": 11.62
				}
			,{
				"<=msec": 25.000
				,"percent": 11.82
				}
			,{
				"<=msec": 26.000
				,"percent": 11.98
				}
			,{
				"<=msec": 27.000
				,"percent": 12.18
				}
			,{
				"<=msec": 28.000
				,"percent": 12.33
				}
			,{
				"<=msec": 29.000
				,"percent": 12.67
				}
			,{
				"<=msec": 30.000
				,"percent": 12.93
				}
			,{
				"<=msec": 31.000
				,"percent": 13.23
				}
			,{
				"<=msec": 32.000
				,"percent": 13.45
				}
			,{
				"<=msec": 33.000
				,"percent": 13.69
				}
			,{
				"<=msec": 34.000
				,"percent": 13.99
				}
			,{
				"<=msec": 35.000
				,"percent": 14.29
				}
			,{
				"<=msec": 36.000
				,"percent": 14.60
				}
			,{
				"<=msec": 37.000
				,"percent": 14.86
				}
			,{
				"<=msec": 38.000
				,"percent": 15.21
				}
			,{
				"<=msec": 39.000
				,"percent": 15.57
				}
			,{
				"<=msec": 40.000
				,"percent": 15.91
				}
			,{
				"<=msec": 41.000
				,"percent": 16.33
				}
			,{
				"<=msec": 42.000
				,"percent": 16.82
				}
			,{
				"<=msec": 43.000
				,"percent": 17.44
				}
			,{
				"<=msec": 44.000
				,"percent": 18.23
				}
			,{
				"<=msec": 45.000
				,"percent": 19.07
				}
			,{
				"<=msec": 46.000
				,"percent": 19.84
				}
			,{
				"<=msec": 47.000
				,"percent": 21.03
				}
			,{
				"<=msec": 48.000
				,"percent": 22.48
				}
			,{
				"<=msec": 49.000
				,"percent": 24.71
				}
			,{
				"<=msec": 50.000
				,"percent": 27.39
				}
			,{
				"<=msec": 51.000
				,"percent": 29.91
				}
			,{
				"<=msec": 52.000
				,"percent": 32.75
				}
			,{
				"<=msec": 53.000
				,"percent": 36.07
				}
			,{
				"<=msec": 54.000
				,"percent": 40.19
				}
			,{
				"<=msec": 55.000
				,"percent": 44.93
				}
			,{
				"<=msec": 56.000
				,"percent": 49.61
				}
			,{
				"<=msec": 57.000
				,"percent": 54.10
				}
			,{
				"<=msec": 58.000
				,"percent": 57.89
				}
			,{
				"<=msec": 59.000
				,"percent": 61.80
				}
			,{
				"<=msec": 60.000
				,"percent": 65.62
				}
			,{
				"<=msec": 61.000
				,"percent": 68.96
				}
			,{
				"<=msec": 62.000
				,"percent": 72.14
				}
			,{
				"<=msec": 63.000
				,"percent": 75.21
				}
			,{
				"<=msec": 64.000
				,"percent": 77.77
				}
			,{
				"<=msec": 65.000
				,"percent": 80.00
				}
			,{
				"<=msec": 66.000
				,"percent": 81.83
				}
			,{
				"<=msec": 67.000
				,"percent": 83.45
				}
			,{
				"<=msec": 68.000
				,"percent": 84.67
				}
			,{
				"<=msec": 69.000
				,"percent": 85.73
				}
			,{
				"<=msec": 70.000
				,"percent": 86.76
				}
			,{
				"<=msec": 71.000
				,"percent": 87.74
				}
			,{
				"<=msec": 72.000
				,"percent": 88.61
				}
			,{
				"<=msec": 73.000
				,"percent": 89.36
				}
			,{
				"<=msec": 74.000
				,"percent": 90.12
				}
			,{
				"<=msec": 75.000
				,"percent": 90.92
				}
			,{
				"<=msec": 76.000
				,"percent": 91.70
				}
			,{
				"<=msec": 77.000
				,"percent": 92.42
				}
			,{
				"<=msec": 78.000
				,"percent": 93.08
				}
			,{
				"<=msec": 79.000
				,"percent": 93.60
				}
			,{
				"<=msec": 80.000
				,"percent": 94.10
				}
			,{
				"<=msec": 81.000
				,"percent": 94.65
				}
			,{
				"<=msec": 82.000
				,"percent": 95.14
				}
			,{
				"<=msec": 83.000
				,"percent": 95.65
				}
			,{
				"<=msec": 84.000
				,"percent": 96.06
				}
			,{
				"<=msec": 85.000
				,"percent": 96.54
				}
			,{
				"<=msec": 86.000
				,"percent": 96.86
				}
			,{
				"<=msec": 87.000
				,"percent": 97.15
				}
			,{
				"<=msec": 88.000
				,"percent": 97.44
				}
			,{
				"<=msec": 89.000
				,"percent": 97.73
				}
			,{
				"<=msec": 90.000
				,"percent": 98.00
				}
			,{
				"<=msec": 91.000
				,"percent": 98.22
				}
			,{
				"<=msec": 92.000
				,"percent": 98.37
				}
			,{
				"<=msec": 93.000
				,"percent": 98.60
				}
			,{
				"<=msec": 94.000
				,"percent": 98.77
				}
			,{
				"<=msec": 95.000
				,"percent": 98.85
				}
			,{
				"<=msec": 96.000
				,"percent": 99.00
				}
			,{
				"<=msec": 97.000
				,"percent": 99.12
				}
			,{
				"<=msec": 98.000
				,"percent": 99.19
				}
			,{
				"<=msec": 99.000
				,"percent": 99.30
				}
			,{
				"<=msec": 100.000
				,"percent": 99.64
				}
			,{
				"<=msec": 110.000
				,"percent": 99.82
				}
			,{
				"<=msec": 120.000
				,"percent": 99.92
				}
			,{
				"<=msec": 130.000
				,"percent": 99.98
				}
			,{
				"<=msec": 140.000
				,"percent": 100.00
				}
			]
		,"WAIT":[
		]
		}
	}
