{
	"configuration":{
		"server": "10.0.0.9"
		,"port": 6379
		,"unix socket": "(null)"
		,"protocol": "memcache_text"
		,"out_file": "(null)"
		,"client_stats": "(null)"
		,"run_count": 1
		,"debug": 0
		,"requests": 0
		,"clients": 32
		,"threads": 1
		,"test_time": 75
		,"ratio": "1:1"
		,"pipeline": 1
		,"data_size": 1024
		,"data_offset": 0
		,"random_data": "false"
		,"data_size_range": "0:0"
		,"data_size_list": ""
		,"data_size_pattern": "R"
		,"expiry_range": "9999:10000"
		,"data_import": "(null)"
		,"data_verify": "false"
		,"verify_only": "false"
		,"generate_keys": "false"
		,"key_prefix": "memtier-"
		,"key_minimum":           0
		,"key_maximum":       10000
		,"key_pattern": "R:R"
		,"key_stddev": 0.000000
		,"key_median": 0.000000
		,"reconnect_interval": 0
		,"multi_key_get": 0
		,"authenticate": ""
		,"select-db": 0
		,"no-expiry": "false"
		,"wait-ratio": "0:0"
		,"num-slaves": "0:0"
		,"wait-timeout": "0-0"
		}
	,"run information":{
		"Threads": 1
		,"Connections per thread": 32
		,"Seconds": 75
		}
	,"ALL STATS":{
		"Sets":{
			"Ops/sec": 460.15
			,"Hits/sec": 0.00
			,"Misses/sec": 0.00
			,"Latency": 35.36
			,"KB/sec": 478.30
			}
		,"Gets":{
			"Ops/sec": 459.90
			,"Hits/sec": 459.90
			,"Misses/sec": 0.00
			,"Latency": 34.18
			,"KB/sec": 483.17
			}
		,"Waits":{
			"Ops/sec": 0.00
			,"Hits/sec": 0.00
			,"Misses/sec": 0.00
			,"Latency": 0.00
			,"KB/sec": 0.00
			}
		,"Totals":{
			"Ops/sec": 920.05
			,"Hits/sec": 459.90
			,"Misses/sec": 0.00
			,"Latency": 34.77
			,"KB/sec": 961.47
			}
		,"SET":[
			{
				"<=msec": 2.800
				,"percent": 0.01
				}
			,{
				"<=msec": 2.900
				,"percent": 0.01
				}
			,{
				"<=msec": 3.000
				,"percent": 0.01
				}
			,{
				"<=msec": 3.100
				,"percent": 0.02
				}
			,{
				"<=msec": 3.200
				,"percent": 0.02
				}
			,{
				"<=msec": 3.300
				,"percent": 0.02
				}
			,{
				"<=msec": 3.400
				,"percent": 0.03
				}
			,{
				"<=msec": 3.500
				,"percent": 0.03
				}
			,{
				"<=msec": 3.600
				,"percent": 0.04
				}
			,{
				"<=msec": 3.700
				,"percent": 0.05
				}
			,{
				"<=msec": 3.900
				,"percent": 0.06
				}
			,{
				"<=msec": 4.000
				,"percent": 0.06
				}
			,{
				"<=msec": 4.100
				,"percent": 0.07
				}
			,{
				"<=msec": 4.200
				,"percent": 0.09
				}
			,{
				"<=msec": 4.300
				,"percent": 0.12
				}
			,{
				"<=msec": 4.400
				,"percent": 0.13
				}
			,{
				"<=msec": 4.500
				,"percent": 0.14
				}
			,{
				"<=msec": 4.600
				,"percent": 0.16
				}
			,{
				"<=msec": 4.700
				,"percent": 0.17
				}
			,{
				"<=msec": 4.800
				,"percent": 0.18
				}
			,{
				"<=msec": 4.900
				,"percent": 0.21
				}
			,{
				"<=msec": 5.000
				,"percent": 0.22
				}
			,{
				"<=msec": 5.100
				,"percent": 0.24
				}
			,{
				"<=msec": 5.200
				,"percent": 0.27
				}
			,{
				"<=msec": 5.300
				,"percent": 0.30
				}
			,{
				"<=msec": 5.400
				,"percent": 0.31
				}
			,{
				"<=msec": 5.500
				,"percent": 0.32
				}
			,{
				"<=msec": 5.600
				,"percent": 0.34
				}
			,{
				"<=msec": 5.700
				,"percent": 0.35
				}
			,{
				"<=msec": 5.800
				,"percent": 0.36
				}
			,{
				"<=msec": 5.900
				,"percent": 0.38
				}
			,{
				"<=msec": 6.000
				,"percent": 0.39
				}
			,{
				"<=msec": 6.100
				,"percent": 0.41
				}
			,{
				"<=msec": 6.200
				,"percent": 0.42
				}
			,{
				"<=msec": 6.300
				,"percent": 0.43
				}
			,{
				"<=msec": 6.400
				,"percent": 0.43
				}
			,{
				"<=msec": 6.500
				,"percent": 0.45
				}
			,{
				"<=msec": 6.600
				,"percent": 0.47
				}
			,{
				"<=msec": 6.700
				,"percent": 0.48
				}
			,{
				"<=msec": 6.800
				,"percent": 0.49
				}
			,{
				"<=msec": 6.900
				,"percent": 0.52
				}
			,{
				"<=msec": 7.000
				,"percent": 0.55
				}
			,{
				"<=msec": 7.100
				,"percent": 0.56
				}
			,{
				"<=msec": 7.200
				,"percent": 0.58
				}
			,{
				"<=msec": 7.300
				,"percent": 0.60
				}
			,{
				"<=msec": 7.400
				,"percent": 0.61
				}
			,{
				"<=msec": 7.500
				,"percent": 0.63
				}
			,{
				"<=msec": 7.600
				,"percent": 0.65
				}
			,{
				"<=msec": 7.700
				,"percent": 0.66
				}
			,{
				"<=msec": 7.800
				,"percent": 0.67
				}
			,{
				"<=msec": 7.900
				,"percent": 0.68
				}
			,{
				"<=msec": 8.000
				,"percent": 0.69
				}
			,{
				"<=msec": 8.100
				,"percent": 0.71
				}
			,{
				"<=msec": 8.200
				,"percent": 0.72
				}
			,{
				"<=msec": 8.300
				,"percent": 0.73
				}
			,{
				"<=msec": 8.400
				,"percent": 0.74
				}
			,{
				"<=msec": 8.500
				,"percent": 0.77
				}
			,{
				"<=msec": 8.600
				,"percent": 0.80
				}
			,{
				"<=msec": 8.700
				,"percent": 0.81
				}
			,{
				"<=msec": 8.800
				,"percent": 0.82
				}
			,{
				"<=msec": 8.900
				,"percent": 0.84
				}
			,{
				"<=msec": 9.000
				,"percent": 0.86
				}
			,{
				"<=msec": 9.100
				,"percent": 0.88
				}
			,{
				"<=msec": 9.200
				,"percent": 0.92
				}
			,{
				"<=msec": 9.300
				,"percent": 0.95
				}
			,{
				"<=msec": 9.400
				,"percent": 0.99
				}
			,{
				"<=msec": 9.500
				,"percent": 1.02
				}
			,{
				"<=msec": 9.600
				,"percent": 1.08
				}
			,{
				"<=msec": 9.700
				,"percent": 1.12
				}
			,{
				"<=msec": 9.800
				,"percent": 1.19
				}
			,{
				"<=msec": 9.900
				,"percent": 1.24
				}
			,{
				"<=msec": 10.000
				,"percent": 1.66
				}
			,{
				"<=msec": 11.000
				,"percent": 2.70
				}
			,{
				"<=msec": 12.000
				,"percent": 3.43
				}
			,{
				"<=msec": 13.000
				,"percent": 4.07
				}
			,{
				"<=msec": 14.000
				,"percent": 4.74
				}
			,{
				"<=msec": 15.000
				,"percent": 5.36
				}
			,{
				"<=msec": 16.000
				,"percent": 6.09
				}
			,{
				"<=msec": 17.000
				,"percent": 6.87
				}
			,{
				"<=msec": 18.000
				,"percent": 7.57
				}
			,{
				"<=msec": 19.000
				,"percent": 8.25
				}
			,{
				"<=msec": 20.000
				,"percent": 9.00
				}
			,{
				"<=msec": 21.000
				,"percent": 9.83
				}
			,{
				"<=msec": 22.000
				,"percent": 10.75
				}
			,{
				"<=msec": 23.000
				,"percent": 12.08
				}
			,{
				"<=msec": 24.000
				,"percent": 14.23
				}
			,{
				"<=msec": 25.000
				,"percent": 16.95
				}
			,{
				"<=msec": 26.000
				,"percent": 19.51
				}
			,{
				"<=msec": 27.000
				,"percent": 21.96
				}
			,{
				"<=msec": 28.000
				,"percent": 24.36
				}
			,{
				"<=msec": 29.000
				,"percent": 26.87
				}
			,{
				"<=msec": 30.000
				,"percent": 30.18
				}
			,{
				"<=msec": 31.000
				,"percent": 34.42
				}
			,{
				"<=msec": 32.000
				,"percent": 39.67
				}
			,{
				"<=msec": 33.000
				,"percent": 45.18
				}
			,{
				"<=msec": 34.000
				,"percent": 49.90
				}
			,{
				"<=msec": 35.000
				,"percent": 54.27
				}
			,{
				"<=msec": 36.000
				,"percent": 58.31
				}
			,{
				"<=msec": 37.000
				,"percent": 62.16
				}
			,{
				"<=msec": 38.000
				,"percent": 66.07
				}
			,{
				"<=msec": 39.000
				,"percent": 69.82
				}
			,{
				"<=msec": 40.000
				,"percent": 73.52
				}
			,{
				"<=msec": 41.000
				,"percent": 76.67
				}
			,{
				"<=msec": 42.000
				,"percent": 79.21
				}
			,{
				"<=msec": 43.000
				,"percent": 81.45
				}
			,{
				"<=msec": 44.000
				,"percent": 83.50
				}
			,{
				"<=msec": 45.000
				,"percent": 85.22
				}
			,{
				"<=msec": 46.000
				,"percent": 86.82
				}
			,{
				"<=msec": 47.000
				,"percent": 88.18
				}
			,{
				"<=msec": 48.000
				,"percent": 89.16
				}
			,{
				"<=msec": 49.000
				,"percent": 90.05
				}
			,{
				"<=msec": 50.000
				,"percent": 90.87
				}
			,{
				"<=msec": 51.000
				,"percent": 91.61
				}
			,{
				"<=msec": 52.000
				,"percent": 92.35
				}
			,{
				"<=msec": 53.000
				,"percent": 93.04
				}
			,{
				"<=msec": 54.000
				,"percent": 93.59
				}
			,{
				"<=msec": 55.000
				,"percent": 94.11
				}
			,{
				"<=msec": 56.000
				,"percent": 94.54
				}
			,{
				"<=msec": 57.000
				,"percent": 95.01
				}
			,{
				"<=msec": 58.000
				,"percent": 95.37
				}
			,{
				"<=msec": 59.000
				,"percent": 95.75
				}
			,{
				"<=msec": 60.000
				,"percent": 96.14
				}
			,{
				"<=msec": 61.000
				,"percent": 96.56
				}
			,{
				"<=msec": 62.000
				,"percent": 96.89
				}
			,{
				"<=msec": 63.000
				,"percent": 97.18
				}
			,{
				"<=msec": 64.000
				,"percent": 97.44
				}
			,{
				"<=msec": 65.000
				,"percent": 97.68
				}
			,{
				"<=msec": 66.000
				,"percent": 97.96
				}
			,{
				"<=msec": 67.000
				,"percent": 98.20
				}
			,{
				"<=msec": 68.000
				,"percent": 98.40
				}
			,{
				"<=msec": 69.000
				,"percent": 98.58
				}
			,{
				"<=msec": 70.000
				,"percent": 98.73
				}
			,{
				"<=msec": 71.000
				,"percent": 98.87
				}
			,{
				"<=msec": 72.000
				,"percent": 98.98
				}
			,{
				"<=msec": 73.000
				,"percent": 99.10
				}
			,{
				"<=msec": 74.000
				,"percent": 99.19
				}
			,{
				"<=msec": 75.000
				,"percent": 99.22
				}
			,{
				"<=msec": 76.000
				,"percent": 99.28
				}
			,{
				"<=msec": 77.000
				,"percent": 99.36
				}
			,{
				"<=msec": 78.000
				,"percent": 99.44
				}
			,{
				"<=msec": 79.000
				,"percent": 99.52
				}
			,{
				"<=msec": 80.000
				,"percent": 99.57
				}
			,{
				"<=msec": 81.000
				,"percent": 99.61
				}
			,{
				"<=msec": 82.000
				,"percent": 99.65
				}
			,{
				"<=msec": 83.000
				,"percent": 99.70
				}
			,{
				"<=msec": 84.000
				,"percent": 99.73
				}
			,{
				"<=msec": 85.000
				,"percent": 99.78
				}
			,{
				"<=msec": 86.000
				,"percent": 99.83
				}
			,{
				"<=msec": 87.000
				,"percent": 99.88
				}
			,{
				"<=msec": 88.000
				,"percent": 99.90
				}
			,{
				"<=msec": 89.000
				,"percent": 99.93
				}
			,{
				"<=msec": 90.000
				,"percent": 99.94
				}
			,{
				"<=msec": 92.000
				,"percent": 99.95
				}
			,{
				"<=msec": 93.000
				,"percent": 99.97
				}
			,{
				"<=msec": 94.000
				,"percent": 99.97
				}
			,{
				"<=msec": 96.000
				,"percent": 99.99
				}
			,{
				"<=msec": 98.000
				,"percent": 99.99
				}
			,{
				"<=msec": 120.000
				,"percent": 100.00
				}
			]
		,"GET":[
			{
				"<=msec": 2.200
				,"percent": 0.01
				}
			,{
				"<=msec": 2.300
				,"percent": 0.01
				}
			,{
				"<=msec": 2.500
				,"percent": 0.01
				}
			,{
				"<=msec": 2.700
				,"percent": 0.02
				}
			,{
				"<=msec": 2.800
				,"percent": 0.02
				}
			,{
				"<=msec": 3.000
				,"percent": 0.02
				}
			,{
				"<=msec": 3.100
				,"percent": 0.03
				}
			,{
				"<=msec": 3.200
				,"percent": 0.04
				}
			,{
				"<=msec": 3.300
				,"percent": 0.05
				}
			,{
				"<=msec": 3.400
				,"percent": 0.06
				}
			,{
				"<=msec": 3.500
				,"percent": 0.06
				}
			,{
				"<=msec": 3.600
				,"percent": 0.07
				}
			,{
				"<=msec": 3.700
				,"percent": 0.08
				}
			,{
				"<=msec": 3.800
				,"percent": 0.09
				}
			,{
				"<=msec": 3.900
				,"percent": 0.11
				}
			,{
				"<=msec": 4.000
				,"percent": 0.12
				}
			,{
				"<=msec": 4.100
				,"percent": 0.14
				}
			,{
				"<=msec": 4.200
				,"percent": 0.17
				}
			,{
				"<=msec": 4.300
				,"percent": 0.21
				}
			,{
				"<=msec": 4.400
				,"percent": 0.27
				}
			,{
				"<=msec": 4.500
				,"percent": 0.30
				}
			,{
				"<=msec": 4.600
				,"percent": 0.35
				}
			,{
				"<=msec": 4.700
				,"percent": 0.38
				}
			,{
				"<=msec": 4.800
				,"percent": 0.42
				}
			,{
				"<=msec": 4.900
				,"percent": 0.44
				}
			,{
				"<=msec": 5.000
				,"percent": 0.50
				}
			,{
				"<=msec": 5.100
				,"percent": 0.52
				}
			,{
				"<=msec": 5.200
				,"percent": 0.55
				}
			,{
				"<=msec": 5.300
				,"percent": 0.58
				}
			,{
				"<=msec": 5.400
				,"percent": 0.61
				}
			,{
				"<=msec": 5.500
				,"percent": 0.64
				}
			,{
				"<=msec": 5.600
				,"percent": 0.66
				}
			,{
				"<=msec": 5.700
				,"percent": 0.67
				}
			,{
				"<=msec": 5.800
				,"percent": 0.69
				}
			,{
				"<=msec": 5.900
				,"percent": 0.71
				}
			,{
				"<=msec": 6.000
				,"percent": 0.74
				}
			,{
				"<=msec": 6.100
				,"percent": 0.77
				}
			,{
				"<=msec": 6.200
				,"percent": 0.79
				}
			,{
				"<=msec": 6.300
				,"percent": 0.79
				}
			,{
				"<=msec": 6.400
				,"percent": 0.81
				}
			,{
				"<=msec": 6.500
				,"percent": 0.83
				}
			,{
				"<=msec": 6.600
				,"percent": 0.86
				}
			,{
				"<=msec": 6.700
				,"percent": 0.87
				}
			,{
				"<=msec": 6.800
				,"percent": 0.89
				}
			,{
				"<=msec": 6.900
				,"percent": 0.90
				}
			,{
				"<=msec": 7.000
				,"percent": 0.94
				}
			,{
				"<=msec": 7.100
				,"percent": 0.96
				}
			,{
				"<=msec": 7.200
				,"percent": 0.99
				}
			,{
				"<=msec": 7.300
				,"percent": 0.99
				}
			,{
				"<=msec": 7.400
				,"percent": 1.01
				}
			,{
				"<=msec": 7.500
				,"percent": 1.03
				}
			,{
				"<=msec": 7.600
				,"percent": 1.05
				}
			,{
				"<=msec": 7.700
				,"percent": 1.06
				}
			,{
				"<=msec": 7.800
				,"percent": 1.07
				}
			,{
				"<=msec": 7.900
				,"percent": 1.08
				}
			,{
				"<=msec": 8.000
				,"percent": 1.09
				}
			,{
				"<=msec": 8.100
				,"percent": 1.11
				}
			,{
				"<=msec": 8.200
				,"percent": 1.13
				}
			,{
				"<=msec": 8.300
				,"percent": 1.13
				}
			,{
				"<=msec": 8.400
				,"percent": 1.16
				}
			,{
				"<=msec": 8.500
				,"percent": 1.18
				}
			,{
				"<=msec": 8.600
				,"percent": 1.20
				}
			,{
				"<=msec": 8.700
				,"percent": 1.22
				}
			,{
				"<=msec": 8.800
				,"percent": 1.25
				}
			,{
				"<=msec": 8.900
				,"percent": 1.25
				}
			,{
				"<=msec": 9.000
				,"percent": 1.29
				}
			,{
				"<=msec": 9.100
				,"percent": 1.32
				}
			,{
				"<=msec": 9.200
				,"percent": 1.35
				}
			,{
				"<=msec": 9.300
				,"percent": 1.39
				}
			,{
				"<=msec": 9.400
				,"percent": 1.43
				}
			,{
				"<=msec": 9.500
				,"percent": 1.47
				}
			,{
				"<=msec": 9.600
				,"percent": 1.54
				}
			,{
				"<=msec": 9.700
				,"percent": 1.61
				}
			,{
				"<=msec": 9.800
				,"percent": 1.70
				}
			,{
				"<=msec": 9.900
				,"percent": 1.76
				}
			,{
				"<=msec": 10.000
				,"percent": 2.28
				}
			,{
				"<=msec": 11.000
				,"percent": 3.43
				}
			,{
				"<=msec": 12.000
				,"percent": 4.31
				}
			,{
				"<=msec": 13.000
				,"percent": 4.95
				}
			,{
				"<=msec": 14.000
				,"percent": 5.65
				}
			,{
				"<=msec": 15.000
				,"percent": 6.33
				}
			,{
				"<=msec": 16.000
				,"percent": 6.97
				}
			,{
				"<=msec": 17.000
				,"percent": 7.69
				}
			,{
				"<=msec": 18.000
				,"percent": 8.37
				}
			,{
				"<=msec": 19.000
				,"percent": 9.14
				}
			,{
				"<=msec": 20.000
				,"percent": 9.92
				}
			,{
				"<=msec": 21.000
				,"percent": 10.95
				}
			,{
				"<=msec": 22.000
				,"percent": 12.09
				}
			,{
				"<=msec": 23.000
				,"percent": 13.60
				}
			,{
				"<=msec": 24.000
				,"percent": 16.04
				}
			,{
				"<=msec": 25.000
				,"percent": 19.17
				}
			,{
				"<=msec": 26.000
				,"percent": 22.11
				}
			,{
				"<=msec": 27.000
				,"percent": 24.94
				}
			,{
				"<=msec": 28.000
				,"percent": 27.65
				}
			,{
				"<=msec": 29.000
				,"percent": 30.47
				}
			,{
				"<=msec": 30.000
				,"percent": 33.75
				}
			,{
				"<=msec": 31.000
				,"percent": 38.37
				}
			,{
				"<=msec": 32.000
				,"percent": 43.99
				}
			,{
				"<=msec": 33.000
				,"percent": 49.67
				}
			,{
				"<=msec": 34.000
				,"percent": 54.63
				}
			,{
				"<=msec": 35.000
				,"percent": 58.96
				}
			,{
				"<=msec": 36.000
				,"percent": 62.95
				}
			,{
				"<=msec": 37.000
				,"percent": 66.44
				}
			,{
				"<=msec": 38.000
				,"percent": 70.07
				}
			,{
				"<=msec": 39.000
				,"percent": 73.61
				}
			,{
				"<=msec": 40.000
				,"percent": 76.95
				}
			,{
				"<=msec": 41.000
				,"percent": 79.87
				}
			,{
				"<=msec": 42.000
				,"percent": 82.22
				}
			,{
				"<=msec": 43.000
				,"percent": 84.10
				}
			,{
				"<=msec": 44.000
				,"percent": 85.82
				}
			,{
				"<=msec": 45.000
				,"percent": 87.41
				}
			,{
				"<=msec": 46.000
				,"percent": 88.67
				}
			,{
				"<=msec": 47.000
				,"percent": 89.81
				}
			,{
				"<=msec": 48.000
				,"percent": 90.69
				}
			,{
				"<=msec": 49.000
				,"percent": 91.56
				}
			,{
				"<=msec": 50.000
				,"percent": 92.26
				}
			,{
				"<=msec": 51.000
				,"percent": 92.98
				}
			,{
				"<=msec": 52.000
				,"percent": 93.62
				}
			,{
				"<=msec": 53.000
				,"percent": 94.29
				}
			,{
				"<=msec": 54.000
				,"percent": 94.84
				}
			,{
				"<=msec": 55.000
				,"percent": 95.29
				}
			,{
				"<=msec": 56.000
				,"percent": 95.63
				}
			,{
				"<=msec": 57.000
				,"percent": 96.03
				}
			,{
				"<=msec": 58.000
				,"percent": 96.41
				}
			,{
				"<=msec": 59.000
				,"percent": 96.71
				}
			,{
				"<=msec": 60.000
				,"percent": 97.10
				}
			,{
				"<=msec": 61.000
				,"percent": 97.38
				}
			,{
				"<=msec": 62.000
				,"percent": 97.66
				}
			,{
				"<=msec": 63.000
				,"percent": 97.86
				}
			,{
				"<=msec": 64.000
				,"percent": 98.03
				}
			,{
				"<=msec": 65.000
				,"percent": 98.24
				}
			,{
				"<=msec": 66.000
				,"percent": 98.43
				}
			,{
				"<=msec": 67.000
				,"percent": 98.59
				}
			,{
				"<=msec": 68.000
				,"percent": 98.75
				}
			,{
				"<=msec": 69.000
				,"percent": 98.89
				}
			,{
				"<=msec": 70.000
				,"percent": 99.02
				}
			,{
				"<=msec": 71.000
				,"percent": 99.13
				}
			,{
				"<=msec": 72.000
				,"percent": 99.22
				}
			,{
				"<=msec": 73.000
				,"percent": 99.34
				}
			,{
				"<=msec": 74.000
				,"percent": 99.38
				}
			,{
				"<=msec": 75.000
				,"percent": 99.45
				}
			,{
				"<=msec": 76.000
				,"percent": 99.50
				}
			,{
				"<=msec": 77.000
				,"percent": 99.59
				}
			,{
				"<=msec": 78.000
				,"percent": 99.65
				}
			,{
				"<=msec": 79.000
				,"percent": 99.71
				}
			,{
				"<=msec": 80.000
				,"percent": 99.74
				}
			,{
				"<=msec": 81.000
				,"percent": 99.79
				}
			,{
				"<=msec": 82.000
				,"percent": 99.83
				}
			,{
				"<=msec": 83.000
				,"percent": 99.84
				}
			,{
				"<=msec": 84.000
				,"percent": 99.85
				}
			,{
				"<=msec": 85.000
				,"percent": 99.87
				}
			,{
				"<=msec": 86.000
				,"percent": 99.90
				}
			,{
				"<=msec": 87.000
				,"percent": 99.93
				}
			,{
				"<=msec": 88.000
				,"percent": 99.94
				}
			,{
				"<=msec": 89.000
				,"percent": 99.95
				}
			,{
				"<=msec": 90.000
				,"percent": 99.97
				}
			,{
				"<=msec": 92.000
				,"percent": 99.98
				}
			,{
				"<=msec": 93.000
				,"percent": 99.99
				}
			,{
				"<=msec": 95.000
				,"percent": 99.99
				}
			,{
				"<=msec": 120.000
				,"percent": 100.00
				}
			,{
				"<=msec": 130.000
				,"percent": 100.00
				}
			]
		,"WAIT":[
		]
		}
	}
