{
	"configuration":{
		"server": "10.0.0.9"
		,"port": 6379
		,"unix socket": "(null)"
		,"protocol": "memcache_text"
		,"out_file": "(null)"
		,"client_stats": "(null)"
		,"run_count": 1
		,"debug": 0
		,"requests": 0
		,"clients": 32
		,"threads": 1
		,"test_time": 75
		,"ratio": "1:1"
		,"pipeline": 1
		,"data_size": 1024
		,"data_offset": 0
		,"random_data": "false"
		,"data_size_range": "0:0"
		,"data_size_list": ""
		,"data_size_pattern": "R"
		,"expiry_range": "9999:10000"
		,"data_import": "(null)"
		,"data_verify": "false"
		,"verify_only": "false"
		,"generate_keys": "false"
		,"key_prefix": "memtier-"
		,"key_minimum":           0
		,"key_maximum":       10000
		,"key_pattern": "R:R"
		,"key_stddev": 0.000000
		,"key_median": 0.000000
		,"reconnect_interval": 0
		,"multi_key_get": 0
		,"authenticate": ""
		,"select-db": 0
		,"no-expiry": "false"
		,"wait-ratio": "0:0"
		,"num-slaves": "0:0"
		,"wait-timeout": "0-0"
		}
	,"run information":{
		"Threads": 1
		,"Connections per thread": 32
		,"Seconds": 75
		}
	,"ALL STATS":{
		"Sets":{
			"Ops/sec": 466.35
			,"Hits/sec": 0.00
			,"Misses/sec": 0.00
			,"Latency": 34.80
			,"KB/sec": 484.74
			}
		,"Gets":{
			"Ops/sec": 466.12
			,"Hits/sec": 466.12
			,"Misses/sec": 0.00
			,"Latency": 33.82
			,"KB/sec": 489.70
			}
		,"Waits":{
			"Ops/sec": 0.00
			,"Hits/sec": 0.00
			,"Misses/sec": 0.00
			,"Latency": 0.00
			,"KB/sec": 0.00
			}
		,"Totals":{
			"Ops/sec": 932.47
			,"Hits/sec": 466.12
			,"Misses/sec": 0.00
			,"Latency": 34.31
			,"KB/sec": 974.45
			}
		,"SET":[
			{
				"<=msec": 1.700
				,"percent": 0.00
				}
			,{
				"<=msec": 2.300
				,"percent": 0.01
				}
			,{
				"<=msec": 2.500
				,"percent": 0.01
				}
			,{
				"<=msec": 2.600
				,"percent": 0.01
				}
			,{
				"<=msec": 2.700
				,"percent": 0.01
				}
			,{
				"<=msec": 2.800
				,"percent": 0.02
				}
			,{
				"<=msec": 2.900
				,"percent": 0.03
				}
			,{
				"<=msec": 3.000
				,"percent": 0.03
				}
			,{
				"<=msec": 3.100
				,"percent": 0.05
				}
			,{
				"<=msec": 3.200
				,"percent": 0.08
				}
			,{
				"<=msec": 3.300
				,"percent": 0.12
				}
			,{
				"<=msec": 3.400
				,"percent": 0.17
				}
			,{
				"<=msec": 3.500
				,"percent": 0.22
				}
			,{
				"<=msec": 3.600
				,"percent": 0.27
				}
			,{
				"<=msec": 3.700
				,"percent": 0.31
				}
			,{
				"<=msec": 3.800
				,"percent": 0.37
				}
			,{
				"<=msec": 3.900
				,"percent": 0.41
				}
			,{
				"<=msec": 4.000
				,"percent": 0.48
				}
			,{
				"<=msec": 4.100
				,"percent": 0.56
				}
			,{
				"<=msec": 4.200
				,"percent": 0.65
				}
			,{
				"<=msec": 4.300
				,"percent": 0.73
				}
			,{
				"<=msec": 4.400
				,"percent": 0.81
				}
			,{
				"<=msec": 4.500
				,"percent": 0.89
				}
			,{
				"<=msec": 4.600
				,"percent": 1.01
				}
			,{
				"<=msec": 4.700
				,"percent": 1.11
				}
			,{
				"<=msec": 4.800
				,"percent": 1.17
				}
			,{
				"<=msec": 4.900
				,"percent": 1.26
				}
			,{
				"<=msec": 5.000
				,"percent": 1.35
				}
			,{
				"<=msec": 5.100
				,"percent": 1.41
				}
			,{
				"<=msec": 5.200
				,"percent": 1.47
				}
			,{
				"<=msec": 5.300
				,"percent": 1.52
				}
			,{
				"<=msec": 5.400
				,"percent": 1.57
				}
			,{
				"<=msec": 5.500
				,"percent": 1.63
				}
			,{
				"<=msec": 5.600
				,"percent": 1.68
				}
			,{
				"<=msec": 5.700
				,"percent": 1.75
				}
			,{
				"<=msec": 5.800
				,"percent": 1.78
				}
			,{
				"<=msec": 5.900
				,"percent": 1.82
				}
			,{
				"<=msec": 6.000
				,"percent": 1.87
				}
			,{
				"<=msec": 6.100
				,"percent": 1.92
				}
			,{
				"<=msec": 6.200
				,"percent": 1.97
				}
			,{
				"<=msec": 6.300
				,"percent": 2.03
				}
			,{
				"<=msec": 6.400
				,"percent": 2.09
				}
			,{
				"<=msec": 6.500
				,"percent": 2.12
				}
			,{
				"<=msec": 6.600
				,"percent": 2.16
				}
			,{
				"<=msec": 6.700
				,"percent": 2.20
				}
			,{
				"<=msec": 6.800
				,"percent": 2.26
				}
			,{
				"<=msec": 6.900
				,"percent": 2.31
				}
			,{
				"<=msec": 7.000
				,"percent": 2.37
				}
			,{
				"<=msec": 7.100
				,"percent": 2.45
				}
			,{
				"<=msec": 7.200
				,"percent": 2.49
				}
			,{
				"<=msec": 7.300
				,"percent": 2.54
				}
			,{
				"<=msec": 7.400
				,"percent": 2.61
				}
			,{
				"<=msec": 7.500
				,"percent": 2.68
				}
			,{
				"<=msec": 7.600
				,"percent": 2.74
				}
			,{
				"<=msec": 7.700
				,"percent": 2.79
				}
			,{
				"<=msec": 7.800
				,"percent": 2.86
				}
			,{
				"<=msec": 7.900
				,"percent": 2.93
				}
			,{
				"<=msec": 8.000
				,"percent": 2.98
				}
			,{
				"<=msec": 8.100
				,"percent": 3.04
				}
			,{
				"<=msec": 8.200
				,"percent": 3.09
				}
			,{
				"<=msec": 8.300
				,"percent": 3.16
				}
			,{
				"<=msec": 8.400
				,"percent": 3.22
				}
			,{
				"<=msec": 8.500
				,"percent": 3.29
				}
			,{
				"<=msec": 8.600
				,"percent": 3.37
				}
			,{
				"<=msec": 8.700
				,"percent": 3.44
				}
			,{
				"<=msec": 8.800
				,"percent": 3.49
				}
			,{
				"<=msec": 8.900
				,"percent": 3.58
				}
			,{
				"<=msec": 9.000
				,"percent": 3.68
				}
			,{
				"<=msec": 9.100
				,"percent": 3.79
				}
			,{
				"<=msec": 9.200
				,"percent": 3.89
				}
			,{
				"<=msec": 9.300
				,"percent": 4.02
				}
			,{
				"<=msec": 9.400
				,"percent": 4.13
				}
			,{
				"<=msec": 9.500
				,"percent": 4.27
				}
			,{
				"<=msec": 9.600
				,"percent": 4.43
				}
			,{
				"<=msec": 9.700
				,"percent": 4.59
				}
			,{
				"<=msec": 9.800
				,"percent": 4.79
				}
			,{
				"<=msec": 9.900
				,"percent": 4.96
				}
			,{
				"<=msec": 10.000
				,"percent": 5.85
				}
			,{
				"<=msec": 11.000
				,"percent": 7.51
				}
			,{
				"<=msec": 12.000
				,"percent": 8.56
				}
			,{
				"<=msec": 13.000
				,"percent": 9.14
				}
			,{
				"<=msec": 14.000
				,"percent": 9.68
				}
			,{
				"<=msec": 15.000
				,"percent": 10.24
				}
			,{
				"<=msec": 16.000
				,"percent": 10.74
				}
			,{
				"<=msec": 17.000
				,"percent": 11.21
				}
			,{
				"<=msec": 18.000
				,"percent": 11.63
				}
			,{
				"<=msec": 19.000
				,"percent": 12.12
				}
			,{
				"<=msec": 20.000
				,"percent": 12.67
				}
			,{
				"<=msec": 21.000
				,"percent": 13.36
				}
			,{
				"<=msec": 22.000
				,"percent": 14.20
				}
			,{
				"<=msec": 23.000
				,"percent": 15.50
				}
			,{
				"<=msec": 24.000
				,"percent": 17.17
				}
			,{
				"<=msec": 25.000
				,"percent": 19.42
				}
			,{
				"<=msec": 26.000
				,"percent": 21.73
				}
			,{
				"<=msec": 27.000
				,"percent": 24.05
				}
			,{
				"<=msec": 28.000
				,"percent": 26.11
				}
			,{
				"<=msec": 29.000
				,"percent": 28.47
				}
			,{
				"<=msec": 30.000
				,"percent": 31.44
				}
			,{
				"<=msec": 31.000
				,"percent": 35.19
				}
			,{
				"<=msec": 32.000
				,"percent": 39.57
				}
			,{
				"<=msec": 33.000
				,"percent": 44.23
				}
			,{
				"<=msec": 34.000
				,"percent": 48.64
				}
			,{
				"<=msec": 35.000
				,"percent": 52.72
				}
			,{
				"<=msec": 36.000
				,"percent": 56.45
				}
			,{
				"<=msec": 37.000
				,"percent": 59.92
				}
			,{
				"<=msec": 38.000
				,"percent": 63.79
				}
			,{
				"<=msec": 39.000
				,"percent": 67.61
				}
			,{
				"<=msec": 40.000
				,"percent": 71.24
				}
			,{
				"<=msec": 41.000
				,"percent": 74.47
				}
			,{
				"<=msec": 42.000
				,"percent": 77.44
				}
			,{
				"<=msec": 43.000
				,"percent": 80.23
				}
			,{
				"<=msec": 44.000
				,"percent": 82.28
				}
			,{
				"<=msec": 45.000
				,"percent": 84.26
				}
			,{
				"<=msec": 46.000
				,"percent": 85.87
				}
			,{
				"<=msec": 47.000
				,"percent": 87.22
				}
			,{
				"<=msec": 48.000
				,"percent": 88.17
				}
			,{
				"<=msec": 49.000
				,"percent": 89.07
				}
			,{
				"<=msec": 50.000
				,"percent": 89.91
				}
			,{
				"<=msec": 51.000
				,"percent": 90.73
				}
			,{
				"<=msec": 52.000
				,"percent": 91.46
				}
			,{
				"<=msec": 53.000
				,"percent": 92.19
				}
			,{
				"<=msec": 54.000
				,"percent": 92.82
				}
			,{
				"<=msec": 55.000
				,"percent": 93.41
				}
			,{
				"<=msec": 56.000
				,"percent": 94.01
				}
			,{
				"<=msec": 57.000
				,"percent": 94.57
				}
			,{
				"<=msec": 58.000
				,"percent": 95.07
				}
			,{
				"<=msec": 59.000
				,"percent": 95.58
				}
			,{
				"<=msec": 60.000
				,"percent": 96.04
				}
			,{
				"<=msec": 61.000
				,"percent": 96.46
				}
			,{
				"<=msec": 62.000
				,"percent": 96.91
				}
			,{
				"<=msec": 63.000
				,"percent": 97.22
				}
			,{
				"<=msec": 64.000
				,"percent": 97.50
				}
			,{
				"<=msec": 65.000
				,"percent": 97.77
				}
			,{
				"<=msec": 66.000
				,"percent": 97.96
				}
			,{
				"<=msec": 67.000
				,"percent": 98.25
				}
			,{
				"<=msec": 68.000
				,"percent": 98.50
				}
			,{
				"<=msec": 69.000
				,"percent": 98.71
				}
			,{
				"<=msec": 70.000
				,"percent": 98.86
				}
			,{
				"<=msec": 71.000
				,"percent": 99.05
				}
			,{
				"<=msec": 72.000
				,"percent": 99.19
				}
			,{
				"<=msec": 73.000
				,"percent": 99.27
				}
			,{
				"<=msec": 74.000
				,"percent": 99.35
				}
			,{
				"<=msec": 75.000
				,"percent": 99.43
				}
			,{
				"<=msec": 76.000
				,"percent": 99.51
				}
			,{
				"<=msec": 77.000
				,"percent": 99.59
				}
			,{
				"<=msec": 78.000
				,"percent": 99.65
				}
			,{
				"<=msec": 79.000
				,"percent": 99.70
				}
			,{
				"<=msec": 80.000
				,"percent": 99.75
				}
			,{
				"<=msec": 81.000
				,"percent": 99.79
				}
			,{
				"<=msec": 82.000
				,"percent": 99.81
				}
			,{
				"<=msec": 83.000
				,"percent": 99.84
				}
			,{
				"<=msec": 84.000
				,"percent": 99.85
				}
			,{
				"<=msec": 85.000
				,"percent": 99.87
				}
			,{
				"<=msec": 86.000
				,"percent": 99.88
				}
			,{
				"<=msec": 87.000
				,"percent": 99.88
				}
			,{
				"<=msec": 88.000
				,"percent": 99.89
				}
			,{
				"<=msec": 89.000
				,"percent": 99.90
				}
			,{
				"<=msec": 90.000
				,"percent": 99.91
				}
			,{
				"<=msec": 92.000
				,"percent": 99.92
				}
			,{
				"<=msec": 93.000
				,"percent": 99.93
				}
			,{
				"<=msec": 94.000
				,"percent": 99.94
				}
			,{
				"<=msec": 95.000
				,"percent": 99.96
				}
			,{
				"<=msec": 96.000
				,"percent": 99.96
				}
			,{
				"<=msec": 98.000
				,"percent": 99.97
				}
			,{
				"<=msec": 99.000
				,"percent": 99.97
				}
			,{
				"<=msec": 100.000
				,"percent": 99.99
				}
			,{
				"<=msec": 110.000
				,"percent": 99.99
				}
			,{
				"<=msec": 120.000
				,"percent": 99.99
				}
			,{
				"<=msec": 130.000
				,"percent": 100.00
				}
			]
		,"GET":[
			{
				"<=msec": 2.100
				,"percent": 0.00
				}
			,{
				"<=msec": 2.200
				,"percent": 0.01
				}
			,{
				"<=msec": 2.400
				,"percent": 0.01
				}
			,{
				"<=msec": 2.500
				,"percent": 0.01
				}
			,{
				"<=msec": 2.600
				,"percent": 0.02
				}
			,{
				"<=msec": 2.700
				,"percent": 0.03
				}
			,{
				"<=msec": 2.800
				,"percent": 0.04
				}
			,{
				"<=msec": 2.900
				,"percent": 0.07
				}
			,{
				"<=msec": 3.000
				,"percent": 0.09
				}
			,{
				"<=msec": 3.100
				,"percent": 0.12
				}
			,{
				"<=msec": 3.200
				,"percent": 0.17
				}
			,{
				"<=msec": 3.300
				,"percent": 0.24
				}
			,{
				"<=msec": 3.400
				,"percent": 0.31
				}
			,{
				"<=msec": 3.500
				,"percent": 0.36
				}
			,{
				"<=msec": 3.600
				,"percent": 0.44
				}
			,{
				"<=msec": 3.700
				,"percent": 0.51
				}
			,{
				"<=msec": 3.800
				,"percent": 0.60
				}
			,{
				"<=msec": 3.900
				,"percent": 0.68
				}
			,{
				"<=msec": 4.000
				,"percent": 0.79
				}
			,{
				"<=msec": 4.100
				,"percent": 0.88
				}
			,{
				"<=msec": 4.200
				,"percent": 1.01
				}
			,{
				"<=msec": 4.300
				,"percent": 1.08
				}
			,{
				"<=msec": 4.400
				,"percent": 1.20
				}
			,{
				"<=msec": 4.500
				,"percent": 1.32
				}
			,{
				"<=msec": 4.600
				,"percent": 1.40
				}
			,{
				"<=msec": 4.700
				,"percent": 1.47
				}
			,{
				"<=msec": 4.800
				,"percent": 1.55
				}
			,{
				"<=msec": 4.900
				,"percent": 1.64
				}
			,{
				"<=msec": 5.000
				,"percent": 1.72
				}
			,{
				"<=msec": 5.100
				,"percent": 1.79
				}
			,{
				"<=msec": 5.200
				,"percent": 1.88
				}
			,{
				"<=msec": 5.300
				,"percent": 1.96
				}
			,{
				"<=msec": 5.400
				,"percent": 2.05
				}
			,{
				"<=msec": 5.500
				,"percent": 2.14
				}
			,{
				"<=msec": 5.600
				,"percent": 2.25
				}
			,{
				"<=msec": 5.700
				,"percent": 2.33
				}
			,{
				"<=msec": 5.800
				,"percent": 2.39
				}
			,{
				"<=msec": 5.900
				,"percent": 2.47
				}
			,{
				"<=msec": 6.000
				,"percent": 2.53
				}
			,{
				"<=msec": 6.100
				,"percent": 2.58
				}
			,{
				"<=msec": 6.200
				,"percent": 2.63
				}
			,{
				"<=msec": 6.300
				,"percent": 2.71
				}
			,{
				"<=msec": 6.400
				,"percent": 2.78
				}
			,{
				"<=msec": 6.500
				,"percent": 2.87
				}
			,{
				"<=msec": 6.600
				,"percent": 2.96
				}
			,{
				"<=msec": 6.700
				,"percent": 3.03
				}
			,{
				"<=msec": 6.800
				,"percent": 3.11
				}
			,{
				"<=msec": 6.900
				,"percent": 3.19
				}
			,{
				"<=msec": 7.000
				,"percent": 3.25
				}
			,{
				"<=msec": 7.100
				,"percent": 3.31
				}
			,{
				"<=msec": 7.200
				,"percent": 3.39
				}
			,{
				"<=msec": 7.300
				,"percent": 3.43
				}
			,{
				"<=msec": 7.400
				,"percent": 3.51
				}
			,{
				"<=msec": 7.500
				,"percent": 3.60
				}
			,{
				"<=msec": 7.600
				,"percent": 3.68
				}
			,{
				"<=msec": 7.700
				,"percent": 3.77
				}
			,{
				"<=msec": 7.800
				,"percent": 3.83
				}
			,{
				"<=msec": 7.900
				,"percent": 3.90
				}
			,{
				"<=msec": 8.000
				,"percent": 4.00
				}
			,{
				"<=msec": 8.100
				,"percent": 4.06
				}
			,{
				"<=msec": 8.200
				,"percent": 4.13
				}
			,{
				"<=msec": 8.300
				,"percent": 4.21
				}
			,{
				"<=msec": 8.400
				,"percent": 4.28
				}
			,{
				"<=msec": 8.500
				,"percent": 4.35
				}
			,{
				"<=msec": 8.600
				,"percent": 4.41
				}
			,{
				"<=msec": 8.700
				,"percent": 4.52
				}
			,{
				"<=msec": 8.800
				,"percent": 4.61
				}
			,{
				"<=msec": 8.900
				,"percent": 4.68
				}
			,{
				"<=msec": 9.000
				,"percent": 4.79
				}
			,{
				"<=msec": 9.100
				,"percent": 4.89
				}
			,{
				"<=msec": 9.200
				,"percent": 5.01
				}
			,{
				"<=msec": 9.300
				,"percent": 5.12
				}
			,{
				"<=msec": 9.400
				,"percent": 5.24
				}
			,{
				"<=msec": 9.500
				,"percent": 5.39
				}
			,{
				"<=msec": 9.600
				,"percent": 5.55
				}
			,{
				"<=msec": 9.700
				,"percent": 5.69
				}
			,{
				"<=msec": 9.800
				,"percent": 5.90
				}
			,{
				"<=msec": 9.900
				,"percent": 6.06
				}
			,{
				"<=msec": 10.000
				,"percent": 6.92
				}
			,{
				"<=msec": 11.000
				,"percent": 8.36
				}
			,{
				"<=msec": 12.000
				,"percent": 9.20
				}
			,{
				"<=msec": 13.000
				,"percent": 9.78
				}
			,{
				"<=msec": 14.000
				,"percent": 10.26
				}
			,{
				"<=msec": 15.000
				,"percent": 10.74
				}
			,{
				"<=msec": 16.000
				,"percent": 11.20
				}
			,{
				"<=msec": 17.000
				,"percent": 11.79
				}
			,{
				"<=msec": 18.000
				,"percent": 12.34
				}
			,{
				"<=msec": 19.000
				,"percent": 12.90
				}
			,{
				"<=msec": 20.000
				,"percent": 13.52
				}
			,{
				"<=msec": 21.000
				,"percent": 14.19
				}
			,{
				"<=msec": 22.000
				,"percent": 15.12
				}
			,{
				"<=msec": 23.000
				,"percent": 16.57
				}
			,{
				"<=msec": 24.000
				,"percent": 18.68
				}
			,{
				"<=msec": 25.000
				,"percent": 21.25
				}
			,{
				"<=msec": 26.000
				,"percent": 24.02
				}
			,{
				"<=msec": 27.000
				,"percent": 26.54
				}
			,{
				"<=msec": 28.000
				,"percent": 28.95
				}
			,{
				"<=msec": 29.000
				,"percent": 31.42
				}
			,{
				"<=msec": 30.000
				,"percent": 34.23
				}
			,{
				"<=msec": 31.000
				,"percent": 37.91
				}
			,{
				"<=msec": 32.000
				,"percent": 42.66
				}
			,{
				"<=msec": 33.000
				,"percent": 47.83
				}
			,{
				"<=msec": 34.000
				,"percent": 52.58
				}
			,{
				"<=msec": 35.000
				,"percent": 56.80
				}
			,{
				"<=msec": 36.000
				,"percent": 60.70
				}
			,{
				"<=msec": 37.000
				,"percent": 64.24
				}
			,{
				"<=msec": 38.000
				,"percent": 67.84
				}
			,{
				"<=msec": 39.000
				,"percent": 71.56
				}
			,{
				"<=msec": 40.000
				,"percent": 74.90
				}
			,{
				"<=msec": 41.000
				,"percent": 77.73
				}
			,{
				"<=msec": 42.000
				,"percent": 80.42
				}
			,{
				"<=msec": 43.000
				,"percent": 82.67
				}
			,{
				"<=msec": 44.000
				,"percent": 84.52
				}
			,{
				"<=msec": 45.000
				,"percent": 86.19
				}
			,{
				"<=msec": 46.000
				,"percent": 87.46
				}
			,{
				"<=msec": 47.000
				,"percent": 88.61
				}
			,{
				"<=msec": 48.000
				,"percent": 89.55
				}
			,{
				"<=msec": 49.000
				,"percent": 90.34
				}
			,{
				"<=msec": 50.000
				,"percent": 91.07
				}
			,{
				"<=msec": 51.000
				,"percent": 91.71
				}
			,{
				"<=msec": 52.000
				,"percent": 92.40
				}
			,{
				"<=msec": 53.000
				,"percent": 93.08
				}
			,{
				"<=msec": 54.000
				,"percent": 93.68
				}
			,{
				"<=msec": 55.000
				,"percent": 94.27
				}
			,{
				"<=msec": 56.000
				,"percent": 94.78
				}
			,{
				"<=msec": 57.000
				,"percent": 95.29
				}
			,{
				"<=msec": 58.000
				,"percent": 95.65
				}
			,{
				"<=msec": 59.000
				,"percent": 96.04
				}
			,{
				"<=msec": 60.000
				,"percent": 96.34
				}
			,{
				"<=msec": 61.000
				,"percent": 96.70
				}
			,{
				"<=msec": 62.000
				,"percent": 97.10
				}
			,{
				"<=msec": 63.000
				,"percent": 97.47
				}
			,{
				"<=msec": 64.000
				,"percent": 97.69
				}
			,{
				"<=msec": 65.000
				,"percent": 97.94
				}
			,{
				"<=msec": 66.000
				,"percent": 98.14
				}
			,{
				"<=msec": 67.000
				,"percent": 98.40
				}
			,{
				"<=msec": 68.000
				,"percent": 98.58
				}
			,{
				"<=msec": 69.000
				,"percent": 98.74
				}
			,{
				"<=msec": 70.000
				,"percent": 98.89
				}
			,{
				"<=msec": 71.000
				,"percent": 99.06
				}
			,{
				"<=msec": 72.000
				,"percent": 99.22
				}
			,{
				"<=msec": 73.000
				,"percent": 99.30
				}
			,{
				"<=msec": 74.000
				,"percent": 99.37
				}
			,{
				"<=msec": 75.000
				,"percent": 99.46
				}
			,{
				"<=msec": 76.000
				,"percent": 99.51
				}
			,{
				"<=msec": 77.000
				,"percent": 99.57
				}
			,{
				"<=msec": 78.000
				,"percent": 99.61
				}
			,{
				"<=msec": 79.000
				,"percent": 99.63
				}
			,{
				"<=msec": 80.000
				,"percent": 99.67
				}
			,{
				"<=msec": 81.000
				,"percent": 99.71
				}
			,{
				"<=msec": 82.000
				,"percent": 99.75
				}
			,{
				"<=msec": 83.000
				,"percent": 99.78
				}
			,{
				"<=msec": 84.000
				,"percent": 99.80
				}
			,{
				"<=msec": 85.000
				,"percent": 99.81
				}
			,{
				"<=msec": 86.000
				,"percent": 99.82
				}
			,{
				"<=msec": 87.000
				,"percent": 99.83
				}
			,{
				"<=msec": 88.000
				,"percent": 99.84
				}
			,{
				"<=msec": 89.000
				,"percent": 99.87
				}
			,{
				"<=msec": 90.000
				,"percent": 99.89
				}
			,{
				"<=msec": 91.000
				,"percent": 99.89
				}
			,{
				"<=msec": 93.000
				,"percent": 99.92
				}
			,{
				"<=msec": 94.000
				,"percent": 99.93
				}
			,{
				"<=msec": 95.000
				,"percent": 99.94
				}
			,{
				"<=msec": 96.000
				,"percent": 99.95
				}
			,{
				"<=msec": 98.000
				,"percent": 99.95
				}
			,{
				"<=msec": 99.000
				,"percent": 99.96
				}
			,{
				"<=msec": 100.000
				,"percent": 99.99
				}
			,{
				"<=msec": 110.000
				,"percent": 99.99
				}
			,{
				"<=msec": 120.000
				,"percent": 100.00
				}
			,{
				"<=msec": 130.000
				,"percent": 100.00
				}
			]
		,"WAIT":[
		]
		}
	}
