{
	"configuration":{
		"server": "10.0.0.9"
		,"port": 6379
		,"unix socket": "(null)"
		,"protocol": "memcache_text"
		,"out_file": "(null)"
		,"client_stats": "(null)"
		,"run_count": 1
		,"debug": 0
		,"requests": 0
		,"clients": 32
		,"threads": 1
		,"test_time": 75
		,"ratio": "1:1"
		,"pipeline": 1
		,"data_size": 1024
		,"data_offset": 0
		,"random_data": "false"
		,"data_size_range": "0:0"
		,"data_size_list": ""
		,"data_size_pattern": "R"
		,"expiry_range": "9999:10000"
		,"data_import": "(null)"
		,"data_verify": "false"
		,"verify_only": "false"
		,"generate_keys": "false"
		,"key_prefix": "memtier-"
		,"key_minimum":           0
		,"key_maximum":       10000
		,"key_pattern": "R:R"
		,"key_stddev": 0.000000
		,"key_median": 0.000000
		,"reconnect_interval": 0
		,"multi_key_get": 0
		,"authenticate": ""
		,"select-db": 0
		,"no-expiry": "false"
		,"wait-ratio": "0:0"
		,"num-slaves": "0:0"
		,"wait-timeout": "0-0"
		}
	,"run information":{
		"Threads": 1
		,"Connections per thread": 32
		,"Seconds": 75
		}
	,"ALL STATS":{
		"Sets":{
			"Ops/sec": 472.10
			,"Hits/sec": 0.00
			,"Misses/sec": 0.00
			,"Latency": 34.40
			,"KB/sec": 490.73
			}
		,"Gets":{
			"Ops/sec": 471.90
			,"Hits/sec": 471.90
			,"Misses/sec": 0.00
			,"Latency": 33.37
			,"KB/sec": 495.78
			}
		,"Waits":{
			"Ops/sec": 0.00
			,"Hits/sec": 0.00
			,"Misses/sec": 0.00
			,"Latency": 0.00
			,"KB/sec": 0.00
			}
		,"Totals":{
			"Ops/sec": 944.01
			,"Hits/sec": 471.90
			,"Misses/sec": 0.00
			,"Latency": 33.89
			,"KB/sec": 986.50
			}
		,"SET":[
			{
				"<=msec": 3.100
				,"percent": 0.00
				}
			,{
				"<=msec": 3.300
				,"percent": 0.01
				}
			,{
				"<=msec": 3.400
				,"percent": 0.02
				}
			,{
				"<=msec": 3.500
				,"percent": 0.03
				}
			,{
				"<=msec": 3.600
				,"percent": 0.06
				}
			,{
				"<=msec": 3.700
				,"percent": 0.06
				}
			,{
				"<=msec": 3.800
				,"percent": 0.08
				}
			,{
				"<=msec": 3.900
				,"percent": 0.10
				}
			,{
				"<=msec": 4.000
				,"percent": 0.11
				}
			,{
				"<=msec": 4.100
				,"percent": 0.13
				}
			,{
				"<=msec": 4.200
				,"percent": 0.16
				}
			,{
				"<=msec": 4.300
				,"percent": 0.18
				}
			,{
				"<=msec": 4.400
				,"percent": 0.19
				}
			,{
				"<=msec": 4.500
				,"percent": 0.21
				}
			,{
				"<=msec": 4.600
				,"percent": 0.24
				}
			,{
				"<=msec": 4.700
				,"percent": 0.25
				}
			,{
				"<=msec": 4.800
				,"percent": 0.27
				}
			,{
				"<=msec": 4.900
				,"percent": 0.29
				}
			,{
				"<=msec": 5.000
				,"percent": 0.31
				}
			,{
				"<=msec": 5.100
				,"percent": 0.34
				}
			,{
				"<=msec": 5.200
				,"percent": 0.35
				}
			,{
				"<=msec": 5.300
				,"percent": 0.39
				}
			,{
				"<=msec": 5.400
				,"percent": 0.42
				}
			,{
				"<=msec": 5.600
				,"percent": 0.43
				}
			,{
				"<=msec": 5.700
				,"percent": 0.44
				}
			,{
				"<=msec": 5.800
				,"percent": 0.46
				}
			,{
				"<=msec": 5.900
				,"percent": 0.48
				}
			,{
				"<=msec": 6.000
				,"percent": 0.50
				}
			,{
				"<=msec": 6.100
				,"percent": 0.51
				}
			,{
				"<=msec": 6.200
				,"percent": 0.52
				}
			,{
				"<=msec": 6.300
				,"percent": 0.53
				}
			,{
				"<=msec": 6.400
				,"percent": 0.54
				}
			,{
				"<=msec": 6.500
				,"percent": 0.55
				}
			,{
				"<=msec": 6.600
				,"percent": 0.57
				}
			,{
				"<=msec": 6.700
				,"percent": 0.58
				}
			,{
				"<=msec": 6.800
				,"percent": 0.59
				}
			,{
				"<=msec": 6.900
				,"percent": 0.60
				}
			,{
				"<=msec": 7.000
				,"percent": 0.60
				}
			,{
				"<=msec": 7.100
				,"percent": 0.63
				}
			,{
				"<=msec": 7.200
				,"percent": 0.64
				}
			,{
				"<=msec": 7.300
				,"percent": 0.65
				}
			,{
				"<=msec": 7.400
				,"percent": 0.66
				}
			,{
				"<=msec": 7.500
				,"percent": 0.67
				}
			,{
				"<=msec": 7.600
				,"percent": 0.69
				}
			,{
				"<=msec": 7.700
				,"percent": 0.71
				}
			,{
				"<=msec": 7.800
				,"percent": 0.72
				}
			,{
				"<=msec": 7.900
				,"percent": 0.73
				}
			,{
				"<=msec": 8.000
				,"percent": 0.75
				}
			,{
				"<=msec": 8.100
				,"percent": 0.76
				}
			,{
				"<=msec": 8.200
				,"percent": 0.78
				}
			,{
				"<=msec": 8.300
				,"percent": 0.79
				}
			,{
				"<=msec": 8.400
				,"percent": 0.80
				}
			,{
				"<=msec": 8.500
				,"percent": 0.81
				}
			,{
				"<=msec": 8.600
				,"percent": 0.84
				}
			,{
				"<=msec": 8.700
				,"percent": 0.85
				}
			,{
				"<=msec": 8.800
				,"percent": 0.89
				}
			,{
				"<=msec": 8.900
				,"percent": 0.92
				}
			,{
				"<=msec": 9.000
				,"percent": 0.95
				}
			,{
				"<=msec": 9.100
				,"percent": 0.97
				}
			,{
				"<=msec": 9.200
				,"percent": 1.01
				}
			,{
				"<=msec": 9.300
				,"percent": 1.04
				}
			,{
				"<=msec": 9.400
				,"percent": 1.07
				}
			,{
				"<=msec": 9.500
				,"percent": 1.13
				}
			,{
				"<=msec": 9.600
				,"percent": 1.20
				}
			,{
				"<=msec": 9.700
				,"percent": 1.28
				}
			,{
				"<=msec": 9.800
				,"percent": 1.32
				}
			,{
				"<=msec": 9.900
				,"percent": 1.43
				}
			,{
				"<=msec": 10.000
				,"percent": 2.01
				}
			,{
				"<=msec": 11.000
				,"percent": 3.35
				}
			,{
				"<=msec": 12.000
				,"percent": 4.47
				}
			,{
				"<=msec": 13.000
				,"percent": 5.25
				}
			,{
				"<=msec": 14.000
				,"percent": 5.88
				}
			,{
				"<=msec": 15.000
				,"percent": 6.45
				}
			,{
				"<=msec": 16.000
				,"percent": 7.06
				}
			,{
				"<=msec": 17.000
				,"percent": 7.76
				}
			,{
				"<=msec": 18.000
				,"percent": 8.55
				}
			,{
				"<=msec": 19.000
				,"percent": 9.32
				}
			,{
				"<=msec": 20.000
				,"percent": 10.06
				}
			,{
				"<=msec": 21.000
				,"percent": 10.72
				}
			,{
				"<=msec": 22.000
				,"percent": 11.68
				}
			,{
				"<=msec": 23.000
				,"percent": 13.07
				}
			,{
				"<=msec": 24.000
				,"percent": 15.34
				}
			,{
				"<=msec": 25.000
				,"percent": 18.52
				}
			,{
				"<=msec": 26.000
				,"percent": 21.67
				}
			,{
				"<=msec": 27.000
				,"percent": 24.17
				}
			,{
				"<=msec": 28.000
				,"percent": 26.65
				}
			,{
				"<=msec": 29.000
				,"percent": 29.09
				}
			,{
				"<=msec": 30.000
				,"percent": 32.34
				}
			,{
				"<=msec": 31.000
				,"percent": 36.88
				}
			,{
				"<=msec": 32.000
				,"percent": 42.44
				}
			,{
				"<=msec": 33.000
				,"percent": 48.22
				}
			,{
				"<=msec": 34.000
				,"percent": 53.55
				}
			,{
				"<=msec": 35.000
				,"percent": 57.79
				}
			,{
				"<=msec": 36.000
				,"percent": 61.68
				}
			,{
				"<=msec": 37.000
				,"percent": 65.19
				}
			,{
				"<=msec": 38.000
				,"percent": 68.92
				}
			,{
				"<=msec": 39.000
				,"percent": 73.08
				}
			,{
				"<=msec": 40.000
				,"percent": 76.63
				}
			,{
				"<=msec": 41.000
				,"percent": 79.90
				}
			,{
				"<=msec": 42.000
				,"percent": 82.46
				}
			,{
				"<=msec": 43.000
				,"percent": 84.56
				}
			,{
				"<=msec": 44.000
				,"percent": 86.36
				}
			,{
				"<=msec": 45.000
				,"percent": 87.71
				}
			,{
				"<=msec": 46.000
				,"percent": 88.90
				}
			,{
				"<=msec": 47.000
				,"percent": 90.03
				}
			,{
				"<=msec": 48.000
				,"percent": 90.90
				}
			,{
				"<=msec": 49.000
				,"percent": 91.65
				}
			,{
				"<=msec": 50.000
				,"percent": 92.28
				}
			,{
				"<=msec": 51.000
				,"percent": 92.87
				}
			,{
				"<=msec": 52.000
				,"percent": 93.48
				}
			,{
				"<=msec": 53.000
				,"percent": 94.03
				}
			,{
				"<=msec": 54.000
				,"percent": 94.57
				}
			,{
				"<=msec": 55.000
				,"percent": 95.02
				}
			,{
				"<=msec": 56.000
				,"percent": 95.37
				}
			,{
				"<=msec": 57.000
				,"percent": 95.68
				}
			,{
				"<=msec": 58.000
				,"percent": 96.03
				}
			,{
				"<=msec": 59.000
				,"percent": 96.38
				}
			,{
				"<=msec": 60.000
				,"percent": 96.67
				}
			,{
				"<=msec": 61.000
				,"percent": 96.98
				}
			,{
				"<=msec": 62.000
				,"percent": 97.32
				}
			,{
				"<=msec": 63.000
				,"percent": 97.55
				}
			,{
				"<=msec": 64.000
				,"percent": 97.82
				}
			,{
				"<=msec": 65.000
				,"percent": 97.99
				}
			,{
				"<=msec": 66.000
				,"percent": 98.17
				}
			,{
				"<=msec": 67.000
				,"percent": 98.32
				}
			,{
				"<=msec": 68.000
				,"percent": 98.57
				}
			,{
				"<=msec": 69.000
				,"percent": 98.87
				}
			,{
				"<=msec": 70.000
				,"percent": 99.05
				}
			,{
				"<=msec": 71.000
				,"percent": 99.16
				}
			,{
				"<=msec": 72.000
				,"percent": 99.26
				}
			,{
				"<=msec": 73.000
				,"percent": 99.34
				}
			,{
				"<=msec": 74.000
				,"percent": 99.40
				}
			,{
				"<=msec": 75.000
				,"percent": 99.45
				}
			,{
				"<=msec": 76.000
				,"percent": 99.52
				}
			,{
				"<=msec": 77.000
				,"percent": 99.57
				}
			,{
				"<=msec": 78.000
				,"percent": 99.64
				}
			,{
				"<=msec": 79.000
				,"percent": 99.69
				}
			,{
				"<=msec": 80.000
				,"percent": 99.71
				}
			,{
				"<=msec": 81.000
				,"percent": 99.74
				}
			,{
				"<=msec": 82.000
				,"percent": 99.75
				}
			,{
				"<=msec": 83.000
				,"percent": 99.79
				}
			,{
				"<=msec": 84.000
				,"percent": 99.82
				}
			,{
				"<=msec": 85.000
				,"percent": 99.87
				}
			,{
				"<=msec": 86.000
				,"percent": 99.89
				}
			,{
				"<=msec": 87.000
				,"percent": 99.90
				}
			,{
				"<=msec": 88.000
				,"percent": 99.90
				}
			,{
				"<=msec": 89.000
				,"percent": 99.90
				}
			,{
				"<=msec": 90.000
				,"percent": 99.92
				}
			,{
				"<=msec": 91.000
				,"percent": 99.92
				}
			,{
				"<=msec": 92.000
				,"percent": 99.93
				}
			,{
				"<=msec": 93.000
				,"percent": 99.93
				}
			,{
				"<=msec": 94.000
				,"percent": 99.94
				}
			,{
				"<=msec": 95.000
				,"percent": 99.94
				}
			,{
				"<=msec": 96.000
				,"percent": 99.95
				}
			,{
				"<=msec": 97.000
				,"percent": 99.96
				}
			,{
				"<=msec": 98.000
				,"percent": 99.96
				}
			,{
				"<=msec": 99.000
				,"percent": 99.97
				}
			,{
				"<=msec": 100.000
				,"percent": 99.99
				}
			,{
				"<=msec": 110.000
				,"percent": 99.99
				}
			,{
				"<=msec": 120.000
				,"percent": 100.00
				}
			]
		,"GET":[
			{
				"<=msec": 2.800
				,"percent": 0.01
				}
			,{
				"<=msec": 3.000
				,"percent": 0.01
				}
			,{
				"<=msec": 3.100
				,"percent": 0.01
				}
			,{
				"<=msec": 3.200
				,"percent": 0.02
				}
			,{
				"<=msec": 3.300
				,"percent": 0.02
				}
			,{
				"<=msec": 3.400
				,"percent": 0.03
				}
			,{
				"<=msec": 3.500
				,"percent": 0.04
				}
			,{
				"<=msec": 3.600
				,"percent": 0.06
				}
			,{
				"<=msec": 3.700
				,"percent": 0.08
				}
			,{
				"<=msec": 3.800
				,"percent": 0.08
				}
			,{
				"<=msec": 3.900
				,"percent": 0.11
				}
			,{
				"<=msec": 4.000
				,"percent": 0.15
				}
			,{
				"<=msec": 4.100
				,"percent": 0.17
				}
			,{
				"<=msec": 4.200
				,"percent": 0.22
				}
			,{
				"<=msec": 4.300
				,"percent": 0.25
				}
			,{
				"<=msec": 4.400
				,"percent": 0.28
				}
			,{
				"<=msec": 4.500
				,"percent": 0.32
				}
			,{
				"<=msec": 4.600
				,"percent": 0.36
				}
			,{
				"<=msec": 4.700
				,"percent": 0.38
				}
			,{
				"<=msec": 4.800
				,"percent": 0.43
				}
			,{
				"<=msec": 4.900
				,"percent": 0.47
				}
			,{
				"<=msec": 5.000
				,"percent": 0.51
				}
			,{
				"<=msec": 5.100
				,"percent": 0.53
				}
			,{
				"<=msec": 5.200
				,"percent": 0.56
				}
			,{
				"<=msec": 5.300
				,"percent": 0.58
				}
			,{
				"<=msec": 5.400
				,"percent": 0.62
				}
			,{
				"<=msec": 5.500
				,"percent": 0.65
				}
			,{
				"<=msec": 5.600
				,"percent": 0.70
				}
			,{
				"<=msec": 5.700
				,"percent": 0.72
				}
			,{
				"<=msec": 5.800
				,"percent": 0.75
				}
			,{
				"<=msec": 5.900
				,"percent": 0.76
				}
			,{
				"<=msec": 6.000
				,"percent": 0.79
				}
			,{
				"<=msec": 6.100
				,"percent": 0.81
				}
			,{
				"<=msec": 6.200
				,"percent": 0.84
				}
			,{
				"<=msec": 6.300
				,"percent": 0.85
				}
			,{
				"<=msec": 6.400
				,"percent": 0.88
				}
			,{
				"<=msec": 6.500
				,"percent": 0.89
				}
			,{
				"<=msec": 6.600
				,"percent": 0.90
				}
			,{
				"<=msec": 6.700
				,"percent": 0.92
				}
			,{
				"<=msec": 6.800
				,"percent": 0.94
				}
			,{
				"<=msec": 6.900
				,"percent": 0.94
				}
			,{
				"<=msec": 7.000
				,"percent": 0.97
				}
			,{
				"<=msec": 7.100
				,"percent": 0.98
				}
			,{
				"<=msec": 7.200
				,"percent": 0.99
				}
			,{
				"<=msec": 7.300
				,"percent": 1.01
				}
			,{
				"<=msec": 7.400
				,"percent": 1.02
				}
			,{
				"<=msec": 7.500
				,"percent": 1.04
				}
			,{
				"<=msec": 7.600
				,"percent": 1.05
				}
			,{
				"<=msec": 7.700
				,"percent": 1.07
				}
			,{
				"<=msec": 7.800
				,"percent": 1.08
				}
			,{
				"<=msec": 7.900
				,"percent": 1.09
				}
			,{
				"<=msec": 8.000
				,"percent": 1.12
				}
			,{
				"<=msec": 8.100
				,"percent": 1.13
				}
			,{
				"<=msec": 8.200
				,"percent": 1.14
				}
			,{
				"<=msec": 8.300
				,"percent": 1.16
				}
			,{
				"<=msec": 8.400
				,"percent": 1.18
				}
			,{
				"<=msec": 8.500
				,"percent": 1.20
				}
			,{
				"<=msec": 8.600
				,"percent": 1.23
				}
			,{
				"<=msec": 8.700
				,"percent": 1.25
				}
			,{
				"<=msec": 8.800
				,"percent": 1.28
				}
			,{
				"<=msec": 8.900
				,"percent": 1.31
				}
			,{
				"<=msec": 9.000
				,"percent": 1.34
				}
			,{
				"<=msec": 9.100
				,"percent": 1.38
				}
			,{
				"<=msec": 9.200
				,"percent": 1.43
				}
			,{
				"<=msec": 9.300
				,"percent": 1.48
				}
			,{
				"<=msec": 9.400
				,"percent": 1.54
				}
			,{
				"<=msec": 9.500
				,"percent": 1.59
				}
			,{
				"<=msec": 9.600
				,"percent": 1.68
				}
			,{
				"<=msec": 9.700
				,"percent": 1.79
				}
			,{
				"<=msec": 9.800
				,"percent": 1.89
				}
			,{
				"<=msec": 9.900
				,"percent": 1.97
				}
			,{
				"<=msec": 10.000
				,"percent": 2.71
				}
			,{
				"<=msec": 11.000
				,"percent": 4.18
				}
			,{
				"<=msec": 12.000
				,"percent": 5.31
				}
			,{
				"<=msec": 13.000
				,"percent": 6.17
				}
			,{
				"<=msec": 14.000
				,"percent": 6.80
				}
			,{
				"<=msec": 15.000
				,"percent": 7.34
				}
			,{
				"<=msec": 16.000
				,"percent": 7.98
				}
			,{
				"<=msec": 17.000
				,"percent": 8.64
				}
			,{
				"<=msec": 18.000
				,"percent": 9.47
				}
			,{
				"<=msec": 19.000
				,"percent": 10.23
				}
			,{
				"<=msec": 20.000
				,"percent": 10.94
				}
			,{
				"<=msec": 21.000
				,"percent": 11.72
				}
			,{
				"<=msec": 22.000
				,"percent": 12.75
				}
			,{
				"<=msec": 23.000
				,"percent": 14.25
				}
			,{
				"<=msec": 24.000
				,"percent": 17.09
				}
			,{
				"<=msec": 25.000
				,"percent": 20.71
				}
			,{
				"<=msec": 26.000
				,"percent": 24.22
				}
			,{
				"<=msec": 27.000
				,"percent": 27.18
				}
			,{
				"<=msec": 28.000
				,"percent": 29.91
				}
			,{
				"<=msec": 29.000
				,"percent": 32.69
				}
			,{
				"<=msec": 30.000
				,"percent": 36.21
				}
			,{
				"<=msec": 31.000
				,"percent": 40.87
				}
			,{
				"<=msec": 32.000
				,"percent": 46.47
				}
			,{
				"<=msec": 33.000
				,"percent": 52.46
				}
			,{
				"<=msec": 34.000
				,"percent": 58.05
				}
			,{
				"<=msec": 35.000
				,"percent": 62.34
				}
			,{
				"<=msec": 36.000
				,"percent": 66.18
				}
			,{
				"<=msec": 37.000
				,"percent": 69.58
				}
			,{
				"<=msec": 38.000
				,"percent": 72.93
				}
			,{
				"<=msec": 39.000
				,"percent": 76.34
				}
			,{
				"<=msec": 40.000
				,"percent": 79.62
				}
			,{
				"<=msec": 41.000
				,"percent": 82.33
				}
			,{
				"<=msec": 42.000
				,"percent": 84.57
				}
			,{
				"<=msec": 43.000
				,"percent": 86.42
				}
			,{
				"<=msec": 44.000
				,"percent": 87.93
				}
			,{
				"<=msec": 45.000
				,"percent": 89.13
				}
			,{
				"<=msec": 46.000
				,"percent": 90.22
				}
			,{
				"<=msec": 47.000
				,"percent": 91.22
				}
			,{
				"<=msec": 48.000
				,"percent": 91.97
				}
			,{
				"<=msec": 49.000
				,"percent": 92.63
				}
			,{
				"<=msec": 50.000
				,"percent": 93.17
				}
			,{
				"<=msec": 51.000
				,"percent": 93.65
				}
			,{
				"<=msec": 52.000
				,"percent": 94.13
				}
			,{
				"<=msec": 53.000
				,"percent": 94.63
				}
			,{
				"<=msec": 54.000
				,"percent": 95.20
				}
			,{
				"<=msec": 55.000
				,"percent": 95.54
				}
			,{
				"<=msec": 56.000
				,"percent": 95.91
				}
			,{
				"<=msec": 57.000
				,"percent": 96.18
				}
			,{
				"<=msec": 58.000
				,"percent": 96.48
				}
			,{
				"<=msec": 59.000
				,"percent": 96.78
				}
			,{
				"<=msec": 60.000
				,"percent": 97.11
				}
			,{
				"<=msec": 61.000
				,"percent": 97.39
				}
			,{
				"<=msec": 62.000
				,"percent": 97.71
				}
			,{
				"<=msec": 63.000
				,"percent": 98.03
				}
			,{
				"<=msec": 64.000
				,"percent": 98.30
				}
			,{
				"<=msec": 65.000
				,"percent": 98.50
				}
			,{
				"<=msec": 66.000
				,"percent": 98.70
				}
			,{
				"<=msec": 67.000
				,"percent": 98.84
				}
			,{
				"<=msec": 68.000
				,"percent": 99.03
				}
			,{
				"<=msec": 69.000
				,"percent": 99.18
				}
			,{
				"<=msec": 70.000
				,"percent": 99.33
				}
			,{
				"<=msec": 71.000
				,"percent": 99.43
				}
			,{
				"<=msec": 72.000
				,"percent": 99.51
				}
			,{
				"<=msec": 73.000
				,"percent": 99.59
				}
			,{
				"<=msec": 74.000
				,"percent": 99.64
				}
			,{
				"<=msec": 75.000
				,"percent": 99.70
				}
			,{
				"<=msec": 76.000
				,"percent": 99.73
				}
			,{
				"<=msec": 77.000
				,"percent": 99.77
				}
			,{
				"<=msec": 78.000
				,"percent": 99.82
				}
			,{
				"<=msec": 79.000
				,"percent": 99.84
				}
			,{
				"<=msec": 80.000
				,"percent": 99.85
				}
			,{
				"<=msec": 81.000
				,"percent": 99.86
				}
			,{
				"<=msec": 82.000
				,"percent": 99.86
				}
			,{
				"<=msec": 83.000
				,"percent": 99.88
				}
			,{
				"<=msec": 84.000
				,"percent": 99.91
				}
			,{
				"<=msec": 85.000
				,"percent": 99.92
				}
			,{
				"<=msec": 86.000
				,"percent": 99.94
				}
			,{
				"<=msec": 87.000
				,"percent": 99.94
				}
			,{
				"<=msec": 88.000
				,"percent": 99.95
				}
			,{
				"<=msec": 89.000
				,"percent": 99.95
				}
			,{
				"<=msec": 90.000
				,"percent": 99.97
				}
			,{
				"<=msec": 95.000
				,"percent": 99.97
				}
			,{
				"<=msec": 98.000
				,"percent": 99.98
				}
			,{
				"<=msec": 99.000
				,"percent": 99.98
				}
			,{
				"<=msec": 100.000
				,"percent": 99.99
				}
			,{
				"<=msec": 110.000
				,"percent": 100.00
				}
			,{
				"<=msec": 120.000
				,"percent": 100.00
				}
			]
		,"WAIT":[
		]
		}
	}
