{
	"configuration":{
		"server": "10.0.0.8"
		,"port": 6379
		,"unix socket": "(null)"
		,"protocol": "memcache_text"
		,"out_file": "(null)"
		,"client_stats": "(null)"
		,"run_count": 1
		,"debug": 0
		,"requests": 0
		,"clients": 32
		,"threads": 1
		,"test_time": 75
		,"ratio": "1:0"
		,"pipeline": 1
		,"data_size": 1024
		,"data_offset": 0
		,"random_data": "false"
		,"data_size_range": "0:0"
		,"data_size_list": ""
		,"data_size_pattern": "R"
		,"expiry_range": "9999:10000"
		,"data_import": "(null)"
		,"data_verify": "false"
		,"verify_only": "false"
		,"generate_keys": "false"
		,"key_prefix": "memtier-"
		,"key_minimum":           0
		,"key_maximum":       10000
		,"key_pattern": "R:R"
		,"key_stddev": 0.000000
		,"key_median": 0.000000
		,"reconnect_interval": 0
		,"multi_key_get": 0
		,"authenticate": ""
		,"select-db": 0
		,"no-expiry": "false"
		,"wait-ratio": "0:0"
		,"num-slaves": "0:0"
		,"wait-timeout": "0-0"
		}
	,"run information":{
		"Threads": 1
		,"Connections per thread": 32
		,"Seconds": 75
		}
	,"ALL STATS":{
		"Sets":{
			"Ops/sec": 500.69
			,"Hits/sec": 0.00
			,"Misses/sec": 0.00
			,"Latency": 63.90
			,"KB/sec": 520.43
			}
		,"Gets":{
			"Ops/sec": 0.00
			,"Hits/sec": 0.00
			,"Misses/sec": 0.00
			,"Latency": 0.00
			,"KB/sec": 0.00
			}
		,"Waits":{
			"Ops/sec": 0.00
			,"Hits/sec": 0.00
			,"Misses/sec": 0.00
			,"Latency": 0.00
			,"KB/sec": 0.00
			}
		,"Totals":{
			"Ops/sec": 500.69
			,"Hits/sec": 0.00
			,"Misses/sec": 0.00
			,"Latency": 63.90
			,"KB/sec": 520.43
			}
		,"SET":[
			{
				"<=msec": 15.000
				,"percent": 0.01
				}
			,{
				"<=msec": 16.000
				,"percent": 0.02
				}
			,{
				"<=msec": 17.000
				,"percent": 0.08
				}
			,{
				"<=msec": 18.000
				,"percent": 0.46
				}
			,{
				"<=msec": 19.000
				,"percent": 1.17
				}
			,{
				"<=msec": 20.000
				,"percent": 1.79
				}
			,{
				"<=msec": 21.000
				,"percent": 2.40
				}
			,{
				"<=msec": 22.000
				,"percent": 2.73
				}
			,{
				"<=msec": 23.000
				,"percent": 3.01
				}
			,{
				"<=msec": 24.000
				,"percent": 3.33
				}
			,{
				"<=msec": 25.000
				,"percent": 3.69
				}
			,{
				"<=msec": 26.000
				,"percent": 4.02
				}
			,{
				"<=msec": 27.000
				,"percent": 4.32
				}
			,{
				"<=msec": 28.000
				,"percent": 4.85
				}
			,{
				"<=msec": 29.000
				,"percent": 5.31
				}
			,{
				"<=msec": 30.000
				,"percent": 5.82
				}
			,{
				"<=msec": 31.000
				,"percent": 6.18
				}
			,{
				"<=msec": 32.000
				,"percent": 6.40
				}
			,{
				"<=msec": 33.000
				,"percent": 6.62
				}
			,{
				"<=msec": 34.000
				,"percent": 6.96
				}
			,{
				"<=msec": 35.000
				,"percent": 7.22
				}
			,{
				"<=msec": 36.000
				,"percent": 7.43
				}
			,{
				"<=msec": 37.000
				,"percent": 7.55
				}
			,{
				"<=msec": 38.000
				,"percent": 7.73
				}
			,{
				"<=msec": 39.000
				,"percent": 7.93
				}
			,{
				"<=msec": 40.000
				,"percent": 8.26
				}
			,{
				"<=msec": 41.000
				,"percent": 8.56
				}
			,{
				"<=msec": 42.000
				,"percent": 8.87
				}
			,{
				"<=msec": 43.000
				,"percent": 9.17
				}
			,{
				"<=msec": 44.000
				,"percent": 9.43
				}
			,{
				"<=msec": 45.000
				,"percent": 9.76
				}
			,{
				"<=msec": 46.000
				,"percent": 10.04
				}
			,{
				"<=msec": 47.000
				,"percent": 10.29
				}
			,{
				"<=msec": 48.000
				,"percent": 10.60
				}
			,{
				"<=msec": 49.000
				,"percent": 11.09
				}
			,{
				"<=msec": 50.000
				,"percent": 11.59
				}
			,{
				"<=msec": 51.000
				,"percent": 11.97
				}
			,{
				"<=msec": 52.000
				,"percent": 12.27
				}
			,{
				"<=msec": 53.000
				,"percent": 12.67
				}
			,{
				"<=msec": 54.000
				,"percent": 13.52
				}
			,{
				"<=msec": 55.000
				,"percent": 15.23
				}
			,{
				"<=msec": 56.000
				,"percent": 17.56
				}
			,{
				"<=msec": 57.000
				,"percent": 20.50
				}
			,{
				"<=msec": 58.000
				,"percent": 23.87
				}
			,{
				"<=msec": 59.000
				,"percent": 27.81
				}
			,{
				"<=msec": 60.000
				,"percent": 31.80
				}
			,{
				"<=msec": 61.000
				,"percent": 36.32
				}
			,{
				"<=msec": 62.000
				,"percent": 41.46
				}
			,{
				"<=msec": 63.000
				,"percent": 46.39
				}
			,{
				"<=msec": 64.000
				,"percent": 51.52
				}
			,{
				"<=msec": 65.000
				,"percent": 56.23
				}
			,{
				"<=msec": 66.000
				,"percent": 60.22
				}
			,{
				"<=msec": 67.000
				,"percent": 64.43
				}
			,{
				"<=msec": 68.000
				,"percent": 68.00
				}
			,{
				"<=msec": 69.000
				,"percent": 71.40
				}
			,{
				"<=msec": 70.000
				,"percent": 74.02
				}
			,{
				"<=msec": 71.000
				,"percent": 76.29
				}
			,{
				"<=msec": 72.000
				,"percent": 78.32
				}
			,{
				"<=msec": 73.000
				,"percent": 80.13
				}
			,{
				"<=msec": 74.000
				,"percent": 81.90
				}
			,{
				"<=msec": 75.000
				,"percent": 83.61
				}
			,{
				"<=msec": 76.000
				,"percent": 85.13
				}
			,{
				"<=msec": 77.000
				,"percent": 86.44
				}
			,{
				"<=msec": 78.000
				,"percent": 87.65
				}
			,{
				"<=msec": 79.000
				,"percent": 88.89
				}
			,{
				"<=msec": 80.000
				,"percent": 90.05
				}
			,{
				"<=msec": 81.000
				,"percent": 91.16
				}
			,{
				"<=msec": 82.000
				,"percent": 92.14
				}
			,{
				"<=msec": 83.000
				,"percent": 93.16
				}
			,{
				"<=msec": 84.000
				,"percent": 94.04
				}
			,{
				"<=msec": 85.000
				,"percent": 94.77
				}
			,{
				"<=msec": 86.000
				,"percent": 95.43
				}
			,{
				"<=msec": 87.000
				,"percent": 95.93
				}
			,{
				"<=msec": 88.000
				,"percent": 96.45
				}
			,{
				"<=msec": 89.000
				,"percent": 96.89
				}
			,{
				"<=msec": 90.000
				,"percent": 97.22
				}
			,{
				"<=msec": 91.000
				,"percent": 97.53
				}
			,{
				"<=msec": 92.000
				,"percent": 97.79
				}
			,{
				"<=msec": 93.000
				,"percent": 98.06
				}
			,{
				"<=msec": 94.000
				,"percent": 98.25
				}
			,{
				"<=msec": 95.000
				,"percent": 98.46
				}
			,{
				"<=msec": 96.000
				,"percent": 98.62
				}
			,{
				"<=msec": 97.000
				,"percent": 98.75
				}
			,{
				"<=msec": 98.000
				,"percent": 98.81
				}
			,{
				"<=msec": 99.000
				,"percent": 98.91
				}
			,{
				"<=msec": 100.000
				,"percent": 99.46
				}
			,{
				"<=msec": 110.000
				,"percent": 99.74
				}
			,{
				"<=msec": 120.000
				,"percent": 99.80
				}
			,{
				"<=msec": 130.000
				,"percent": 99.81
				}
			,{
				"<=msec": 140.000
				,"percent": 99.83
				}
			,{
				"<=msec": 200.000
				,"percent": 99.86
				}
			,{
				"<=msec": 210.000
				,"percent": 99.92
				}
			,{
				"<=msec": 280.000
				,"percent": 99.92
				}
			,{
				"<=msec": 290.000
				,"percent": 99.93
				}
			,{
				"<=msec": 310.000
				,"percent": 99.94
				}
			,{
				"<=msec": 320.000
				,"percent": 99.96
				}
			,{
				"<=msec": 340.000
				,"percent": 100.00
				}
			]
		,"GET":[
		]
		,"WAIT":[
		]
		}
	}
