{
	"configuration":{
		"server": "10.0.0.8"
		,"port": 6379
		,"unix socket": "(null)"
		,"protocol": "memcache_text"
		,"out_file": "(null)"
		,"client_stats": "(null)"
		,"run_count": 1
		,"debug": 0
		,"requests": 0
		,"clients": 32
		,"threads": 1
		,"test_time": 75
		,"ratio": "1:0"
		,"pipeline": 1
		,"data_size": 1024
		,"data_offset": 0
		,"random_data": "false"
		,"data_size_range": "0:0"
		,"data_size_list": ""
		,"data_size_pattern": "R"
		,"expiry_range": "9999:10000"
		,"data_import": "(null)"
		,"data_verify": "false"
		,"verify_only": "false"
		,"generate_keys": "false"
		,"key_prefix": "memtier-"
		,"key_minimum":           0
		,"key_maximum":       10000
		,"key_pattern": "R:R"
		,"key_stddev": 0.000000
		,"key_median": 0.000000
		,"reconnect_interval": 0
		,"multi_key_get": 0
		,"authenticate": ""
		,"select-db": 0
		,"no-expiry": "false"
		,"wait-ratio": "0:0"
		,"num-slaves": "0:0"
		,"wait-timeout": "0-0"
		}
	,"run information":{
		"Threads": 1
		,"Connections per thread": 32
		,"Seconds": 75
		}
	,"ALL STATS":{
		"Sets":{
			"Ops/sec": 550.11
			,"Hits/sec": 0.00
			,"Misses/sec": 0.00
			,"Latency": 58.16
			,"KB/sec": 571.80
			}
		,"Gets":{
			"Ops/sec": 0.00
			,"Hits/sec": 0.00
			,"Misses/sec": 0.00
			,"Latency": 0.00
			,"KB/sec": 0.00
			}
		,"Waits":{
			"Ops/sec": 0.00
			,"Hits/sec": 0.00
			,"Misses/sec": 0.00
			,"Latency": 0.00
			,"KB/sec": 0.00
			}
		,"Totals":{
			"Ops/sec": 550.11
			,"Hits/sec": 0.00
			,"Misses/sec": 0.00
			,"Latency": 58.16
			,"KB/sec": 571.80
			}
		,"SET":[
			{
				"<=msec": 5.200
				,"percent": 0.00
				}
			,{
				"<=msec": 5.500
				,"percent": 0.01
				}
			,{
				"<=msec": 5.600
				,"percent": 0.02
				}
			,{
				"<=msec": 5.700
				,"percent": 0.03
				}
			,{
				"<=msec": 5.800
				,"percent": 0.03
				}
			,{
				"<=msec": 5.900
				,"percent": 0.04
				}
			,{
				"<=msec": 6.100
				,"percent": 0.04
				}
			,{
				"<=msec": 6.300
				,"percent": 0.05
				}
			,{
				"<=msec": 6.400
				,"percent": 0.05
				}
			,{
				"<=msec": 7.000
				,"percent": 0.06
				}
			,{
				"<=msec": 7.400
				,"percent": 0.06
				}
			,{
				"<=msec": 7.700
				,"percent": 0.06
				}
			,{
				"<=msec": 7.800
				,"percent": 0.07
				}
			,{
				"<=msec": 7.900
				,"percent": 0.08
				}
			,{
				"<=msec": 8.000
				,"percent": 0.08
				}
			,{
				"<=msec": 8.100
				,"percent": 0.09
				}
			,{
				"<=msec": 8.200
				,"percent": 0.10
				}
			,{
				"<=msec": 8.400
				,"percent": 0.10
				}
			,{
				"<=msec": 8.500
				,"percent": 0.10
				}
			,{
				"<=msec": 8.600
				,"percent": 0.11
				}
			,{
				"<=msec": 8.700
				,"percent": 0.12
				}
			,{
				"<=msec": 8.800
				,"percent": 0.13
				}
			,{
				"<=msec": 8.900
				,"percent": 0.14
				}
			,{
				"<=msec": 9.000
				,"percent": 0.16
				}
			,{
				"<=msec": 9.100
				,"percent": 0.19
				}
			,{
				"<=msec": 9.200
				,"percent": 0.21
				}
			,{
				"<=msec": 9.300
				,"percent": 0.23
				}
			,{
				"<=msec": 9.400
				,"percent": 0.28
				}
			,{
				"<=msec": 9.500
				,"percent": 0.32
				}
			,{
				"<=msec": 9.600
				,"percent": 0.40
				}
			,{
				"<=msec": 9.700
				,"percent": 0.52
				}
			,{
				"<=msec": 9.800
				,"percent": 0.60
				}
			,{
				"<=msec": 9.900
				,"percent": 0.66
				}
			,{
				"<=msec": 10.000
				,"percent": 0.96
				}
			,{
				"<=msec": 11.000
				,"percent": 1.53
				}
			,{
				"<=msec": 12.000
				,"percent": 2.02
				}
			,{
				"<=msec": 13.000
				,"percent": 2.69
				}
			,{
				"<=msec": 14.000
				,"percent": 3.17
				}
			,{
				"<=msec": 15.000
				,"percent": 3.44
				}
			,{
				"<=msec": 16.000
				,"percent": 3.84
				}
			,{
				"<=msec": 17.000
				,"percent": 4.19
				}
			,{
				"<=msec": 18.000
				,"percent": 4.82
				}
			,{
				"<=msec": 19.000
				,"percent": 5.76
				}
			,{
				"<=msec": 20.000
				,"percent": 6.95
				}
			,{
				"<=msec": 21.000
				,"percent": 7.52
				}
			,{
				"<=msec": 22.000
				,"percent": 7.93
				}
			,{
				"<=msec": 23.000
				,"percent": 8.31
				}
			,{
				"<=msec": 24.000
				,"percent": 8.74
				}
			,{
				"<=msec": 25.000
				,"percent": 9.07
				}
			,{
				"<=msec": 26.000
				,"percent": 9.42
				}
			,{
				"<=msec": 27.000
				,"percent": 9.87
				}
			,{
				"<=msec": 28.000
				,"percent": 10.42
				}
			,{
				"<=msec": 29.000
				,"percent": 11.06
				}
			,{
				"<=msec": 30.000
				,"percent": 11.69
				}
			,{
				"<=msec": 31.000
				,"percent": 12.23
				}
			,{
				"<=msec": 32.000
				,"percent": 12.60
				}
			,{
				"<=msec": 33.000
				,"percent": 12.86
				}
			,{
				"<=msec": 34.000
				,"percent": 13.08
				}
			,{
				"<=msec": 35.000
				,"percent": 13.31
				}
			,{
				"<=msec": 36.000
				,"percent": 13.50
				}
			,{
				"<=msec": 37.000
				,"percent": 13.73
				}
			,{
				"<=msec": 38.000
				,"percent": 14.08
				}
			,{
				"<=msec": 39.000
				,"percent": 14.51
				}
			,{
				"<=msec": 40.000
				,"percent": 14.91
				}
			,{
				"<=msec": 41.000
				,"percent": 15.23
				}
			,{
				"<=msec": 42.000
				,"percent": 15.50
				}
			,{
				"<=msec": 43.000
				,"percent": 15.75
				}
			,{
				"<=msec": 44.000
				,"percent": 16.09
				}
			,{
				"<=msec": 45.000
				,"percent": 16.41
				}
			,{
				"<=msec": 46.000
				,"percent": 16.66
				}
			,{
				"<=msec": 47.000
				,"percent": 16.88
				}
			,{
				"<=msec": 48.000
				,"percent": 17.07
				}
			,{
				"<=msec": 49.000
				,"percent": 17.30
				}
			,{
				"<=msec": 50.000
				,"percent": 17.47
				}
			,{
				"<=msec": 51.000
				,"percent": 17.61
				}
			,{
				"<=msec": 52.000
				,"percent": 17.81
				}
			,{
				"<=msec": 53.000
				,"percent": 18.50
				}
			,{
				"<=msec": 54.000
				,"percent": 20.51
				}
			,{
				"<=msec": 55.000
				,"percent": 23.67
				}
			,{
				"<=msec": 56.000
				,"percent": 27.96
				}
			,{
				"<=msec": 57.000
				,"percent": 32.98
				}
			,{
				"<=msec": 58.000
				,"percent": 38.51
				}
			,{
				"<=msec": 59.000
				,"percent": 43.79
				}
			,{
				"<=msec": 60.000
				,"percent": 48.86
				}
			,{
				"<=msec": 61.000
				,"percent": 54.19
				}
			,{
				"<=msec": 62.000
				,"percent": 59.19
				}
			,{
				"<=msec": 63.000
				,"percent": 63.71
				}
			,{
				"<=msec": 64.000
				,"percent": 67.60
				}
			,{
				"<=msec": 65.000
				,"percent": 71.17
				}
			,{
				"<=msec": 66.000
				,"percent": 74.30
				}
			,{
				"<=msec": 67.000
				,"percent": 76.80
				}
			,{
				"<=msec": 68.000
				,"percent": 79.15
				}
			,{
				"<=msec": 69.000
				,"percent": 81.14
				}
			,{
				"<=msec": 70.000
				,"percent": 82.78
				}
			,{
				"<=msec": 71.000
				,"percent": 84.31
				}
			,{
				"<=msec": 72.000
				,"percent": 85.77
				}
			,{
				"<=msec": 73.000
				,"percent": 87.13
				}
			,{
				"<=msec": 74.000
				,"percent": 88.38
				}
			,{
				"<=msec": 75.000
				,"percent": 89.65
				}
			,{
				"<=msec": 76.000
				,"percent": 90.87
				}
			,{
				"<=msec": 77.000
				,"percent": 91.87
				}
			,{
				"<=msec": 78.000
				,"percent": 92.84
				}
			,{
				"<=msec": 79.000
				,"percent": 93.82
				}
			,{
				"<=msec": 80.000
				,"percent": 94.65
				}
			,{
				"<=msec": 81.000
				,"percent": 95.41
				}
			,{
				"<=msec": 82.000
				,"percent": 95.92
				}
			,{
				"<=msec": 83.000
				,"percent": 96.49
				}
			,{
				"<=msec": 84.000
				,"percent": 96.85
				}
			,{
				"<=msec": 85.000
				,"percent": 97.17
				}
			,{
				"<=msec": 86.000
				,"percent": 97.51
				}
			,{
				"<=msec": 87.000
				,"percent": 97.83
				}
			,{
				"<=msec": 88.000
				,"percent": 98.04
				}
			,{
				"<=msec": 89.000
				,"percent": 98.27
				}
			,{
				"<=msec": 90.000
				,"percent": 98.49
				}
			,{
				"<=msec": 91.000
				,"percent": 98.61
				}
			,{
				"<=msec": 92.000
				,"percent": 98.73
				}
			,{
				"<=msec": 93.000
				,"percent": 98.85
				}
			,{
				"<=msec": 94.000
				,"percent": 98.95
				}
			,{
				"<=msec": 95.000
				,"percent": 99.07
				}
			,{
				"<=msec": 96.000
				,"percent": 99.14
				}
			,{
				"<=msec": 97.000
				,"percent": 99.21
				}
			,{
				"<=msec": 98.000
				,"percent": 99.27
				}
			,{
				"<=msec": 99.000
				,"percent": 99.35
				}
			,{
				"<=msec": 100.000
				,"percent": 99.60
				}
			,{
				"<=msec": 110.000
				,"percent": 99.78
				}
			,{
				"<=msec": 120.000
				,"percent": 99.85
				}
			,{
				"<=msec": 130.000
				,"percent": 99.85
				}
			,{
				"<=msec": 150.000
				,"percent": 99.92
				}
			,{
				"<=msec": 160.000
				,"percent": 100.00
				}
			]
		,"GET":[
		]
		,"WAIT":[
		]
		}
	}
