{
	"configuration":{
		"server": "10.0.0.8"
		,"port": 6379
		,"unix socket": "(null)"
		,"protocol": "memcache_text"
		,"out_file": "(null)"
		,"client_stats": "(null)"
		,"run_count": 1
		,"debug": 0
		,"requests": 0
		,"clients": 32
		,"threads": 1
		,"test_time": 75
		,"ratio": "1:0"
		,"pipeline": 1
		,"data_size": 1024
		,"data_offset": 0
		,"random_data": "false"
		,"data_size_range": "0:0"
		,"data_size_list": ""
		,"data_size_pattern": "R"
		,"expiry_range": "9999:10000"
		,"data_import": "(null)"
		,"data_verify": "false"
		,"verify_only": "false"
		,"generate_keys": "false"
		,"key_prefix": "memtier-"
		,"key_minimum":           0
		,"key_maximum":       10000
		,"key_pattern": "R:R"
		,"key_stddev": 0.000000
		,"key_median": 0.000000
		,"reconnect_interval": 0
		,"multi_key_get": 0
		,"authenticate": ""
		,"select-db": 0
		,"no-expiry": "false"
		,"wait-ratio": "0:0"
		,"num-slaves": "0:0"
		,"wait-timeout": "0-0"
		}
	,"run information":{
		"Threads": 1
		,"Connections per thread": 32
		,"Seconds": 75
		}
	,"ALL STATS":{
		"Sets":{
			"Ops/sec": 510.48
			,"Hits/sec": 0.00
			,"Misses/sec": 0.00
			,"Latency": 62.68
			,"KB/sec": 530.61
			}
		,"Gets":{
			"Ops/sec": 0.00
			,"Hits/sec": 0.00
			,"Misses/sec": 0.00
			,"Latency": 0.00
			,"KB/sec": 0.00
			}
		,"Waits":{
			"Ops/sec": 0.00
			,"Hits/sec": 0.00
			,"Misses/sec": 0.00
			,"Latency": 0.00
			,"KB/sec": 0.00
			}
		,"Totals":{
			"Ops/sec": 510.48
			,"Hits/sec": 0.00
			,"Misses/sec": 0.00
			,"Latency": 62.68
			,"KB/sec": 530.61
			}
		,"SET":[
			{
				"<=msec": 8.700
				,"percent": 0.00
				}
			,{
				"<=msec": 9.200
				,"percent": 0.01
				}
			,{
				"<=msec": 10.000
				,"percent": 0.02
				}
			,{
				"<=msec": 11.000
				,"percent": 0.04
				}
			,{
				"<=msec": 12.000
				,"percent": 0.08
				}
			,{
				"<=msec": 13.000
				,"percent": 0.18
				}
			,{
				"<=msec": 14.000
				,"percent": 0.25
				}
			,{
				"<=msec": 15.000
				,"percent": 0.33
				}
			,{
				"<=msec": 16.000
				,"percent": 0.39
				}
			,{
				"<=msec": 17.000
				,"percent": 0.71
				}
			,{
				"<=msec": 18.000
				,"percent": 1.66
				}
			,{
				"<=msec": 19.000
				,"percent": 2.92
				}
			,{
				"<=msec": 20.000
				,"percent": 3.99
				}
			,{
				"<=msec": 21.000
				,"percent": 4.73
				}
			,{
				"<=msec": 22.000
				,"percent": 5.13
				}
			,{
				"<=msec": 23.000
				,"percent": 5.44
				}
			,{
				"<=msec": 24.000
				,"percent": 5.63
				}
			,{
				"<=msec": 25.000
				,"percent": 5.72
				}
			,{
				"<=msec": 26.000
				,"percent": 5.87
				}
			,{
				"<=msec": 27.000
				,"percent": 6.08
				}
			,{
				"<=msec": 28.000
				,"percent": 6.53
				}
			,{
				"<=msec": 29.000
				,"percent": 7.16
				}
			,{
				"<=msec": 30.000
				,"percent": 7.59
				}
			,{
				"<=msec": 31.000
				,"percent": 7.98
				}
			,{
				"<=msec": 32.000
				,"percent": 8.23
				}
			,{
				"<=msec": 33.000
				,"percent": 8.50
				}
			,{
				"<=msec": 34.000
				,"percent": 8.70
				}
			,{
				"<=msec": 35.000
				,"percent": 8.88
				}
			,{
				"<=msec": 36.000
				,"percent": 9.05
				}
			,{
				"<=msec": 37.000
				,"percent": 9.32
				}
			,{
				"<=msec": 38.000
				,"percent": 9.62
				}
			,{
				"<=msec": 39.000
				,"percent": 9.82
				}
			,{
				"<=msec": 40.000
				,"percent": 10.02
				}
			,{
				"<=msec": 41.000
				,"percent": 10.20
				}
			,{
				"<=msec": 42.000
				,"percent": 10.40
				}
			,{
				"<=msec": 43.000
				,"percent": 10.56
				}
			,{
				"<=msec": 44.000
				,"percent": 10.73
				}
			,{
				"<=msec": 45.000
				,"percent": 10.97
				}
			,{
				"<=msec": 46.000
				,"percent": 11.19
				}
			,{
				"<=msec": 47.000
				,"percent": 11.48
				}
			,{
				"<=msec": 48.000
				,"percent": 11.81
				}
			,{
				"<=msec": 49.000
				,"percent": 12.31
				}
			,{
				"<=msec": 50.000
				,"percent": 12.71
				}
			,{
				"<=msec": 51.000
				,"percent": 13.09
				}
			,{
				"<=msec": 52.000
				,"percent": 13.42
				}
			,{
				"<=msec": 53.000
				,"percent": 14.04
				}
			,{
				"<=msec": 54.000
				,"percent": 15.26
				}
			,{
				"<=msec": 55.000
				,"percent": 17.19
				}
			,{
				"<=msec": 56.000
				,"percent": 19.69
				}
			,{
				"<=msec": 57.000
				,"percent": 22.67
				}
			,{
				"<=msec": 58.000
				,"percent": 26.22
				}
			,{
				"<=msec": 59.000
				,"percent": 30.40
				}
			,{
				"<=msec": 60.000
				,"percent": 34.89
				}
			,{
				"<=msec": 61.000
				,"percent": 39.63
				}
			,{
				"<=msec": 62.000
				,"percent": 44.67
				}
			,{
				"<=msec": 63.000
				,"percent": 49.82
				}
			,{
				"<=msec": 64.000
				,"percent": 54.68
				}
			,{
				"<=msec": 65.000
				,"percent": 59.01
				}
			,{
				"<=msec": 66.000
				,"percent": 62.62
				}
			,{
				"<=msec": 67.000
				,"percent": 66.36
				}
			,{
				"<=msec": 68.000
				,"percent": 70.28
				}
			,{
				"<=msec": 69.000
				,"percent": 73.37
				}
			,{
				"<=msec": 70.000
				,"percent": 75.92
				}
			,{
				"<=msec": 71.000
				,"percent": 78.11
				}
			,{
				"<=msec": 72.000
				,"percent": 80.13
				}
			,{
				"<=msec": 73.000
				,"percent": 81.84
				}
			,{
				"<=msec": 74.000
				,"percent": 83.34
				}
			,{
				"<=msec": 75.000
				,"percent": 84.73
				}
			,{
				"<=msec": 76.000
				,"percent": 86.02
				}
			,{
				"<=msec": 77.000
				,"percent": 87.38
				}
			,{
				"<=msec": 78.000
				,"percent": 88.56
				}
			,{
				"<=msec": 79.000
				,"percent": 89.81
				}
			,{
				"<=msec": 80.000
				,"percent": 90.76
				}
			,{
				"<=msec": 81.000
				,"percent": 91.83
				}
			,{
				"<=msec": 82.000
				,"percent": 92.79
				}
			,{
				"<=msec": 83.000
				,"percent": 93.64
				}
			,{
				"<=msec": 84.000
				,"percent": 94.38
				}
			,{
				"<=msec": 85.000
				,"percent": 95.05
				}
			,{
				"<=msec": 86.000
				,"percent": 95.62
				}
			,{
				"<=msec": 87.000
				,"percent": 96.12
				}
			,{
				"<=msec": 88.000
				,"percent": 96.54
				}
			,{
				"<=msec": 89.000
				,"percent": 96.98
				}
			,{
				"<=msec": 90.000
				,"percent": 97.32
				}
			,{
				"<=msec": 91.000
				,"percent": 97.65
				}
			,{
				"<=msec": 92.000
				,"percent": 97.91
				}
			,{
				"<=msec": 93.000
				,"percent": 98.22
				}
			,{
				"<=msec": 94.000
				,"percent": 98.43
				}
			,{
				"<=msec": 95.000
				,"percent": 98.59
				}
			,{
				"<=msec": 96.000
				,"percent": 98.73
				}
			,{
				"<=msec": 97.000
				,"percent": 98.82
				}
			,{
				"<=msec": 98.000
				,"percent": 98.90
				}
			,{
				"<=msec": 99.000
				,"percent": 99.05
				}
			,{
				"<=msec": 100.000
				,"percent": 99.57
				}
			,{
				"<=msec": 110.000
				,"percent": 99.79
				}
			,{
				"<=msec": 120.000
				,"percent": 99.81
				}
			,{
				"<=msec": 130.000
				,"percent": 99.81
				}
			,{
				"<=msec": 140.000
				,"percent": 99.83
				}
			,{
				"<=msec": 200.000
				,"percent": 99.87
				}
			,{
				"<=msec": 210.000
				,"percent": 99.92
				}
			,{
				"<=msec": 280.000
				,"percent": 99.92
				}
			,{
				"<=msec": 310.000
				,"percent": 99.95
				}
			,{
				"<=msec": 320.000
				,"percent": 99.98
				}
			,{
				"<=msec": 340.000
				,"percent": 100.00
				}
			]
		,"GET":[
		]
		,"WAIT":[
		]
		}
	}
