{
	"configuration":{
		"server": "10.0.0.8"
		,"port": 6379
		,"unix socket": "(null)"
		,"protocol": "memcache_text"
		,"out_file": "(null)"
		,"client_stats": "(null)"
		,"run_count": 1
		,"debug": 0
		,"requests": 0
		,"clients": 32
		,"threads": 1
		,"test_time": 75
		,"ratio": "1:0"
		,"pipeline": 1
		,"data_size": 1024
		,"data_offset": 0
		,"random_data": "false"
		,"data_size_range": "0:0"
		,"data_size_list": ""
		,"data_size_pattern": "R"
		,"expiry_range": "9999:10000"
		,"data_import": "(null)"
		,"data_verify": "false"
		,"verify_only": "false"
		,"generate_keys": "false"
		,"key_prefix": "memtier-"
		,"key_minimum":           0
		,"key_maximum":       10000
		,"key_pattern": "R:R"
		,"key_stddev": 0.000000
		,"key_median": 0.000000
		,"reconnect_interval": 0
		,"multi_key_get": 0
		,"authenticate": ""
		,"select-db": 0
		,"no-expiry": "false"
		,"wait-ratio": "0:0"
		,"num-slaves": "0:0"
		,"wait-timeout": "0-0"
		}
	,"run information":{
		"Threads": 1
		,"Connections per thread": 32
		,"Seconds": 75
		}
	,"ALL STATS":{
		"Sets":{
			"Ops/sec": 518.95
			,"Hits/sec": 0.00
			,"Misses/sec": 0.00
			,"Latency": 61.65
			,"KB/sec": 539.40
			}
		,"Gets":{
			"Ops/sec": 0.00
			,"Hits/sec": 0.00
			,"Misses/sec": 0.00
			,"Latency": 0.00
			,"KB/sec": 0.00
			}
		,"Waits":{
			"Ops/sec": 0.00
			,"Hits/sec": 0.00
			,"Misses/sec": 0.00
			,"Latency": 0.00
			,"KB/sec": 0.00
			}
		,"Totals":{
			"Ops/sec": 518.95
			,"Hits/sec": 0.00
			,"Misses/sec": 0.00
			,"Latency": 61.65
			,"KB/sec": 539.40
			}
		,"SET":[
			{
				"<=msec": 9.700
				,"percent": 0.00
				}
			,{
				"<=msec": 9.900
				,"percent": 0.01
				}
			,{
				"<=msec": 12.000
				,"percent": 0.01
				}
			,{
				"<=msec": 14.000
				,"percent": 0.02
				}
			,{
				"<=msec": 15.000
				,"percent": 0.03
				}
			,{
				"<=msec": 16.000
				,"percent": 0.06
				}
			,{
				"<=msec": 17.000
				,"percent": 0.17
				}
			,{
				"<=msec": 18.000
				,"percent": 0.43
				}
			,{
				"<=msec": 19.000
				,"percent": 0.88
				}
			,{
				"<=msec": 20.000
				,"percent": 1.19
				}
			,{
				"<=msec": 21.000
				,"percent": 1.65
				}
			,{
				"<=msec": 22.000
				,"percent": 1.95
				}
			,{
				"<=msec": 23.000
				,"percent": 2.18
				}
			,{
				"<=msec": 24.000
				,"percent": 2.40
				}
			,{
				"<=msec": 25.000
				,"percent": 2.68
				}
			,{
				"<=msec": 26.000
				,"percent": 3.03
				}
			,{
				"<=msec": 27.000
				,"percent": 3.48
				}
			,{
				"<=msec": 28.000
				,"percent": 3.86
				}
			,{
				"<=msec": 29.000
				,"percent": 4.26
				}
			,{
				"<=msec": 30.000
				,"percent": 4.63
				}
			,{
				"<=msec": 31.000
				,"percent": 4.86
				}
			,{
				"<=msec": 32.000
				,"percent": 5.07
				}
			,{
				"<=msec": 33.000
				,"percent": 5.31
				}
			,{
				"<=msec": 34.000
				,"percent": 5.51
				}
			,{
				"<=msec": 35.000
				,"percent": 5.70
				}
			,{
				"<=msec": 36.000
				,"percent": 6.03
				}
			,{
				"<=msec": 37.000
				,"percent": 6.32
				}
			,{
				"<=msec": 38.000
				,"percent": 6.85
				}
			,{
				"<=msec": 39.000
				,"percent": 7.29
				}
			,{
				"<=msec": 40.000
				,"percent": 7.61
				}
			,{
				"<=msec": 41.000
				,"percent": 7.93
				}
			,{
				"<=msec": 42.000
				,"percent": 8.24
				}
			,{
				"<=msec": 43.000
				,"percent": 8.42
				}
			,{
				"<=msec": 44.000
				,"percent": 8.70
				}
			,{
				"<=msec": 45.000
				,"percent": 9.10
				}
			,{
				"<=msec": 46.000
				,"percent": 9.49
				}
			,{
				"<=msec": 47.000
				,"percent": 9.96
				}
			,{
				"<=msec": 48.000
				,"percent": 10.49
				}
			,{
				"<=msec": 49.000
				,"percent": 10.93
				}
			,{
				"<=msec": 50.000
				,"percent": 11.37
				}
			,{
				"<=msec": 51.000
				,"percent": 11.70
				}
			,{
				"<=msec": 52.000
				,"percent": 12.01
				}
			,{
				"<=msec": 53.000
				,"percent": 12.72
				}
			,{
				"<=msec": 54.000
				,"percent": 14.35
				}
			,{
				"<=msec": 55.000
				,"percent": 17.27
				}
			,{
				"<=msec": 56.000
				,"percent": 21.59
				}
			,{
				"<=msec": 57.000
				,"percent": 27.13
				}
			,{
				"<=msec": 58.000
				,"percent": 33.02
				}
			,{
				"<=msec": 59.000
				,"percent": 38.31
				}
			,{
				"<=msec": 60.000
				,"percent": 43.49
				}
			,{
				"<=msec": 61.000
				,"percent": 48.64
				}
			,{
				"<=msec": 62.000
				,"percent": 53.59
				}
			,{
				"<=msec": 63.000
				,"percent": 58.52
				}
			,{
				"<=msec": 64.000
				,"percent": 62.96
				}
			,{
				"<=msec": 65.000
				,"percent": 67.06
				}
			,{
				"<=msec": 66.000
				,"percent": 70.62
				}
			,{
				"<=msec": 67.000
				,"percent": 74.05
				}
			,{
				"<=msec": 68.000
				,"percent": 76.92
				}
			,{
				"<=msec": 69.000
				,"percent": 79.63
				}
			,{
				"<=msec": 70.000
				,"percent": 81.86
				}
			,{
				"<=msec": 71.000
				,"percent": 83.76
				}
			,{
				"<=msec": 72.000
				,"percent": 85.34
				}
			,{
				"<=msec": 73.000
				,"percent": 86.77
				}
			,{
				"<=msec": 74.000
				,"percent": 88.10
				}
			,{
				"<=msec": 75.000
				,"percent": 89.23
				}
			,{
				"<=msec": 76.000
				,"percent": 90.38
				}
			,{
				"<=msec": 77.000
				,"percent": 91.43
				}
			,{
				"<=msec": 78.000
				,"percent": 92.33
				}
			,{
				"<=msec": 79.000
				,"percent": 93.09
				}
			,{
				"<=msec": 80.000
				,"percent": 93.75
				}
			,{
				"<=msec": 81.000
				,"percent": 94.42
				}
			,{
				"<=msec": 82.000
				,"percent": 94.99
				}
			,{
				"<=msec": 83.000
				,"percent": 95.50
				}
			,{
				"<=msec": 84.000
				,"percent": 95.97
				}
			,{
				"<=msec": 85.000
				,"percent": 96.29
				}
			,{
				"<=msec": 86.000
				,"percent": 96.65
				}
			,{
				"<=msec": 87.000
				,"percent": 96.93
				}
			,{
				"<=msec": 88.000
				,"percent": 97.12
				}
			,{
				"<=msec": 89.000
				,"percent": 97.31
				}
			,{
				"<=msec": 90.000
				,"percent": 97.61
				}
			,{
				"<=msec": 91.000
				,"percent": 97.85
				}
			,{
				"<=msec": 92.000
				,"percent": 98.07
				}
			,{
				"<=msec": 93.000
				,"percent": 98.31
				}
			,{
				"<=msec": 94.000
				,"percent": 98.52
				}
			,{
				"<=msec": 95.000
				,"percent": 98.70
				}
			,{
				"<=msec": 96.000
				,"percent": 98.94
				}
			,{
				"<=msec": 97.000
				,"percent": 99.10
				}
			,{
				"<=msec": 98.000
				,"percent": 99.24
				}
			,{
				"<=msec": 99.000
				,"percent": 99.38
				}
			,{
				"<=msec": 100.000
				,"percent": 99.74
				}
			,{
				"<=msec": 110.000
				,"percent": 99.92
				}
			,{
				"<=msec": 120.000
				,"percent": 99.99
				}
			,{
				"<=msec": 130.000
				,"percent": 100.00
				}
			]
		,"GET":[
		]
		,"WAIT":[
		]
		}
	}
