{
	"configuration":{
		"server": "10.0.0.8"
		,"port": 6379
		,"unix socket": "(null)"
		,"protocol": "memcache_text"
		,"out_file": "(null)"
		,"client_stats": "(null)"
		,"run_count": 1
		,"debug": 0
		,"requests": 0
		,"clients": 32
		,"threads": 1
		,"test_time": 75
		,"ratio": "1:0"
		,"pipeline": 1
		,"data_size": 1024
		,"data_offset": 0
		,"random_data": "false"
		,"data_size_range": "0:0"
		,"data_size_list": ""
		,"data_size_pattern": "R"
		,"expiry_range": "9999:10000"
		,"data_import": "(null)"
		,"data_verify": "false"
		,"verify_only": "false"
		,"generate_keys": "false"
		,"key_prefix": "memtier-"
		,"key_minimum":           0
		,"key_maximum":       10000
		,"key_pattern": "R:R"
		,"key_stddev": 0.000000
		,"key_median": 0.000000
		,"reconnect_interval": 0
		,"multi_key_get": 0
		,"authenticate": ""
		,"select-db": 0
		,"no-expiry": "false"
		,"wait-ratio": "0:0"
		,"num-slaves": "0:0"
		,"wait-timeout": "0-0"
		}
	,"run information":{
		"Threads": 1
		,"Connections per thread": 32
		,"Seconds": 75
		}
	,"ALL STATS":{
		"Sets":{
			"Ops/sec": 549.11
			,"Hits/sec": 0.00
			,"Misses/sec": 0.00
			,"Latency": 58.27
			,"KB/sec": 570.76
			}
		,"Gets":{
			"Ops/sec": 0.00
			,"Hits/sec": 0.00
			,"Misses/sec": 0.00
			,"Latency": 0.00
			,"KB/sec": 0.00
			}
		,"Waits":{
			"Ops/sec": 0.00
			,"Hits/sec": 0.00
			,"Misses/sec": 0.00
			,"Latency": 0.00
			,"KB/sec": 0.00
			}
		,"Totals":{
			"Ops/sec": 549.11
			,"Hits/sec": 0.00
			,"Misses/sec": 0.00
			,"Latency": 58.27
			,"KB/sec": 570.76
			}
		,"SET":[
			{
				"<=msec": 4.700
				,"percent": 0.00
				}
			,{
				"<=msec": 4.800
				,"percent": 0.01
				}
			,{
				"<=msec": 5.000
				,"percent": 0.01
				}
			,{
				"<=msec": 5.100
				,"percent": 0.02
				}
			,{
				"<=msec": 5.300
				,"percent": 0.02
				}
			,{
				"<=msec": 5.500
				,"percent": 0.03
				}
			,{
				"<=msec": 5.600
				,"percent": 0.03
				}
			,{
				"<=msec": 5.700
				,"percent": 0.04
				}
			,{
				"<=msec": 5.800
				,"percent": 0.06
				}
			,{
				"<=msec": 5.900
				,"percent": 0.06
				}
			,{
				"<=msec": 6.000
				,"percent": 0.06
				}
			,{
				"<=msec": 6.100
				,"percent": 0.07
				}
			,{
				"<=msec": 6.200
				,"percent": 0.07
				}
			,{
				"<=msec": 6.400
				,"percent": 0.08
				}
			,{
				"<=msec": 6.500
				,"percent": 0.08
				}
			,{
				"<=msec": 6.900
				,"percent": 0.09
				}
			,{
				"<=msec": 7.000
				,"percent": 0.09
				}
			,{
				"<=msec": 7.100
				,"percent": 0.10
				}
			,{
				"<=msec": 7.200
				,"percent": 0.10
				}
			,{
				"<=msec": 7.400
				,"percent": 0.11
				}
			,{
				"<=msec": 7.500
				,"percent": 0.12
				}
			,{
				"<=msec": 7.600
				,"percent": 0.13
				}
			,{
				"<=msec": 7.700
				,"percent": 0.14
				}
			,{
				"<=msec": 7.800
				,"percent": 0.15
				}
			,{
				"<=msec": 7.900
				,"percent": 0.17
				}
			,{
				"<=msec": 8.000
				,"percent": 0.20
				}
			,{
				"<=msec": 8.100
				,"percent": 0.23
				}
			,{
				"<=msec": 8.200
				,"percent": 0.28
				}
			,{
				"<=msec": 8.300
				,"percent": 0.37
				}
			,{
				"<=msec": 8.400
				,"percent": 0.45
				}
			,{
				"<=msec": 8.500
				,"percent": 0.52
				}
			,{
				"<=msec": 8.600
				,"percent": 0.58
				}
			,{
				"<=msec": 8.700
				,"percent": 0.68
				}
			,{
				"<=msec": 8.800
				,"percent": 0.79
				}
			,{
				"<=msec": 8.900
				,"percent": 0.93
				}
			,{
				"<=msec": 9.000
				,"percent": 1.04
				}
			,{
				"<=msec": 9.100
				,"percent": 1.22
				}
			,{
				"<=msec": 9.200
				,"percent": 1.39
				}
			,{
				"<=msec": 9.300
				,"percent": 1.60
				}
			,{
				"<=msec": 9.400
				,"percent": 1.80
				}
			,{
				"<=msec": 9.500
				,"percent": 2.07
				}
			,{
				"<=msec": 9.600
				,"percent": 2.33
				}
			,{
				"<=msec": 9.700
				,"percent": 2.62
				}
			,{
				"<=msec": 9.800
				,"percent": 2.97
				}
			,{
				"<=msec": 9.900
				,"percent": 3.28
				}
			,{
				"<=msec": 10.000
				,"percent": 4.91
				}
			,{
				"<=msec": 11.000
				,"percent": 6.63
				}
			,{
				"<=msec": 12.000
				,"percent": 7.30
				}
			,{
				"<=msec": 13.000
				,"percent": 7.61
				}
			,{
				"<=msec": 14.000
				,"percent": 7.93
				}
			,{
				"<=msec": 15.000
				,"percent": 8.24
				}
			,{
				"<=msec": 16.000
				,"percent": 8.69
				}
			,{
				"<=msec": 17.000
				,"percent": 9.17
				}
			,{
				"<=msec": 18.000
				,"percent": 10.04
				}
			,{
				"<=msec": 19.000
				,"percent": 11.32
				}
			,{
				"<=msec": 20.000
				,"percent": 12.33
				}
			,{
				"<=msec": 21.000
				,"percent": 13.12
				}
			,{
				"<=msec": 22.000
				,"percent": 13.56
				}
			,{
				"<=msec": 23.000
				,"percent": 13.86
				}
			,{
				"<=msec": 24.000
				,"percent": 14.01
				}
			,{
				"<=msec": 25.000
				,"percent": 14.14
				}
			,{
				"<=msec": 26.000
				,"percent": 14.27
				}
			,{
				"<=msec": 27.000
				,"percent": 14.47
				}
			,{
				"<=msec": 28.000
				,"percent": 14.87
				}
			,{
				"<=msec": 29.000
				,"percent": 15.38
				}
			,{
				"<=msec": 30.000
				,"percent": 15.77
				}
			,{
				"<=msec": 31.000
				,"percent": 16.14
				}
			,{
				"<=msec": 32.000
				,"percent": 16.42
				}
			,{
				"<=msec": 33.000
				,"percent": 16.66
				}
			,{
				"<=msec": 34.000
				,"percent": 16.85
				}
			,{
				"<=msec": 35.000
				,"percent": 17.02
				}
			,{
				"<=msec": 36.000
				,"percent": 17.20
				}
			,{
				"<=msec": 37.000
				,"percent": 17.43
				}
			,{
				"<=msec": 38.000
				,"percent": 17.67
				}
			,{
				"<=msec": 39.000
				,"percent": 17.91
				}
			,{
				"<=msec": 40.000
				,"percent": 18.11
				}
			,{
				"<=msec": 41.000
				,"percent": 18.24
				}
			,{
				"<=msec": 42.000
				,"percent": 18.39
				}
			,{
				"<=msec": 43.000
				,"percent": 18.55
				}
			,{
				"<=msec": 44.000
				,"percent": 18.70
				}
			,{
				"<=msec": 45.000
				,"percent": 18.90
				}
			,{
				"<=msec": 46.000
				,"percent": 19.06
				}
			,{
				"<=msec": 47.000
				,"percent": 19.24
				}
			,{
				"<=msec": 48.000
				,"percent": 19.42
				}
			,{
				"<=msec": 49.000
				,"percent": 19.59
				}
			,{
				"<=msec": 50.000
				,"percent": 19.76
				}
			,{
				"<=msec": 51.000
				,"percent": 19.94
				}
			,{
				"<=msec": 52.000
				,"percent": 20.16
				}
			,{
				"<=msec": 53.000
				,"percent": 20.67
				}
			,{
				"<=msec": 54.000
				,"percent": 21.78
				}
			,{
				"<=msec": 55.000
				,"percent": 23.71
				}
			,{
				"<=msec": 56.000
				,"percent": 26.09
				}
			,{
				"<=msec": 57.000
				,"percent": 28.87
				}
			,{
				"<=msec": 58.000
				,"percent": 32.01
				}
			,{
				"<=msec": 59.000
				,"percent": 35.90
				}
			,{
				"<=msec": 60.000
				,"percent": 39.94
				}
			,{
				"<=msec": 61.000
				,"percent": 44.28
				}
			,{
				"<=msec": 62.000
				,"percent": 48.92
				}
			,{
				"<=msec": 63.000
				,"percent": 53.63
				}
			,{
				"<=msec": 64.000
				,"percent": 58.35
				}
			,{
				"<=msec": 65.000
				,"percent": 62.41
				}
			,{
				"<=msec": 66.000
				,"percent": 65.86
				}
			,{
				"<=msec": 67.000
				,"percent": 69.30
				}
			,{
				"<=msec": 68.000
				,"percent": 72.59
				}
			,{
				"<=msec": 69.000
				,"percent": 75.48
				}
			,{
				"<=msec": 70.000
				,"percent": 77.69
				}
			,{
				"<=msec": 71.000
				,"percent": 79.75
				}
			,{
				"<=msec": 72.000
				,"percent": 81.54
				}
			,{
				"<=msec": 73.000
				,"percent": 83.21
				}
			,{
				"<=msec": 74.000
				,"percent": 84.62
				}
			,{
				"<=msec": 75.000
				,"percent": 86.00
				}
			,{
				"<=msec": 76.000
				,"percent": 87.27
				}
			,{
				"<=msec": 77.000
				,"percent": 88.30
				}
			,{
				"<=msec": 78.000
				,"percent": 89.36
				}
			,{
				"<=msec": 79.000
				,"percent": 90.52
				}
			,{
				"<=msec": 80.000
				,"percent": 91.41
				}
			,{
				"<=msec": 81.000
				,"percent": 92.34
				}
			,{
				"<=msec": 82.000
				,"percent": 93.27
				}
			,{
				"<=msec": 83.000
				,"percent": 94.04
				}
			,{
				"<=msec": 84.000
				,"percent": 94.77
				}
			,{
				"<=msec": 85.000
				,"percent": 95.39
				}
			,{
				"<=msec": 86.000
				,"percent": 95.95
				}
			,{
				"<=msec": 87.000
				,"percent": 96.44
				}
			,{
				"<=msec": 88.000
				,"percent": 96.83
				}
			,{
				"<=msec": 89.000
				,"percent": 97.25
				}
			,{
				"<=msec": 90.000
				,"percent": 97.52
				}
			,{
				"<=msec": 91.000
				,"percent": 97.78
				}
			,{
				"<=msec": 92.000
				,"percent": 98.04
				}
			,{
				"<=msec": 93.000
				,"percent": 98.31
				}
			,{
				"<=msec": 94.000
				,"percent": 98.48
				}
			,{
				"<=msec": 95.000
				,"percent": 98.69
				}
			,{
				"<=msec": 96.000
				,"percent": 98.79
				}
			,{
				"<=msec": 97.000
				,"percent": 98.89
				}
			,{
				"<=msec": 98.000
				,"percent": 98.99
				}
			,{
				"<=msec": 99.000
				,"percent": 99.13
				}
			,{
				"<=msec": 100.000
				,"percent": 99.59
				}
			,{
				"<=msec": 110.000
				,"percent": 99.78
				}
			,{
				"<=msec": 120.000
				,"percent": 99.82
				}
			,{
				"<=msec": 140.000
				,"percent": 99.84
				}
			,{
				"<=msec": 160.000
				,"percent": 99.84
				}
			,{
				"<=msec": 170.000
				,"percent": 99.84
				}
			,{
				"<=msec": 200.000
				,"percent": 99.88
				}
			,{
				"<=msec": 210.000
				,"percent": 99.92
				}
			,{
				"<=msec": 240.000
				,"percent": 99.93
				}
			,{
				"<=msec": 250.000
				,"percent": 99.93
				}
			,{
				"<=msec": 270.000
				,"percent": 99.93
				}
			,{
				"<=msec": 310.000
				,"percent": 99.95
				}
			,{
				"<=msec": 320.000
				,"percent": 99.99
				}
			,{
				"<=msec": 330.000
				,"percent": 99.99
				}
			,{
				"<=msec": 340.000
				,"percent": 100.00
				}
			]
		,"GET":[
		]
		,"WAIT":[
		]
		}
	}
