{
	"configuration":{
		"server": "10.0.0.8"
		,"port": 6379
		,"unix socket": "(null)"
		,"protocol": "memcache_text"
		,"out_file": "(null)"
		,"client_stats": "(null)"
		,"run_count": 1
		,"debug": 0
		,"requests": 0
		,"clients": 32
		,"threads": 1
		,"test_time": 75
		,"ratio": "1:0"
		,"pipeline": 1
		,"data_size": 1024
		,"data_offset": 0
		,"random_data": "false"
		,"data_size_range": "0:0"
		,"data_size_list": ""
		,"data_size_pattern": "R"
		,"expiry_range": "9999:10000"
		,"data_import": "(null)"
		,"data_verify": "false"
		,"verify_only": "false"
		,"generate_keys": "false"
		,"key_prefix": "memtier-"
		,"key_minimum":           0
		,"key_maximum":       10000
		,"key_pattern": "R:R"
		,"key_stddev": 0.000000
		,"key_median": 0.000000
		,"reconnect_interval": 0
		,"multi_key_get": 0
		,"authenticate": ""
		,"select-db": 0
		,"no-expiry": "false"
		,"wait-ratio": "0:0"
		,"num-slaves": "0:0"
		,"wait-timeout": "0-0"
		}
	,"run information":{
		"Threads": 1
		,"Connections per thread": 32
		,"Seconds": 75
		}
	,"ALL STATS":{
		"Sets":{
			"Ops/sec": 519.67
			,"Hits/sec": 0.00
			,"Misses/sec": 0.00
			,"Latency": 61.57
			,"KB/sec": 540.16
			}
		,"Gets":{
			"Ops/sec": 0.00
			,"Hits/sec": 0.00
			,"Misses/sec": 0.00
			,"Latency": 0.00
			,"KB/sec": 0.00
			}
		,"Waits":{
			"Ops/sec": 0.00
			,"Hits/sec": 0.00
			,"Misses/sec": 0.00
			,"Latency": 0.00
			,"KB/sec": 0.00
			}
		,"Totals":{
			"Ops/sec": 519.67
			,"Hits/sec": 0.00
			,"Misses/sec": 0.00
			,"Latency": 61.57
			,"KB/sec": 540.16
			}
		,"SET":[
			{
				"<=msec": 25.000
				,"percent": 0.03
				}
			,{
				"<=msec": 26.000
				,"percent": 0.11
				}
			,{
				"<=msec": 27.000
				,"percent": 0.34
				}
			,{
				"<=msec": 28.000
				,"percent": 0.67
				}
			,{
				"<=msec": 29.000
				,"percent": 1.26
				}
			,{
				"<=msec": 30.000
				,"percent": 1.84
				}
			,{
				"<=msec": 31.000
				,"percent": 2.19
				}
			,{
				"<=msec": 32.000
				,"percent": 2.44
				}
			,{
				"<=msec": 33.000
				,"percent": 2.64
				}
			,{
				"<=msec": 34.000
				,"percent": 2.85
				}
			,{
				"<=msec": 35.000
				,"percent": 3.07
				}
			,{
				"<=msec": 36.000
				,"percent": 3.28
				}
			,{
				"<=msec": 37.000
				,"percent": 3.87
				}
			,{
				"<=msec": 38.000
				,"percent": 4.56
				}
			,{
				"<=msec": 39.000
				,"percent": 5.27
				}
			,{
				"<=msec": 40.000
				,"percent": 5.75
				}
			,{
				"<=msec": 41.000
				,"percent": 6.30
				}
			,{
				"<=msec": 42.000
				,"percent": 6.80
				}
			,{
				"<=msec": 43.000
				,"percent": 7.25
				}
			,{
				"<=msec": 44.000
				,"percent": 7.74
				}
			,{
				"<=msec": 45.000
				,"percent": 8.13
				}
			,{
				"<=msec": 46.000
				,"percent": 8.55
				}
			,{
				"<=msec": 47.000
				,"percent": 8.98
				}
			,{
				"<=msec": 48.000
				,"percent": 9.45
				}
			,{
				"<=msec": 49.000
				,"percent": 9.84
				}
			,{
				"<=msec": 50.000
				,"percent": 10.10
				}
			,{
				"<=msec": 51.000
				,"percent": 10.32
				}
			,{
				"<=msec": 52.000
				,"percent": 10.84
				}
			,{
				"<=msec": 53.000
				,"percent": 12.42
				}
			,{
				"<=msec": 54.000
				,"percent": 15.77
				}
			,{
				"<=msec": 55.000
				,"percent": 20.42
				}
			,{
				"<=msec": 56.000
				,"percent": 26.05
				}
			,{
				"<=msec": 57.000
				,"percent": 31.98
				}
			,{
				"<=msec": 58.000
				,"percent": 37.84
				}
			,{
				"<=msec": 59.000
				,"percent": 43.56
				}
			,{
				"<=msec": 60.000
				,"percent": 49.29
				}
			,{
				"<=msec": 61.000
				,"percent": 54.83
				}
			,{
				"<=msec": 62.000
				,"percent": 60.11
				}
			,{
				"<=msec": 63.000
				,"percent": 64.51
				}
			,{
				"<=msec": 64.000
				,"percent": 68.32
				}
			,{
				"<=msec": 65.000
				,"percent": 71.96
				}
			,{
				"<=msec": 66.000
				,"percent": 74.86
				}
			,{
				"<=msec": 67.000
				,"percent": 77.27
				}
			,{
				"<=msec": 68.000
				,"percent": 79.49
				}
			,{
				"<=msec": 69.000
				,"percent": 81.30
				}
			,{
				"<=msec": 70.000
				,"percent": 82.86
				}
			,{
				"<=msec": 71.000
				,"percent": 84.33
				}
			,{
				"<=msec": 72.000
				,"percent": 85.74
				}
			,{
				"<=msec": 73.000
				,"percent": 87.21
				}
			,{
				"<=msec": 74.000
				,"percent": 88.63
				}
			,{
				"<=msec": 75.000
				,"percent": 89.99
				}
			,{
				"<=msec": 76.000
				,"percent": 91.17
				}
			,{
				"<=msec": 77.000
				,"percent": 92.20
				}
			,{
				"<=msec": 78.000
				,"percent": 93.21
				}
			,{
				"<=msec": 79.000
				,"percent": 94.01
				}
			,{
				"<=msec": 80.000
				,"percent": 94.68
				}
			,{
				"<=msec": 81.000
				,"percent": 95.32
				}
			,{
				"<=msec": 82.000
				,"percent": 95.91
				}
			,{
				"<=msec": 83.000
				,"percent": 96.38
				}
			,{
				"<=msec": 84.000
				,"percent": 96.65
				}
			,{
				"<=msec": 85.000
				,"percent": 96.98
				}
			,{
				"<=msec": 86.000
				,"percent": 97.30
				}
			,{
				"<=msec": 87.000
				,"percent": 97.65
				}
			,{
				"<=msec": 88.000
				,"percent": 97.90
				}
			,{
				"<=msec": 89.000
				,"percent": 98.10
				}
			,{
				"<=msec": 90.000
				,"percent": 98.28
				}
			,{
				"<=msec": 91.000
				,"percent": 98.42
				}
			,{
				"<=msec": 92.000
				,"percent": 98.52
				}
			,{
				"<=msec": 93.000
				,"percent": 98.68
				}
			,{
				"<=msec": 94.000
				,"percent": 98.80
				}
			,{
				"<=msec": 95.000
				,"percent": 98.90
				}
			,{
				"<=msec": 96.000
				,"percent": 98.96
				}
			,{
				"<=msec": 97.000
				,"percent": 99.05
				}
			,{
				"<=msec": 98.000
				,"percent": 99.13
				}
			,{
				"<=msec": 99.000
				,"percent": 99.23
				}
			,{
				"<=msec": 100.000
				,"percent": 99.50
				}
			,{
				"<=msec": 110.000
				,"percent": 99.65
				}
			,{
				"<=msec": 120.000
				,"percent": 99.77
				}
			,{
				"<=msec": 130.000
				,"percent": 99.81
				}
			,{
				"<=msec": 140.000
				,"percent": 99.84
				}
			,{
				"<=msec": 150.000
				,"percent": 99.89
				}
			,{
				"<=msec": 160.000
				,"percent": 100.00
				}
			]
		,"GET":[
		]
		,"WAIT":[
		]
		}
	}
