{
	"configuration":{
		"server": "10.0.0.8"
		,"port": 6379
		,"unix socket": "(null)"
		,"protocol": "memcache_text"
		,"out_file": "(null)"
		,"client_stats": "(null)"
		,"run_count": 1
		,"debug": 0
		,"requests": 0
		,"clients": 32
		,"threads": 1
		,"test_time": 75
		,"ratio": "1:0"
		,"pipeline": 1
		,"data_size": 1024
		,"data_offset": 0
		,"random_data": "false"
		,"data_size_range": "0:0"
		,"data_size_list": ""
		,"data_size_pattern": "R"
		,"expiry_range": "9999:10000"
		,"data_import": "(null)"
		,"data_verify": "false"
		,"verify_only": "false"
		,"generate_keys": "false"
		,"key_prefix": "memtier-"
		,"key_minimum":           0
		,"key_maximum":       10000
		,"key_pattern": "R:R"
		,"key_stddev": 0.000000
		,"key_median": 0.000000
		,"reconnect_interval": 0
		,"multi_key_get": 0
		,"authenticate": ""
		,"select-db": 0
		,"no-expiry": "false"
		,"wait-ratio": "0:0"
		,"num-slaves": "0:0"
		,"wait-timeout": "0-0"
		}
	,"run information":{
		"Threads": 1
		,"Connections per thread": 32
		,"Seconds": 75
		}
	,"ALL STATS":{
		"Sets":{
			"Ops/sec": 489.69
			,"Hits/sec": 0.00
			,"Misses/sec": 0.00
			,"Latency": 64.48
			,"KB/sec": 508.99
			}
		,"Gets":{
			"Ops/sec": 0.00
			,"Hits/sec": 0.00
			,"Misses/sec": 0.00
			,"Latency": 0.00
			,"KB/sec": 0.00
			}
		,"Waits":{
			"Ops/sec": 0.00
			,"Hits/sec": 0.00
			,"Misses/sec": 0.00
			,"Latency": 0.00
			,"KB/sec": 0.00
			}
		,"Totals":{
			"Ops/sec": 489.69
			,"Hits/sec": 0.00
			,"Misses/sec": 0.00
			,"Latency": 64.48
			,"KB/sec": 508.99
			}
		,"SET":[
			{
				"<=msec": 18.000
				,"percent": 0.01
				}
			,{
				"<=msec": 19.000
				,"percent": 0.01
				}
			,{
				"<=msec": 20.000
				,"percent": 0.02
				}
			,{
				"<=msec": 21.000
				,"percent": 0.03
				}
			,{
				"<=msec": 22.000
				,"percent": 0.04
				}
			,{
				"<=msec": 23.000
				,"percent": 0.05
				}
			,{
				"<=msec": 24.000
				,"percent": 0.09
				}
			,{
				"<=msec": 25.000
				,"percent": 0.11
				}
			,{
				"<=msec": 26.000
				,"percent": 0.18
				}
			,{
				"<=msec": 27.000
				,"percent": 0.43
				}
			,{
				"<=msec": 28.000
				,"percent": 0.85
				}
			,{
				"<=msec": 29.000
				,"percent": 1.23
				}
			,{
				"<=msec": 30.000
				,"percent": 1.76
				}
			,{
				"<=msec": 31.000
				,"percent": 2.09
				}
			,{
				"<=msec": 32.000
				,"percent": 2.32
				}
			,{
				"<=msec": 33.000
				,"percent": 2.56
				}
			,{
				"<=msec": 34.000
				,"percent": 2.82
				}
			,{
				"<=msec": 35.000
				,"percent": 2.99
				}
			,{
				"<=msec": 36.000
				,"percent": 3.32
				}
			,{
				"<=msec": 37.000
				,"percent": 3.69
				}
			,{
				"<=msec": 38.000
				,"percent": 4.09
				}
			,{
				"<=msec": 39.000
				,"percent": 4.55
				}
			,{
				"<=msec": 40.000
				,"percent": 5.02
				}
			,{
				"<=msec": 41.000
				,"percent": 5.50
				}
			,{
				"<=msec": 42.000
				,"percent": 5.91
				}
			,{
				"<=msec": 43.000
				,"percent": 6.38
				}
			,{
				"<=msec": 44.000
				,"percent": 6.74
				}
			,{
				"<=msec": 45.000
				,"percent": 7.16
				}
			,{
				"<=msec": 46.000
				,"percent": 7.45
				}
			,{
				"<=msec": 47.000
				,"percent": 7.90
				}
			,{
				"<=msec": 48.000
				,"percent": 8.33
				}
			,{
				"<=msec": 49.000
				,"percent": 8.89
				}
			,{
				"<=msec": 50.000
				,"percent": 9.42
				}
			,{
				"<=msec": 51.000
				,"percent": 9.87
				}
			,{
				"<=msec": 52.000
				,"percent": 10.26
				}
			,{
				"<=msec": 53.000
				,"percent": 11.02
				}
			,{
				"<=msec": 54.000
				,"percent": 12.57
				}
			,{
				"<=msec": 55.000
				,"percent": 14.93
				}
			,{
				"<=msec": 56.000
				,"percent": 17.84
				}
			,{
				"<=msec": 57.000
				,"percent": 21.09
				}
			,{
				"<=msec": 58.000
				,"percent": 24.99
				}
			,{
				"<=msec": 59.000
				,"percent": 29.52
				}
			,{
				"<=msec": 60.000
				,"percent": 34.15
				}
			,{
				"<=msec": 61.000
				,"percent": 39.07
				}
			,{
				"<=msec": 62.000
				,"percent": 44.50
				}
			,{
				"<=msec": 63.000
				,"percent": 49.92
				}
			,{
				"<=msec": 64.000
				,"percent": 54.84
				}
			,{
				"<=msec": 65.000
				,"percent": 59.09
				}
			,{
				"<=msec": 66.000
				,"percent": 62.85
				}
			,{
				"<=msec": 67.000
				,"percent": 66.48
				}
			,{
				"<=msec": 68.000
				,"percent": 70.26
				}
			,{
				"<=msec": 69.000
				,"percent": 73.29
				}
			,{
				"<=msec": 70.000
				,"percent": 75.72
				}
			,{
				"<=msec": 71.000
				,"percent": 77.89
				}
			,{
				"<=msec": 72.000
				,"percent": 79.72
				}
			,{
				"<=msec": 73.000
				,"percent": 81.56
				}
			,{
				"<=msec": 74.000
				,"percent": 83.20
				}
			,{
				"<=msec": 75.000
				,"percent": 84.74
				}
			,{
				"<=msec": 76.000
				,"percent": 86.24
				}
			,{
				"<=msec": 77.000
				,"percent": 87.56
				}
			,{
				"<=msec": 78.000
				,"percent": 88.69
				}
			,{
				"<=msec": 79.000
				,"percent": 89.90
				}
			,{
				"<=msec": 80.000
				,"percent": 91.05
				}
			,{
				"<=msec": 81.000
				,"percent": 92.03
				}
			,{
				"<=msec": 82.000
				,"percent": 92.97
				}
			,{
				"<=msec": 83.000
				,"percent": 93.83
				}
			,{
				"<=msec": 84.000
				,"percent": 94.59
				}
			,{
				"<=msec": 85.000
				,"percent": 95.22
				}
			,{
				"<=msec": 86.000
				,"percent": 95.75
				}
			,{
				"<=msec": 87.000
				,"percent": 96.32
				}
			,{
				"<=msec": 88.000
				,"percent": 96.86
				}
			,{
				"<=msec": 89.000
				,"percent": 97.23
				}
			,{
				"<=msec": 90.000
				,"percent": 97.52
				}
			,{
				"<=msec": 91.000
				,"percent": 97.82
				}
			,{
				"<=msec": 92.000
				,"percent": 98.07
				}
			,{
				"<=msec": 93.000
				,"percent": 98.34
				}
			,{
				"<=msec": 94.000
				,"percent": 98.52
				}
			,{
				"<=msec": 95.000
				,"percent": 98.73
				}
			,{
				"<=msec": 96.000
				,"percent": 98.82
				}
			,{
				"<=msec": 97.000
				,"percent": 98.90
				}
			,{
				"<=msec": 98.000
				,"percent": 98.97
				}
			,{
				"<=msec": 99.000
				,"percent": 99.10
				}
			,{
				"<=msec": 100.000
				,"percent": 99.59
				}
			,{
				"<=msec": 110.000
				,"percent": 99.74
				}
			,{
				"<=msec": 120.000
				,"percent": 99.78
				}
			,{
				"<=msec": 130.000
				,"percent": 99.79
				}
			,{
				"<=msec": 140.000
				,"percent": 99.83
				}
			,{
				"<=msec": 190.000
				,"percent": 99.83
				}
			,{
				"<=msec": 200.000
				,"percent": 99.86
				}
			,{
				"<=msec": 210.000
				,"percent": 99.91
				}
			,{
				"<=msec": 220.000
				,"percent": 99.92
				}
			,{
				"<=msec": 280.000
				,"percent": 99.92
				}
			,{
				"<=msec": 300.000
				,"percent": 99.92
				}
			,{
				"<=msec": 310.000
				,"percent": 99.96
				}
			,{
				"<=msec": 320.000
				,"percent": 99.98
				}
			,{
				"<=msec": 340.000
				,"percent": 100.00
				}
			]
		,"GET":[
		]
		,"WAIT":[
		]
		}
	}
