{
	"configuration":{
		"server": "10.0.0.8"
		,"port": 6379
		,"unix socket": "(null)"
		,"protocol": "memcache_text"
		,"out_file": "(null)"
		,"client_stats": "(null)"
		,"run_count": 1
		,"debug": 0
		,"requests": 0
		,"clients": 2
		,"threads": 1
		,"test_time": 75
		,"ratio": "1:9"
		,"pipeline": 1
		,"data_size": 1024
		,"data_offset": 0
		,"random_data": "false"
		,"data_size_range": "0:0"
		,"data_size_list": ""
		,"data_size_pattern": "R"
		,"expiry_range": "9999:10000"
		,"data_import": "(null)"
		,"data_verify": "false"
		,"verify_only": "false"
		,"generate_keys": "false"
		,"key_prefix": "memtier-"
		,"key_minimum":           0
		,"key_maximum":       10000
		,"key_pattern": "R:R"
		,"key_stddev": 0.000000
		,"key_median": 0.000000
		,"reconnect_interval": 0
		,"multi_key_get": 9
		,"authenticate": ""
		,"select-db": 0
		,"no-expiry": "false"
		,"wait-ratio": "0:0"
		,"num-slaves": "0:0"
		,"wait-timeout": "0-0"
		}
	,"run information":{
		"Threads": 1
		,"Connections per thread": 2
		,"Seconds": 75
		}
	,"ALL STATS":{
		"Sets":{
			"Ops/sec": 163.99
			,"Hits/sec": 0.00
			,"Misses/sec": 0.00
			,"Latency": 6.69
			,"KB/sec": 170.46
			}
		,"Gets":{
			"Ops/sec": 163.98
			,"Hits/sec": 1475.83
			,"Misses/sec": 0.00
			,"Latency": 5.48
			,"KB/sec": 1537.63
			}
		,"Waits":{
			"Ops/sec": 0.00
			,"Hits/sec": 0.00
			,"Misses/sec": 0.00
			,"Latency": 0.00
			,"KB/sec": 0.00
			}
		,"Totals":{
			"Ops/sec": 327.97
			,"Hits/sec": 1475.83
			,"Misses/sec": 0.00
			,"Latency": 6.09
			,"KB/sec": 1708.10
			}
		,"SET":[
			{
				"<=msec": 0.870
				,"percent": 0.01
				}
			,{
				"<=msec": 0.890
				,"percent": 0.02
				}
			,{
				"<=msec": 0.920
				,"percent": 0.02
				}
			,{
				"<=msec": 0.930
				,"percent": 0.04
				}
			,{
				"<=msec": 0.940
				,"percent": 0.05
				}
			,{
				"<=msec": 0.950
				,"percent": 0.06
				}
			,{
				"<=msec": 0.960
				,"percent": 0.07
				}
			,{
				"<=msec": 0.970
				,"percent": 0.08
				}
			,{
				"<=msec": 0.980
				,"percent": 0.10
				}
			,{
				"<=msec": 0.990
				,"percent": 0.11
				}
			,{
				"<=msec": 1.000
				,"percent": 0.32
				}
			,{
				"<=msec": 1.100
				,"percent": 1.15
				}
			,{
				"<=msec": 1.200
				,"percent": 2.75
				}
			,{
				"<=msec": 1.300
				,"percent": 4.62
				}
			,{
				"<=msec": 1.400
				,"percent": 6.73
				}
			,{
				"<=msec": 1.500
				,"percent": 9.02
				}
			,{
				"<=msec": 1.600
				,"percent": 11.18
				}
			,{
				"<=msec": 1.700
				,"percent": 13.24
				}
			,{
				"<=msec": 1.800
				,"percent": 15.18
				}
			,{
				"<=msec": 1.900
				,"percent": 17.04
				}
			,{
				"<=msec": 2.000
				,"percent": 18.76
				}
			,{
				"<=msec": 2.100
				,"percent": 20.15
				}
			,{
				"<=msec": 2.200
				,"percent": 21.49
				}
			,{
				"<=msec": 2.300
				,"percent": 22.89
				}
			,{
				"<=msec": 2.400
				,"percent": 24.33
				}
			,{
				"<=msec": 2.500
				,"percent": 25.40
				}
			,{
				"<=msec": 2.600
				,"percent": 26.54
				}
			,{
				"<=msec": 2.700
				,"percent": 27.57
				}
			,{
				"<=msec": 2.800
				,"percent": 28.58
				}
			,{
				"<=msec": 2.900
				,"percent": 29.38
				}
			,{
				"<=msec": 3.000
				,"percent": 30.31
				}
			,{
				"<=msec": 3.100
				,"percent": 31.12
				}
			,{
				"<=msec": 3.200
				,"percent": 31.80
				}
			,{
				"<=msec": 3.300
				,"percent": 32.71
				}
			,{
				"<=msec": 3.400
				,"percent": 33.40
				}
			,{
				"<=msec": 3.500
				,"percent": 34.14
				}
			,{
				"<=msec": 3.600
				,"percent": 34.78
				}
			,{
				"<=msec": 3.700
				,"percent": 35.38
				}
			,{
				"<=msec": 3.800
				,"percent": 35.92
				}
			,{
				"<=msec": 3.900
				,"percent": 36.49
				}
			,{
				"<=msec": 4.000
				,"percent": 37.15
				}
			,{
				"<=msec": 4.100
				,"percent": 37.77
				}
			,{
				"<=msec": 4.200
				,"percent": 38.41
				}
			,{
				"<=msec": 4.300
				,"percent": 38.90
				}
			,{
				"<=msec": 4.400
				,"percent": 39.48
				}
			,{
				"<=msec": 4.500
				,"percent": 39.98
				}
			,{
				"<=msec": 4.600
				,"percent": 40.66
				}
			,{
				"<=msec": 4.700
				,"percent": 41.20
				}
			,{
				"<=msec": 4.800
				,"percent": 41.76
				}
			,{
				"<=msec": 4.900
				,"percent": 42.49
				}
			,{
				"<=msec": 5.000
				,"percent": 43.16
				}
			,{
				"<=msec": 5.100
				,"percent": 43.85
				}
			,{
				"<=msec": 5.200
				,"percent": 44.39
				}
			,{
				"<=msec": 5.300
				,"percent": 45.02
				}
			,{
				"<=msec": 5.400
				,"percent": 45.82
				}
			,{
				"<=msec": 5.500
				,"percent": 46.47
				}
			,{
				"<=msec": 5.600
				,"percent": 47.09
				}
			,{
				"<=msec": 5.700
				,"percent": 47.85
				}
			,{
				"<=msec": 5.800
				,"percent": 48.69
				}
			,{
				"<=msec": 5.900
				,"percent": 49.50
				}
			,{
				"<=msec": 6.000
				,"percent": 50.30
				}
			,{
				"<=msec": 6.100
				,"percent": 51.28
				}
			,{
				"<=msec": 6.200
				,"percent": 52.06
				}
			,{
				"<=msec": 6.300
				,"percent": 53.06
				}
			,{
				"<=msec": 6.400
				,"percent": 54.11
				}
			,{
				"<=msec": 6.500
				,"percent": 55.10
				}
			,{
				"<=msec": 6.600
				,"percent": 56.01
				}
			,{
				"<=msec": 6.700
				,"percent": 56.92
				}
			,{
				"<=msec": 6.800
				,"percent": 58.03
				}
			,{
				"<=msec": 6.900
				,"percent": 59.13
				}
			,{
				"<=msec": 7.000
				,"percent": 60.26
				}
			,{
				"<=msec": 7.100
				,"percent": 61.33
				}
			,{
				"<=msec": 7.200
				,"percent": 62.34
				}
			,{
				"<=msec": 7.300
				,"percent": 63.30
				}
			,{
				"<=msec": 7.400
				,"percent": 64.28
				}
			,{
				"<=msec": 7.500
				,"percent": 65.19
				}
			,{
				"<=msec": 7.600
				,"percent": 66.17
				}
			,{
				"<=msec": 7.700
				,"percent": 67.31
				}
			,{
				"<=msec": 7.800
				,"percent": 68.30
				}
			,{
				"<=msec": 7.900
				,"percent": 69.23
				}
			,{
				"<=msec": 8.000
				,"percent": 70.26
				}
			,{
				"<=msec": 8.100
				,"percent": 71.14
				}
			,{
				"<=msec": 8.200
				,"percent": 72.06
				}
			,{
				"<=msec": 8.300
				,"percent": 73.00
				}
			,{
				"<=msec": 8.400
				,"percent": 73.85
				}
			,{
				"<=msec": 8.500
				,"percent": 74.59
				}
			,{
				"<=msec": 8.600
				,"percent": 75.34
				}
			,{
				"<=msec": 8.700
				,"percent": 76.07
				}
			,{
				"<=msec": 8.800
				,"percent": 76.76
				}
			,{
				"<=msec": 8.900
				,"percent": 77.46
				}
			,{
				"<=msec": 9.000
				,"percent": 78.14
				}
			,{
				"<=msec": 9.100
				,"percent": 78.76
				}
			,{
				"<=msec": 9.200
				,"percent": 79.25
				}
			,{
				"<=msec": 9.300
				,"percent": 79.80
				}
			,{
				"<=msec": 9.400
				,"percent": 80.42
				}
			,{
				"<=msec": 9.500
				,"percent": 81.04
				}
			,{
				"<=msec": 9.600
				,"percent": 81.54
				}
			,{
				"<=msec": 9.700
				,"percent": 81.99
				}
			,{
				"<=msec": 9.800
				,"percent": 82.51
				}
			,{
				"<=msec": 9.900
				,"percent": 82.95
				}
			,{
				"<=msec": 10.000
				,"percent": 85.06
				}
			,{
				"<=msec": 11.000
				,"percent": 87.82
				}
			,{
				"<=msec": 12.000
				,"percent": 89.83
				}
			,{
				"<=msec": 13.000
				,"percent": 91.14
				}
			,{
				"<=msec": 14.000
				,"percent": 92.29
				}
			,{
				"<=msec": 15.000
				,"percent": 93.34
				}
			,{
				"<=msec": 16.000
				,"percent": 94.35
				}
			,{
				"<=msec": 17.000
				,"percent": 95.23
				}
			,{
				"<=msec": 18.000
				,"percent": 96.25
				}
			,{
				"<=msec": 19.000
				,"percent": 97.04
				}
			,{
				"<=msec": 20.000
				,"percent": 97.52
				}
			,{
				"<=msec": 21.000
				,"percent": 97.83
				}
			,{
				"<=msec": 22.000
				,"percent": 98.11
				}
			,{
				"<=msec": 23.000
				,"percent": 98.36
				}
			,{
				"<=msec": 24.000
				,"percent": 98.64
				}
			,{
				"<=msec": 25.000
				,"percent": 98.81
				}
			,{
				"<=msec": 26.000
				,"percent": 98.98
				}
			,{
				"<=msec": 27.000
				,"percent": 99.12
				}
			,{
				"<=msec": 28.000
				,"percent": 99.23
				}
			,{
				"<=msec": 29.000
				,"percent": 99.31
				}
			,{
				"<=msec": 30.000
				,"percent": 99.40
				}
			,{
				"<=msec": 31.000
				,"percent": 99.46
				}
			,{
				"<=msec": 32.000
				,"percent": 99.54
				}
			,{
				"<=msec": 33.000
				,"percent": 99.63
				}
			,{
				"<=msec": 34.000
				,"percent": 99.71
				}
			,{
				"<=msec": 35.000
				,"percent": 99.73
				}
			,{
				"<=msec": 36.000
				,"percent": 99.76
				}
			,{
				"<=msec": 37.000
				,"percent": 99.84
				}
			,{
				"<=msec": 38.000
				,"percent": 99.85
				}
			,{
				"<=msec": 39.000
				,"percent": 99.89
				}
			,{
				"<=msec": 40.000
				,"percent": 99.91
				}
			,{
				"<=msec": 41.000
				,"percent": 99.93
				}
			,{
				"<=msec": 45.000
				,"percent": 99.94
				}
			,{
				"<=msec": 46.000
				,"percent": 99.96
				}
			,{
				"<=msec": 47.000
				,"percent": 99.98
				}
			,{
				"<=msec": 53.000
				,"percent": 99.98
				}
			,{
				"<=msec": 54.000
				,"percent": 99.99
				}
			,{
				"<=msec": 59.000
				,"percent": 100.00
				}
			]
		,"GET":[
			{
				"<=msec": 1.100
				,"percent": 0.02
				}
			,{
				"<=msec": 1.200
				,"percent": 0.30
				}
			,{
				"<=msec": 1.300
				,"percent": 1.37
				}
			,{
				"<=msec": 1.400
				,"percent": 3.44
				}
			,{
				"<=msec": 1.500
				,"percent": 6.56
				}
			,{
				"<=msec": 1.600
				,"percent": 10.07
				}
			,{
				"<=msec": 1.700
				,"percent": 13.85
				}
			,{
				"<=msec": 1.800
				,"percent": 17.68
				}
			,{
				"<=msec": 1.900
				,"percent": 21.51
				}
			,{
				"<=msec": 2.000
				,"percent": 25.12
				}
			,{
				"<=msec": 2.100
				,"percent": 28.49
				}
			,{
				"<=msec": 2.200
				,"percent": 31.30
				}
			,{
				"<=msec": 2.300
				,"percent": 34.37
				}
			,{
				"<=msec": 2.400
				,"percent": 36.90
				}
			,{
				"<=msec": 2.500
				,"percent": 39.14
				}
			,{
				"<=msec": 2.600
				,"percent": 41.89
				}
			,{
				"<=msec": 2.700
				,"percent": 43.84
				}
			,{
				"<=msec": 2.800
				,"percent": 46.06
				}
			,{
				"<=msec": 2.900
				,"percent": 47.99
				}
			,{
				"<=msec": 3.000
				,"percent": 49.72
				}
			,{
				"<=msec": 3.100
				,"percent": 51.19
				}
			,{
				"<=msec": 3.200
				,"percent": 52.69
				}
			,{
				"<=msec": 3.300
				,"percent": 53.96
				}
			,{
				"<=msec": 3.400
				,"percent": 55.19
				}
			,{
				"<=msec": 3.500
				,"percent": 56.28
				}
			,{
				"<=msec": 3.600
				,"percent": 57.27
				}
			,{
				"<=msec": 3.700
				,"percent": 58.22
				}
			,{
				"<=msec": 3.800
				,"percent": 59.17
				}
			,{
				"<=msec": 3.900
				,"percent": 59.94
				}
			,{
				"<=msec": 4.000
				,"percent": 60.74
				}
			,{
				"<=msec": 4.100
				,"percent": 61.39
				}
			,{
				"<=msec": 4.200
				,"percent": 61.89
				}
			,{
				"<=msec": 4.300
				,"percent": 62.34
				}
			,{
				"<=msec": 4.400
				,"percent": 62.78
				}
			,{
				"<=msec": 4.500
				,"percent": 63.32
				}
			,{
				"<=msec": 4.600
				,"percent": 63.83
				}
			,{
				"<=msec": 4.700
				,"percent": 64.27
				}
			,{
				"<=msec": 4.800
				,"percent": 64.68
				}
			,{
				"<=msec": 4.900
				,"percent": 65.19
				}
			,{
				"<=msec": 5.000
				,"percent": 65.58
				}
			,{
				"<=msec": 5.100
				,"percent": 65.94
				}
			,{
				"<=msec": 5.200
				,"percent": 66.31
				}
			,{
				"<=msec": 5.300
				,"percent": 66.57
				}
			,{
				"<=msec": 5.400
				,"percent": 66.88
				}
			,{
				"<=msec": 5.500
				,"percent": 67.22
				}
			,{
				"<=msec": 5.600
				,"percent": 67.53
				}
			,{
				"<=msec": 5.700
				,"percent": 67.84
				}
			,{
				"<=msec": 5.800
				,"percent": 68.14
				}
			,{
				"<=msec": 5.900
				,"percent": 68.44
				}
			,{
				"<=msec": 6.000
				,"percent": 68.84
				}
			,{
				"<=msec": 6.100
				,"percent": 69.14
				}
			,{
				"<=msec": 6.200
				,"percent": 69.46
				}
			,{
				"<=msec": 6.300
				,"percent": 69.75
				}
			,{
				"<=msec": 6.400
				,"percent": 70.02
				}
			,{
				"<=msec": 6.500
				,"percent": 70.37
				}
			,{
				"<=msec": 6.600
				,"percent": 70.70
				}
			,{
				"<=msec": 6.700
				,"percent": 70.98
				}
			,{
				"<=msec": 6.800
				,"percent": 71.33
				}
			,{
				"<=msec": 6.900
				,"percent": 71.63
				}
			,{
				"<=msec": 7.000
				,"percent": 71.97
				}
			,{
				"<=msec": 7.100
				,"percent": 72.38
				}
			,{
				"<=msec": 7.200
				,"percent": 72.81
				}
			,{
				"<=msec": 7.300
				,"percent": 73.16
				}
			,{
				"<=msec": 7.400
				,"percent": 73.51
				}
			,{
				"<=msec": 7.500
				,"percent": 73.92
				}
			,{
				"<=msec": 7.600
				,"percent": 74.31
				}
			,{
				"<=msec": 7.700
				,"percent": 74.82
				}
			,{
				"<=msec": 7.800
				,"percent": 75.27
				}
			,{
				"<=msec": 7.900
				,"percent": 75.71
				}
			,{
				"<=msec": 8.000
				,"percent": 76.18
				}
			,{
				"<=msec": 8.100
				,"percent": 76.65
				}
			,{
				"<=msec": 8.200
				,"percent": 77.14
				}
			,{
				"<=msec": 8.300
				,"percent": 77.69
				}
			,{
				"<=msec": 8.400
				,"percent": 78.20
				}
			,{
				"<=msec": 8.500
				,"percent": 78.68
				}
			,{
				"<=msec": 8.600
				,"percent": 79.09
				}
			,{
				"<=msec": 8.700
				,"percent": 79.55
				}
			,{
				"<=msec": 8.800
				,"percent": 80.09
				}
			,{
				"<=msec": 8.900
				,"percent": 80.52
				}
			,{
				"<=msec": 9.000
				,"percent": 81.00
				}
			,{
				"<=msec": 9.100
				,"percent": 81.48
				}
			,{
				"<=msec": 9.200
				,"percent": 81.84
				}
			,{
				"<=msec": 9.300
				,"percent": 82.25
				}
			,{
				"<=msec": 9.400
				,"percent": 82.71
				}
			,{
				"<=msec": 9.500
				,"percent": 83.12
				}
			,{
				"<=msec": 9.600
				,"percent": 83.51
				}
			,{
				"<=msec": 9.700
				,"percent": 83.84
				}
			,{
				"<=msec": 9.800
				,"percent": 84.23
				}
			,{
				"<=msec": 9.900
				,"percent": 84.67
				}
			,{
				"<=msec": 10.000
				,"percent": 86.87
				}
			,{
				"<=msec": 11.000
				,"percent": 89.76
				}
			,{
				"<=msec": 12.000
				,"percent": 91.49
				}
			,{
				"<=msec": 13.000
				,"percent": 92.64
				}
			,{
				"<=msec": 14.000
				,"percent": 93.45
				}
			,{
				"<=msec": 15.000
				,"percent": 94.18
				}
			,{
				"<=msec": 16.000
				,"percent": 94.63
				}
			,{
				"<=msec": 17.000
				,"percent": 95.39
				}
			,{
				"<=msec": 18.000
				,"percent": 96.18
				}
			,{
				"<=msec": 19.000
				,"percent": 96.86
				}
			,{
				"<=msec": 20.000
				,"percent": 97.65
				}
			,{
				"<=msec": 21.000
				,"percent": 98.16
				}
			,{
				"<=msec": 22.000
				,"percent": 98.43
				}
			,{
				"<=msec": 23.000
				,"percent": 98.63
				}
			,{
				"<=msec": 24.000
				,"percent": 98.78
				}
			,{
				"<=msec": 25.000
				,"percent": 98.91
				}
			,{
				"<=msec": 26.000
				,"percent": 99.03
				}
			,{
				"<=msec": 27.000
				,"percent": 99.15
				}
			,{
				"<=msec": 28.000
				,"percent": 99.31
				}
			,{
				"<=msec": 29.000
				,"percent": 99.47
				}
			,{
				"<=msec": 30.000
				,"percent": 99.55
				}
			,{
				"<=msec": 31.000
				,"percent": 99.63
				}
			,{
				"<=msec": 32.000
				,"percent": 99.69
				}
			,{
				"<=msec": 33.000
				,"percent": 99.76
				}
			,{
				"<=msec": 34.000
				,"percent": 99.77
				}
			,{
				"<=msec": 35.000
				,"percent": 99.79
				}
			,{
				"<=msec": 36.000
				,"percent": 99.81
				}
			,{
				"<=msec": 37.000
				,"percent": 99.87
				}
			,{
				"<=msec": 38.000
				,"percent": 99.91
				}
			,{
				"<=msec": 39.000
				,"percent": 99.93
				}
			,{
				"<=msec": 40.000
				,"percent": 99.96
				}
			,{
				"<=msec": 43.000
				,"percent": 99.97
				}
			,{
				"<=msec": 44.000
				,"percent": 99.98
				}
			,{
				"<=msec": 48.000
				,"percent": 99.99
				}
			,{
				"<=msec": 53.000
				,"percent": 100.00
				}
			]
		,"WAIT":[
		]
		}
	}
