{
	"configuration":{
		"server": "10.0.0.9"
		,"port": 6379
		,"unix socket": "(null)"
		,"protocol": "memcache_text"
		,"out_file": "(null)"
		,"client_stats": "(null)"
		,"run_count": 1
		,"debug": 0
		,"requests": 0
		,"clients": 2
		,"threads": 1
		,"test_time": 75
		,"ratio": "1:9"
		,"pipeline": 1
		,"data_size": 1024
		,"data_offset": 0
		,"random_data": "false"
		,"data_size_range": "0:0"
		,"data_size_list": ""
		,"data_size_pattern": "R"
		,"expiry_range": "9999:10000"
		,"data_import": "(null)"
		,"data_verify": "false"
		,"verify_only": "false"
		,"generate_keys": "false"
		,"key_prefix": "memtier-"
		,"key_minimum":           0
		,"key_maximum":       10000
		,"key_pattern": "R:R"
		,"key_stddev": 0.000000
		,"key_median": 0.000000
		,"reconnect_interval": 0
		,"multi_key_get": 9
		,"authenticate": ""
		,"select-db": 0
		,"no-expiry": "false"
		,"wait-ratio": "0:0"
		,"num-slaves": "0:0"
		,"wait-timeout": "0-0"
		}
	,"run information":{
		"Threads": 1
		,"Connections per thread": 2
		,"Seconds": 75
		}
	,"ALL STATS":{
		"Sets":{
			"Ops/sec": 101.90
			,"Hits/sec": 0.00
			,"Misses/sec": 0.00
			,"Latency": 10.25
			,"KB/sec": 105.92
			}
		,"Gets":{
			"Ops/sec": 101.89
			,"Hits/sec": 916.97
			,"Misses/sec": 0.00
			,"Latency": 9.34
			,"KB/sec": 955.37
			}
		,"Waits":{
			"Ops/sec": 0.00
			,"Hits/sec": 0.00
			,"Misses/sec": 0.00
			,"Latency": 0.00
			,"KB/sec": 0.00
			}
		,"Totals":{
			"Ops/sec": 203.78
			,"Hits/sec": 916.97
			,"Misses/sec": 0.00
			,"Latency": 9.80
			,"KB/sec": 1061.29
			}
		,"SET":[
			{
				"<=msec": 4.100
				,"percent": 0.10
				}
			,{
				"<=msec": 4.200
				,"percent": 0.38
				}
			,{
				"<=msec": 4.300
				,"percent": 0.94
				}
			,{
				"<=msec": 4.400
				,"percent": 1.92
				}
			,{
				"<=msec": 4.500
				,"percent": 2.98
				}
			,{
				"<=msec": 4.600
				,"percent": 4.54
				}
			,{
				"<=msec": 4.700
				,"percent": 5.99
				}
			,{
				"<=msec": 4.800
				,"percent": 7.35
				}
			,{
				"<=msec": 4.900
				,"percent": 8.90
				}
			,{
				"<=msec": 5.000
				,"percent": 10.48
				}
			,{
				"<=msec": 5.100
				,"percent": 12.02
				}
			,{
				"<=msec": 5.200
				,"percent": 13.37
				}
			,{
				"<=msec": 5.300
				,"percent": 14.56
				}
			,{
				"<=msec": 5.400
				,"percent": 15.88
				}
			,{
				"<=msec": 5.500
				,"percent": 16.96
				}
			,{
				"<=msec": 5.600
				,"percent": 18.13
				}
			,{
				"<=msec": 5.700
				,"percent": 19.46
				}
			,{
				"<=msec": 5.800
				,"percent": 20.49
				}
			,{
				"<=msec": 5.900
				,"percent": 21.54
				}
			,{
				"<=msec": 6.000
				,"percent": 22.43
				}
			,{
				"<=msec": 6.100
				,"percent": 23.46
				}
			,{
				"<=msec": 6.200
				,"percent": 24.62
				}
			,{
				"<=msec": 6.300
				,"percent": 25.71
				}
			,{
				"<=msec": 6.400
				,"percent": 26.72
				}
			,{
				"<=msec": 6.500
				,"percent": 27.74
				}
			,{
				"<=msec": 6.600
				,"percent": 28.72
				}
			,{
				"<=msec": 6.700
				,"percent": 29.50
				}
			,{
				"<=msec": 6.800
				,"percent": 30.30
				}
			,{
				"<=msec": 6.900
				,"percent": 31.21
				}
			,{
				"<=msec": 7.000
				,"percent": 32.21
				}
			,{
				"<=msec": 7.100
				,"percent": 33.12
				}
			,{
				"<=msec": 7.200
				,"percent": 33.91
				}
			,{
				"<=msec": 7.300
				,"percent": 34.91
				}
			,{
				"<=msec": 7.400
				,"percent": 35.97
				}
			,{
				"<=msec": 7.500
				,"percent": 36.75
				}
			,{
				"<=msec": 7.600
				,"percent": 37.58
				}
			,{
				"<=msec": 7.700
				,"percent": 38.44
				}
			,{
				"<=msec": 7.800
				,"percent": 39.43
				}
			,{
				"<=msec": 7.900
				,"percent": 40.43
				}
			,{
				"<=msec": 8.000
				,"percent": 41.44
				}
			,{
				"<=msec": 8.100
				,"percent": 42.30
				}
			,{
				"<=msec": 8.200
				,"percent": 43.31
				}
			,{
				"<=msec": 8.300
				,"percent": 44.29
				}
			,{
				"<=msec": 8.400
				,"percent": 45.06
				}
			,{
				"<=msec": 8.500
				,"percent": 46.06
				}
			,{
				"<=msec": 8.600
				,"percent": 46.84
				}
			,{
				"<=msec": 8.700
				,"percent": 47.80
				}
			,{
				"<=msec": 8.800
				,"percent": 48.84
				}
			,{
				"<=msec": 8.900
				,"percent": 49.78
				}
			,{
				"<=msec": 9.000
				,"percent": 50.87
				}
			,{
				"<=msec": 9.100
				,"percent": 51.86
				}
			,{
				"<=msec": 9.200
				,"percent": 52.94
				}
			,{
				"<=msec": 9.300
				,"percent": 54.02
				}
			,{
				"<=msec": 9.400
				,"percent": 55.16
				}
			,{
				"<=msec": 9.500
				,"percent": 56.35
				}
			,{
				"<=msec": 9.600
				,"percent": 57.35
				}
			,{
				"<=msec": 9.700
				,"percent": 58.34
				}
			,{
				"<=msec": 9.800
				,"percent": 59.18
				}
			,{
				"<=msec": 9.900
				,"percent": 60.04
				}
			,{
				"<=msec": 10.000
				,"percent": 65.17
				}
			,{
				"<=msec": 11.000
				,"percent": 72.45
				}
			,{
				"<=msec": 12.000
				,"percent": 77.99
				}
			,{
				"<=msec": 13.000
				,"percent": 82.01
				}
			,{
				"<=msec": 14.000
				,"percent": 84.93
				}
			,{
				"<=msec": 15.000
				,"percent": 86.77
				}
			,{
				"<=msec": 16.000
				,"percent": 88.41
				}
			,{
				"<=msec": 17.000
				,"percent": 89.96
				}
			,{
				"<=msec": 18.000
				,"percent": 91.40
				}
			,{
				"<=msec": 19.000
				,"percent": 92.75
				}
			,{
				"<=msec": 20.000
				,"percent": 94.02
				}
			,{
				"<=msec": 21.000
				,"percent": 95.21
				}
			,{
				"<=msec": 22.000
				,"percent": 96.00
				}
			,{
				"<=msec": 23.000
				,"percent": 96.73
				}
			,{
				"<=msec": 24.000
				,"percent": 97.02
				}
			,{
				"<=msec": 25.000
				,"percent": 97.36
				}
			,{
				"<=msec": 26.000
				,"percent": 97.66
				}
			,{
				"<=msec": 27.000
				,"percent": 98.00
				}
			,{
				"<=msec": 28.000
				,"percent": 98.23
				}
			,{
				"<=msec": 29.000
				,"percent": 98.47
				}
			,{
				"<=msec": 30.000
				,"percent": 98.64
				}
			,{
				"<=msec": 31.000
				,"percent": 98.89
				}
			,{
				"<=msec": 32.000
				,"percent": 99.04
				}
			,{
				"<=msec": 33.000
				,"percent": 99.14
				}
			,{
				"<=msec": 34.000
				,"percent": 99.21
				}
			,{
				"<=msec": 35.000
				,"percent": 99.31
				}
			,{
				"<=msec": 36.000
				,"percent": 99.44
				}
			,{
				"<=msec": 37.000
				,"percent": 99.53
				}
			,{
				"<=msec": 38.000
				,"percent": 99.62
				}
			,{
				"<=msec": 39.000
				,"percent": 99.65
				}
			,{
				"<=msec": 40.000
				,"percent": 99.67
				}
			,{
				"<=msec": 41.000
				,"percent": 99.69
				}
			,{
				"<=msec": 42.000
				,"percent": 99.74
				}
			,{
				"<=msec": 43.000
				,"percent": 99.79
				}
			,{
				"<=msec": 44.000
				,"percent": 99.82
				}
			,{
				"<=msec": 45.000
				,"percent": 99.84
				}
			,{
				"<=msec": 46.000
				,"percent": 99.87
				}
			,{
				"<=msec": 47.000
				,"percent": 99.91
				}
			,{
				"<=msec": 48.000
				,"percent": 99.92
				}
			,{
				"<=msec": 49.000
				,"percent": 99.93
				}
			,{
				"<=msec": 50.000
				,"percent": 99.95
				}
			,{
				"<=msec": 51.000
				,"percent": 99.96
				}
			,{
				"<=msec": 53.000
				,"percent": 99.97
				}
			,{
				"<=msec": 56.000
				,"percent": 99.99
				}
			,{
				"<=msec": 62.000
				,"percent": 100.00
				}
			]
		,"GET":[
			{
				"<=msec": 3.900
				,"percent": 0.07
				}
			,{
				"<=msec": 4.000
				,"percent": 0.34
				}
			,{
				"<=msec": 4.100
				,"percent": 0.79
				}
			,{
				"<=msec": 4.200
				,"percent": 1.73
				}
			,{
				"<=msec": 4.300
				,"percent": 3.09
				}
			,{
				"<=msec": 4.400
				,"percent": 4.76
				}
			,{
				"<=msec": 4.500
				,"percent": 6.33
				}
			,{
				"<=msec": 4.600
				,"percent": 8.54
				}
			,{
				"<=msec": 4.700
				,"percent": 10.77
				}
			,{
				"<=msec": 4.800
				,"percent": 13.28
				}
			,{
				"<=msec": 4.900
				,"percent": 15.91
				}
			,{
				"<=msec": 5.000
				,"percent": 18.23
				}
			,{
				"<=msec": 5.100
				,"percent": 20.75
				}
			,{
				"<=msec": 5.200
				,"percent": 23.04
				}
			,{
				"<=msec": 5.300
				,"percent": 25.11
				}
			,{
				"<=msec": 5.400
				,"percent": 27.10
				}
			,{
				"<=msec": 5.500
				,"percent": 29.36
				}
			,{
				"<=msec": 5.600
				,"percent": 31.21
				}
			,{
				"<=msec": 5.700
				,"percent": 33.04
				}
			,{
				"<=msec": 5.800
				,"percent": 35.11
				}
			,{
				"<=msec": 5.900
				,"percent": 36.48
				}
			,{
				"<=msec": 6.000
				,"percent": 37.87
				}
			,{
				"<=msec": 6.100
				,"percent": 39.23
				}
			,{
				"<=msec": 6.200
				,"percent": 40.55
				}
			,{
				"<=msec": 6.300
				,"percent": 41.87
				}
			,{
				"<=msec": 6.400
				,"percent": 43.10
				}
			,{
				"<=msec": 6.500
				,"percent": 44.32
				}
			,{
				"<=msec": 6.600
				,"percent": 45.42
				}
			,{
				"<=msec": 6.700
				,"percent": 46.35
				}
			,{
				"<=msec": 6.800
				,"percent": 47.15
				}
			,{
				"<=msec": 6.900
				,"percent": 48.08
				}
			,{
				"<=msec": 7.000
				,"percent": 49.01
				}
			,{
				"<=msec": 7.100
				,"percent": 49.82
				}
			,{
				"<=msec": 7.200
				,"percent": 50.65
				}
			,{
				"<=msec": 7.300
				,"percent": 51.26
				}
			,{
				"<=msec": 7.400
				,"percent": 51.88
				}
			,{
				"<=msec": 7.500
				,"percent": 52.70
				}
			,{
				"<=msec": 7.600
				,"percent": 53.35
				}
			,{
				"<=msec": 7.700
				,"percent": 54.08
				}
			,{
				"<=msec": 7.800
				,"percent": 54.72
				}
			,{
				"<=msec": 7.900
				,"percent": 55.35
				}
			,{
				"<=msec": 8.000
				,"percent": 56.02
				}
			,{
				"<=msec": 8.100
				,"percent": 56.66
				}
			,{
				"<=msec": 8.200
				,"percent": 57.18
				}
			,{
				"<=msec": 8.300
				,"percent": 57.76
				}
			,{
				"<=msec": 8.400
				,"percent": 58.39
				}
			,{
				"<=msec": 8.500
				,"percent": 58.91
				}
			,{
				"<=msec": 8.600
				,"percent": 59.47
				}
			,{
				"<=msec": 8.700
				,"percent": 60.14
				}
			,{
				"<=msec": 8.800
				,"percent": 60.66
				}
			,{
				"<=msec": 8.900
				,"percent": 61.25
				}
			,{
				"<=msec": 9.000
				,"percent": 61.97
				}
			,{
				"<=msec": 9.100
				,"percent": 62.58
				}
			,{
				"<=msec": 9.200
				,"percent": 63.02
				}
			,{
				"<=msec": 9.300
				,"percent": 63.43
				}
			,{
				"<=msec": 9.400
				,"percent": 64.13
				}
			,{
				"<=msec": 9.500
				,"percent": 64.63
				}
			,{
				"<=msec": 9.600
				,"percent": 65.18
				}
			,{
				"<=msec": 9.700
				,"percent": 65.68
				}
			,{
				"<=msec": 9.800
				,"percent": 66.23
				}
			,{
				"<=msec": 9.900
				,"percent": 66.78
				}
			,{
				"<=msec": 10.000
				,"percent": 69.97
				}
			,{
				"<=msec": 11.000
				,"percent": 75.63
				}
			,{
				"<=msec": 12.000
				,"percent": 80.40
				}
			,{
				"<=msec": 13.000
				,"percent": 84.40
				}
			,{
				"<=msec": 14.000
				,"percent": 87.10
				}
			,{
				"<=msec": 15.000
				,"percent": 88.85
				}
			,{
				"<=msec": 16.000
				,"percent": 90.04
				}
			,{
				"<=msec": 17.000
				,"percent": 91.11
				}
			,{
				"<=msec": 18.000
				,"percent": 92.19
				}
			,{
				"<=msec": 19.000
				,"percent": 93.03
				}
			,{
				"<=msec": 20.000
				,"percent": 94.09
				}
			,{
				"<=msec": 21.000
				,"percent": 95.04
				}
			,{
				"<=msec": 22.000
				,"percent": 95.81
				}
			,{
				"<=msec": 23.000
				,"percent": 96.49
				}
			,{
				"<=msec": 24.000
				,"percent": 97.03
				}
			,{
				"<=msec": 25.000
				,"percent": 97.38
				}
			,{
				"<=msec": 26.000
				,"percent": 97.68
				}
			,{
				"<=msec": 27.000
				,"percent": 97.96
				}
			,{
				"<=msec": 28.000
				,"percent": 98.23
				}
			,{
				"<=msec": 29.000
				,"percent": 98.57
				}
			,{
				"<=msec": 30.000
				,"percent": 98.87
				}
			,{
				"<=msec": 31.000
				,"percent": 99.03
				}
			,{
				"<=msec": 32.000
				,"percent": 99.24
				}
			,{
				"<=msec": 33.000
				,"percent": 99.27
				}
			,{
				"<=msec": 34.000
				,"percent": 99.40
				}
			,{
				"<=msec": 35.000
				,"percent": 99.45
				}
			,{
				"<=msec": 36.000
				,"percent": 99.49
				}
			,{
				"<=msec": 37.000
				,"percent": 99.54
				}
			,{
				"<=msec": 38.000
				,"percent": 99.61
				}
			,{
				"<=msec": 39.000
				,"percent": 99.63
				}
			,{
				"<=msec": 40.000
				,"percent": 99.73
				}
			,{
				"<=msec": 41.000
				,"percent": 99.80
				}
			,{
				"<=msec": 42.000
				,"percent": 99.84
				}
			,{
				"<=msec": 44.000
				,"percent": 99.86
				}
			,{
				"<=msec": 46.000
				,"percent": 99.87
				}
			,{
				"<=msec": 47.000
				,"percent": 99.91
				}
			,{
				"<=msec": 50.000
				,"percent": 99.92
				}
			,{
				"<=msec": 51.000
				,"percent": 99.95
				}
			,{
				"<=msec": 53.000
				,"percent": 99.96
				}
			,{
				"<=msec": 54.000
				,"percent": 99.97
				}
			,{
				"<=msec": 56.000
				,"percent": 99.99
				}
			,{
				"<=msec": 63.000
				,"percent": 100.00
				}
			]
		,"WAIT":[
		]
		}
	}
