{
	"configuration":{
		"server": "10.0.0.8"
		,"port": 6379
		,"unix socket": "(null)"
		,"protocol": "memcache_text"
		,"out_file": "(null)"
		,"client_stats": "(null)"
		,"run_count": 1
		,"debug": 0
		,"requests": 0
		,"clients": 2
		,"threads": 1
		,"test_time": 75
		,"ratio": "1:9"
		,"pipeline": 1
		,"data_size": 1024
		,"data_offset": 0
		,"random_data": "false"
		,"data_size_range": "0:0"
		,"data_size_list": ""
		,"data_size_pattern": "R"
		,"expiry_range": "9999:10000"
		,"data_import": "(null)"
		,"data_verify": "false"
		,"verify_only": "false"
		,"generate_keys": "false"
		,"key_prefix": "memtier-"
		,"key_minimum":           0
		,"key_maximum":       10000
		,"key_pattern": "R:R"
		,"key_stddev": 0.000000
		,"key_median": 0.000000
		,"reconnect_interval": 0
		,"multi_key_get": 9
		,"authenticate": ""
		,"select-db": 0
		,"no-expiry": "false"
		,"wait-ratio": "0:0"
		,"num-slaves": "0:0"
		,"wait-timeout": "0-0"
		}
	,"run information":{
		"Threads": 1
		,"Connections per thread": 2
		,"Seconds": 75
		}
	,"ALL STATS":{
		"Sets":{
			"Ops/sec": 169.18
			,"Hits/sec": 0.00
			,"Misses/sec": 0.00
			,"Latency": 6.52
			,"KB/sec": 175.85
			}
		,"Gets":{
			"Ops/sec": 169.18
			,"Hits/sec": 1522.58
			,"Misses/sec": 0.00
			,"Latency": 5.28
			,"KB/sec": 1586.35
			}
		,"Waits":{
			"Ops/sec": 0.00
			,"Hits/sec": 0.00
			,"Misses/sec": 0.00
			,"Latency": 0.00
			,"KB/sec": 0.00
			}
		,"Totals":{
			"Ops/sec": 338.35
			,"Hits/sec": 1522.58
			,"Misses/sec": 0.00
			,"Latency": 5.90
			,"KB/sec": 1762.20
			}
		,"SET":[
			{
				"<=msec": 0.790
				,"percent": 0.01
				}
			,{
				"<=msec": 0.820
				,"percent": 0.02
				}
			,{
				"<=msec": 0.840
				,"percent": 0.02
				}
			,{
				"<=msec": 0.860
				,"percent": 0.03
				}
			,{
				"<=msec": 0.870
				,"percent": 0.05
				}
			,{
				"<=msec": 0.880
				,"percent": 0.06
				}
			,{
				"<=msec": 0.890
				,"percent": 0.08
				}
			,{
				"<=msec": 0.900
				,"percent": 0.09
				}
			,{
				"<=msec": 0.920
				,"percent": 0.11
				}
			,{
				"<=msec": 0.930
				,"percent": 0.14
				}
			,{
				"<=msec": 0.940
				,"percent": 0.17
				}
			,{
				"<=msec": 0.950
				,"percent": 0.21
				}
			,{
				"<=msec": 0.960
				,"percent": 0.26
				}
			,{
				"<=msec": 0.970
				,"percent": 0.34
				}
			,{
				"<=msec": 0.980
				,"percent": 0.41
				}
			,{
				"<=msec": 0.990
				,"percent": 0.46
				}
			,{
				"<=msec": 1.000
				,"percent": 0.96
				}
			,{
				"<=msec": 1.100
				,"percent": 2.67
				}
			,{
				"<=msec": 1.200
				,"percent": 4.93
				}
			,{
				"<=msec": 1.300
				,"percent": 7.42
				}
			,{
				"<=msec": 1.400
				,"percent": 10.06
				}
			,{
				"<=msec": 1.500
				,"percent": 12.43
				}
			,{
				"<=msec": 1.600
				,"percent": 14.50
				}
			,{
				"<=msec": 1.700
				,"percent": 16.71
				}
			,{
				"<=msec": 1.800
				,"percent": 18.51
				}
			,{
				"<=msec": 1.900
				,"percent": 20.23
				}
			,{
				"<=msec": 2.000
				,"percent": 21.79
				}
			,{
				"<=msec": 2.100
				,"percent": 23.30
				}
			,{
				"<=msec": 2.200
				,"percent": 24.59
				}
			,{
				"<=msec": 2.300
				,"percent": 25.78
				}
			,{
				"<=msec": 2.400
				,"percent": 26.92
				}
			,{
				"<=msec": 2.500
				,"percent": 27.62
				}
			,{
				"<=msec": 2.600
				,"percent": 28.56
				}
			,{
				"<=msec": 2.700
				,"percent": 29.43
				}
			,{
				"<=msec": 2.800
				,"percent": 30.44
				}
			,{
				"<=msec": 2.900
				,"percent": 31.29
				}
			,{
				"<=msec": 3.000
				,"percent": 32.03
				}
			,{
				"<=msec": 3.100
				,"percent": 32.89
				}
			,{
				"<=msec": 3.200
				,"percent": 33.52
				}
			,{
				"<=msec": 3.300
				,"percent": 34.02
				}
			,{
				"<=msec": 3.400
				,"percent": 34.60
				}
			,{
				"<=msec": 3.500
				,"percent": 35.30
				}
			,{
				"<=msec": 3.600
				,"percent": 36.05
				}
			,{
				"<=msec": 3.700
				,"percent": 36.71
				}
			,{
				"<=msec": 3.800
				,"percent": 37.23
				}
			,{
				"<=msec": 3.900
				,"percent": 37.80
				}
			,{
				"<=msec": 4.000
				,"percent": 38.39
				}
			,{
				"<=msec": 4.100
				,"percent": 39.00
				}
			,{
				"<=msec": 4.200
				,"percent": 39.59
				}
			,{
				"<=msec": 4.300
				,"percent": 40.18
				}
			,{
				"<=msec": 4.400
				,"percent": 40.78
				}
			,{
				"<=msec": 4.500
				,"percent": 41.44
				}
			,{
				"<=msec": 4.600
				,"percent": 42.09
				}
			,{
				"<=msec": 4.700
				,"percent": 42.53
				}
			,{
				"<=msec": 4.800
				,"percent": 43.09
				}
			,{
				"<=msec": 4.900
				,"percent": 43.59
				}
			,{
				"<=msec": 5.000
				,"percent": 44.25
				}
			,{
				"<=msec": 5.100
				,"percent": 44.94
				}
			,{
				"<=msec": 5.200
				,"percent": 45.54
				}
			,{
				"<=msec": 5.300
				,"percent": 46.28
				}
			,{
				"<=msec": 5.400
				,"percent": 46.93
				}
			,{
				"<=msec": 5.500
				,"percent": 47.58
				}
			,{
				"<=msec": 5.600
				,"percent": 48.36
				}
			,{
				"<=msec": 5.700
				,"percent": 49.09
				}
			,{
				"<=msec": 5.800
				,"percent": 49.91
				}
			,{
				"<=msec": 5.900
				,"percent": 50.70
				}
			,{
				"<=msec": 6.000
				,"percent": 51.57
				}
			,{
				"<=msec": 6.100
				,"percent": 52.44
				}
			,{
				"<=msec": 6.200
				,"percent": 53.30
				}
			,{
				"<=msec": 6.300
				,"percent": 54.24
				}
			,{
				"<=msec": 6.400
				,"percent": 55.21
				}
			,{
				"<=msec": 6.500
				,"percent": 56.12
				}
			,{
				"<=msec": 6.600
				,"percent": 57.13
				}
			,{
				"<=msec": 6.700
				,"percent": 58.21
				}
			,{
				"<=msec": 6.800
				,"percent": 59.28
				}
			,{
				"<=msec": 6.900
				,"percent": 60.45
				}
			,{
				"<=msec": 7.000
				,"percent": 61.38
				}
			,{
				"<=msec": 7.100
				,"percent": 62.50
				}
			,{
				"<=msec": 7.200
				,"percent": 63.50
				}
			,{
				"<=msec": 7.300
				,"percent": 64.51
				}
			,{
				"<=msec": 7.400
				,"percent": 65.47
				}
			,{
				"<=msec": 7.500
				,"percent": 66.58
				}
			,{
				"<=msec": 7.600
				,"percent": 67.63
				}
			,{
				"<=msec": 7.700
				,"percent": 68.81
				}
			,{
				"<=msec": 7.800
				,"percent": 69.74
				}
			,{
				"<=msec": 7.900
				,"percent": 70.68
				}
			,{
				"<=msec": 8.000
				,"percent": 71.61
				}
			,{
				"<=msec": 8.100
				,"percent": 72.50
				}
			,{
				"<=msec": 8.200
				,"percent": 73.43
				}
			,{
				"<=msec": 8.300
				,"percent": 74.21
				}
			,{
				"<=msec": 8.400
				,"percent": 75.06
				}
			,{
				"<=msec": 8.500
				,"percent": 75.84
				}
			,{
				"<=msec": 8.600
				,"percent": 76.63
				}
			,{
				"<=msec": 8.700
				,"percent": 77.41
				}
			,{
				"<=msec": 8.800
				,"percent": 78.12
				}
			,{
				"<=msec": 8.900
				,"percent": 78.79
				}
			,{
				"<=msec": 9.000
				,"percent": 79.44
				}
			,{
				"<=msec": 9.100
				,"percent": 80.12
				}
			,{
				"<=msec": 9.200
				,"percent": 80.58
				}
			,{
				"<=msec": 9.300
				,"percent": 81.11
				}
			,{
				"<=msec": 9.400
				,"percent": 81.58
				}
			,{
				"<=msec": 9.500
				,"percent": 82.13
				}
			,{
				"<=msec": 9.600
				,"percent": 82.60
				}
			,{
				"<=msec": 9.700
				,"percent": 83.02
				}
			,{
				"<=msec": 9.800
				,"percent": 83.47
				}
			,{
				"<=msec": 9.900
				,"percent": 83.92
				}
			,{
				"<=msec": 10.000
				,"percent": 86.19
				}
			,{
				"<=msec": 11.000
				,"percent": 88.71
				}
			,{
				"<=msec": 12.000
				,"percent": 90.22
				}
			,{
				"<=msec": 13.000
				,"percent": 91.40
				}
			,{
				"<=msec": 14.000
				,"percent": 92.35
				}
			,{
				"<=msec": 15.000
				,"percent": 93.20
				}
			,{
				"<=msec": 16.000
				,"percent": 94.20
				}
			,{
				"<=msec": 17.000
				,"percent": 95.28
				}
			,{
				"<=msec": 18.000
				,"percent": 96.37
				}
			,{
				"<=msec": 19.000
				,"percent": 97.20
				}
			,{
				"<=msec": 20.000
				,"percent": 97.73
				}
			,{
				"<=msec": 21.000
				,"percent": 97.96
				}
			,{
				"<=msec": 22.000
				,"percent": 98.23
				}
			,{
				"<=msec": 23.000
				,"percent": 98.43
				}
			,{
				"<=msec": 24.000
				,"percent": 98.56
				}
			,{
				"<=msec": 25.000
				,"percent": 98.72
				}
			,{
				"<=msec": 26.000
				,"percent": 98.96
				}
			,{
				"<=msec": 27.000
				,"percent": 99.12
				}
			,{
				"<=msec": 28.000
				,"percent": 99.30
				}
			,{
				"<=msec": 29.000
				,"percent": 99.39
				}
			,{
				"<=msec": 30.000
				,"percent": 99.47
				}
			,{
				"<=msec": 31.000
				,"percent": 99.52
				}
			,{
				"<=msec": 32.000
				,"percent": 99.60
				}
			,{
				"<=msec": 33.000
				,"percent": 99.65
				}
			,{
				"<=msec": 34.000
				,"percent": 99.69
				}
			,{
				"<=msec": 35.000
				,"percent": 99.73
				}
			,{
				"<=msec": 36.000
				,"percent": 99.76
				}
			,{
				"<=msec": 37.000
				,"percent": 99.81
				}
			,{
				"<=msec": 38.000
				,"percent": 99.84
				}
			,{
				"<=msec": 39.000
				,"percent": 99.90
				}
			,{
				"<=msec": 40.000
				,"percent": 99.91
				}
			,{
				"<=msec": 41.000
				,"percent": 99.92
				}
			,{
				"<=msec": 42.000
				,"percent": 99.94
				}
			,{
				"<=msec": 43.000
				,"percent": 99.94
				}
			,{
				"<=msec": 44.000
				,"percent": 99.96
				}
			,{
				"<=msec": 45.000
				,"percent": 99.97
				}
			,{
				"<=msec": 46.000
				,"percent": 99.98
				}
			,{
				"<=msec": 57.000
				,"percent": 99.99
				}
			,{
				"<=msec": 58.000
				,"percent": 100.00
				}
			]
		,"GET":[
			{
				"<=msec": 1.100
				,"percent": 0.12
				}
			,{
				"<=msec": 1.200
				,"percent": 0.76
				}
			,{
				"<=msec": 1.300
				,"percent": 2.87
				}
			,{
				"<=msec": 1.400
				,"percent": 6.18
				}
			,{
				"<=msec": 1.500
				,"percent": 10.04
				}
			,{
				"<=msec": 1.600
				,"percent": 14.17
				}
			,{
				"<=msec": 1.700
				,"percent": 18.43
				}
			,{
				"<=msec": 1.800
				,"percent": 22.38
				}
			,{
				"<=msec": 1.900
				,"percent": 26.05
				}
			,{
				"<=msec": 2.000
				,"percent": 29.26
				}
			,{
				"<=msec": 2.100
				,"percent": 32.30
				}
			,{
				"<=msec": 2.200
				,"percent": 35.34
				}
			,{
				"<=msec": 2.300
				,"percent": 37.99
				}
			,{
				"<=msec": 2.400
				,"percent": 40.42
				}
			,{
				"<=msec": 2.500
				,"percent": 42.56
				}
			,{
				"<=msec": 2.600
				,"percent": 44.79
				}
			,{
				"<=msec": 2.700
				,"percent": 46.78
				}
			,{
				"<=msec": 2.800
				,"percent": 48.60
				}
			,{
				"<=msec": 2.900
				,"percent": 50.25
				}
			,{
				"<=msec": 3.000
				,"percent": 51.91
				}
			,{
				"<=msec": 3.100
				,"percent": 53.48
				}
			,{
				"<=msec": 3.200
				,"percent": 54.90
				}
			,{
				"<=msec": 3.300
				,"percent": 56.18
				}
			,{
				"<=msec": 3.400
				,"percent": 57.23
				}
			,{
				"<=msec": 3.500
				,"percent": 58.26
				}
			,{
				"<=msec": 3.600
				,"percent": 59.19
				}
			,{
				"<=msec": 3.700
				,"percent": 60.03
				}
			,{
				"<=msec": 3.800
				,"percent": 60.70
				}
			,{
				"<=msec": 3.900
				,"percent": 61.39
				}
			,{
				"<=msec": 4.000
				,"percent": 62.00
				}
			,{
				"<=msec": 4.100
				,"percent": 62.54
				}
			,{
				"<=msec": 4.200
				,"percent": 63.07
				}
			,{
				"<=msec": 4.300
				,"percent": 63.54
				}
			,{
				"<=msec": 4.400
				,"percent": 63.95
				}
			,{
				"<=msec": 4.500
				,"percent": 64.43
				}
			,{
				"<=msec": 4.600
				,"percent": 64.85
				}
			,{
				"<=msec": 4.700
				,"percent": 65.22
				}
			,{
				"<=msec": 4.800
				,"percent": 65.63
				}
			,{
				"<=msec": 4.900
				,"percent": 65.97
				}
			,{
				"<=msec": 5.000
				,"percent": 66.43
				}
			,{
				"<=msec": 5.100
				,"percent": 66.77
				}
			,{
				"<=msec": 5.200
				,"percent": 67.11
				}
			,{
				"<=msec": 5.300
				,"percent": 67.42
				}
			,{
				"<=msec": 5.400
				,"percent": 67.63
				}
			,{
				"<=msec": 5.500
				,"percent": 67.96
				}
			,{
				"<=msec": 5.600
				,"percent": 68.20
				}
			,{
				"<=msec": 5.700
				,"percent": 68.53
				}
			,{
				"<=msec": 5.800
				,"percent": 68.83
				}
			,{
				"<=msec": 5.900
				,"percent": 69.15
				}
			,{
				"<=msec": 6.000
				,"percent": 69.42
				}
			,{
				"<=msec": 6.100
				,"percent": 69.67
				}
			,{
				"<=msec": 6.200
				,"percent": 70.05
				}
			,{
				"<=msec": 6.300
				,"percent": 70.32
				}
			,{
				"<=msec": 6.400
				,"percent": 70.57
				}
			,{
				"<=msec": 6.500
				,"percent": 70.91
				}
			,{
				"<=msec": 6.600
				,"percent": 71.27
				}
			,{
				"<=msec": 6.700
				,"percent": 71.62
				}
			,{
				"<=msec": 6.800
				,"percent": 71.98
				}
			,{
				"<=msec": 6.900
				,"percent": 72.39
				}
			,{
				"<=msec": 7.000
				,"percent": 72.73
				}
			,{
				"<=msec": 7.100
				,"percent": 73.07
				}
			,{
				"<=msec": 7.200
				,"percent": 73.57
				}
			,{
				"<=msec": 7.300
				,"percent": 73.99
				}
			,{
				"<=msec": 7.400
				,"percent": 74.43
				}
			,{
				"<=msec": 7.500
				,"percent": 74.90
				}
			,{
				"<=msec": 7.600
				,"percent": 75.35
				}
			,{
				"<=msec": 7.700
				,"percent": 75.76
				}
			,{
				"<=msec": 7.800
				,"percent": 76.35
				}
			,{
				"<=msec": 7.900
				,"percent": 76.99
				}
			,{
				"<=msec": 8.000
				,"percent": 77.54
				}
			,{
				"<=msec": 8.100
				,"percent": 78.12
				}
			,{
				"<=msec": 8.200
				,"percent": 78.51
				}
			,{
				"<=msec": 8.300
				,"percent": 79.04
				}
			,{
				"<=msec": 8.400
				,"percent": 79.52
				}
			,{
				"<=msec": 8.500
				,"percent": 79.99
				}
			,{
				"<=msec": 8.600
				,"percent": 80.41
				}
			,{
				"<=msec": 8.700
				,"percent": 80.94
				}
			,{
				"<=msec": 8.800
				,"percent": 81.45
				}
			,{
				"<=msec": 8.900
				,"percent": 81.91
				}
			,{
				"<=msec": 9.000
				,"percent": 82.43
				}
			,{
				"<=msec": 9.100
				,"percent": 82.95
				}
			,{
				"<=msec": 9.200
				,"percent": 83.38
				}
			,{
				"<=msec": 9.300
				,"percent": 83.73
				}
			,{
				"<=msec": 9.400
				,"percent": 84.18
				}
			,{
				"<=msec": 9.500
				,"percent": 84.60
				}
			,{
				"<=msec": 9.600
				,"percent": 85.05
				}
			,{
				"<=msec": 9.700
				,"percent": 85.54
				}
			,{
				"<=msec": 9.800
				,"percent": 86.00
				}
			,{
				"<=msec": 9.900
				,"percent": 86.41
				}
			,{
				"<=msec": 10.000
				,"percent": 87.99
				}
			,{
				"<=msec": 11.000
				,"percent": 90.47
				}
			,{
				"<=msec": 12.000
				,"percent": 92.13
				}
			,{
				"<=msec": 13.000
				,"percent": 93.26
				}
			,{
				"<=msec": 14.000
				,"percent": 93.94
				}
			,{
				"<=msec": 15.000
				,"percent": 94.47
				}
			,{
				"<=msec": 16.000
				,"percent": 94.97
				}
			,{
				"<=msec": 17.000
				,"percent": 95.68
				}
			,{
				"<=msec": 18.000
				,"percent": 96.38
				}
			,{
				"<=msec": 19.000
				,"percent": 97.19
				}
			,{
				"<=msec": 20.000
				,"percent": 97.87
				}
			,{
				"<=msec": 21.000
				,"percent": 98.32
				}
			,{
				"<=msec": 22.000
				,"percent": 98.58
				}
			,{
				"<=msec": 23.000
				,"percent": 98.79
				}
			,{
				"<=msec": 24.000
				,"percent": 98.94
				}
			,{
				"<=msec": 25.000
				,"percent": 99.04
				}
			,{
				"<=msec": 26.000
				,"percent": 99.15
				}
			,{
				"<=msec": 27.000
				,"percent": 99.27
				}
			,{
				"<=msec": 28.000
				,"percent": 99.35
				}
			,{
				"<=msec": 29.000
				,"percent": 99.48
				}
			,{
				"<=msec": 30.000
				,"percent": 99.57
				}
			,{
				"<=msec": 31.000
				,"percent": 99.62
				}
			,{
				"<=msec": 32.000
				,"percent": 99.68
				}
			,{
				"<=msec": 33.000
				,"percent": 99.72
				}
			,{
				"<=msec": 34.000
				,"percent": 99.74
				}
			,{
				"<=msec": 35.000
				,"percent": 99.76
				}
			,{
				"<=msec": 36.000
				,"percent": 99.84
				}
			,{
				"<=msec": 37.000
				,"percent": 99.86
				}
			,{
				"<=msec": 39.000
				,"percent": 99.90
				}
			,{
				"<=msec": 40.000
				,"percent": 99.94
				}
			,{
				"<=msec": 41.000
				,"percent": 99.95
				}
			,{
				"<=msec": 42.000
				,"percent": 99.96
				}
			,{
				"<=msec": 43.000
				,"percent": 99.98
				}
			,{
				"<=msec": 46.000
				,"percent": 99.99
				}
			,{
				"<=msec": 47.000
				,"percent": 100.00
				}
			]
		,"WAIT":[
		]
		}
	}
