{
	"configuration":{
		"server": "10.0.0.8"
		,"port": 6379
		,"unix socket": "(null)"
		,"protocol": "memcache_text"
		,"out_file": "(null)"
		,"client_stats": "(null)"
		,"run_count": 1
		,"debug": 0
		,"requests": 0
		,"clients": 2
		,"threads": 1
		,"test_time": 75
		,"ratio": "1:9"
		,"pipeline": 1
		,"data_size": 1024
		,"data_offset": 0
		,"random_data": "false"
		,"data_size_range": "0:0"
		,"data_size_list": ""
		,"data_size_pattern": "R"
		,"expiry_range": "9999:10000"
		,"data_import": "(null)"
		,"data_verify": "false"
		,"verify_only": "false"
		,"generate_keys": "false"
		,"key_prefix": "memtier-"
		,"key_minimum":           0
		,"key_maximum":       10000
		,"key_pattern": "R:R"
		,"key_stddev": 0.000000
		,"key_median": 0.000000
		,"reconnect_interval": 0
		,"multi_key_get": 9
		,"authenticate": ""
		,"select-db": 0
		,"no-expiry": "false"
		,"wait-ratio": "0:0"
		,"num-slaves": "0:0"
		,"wait-timeout": "0-0"
		}
	,"run information":{
		"Threads": 1
		,"Connections per thread": 2
		,"Seconds": 75
		}
	,"ALL STATS":{
		"Sets":{
			"Ops/sec": 168.96
			,"Hits/sec": 0.00
			,"Misses/sec": 0.00
			,"Latency": 6.52
			,"KB/sec": 175.62
			}
		,"Gets":{
			"Ops/sec": 168.94
			,"Hits/sec": 1520.48
			,"Misses/sec": 0.00
			,"Latency": 5.29
			,"KB/sec": 1584.15
			}
		,"Waits":{
			"Ops/sec": 0.00
			,"Hits/sec": 0.00
			,"Misses/sec": 0.00
			,"Latency": 0.00
			,"KB/sec": 0.00
			}
		,"Totals":{
			"Ops/sec": 337.90
			,"Hits/sec": 1520.48
			,"Misses/sec": 0.00
			,"Latency": 5.90
			,"KB/sec": 1759.77
			}
		,"SET":[
			{
				"<=msec": 0.800
				,"percent": 0.01
				}
			,{
				"<=msec": 0.830
				,"percent": 0.02
				}
			,{
				"<=msec": 0.860
				,"percent": 0.02
				}
			,{
				"<=msec": 0.870
				,"percent": 0.05
				}
			,{
				"<=msec": 0.880
				,"percent": 0.06
				}
			,{
				"<=msec": 0.890
				,"percent": 0.09
				}
			,{
				"<=msec": 0.900
				,"percent": 0.12
				}
			,{
				"<=msec": 0.910
				,"percent": 0.16
				}
			,{
				"<=msec": 0.920
				,"percent": 0.20
				}
			,{
				"<=msec": 0.940
				,"percent": 0.21
				}
			,{
				"<=msec": 0.950
				,"percent": 0.25
				}
			,{
				"<=msec": 0.960
				,"percent": 0.32
				}
			,{
				"<=msec": 0.970
				,"percent": 0.37
				}
			,{
				"<=msec": 0.980
				,"percent": 0.45
				}
			,{
				"<=msec": 0.990
				,"percent": 0.51
				}
			,{
				"<=msec": 1.000
				,"percent": 0.92
				}
			,{
				"<=msec": 1.100
				,"percent": 2.26
				}
			,{
				"<=msec": 1.200
				,"percent": 4.40
				}
			,{
				"<=msec": 1.300
				,"percent": 6.98
				}
			,{
				"<=msec": 1.400
				,"percent": 9.51
				}
			,{
				"<=msec": 1.500
				,"percent": 11.96
				}
			,{
				"<=msec": 1.600
				,"percent": 14.08
				}
			,{
				"<=msec": 1.700
				,"percent": 16.28
				}
			,{
				"<=msec": 1.800
				,"percent": 18.07
				}
			,{
				"<=msec": 1.900
				,"percent": 19.97
				}
			,{
				"<=msec": 2.000
				,"percent": 21.62
				}
			,{
				"<=msec": 2.100
				,"percent": 23.31
				}
			,{
				"<=msec": 2.200
				,"percent": 24.62
				}
			,{
				"<=msec": 2.300
				,"percent": 25.83
				}
			,{
				"<=msec": 2.400
				,"percent": 26.96
				}
			,{
				"<=msec": 2.500
				,"percent": 27.90
				}
			,{
				"<=msec": 2.600
				,"percent": 28.73
				}
			,{
				"<=msec": 2.700
				,"percent": 29.65
				}
			,{
				"<=msec": 2.800
				,"percent": 30.50
				}
			,{
				"<=msec": 2.900
				,"percent": 31.24
				}
			,{
				"<=msec": 3.000
				,"percent": 32.20
				}
			,{
				"<=msec": 3.100
				,"percent": 33.02
				}
			,{
				"<=msec": 3.200
				,"percent": 33.68
				}
			,{
				"<=msec": 3.300
				,"percent": 34.44
				}
			,{
				"<=msec": 3.400
				,"percent": 35.24
				}
			,{
				"<=msec": 3.500
				,"percent": 35.91
				}
			,{
				"<=msec": 3.600
				,"percent": 36.43
				}
			,{
				"<=msec": 3.700
				,"percent": 37.00
				}
			,{
				"<=msec": 3.800
				,"percent": 37.60
				}
			,{
				"<=msec": 3.900
				,"percent": 38.03
				}
			,{
				"<=msec": 4.000
				,"percent": 38.54
				}
			,{
				"<=msec": 4.100
				,"percent": 39.02
				}
			,{
				"<=msec": 4.200
				,"percent": 39.54
				}
			,{
				"<=msec": 4.300
				,"percent": 40.09
				}
			,{
				"<=msec": 4.400
				,"percent": 40.56
				}
			,{
				"<=msec": 4.500
				,"percent": 41.02
				}
			,{
				"<=msec": 4.600
				,"percent": 41.64
				}
			,{
				"<=msec": 4.700
				,"percent": 42.12
				}
			,{
				"<=msec": 4.800
				,"percent": 42.67
				}
			,{
				"<=msec": 4.900
				,"percent": 43.28
				}
			,{
				"<=msec": 5.000
				,"percent": 43.98
				}
			,{
				"<=msec": 5.100
				,"percent": 44.55
				}
			,{
				"<=msec": 5.200
				,"percent": 45.22
				}
			,{
				"<=msec": 5.300
				,"percent": 45.88
				}
			,{
				"<=msec": 5.400
				,"percent": 46.49
				}
			,{
				"<=msec": 5.500
				,"percent": 47.11
				}
			,{
				"<=msec": 5.600
				,"percent": 47.88
				}
			,{
				"<=msec": 5.700
				,"percent": 48.65
				}
			,{
				"<=msec": 5.800
				,"percent": 49.54
				}
			,{
				"<=msec": 5.900
				,"percent": 50.46
				}
			,{
				"<=msec": 6.000
				,"percent": 51.19
				}
			,{
				"<=msec": 6.100
				,"percent": 51.96
				}
			,{
				"<=msec": 6.200
				,"percent": 52.93
				}
			,{
				"<=msec": 6.300
				,"percent": 53.84
				}
			,{
				"<=msec": 6.400
				,"percent": 54.85
				}
			,{
				"<=msec": 6.500
				,"percent": 55.78
				}
			,{
				"<=msec": 6.600
				,"percent": 56.81
				}
			,{
				"<=msec": 6.700
				,"percent": 57.95
				}
			,{
				"<=msec": 6.800
				,"percent": 59.17
				}
			,{
				"<=msec": 6.900
				,"percent": 60.27
				}
			,{
				"<=msec": 7.000
				,"percent": 61.36
				}
			,{
				"<=msec": 7.100
				,"percent": 62.63
				}
			,{
				"<=msec": 7.200
				,"percent": 63.92
				}
			,{
				"<=msec": 7.300
				,"percent": 64.97
				}
			,{
				"<=msec": 7.400
				,"percent": 66.03
				}
			,{
				"<=msec": 7.500
				,"percent": 66.89
				}
			,{
				"<=msec": 7.600
				,"percent": 67.98
				}
			,{
				"<=msec": 7.700
				,"percent": 68.99
				}
			,{
				"<=msec": 7.800
				,"percent": 69.89
				}
			,{
				"<=msec": 7.900
				,"percent": 70.93
				}
			,{
				"<=msec": 8.000
				,"percent": 71.91
				}
			,{
				"<=msec": 8.100
				,"percent": 72.72
				}
			,{
				"<=msec": 8.200
				,"percent": 73.65
				}
			,{
				"<=msec": 8.300
				,"percent": 74.61
				}
			,{
				"<=msec": 8.400
				,"percent": 75.39
				}
			,{
				"<=msec": 8.500
				,"percent": 76.11
				}
			,{
				"<=msec": 8.600
				,"percent": 76.89
				}
			,{
				"<=msec": 8.700
				,"percent": 77.56
				}
			,{
				"<=msec": 8.800
				,"percent": 78.20
				}
			,{
				"<=msec": 8.900
				,"percent": 78.75
				}
			,{
				"<=msec": 9.000
				,"percent": 79.25
				}
			,{
				"<=msec": 9.100
				,"percent": 80.05
				}
			,{
				"<=msec": 9.200
				,"percent": 80.72
				}
			,{
				"<=msec": 9.300
				,"percent": 81.36
				}
			,{
				"<=msec": 9.400
				,"percent": 81.89
				}
			,{
				"<=msec": 9.500
				,"percent": 82.43
				}
			,{
				"<=msec": 9.600
				,"percent": 82.88
				}
			,{
				"<=msec": 9.700
				,"percent": 83.36
				}
			,{
				"<=msec": 9.800
				,"percent": 83.77
				}
			,{
				"<=msec": 9.900
				,"percent": 84.18
				}
			,{
				"<=msec": 10.000
				,"percent": 86.13
				}
			,{
				"<=msec": 11.000
				,"percent": 88.57
				}
			,{
				"<=msec": 12.000
				,"percent": 90.25
				}
			,{
				"<=msec": 13.000
				,"percent": 91.30
				}
			,{
				"<=msec": 14.000
				,"percent": 92.20
				}
			,{
				"<=msec": 15.000
				,"percent": 93.13
				}
			,{
				"<=msec": 16.000
				,"percent": 94.19
				}
			,{
				"<=msec": 17.000
				,"percent": 95.37
				}
			,{
				"<=msec": 18.000
				,"percent": 96.42
				}
			,{
				"<=msec": 19.000
				,"percent": 97.15
				}
			,{
				"<=msec": 20.000
				,"percent": 97.66
				}
			,{
				"<=msec": 21.000
				,"percent": 98.05
				}
			,{
				"<=msec": 22.000
				,"percent": 98.29
				}
			,{
				"<=msec": 23.000
				,"percent": 98.49
				}
			,{
				"<=msec": 24.000
				,"percent": 98.65
				}
			,{
				"<=msec": 25.000
				,"percent": 98.84
				}
			,{
				"<=msec": 26.000
				,"percent": 99.01
				}
			,{
				"<=msec": 27.000
				,"percent": 99.15
				}
			,{
				"<=msec": 28.000
				,"percent": 99.27
				}
			,{
				"<=msec": 29.000
				,"percent": 99.35
				}
			,{
				"<=msec": 30.000
				,"percent": 99.42
				}
			,{
				"<=msec": 31.000
				,"percent": 99.52
				}
			,{
				"<=msec": 32.000
				,"percent": 99.57
				}
			,{
				"<=msec": 33.000
				,"percent": 99.64
				}
			,{
				"<=msec": 34.000
				,"percent": 99.68
				}
			,{
				"<=msec": 35.000
				,"percent": 99.73
				}
			,{
				"<=msec": 36.000
				,"percent": 99.76
				}
			,{
				"<=msec": 37.000
				,"percent": 99.82
				}
			,{
				"<=msec": 38.000
				,"percent": 99.87
				}
			,{
				"<=msec": 39.000
				,"percent": 99.89
				}
			,{
				"<=msec": 40.000
				,"percent": 99.90
				}
			,{
				"<=msec": 41.000
				,"percent": 99.92
				}
			,{
				"<=msec": 42.000
				,"percent": 99.94
				}
			,{
				"<=msec": 44.000
				,"percent": 99.94
				}
			,{
				"<=msec": 45.000
				,"percent": 99.96
				}
			,{
				"<=msec": 47.000
				,"percent": 99.97
				}
			,{
				"<=msec": 48.000
				,"percent": 99.98
				}
			,{
				"<=msec": 50.000
				,"percent": 99.98
				}
			,{
				"<=msec": 56.000
				,"percent": 99.99
				}
			,{
				"<=msec": 57.000
				,"percent": 100.00
				}
			]
		,"GET":[
			{
				"<=msec": 1.100
				,"percent": 0.10
				}
			,{
				"<=msec": 1.200
				,"percent": 0.84
				}
			,{
				"<=msec": 1.300
				,"percent": 2.68
				}
			,{
				"<=msec": 1.400
				,"percent": 5.70
				}
			,{
				"<=msec": 1.500
				,"percent": 9.71
				}
			,{
				"<=msec": 1.600
				,"percent": 13.95
				}
			,{
				"<=msec": 1.700
				,"percent": 18.28
				}
			,{
				"<=msec": 1.800
				,"percent": 22.59
				}
			,{
				"<=msec": 1.900
				,"percent": 26.28
				}
			,{
				"<=msec": 2.000
				,"percent": 29.79
				}
			,{
				"<=msec": 2.100
				,"percent": 33.09
				}
			,{
				"<=msec": 2.200
				,"percent": 35.93
				}
			,{
				"<=msec": 2.300
				,"percent": 38.47
				}
			,{
				"<=msec": 2.400
				,"percent": 40.90
				}
			,{
				"<=msec": 2.500
				,"percent": 43.01
				}
			,{
				"<=msec": 2.600
				,"percent": 44.95
				}
			,{
				"<=msec": 2.700
				,"percent": 47.04
				}
			,{
				"<=msec": 2.800
				,"percent": 48.79
				}
			,{
				"<=msec": 2.900
				,"percent": 50.52
				}
			,{
				"<=msec": 3.000
				,"percent": 52.36
				}
			,{
				"<=msec": 3.100
				,"percent": 53.89
				}
			,{
				"<=msec": 3.200
				,"percent": 55.28
				}
			,{
				"<=msec": 3.300
				,"percent": 56.45
				}
			,{
				"<=msec": 3.400
				,"percent": 57.62
				}
			,{
				"<=msec": 3.500
				,"percent": 58.60
				}
			,{
				"<=msec": 3.600
				,"percent": 59.50
				}
			,{
				"<=msec": 3.700
				,"percent": 60.34
				}
			,{
				"<=msec": 3.800
				,"percent": 61.07
				}
			,{
				"<=msec": 3.900
				,"percent": 61.75
				}
			,{
				"<=msec": 4.000
				,"percent": 62.41
				}
			,{
				"<=msec": 4.100
				,"percent": 62.88
				}
			,{
				"<=msec": 4.200
				,"percent": 63.31
				}
			,{
				"<=msec": 4.300
				,"percent": 63.82
				}
			,{
				"<=msec": 4.400
				,"percent": 64.25
				}
			,{
				"<=msec": 4.500
				,"percent": 64.64
				}
			,{
				"<=msec": 4.600
				,"percent": 65.05
				}
			,{
				"<=msec": 4.700
				,"percent": 65.46
				}
			,{
				"<=msec": 4.800
				,"percent": 65.79
				}
			,{
				"<=msec": 4.900
				,"percent": 66.07
				}
			,{
				"<=msec": 5.000
				,"percent": 66.45
				}
			,{
				"<=msec": 5.100
				,"percent": 66.79
				}
			,{
				"<=msec": 5.200
				,"percent": 67.09
				}
			,{
				"<=msec": 5.300
				,"percent": 67.39
				}
			,{
				"<=msec": 5.400
				,"percent": 67.63
				}
			,{
				"<=msec": 5.500
				,"percent": 67.84
				}
			,{
				"<=msec": 5.600
				,"percent": 68.17
				}
			,{
				"<=msec": 5.700
				,"percent": 68.49
				}
			,{
				"<=msec": 5.800
				,"percent": 68.83
				}
			,{
				"<=msec": 5.900
				,"percent": 69.11
				}
			,{
				"<=msec": 6.000
				,"percent": 69.34
				}
			,{
				"<=msec": 6.100
				,"percent": 69.58
				}
			,{
				"<=msec": 6.200
				,"percent": 69.94
				}
			,{
				"<=msec": 6.300
				,"percent": 70.22
				}
			,{
				"<=msec": 6.400
				,"percent": 70.50
				}
			,{
				"<=msec": 6.500
				,"percent": 70.76
				}
			,{
				"<=msec": 6.600
				,"percent": 71.07
				}
			,{
				"<=msec": 6.700
				,"percent": 71.59
				}
			,{
				"<=msec": 6.800
				,"percent": 72.01
				}
			,{
				"<=msec": 6.900
				,"percent": 72.44
				}
			,{
				"<=msec": 7.000
				,"percent": 72.86
				}
			,{
				"<=msec": 7.100
				,"percent": 73.18
				}
			,{
				"<=msec": 7.200
				,"percent": 73.58
				}
			,{
				"<=msec": 7.300
				,"percent": 73.98
				}
			,{
				"<=msec": 7.400
				,"percent": 74.45
				}
			,{
				"<=msec": 7.500
				,"percent": 74.96
				}
			,{
				"<=msec": 7.600
				,"percent": 75.50
				}
			,{
				"<=msec": 7.700
				,"percent": 75.91
				}
			,{
				"<=msec": 7.800
				,"percent": 76.28
				}
			,{
				"<=msec": 7.900
				,"percent": 76.72
				}
			,{
				"<=msec": 8.000
				,"percent": 77.14
				}
			,{
				"<=msec": 8.100
				,"percent": 77.63
				}
			,{
				"<=msec": 8.200
				,"percent": 78.10
				}
			,{
				"<=msec": 8.300
				,"percent": 78.72
				}
			,{
				"<=msec": 8.400
				,"percent": 79.19
				}
			,{
				"<=msec": 8.500
				,"percent": 79.67
				}
			,{
				"<=msec": 8.600
				,"percent": 80.14
				}
			,{
				"<=msec": 8.700
				,"percent": 80.60
				}
			,{
				"<=msec": 8.800
				,"percent": 81.03
				}
			,{
				"<=msec": 8.900
				,"percent": 81.54
				}
			,{
				"<=msec": 9.000
				,"percent": 82.05
				}
			,{
				"<=msec": 9.100
				,"percent": 82.54
				}
			,{
				"<=msec": 9.200
				,"percent": 83.10
				}
			,{
				"<=msec": 9.300
				,"percent": 83.55
				}
			,{
				"<=msec": 9.400
				,"percent": 83.99
				}
			,{
				"<=msec": 9.500
				,"percent": 84.43
				}
			,{
				"<=msec": 9.600
				,"percent": 84.86
				}
			,{
				"<=msec": 9.700
				,"percent": 85.18
				}
			,{
				"<=msec": 9.800
				,"percent": 85.47
				}
			,{
				"<=msec": 9.900
				,"percent": 85.85
				}
			,{
				"<=msec": 10.000
				,"percent": 87.71
				}
			,{
				"<=msec": 11.000
				,"percent": 90.36
				}
			,{
				"<=msec": 12.000
				,"percent": 91.94
				}
			,{
				"<=msec": 13.000
				,"percent": 93.03
				}
			,{
				"<=msec": 14.000
				,"percent": 93.93
				}
			,{
				"<=msec": 15.000
				,"percent": 94.47
				}
			,{
				"<=msec": 16.000
				,"percent": 94.89
				}
			,{
				"<=msec": 17.000
				,"percent": 95.48
				}
			,{
				"<=msec": 18.000
				,"percent": 96.34
				}
			,{
				"<=msec": 19.000
				,"percent": 96.99
				}
			,{
				"<=msec": 20.000
				,"percent": 97.73
				}
			,{
				"<=msec": 21.000
				,"percent": 98.21
				}
			,{
				"<=msec": 22.000
				,"percent": 98.54
				}
			,{
				"<=msec": 23.000
				,"percent": 98.80
				}
			,{
				"<=msec": 24.000
				,"percent": 98.95
				}
			,{
				"<=msec": 25.000
				,"percent": 99.05
				}
			,{
				"<=msec": 26.000
				,"percent": 99.14
				}
			,{
				"<=msec": 27.000
				,"percent": 99.31
				}
			,{
				"<=msec": 28.000
				,"percent": 99.43
				}
			,{
				"<=msec": 29.000
				,"percent": 99.50
				}
			,{
				"<=msec": 30.000
				,"percent": 99.61
				}
			,{
				"<=msec": 31.000
				,"percent": 99.67
				}
			,{
				"<=msec": 32.000
				,"percent": 99.70
				}
			,{
				"<=msec": 33.000
				,"percent": 99.74
				}
			,{
				"<=msec": 34.000
				,"percent": 99.78
				}
			,{
				"<=msec": 35.000
				,"percent": 99.81
				}
			,{
				"<=msec": 36.000
				,"percent": 99.84
				}
			,{
				"<=msec": 37.000
				,"percent": 99.87
				}
			,{
				"<=msec": 38.000
				,"percent": 99.88
				}
			,{
				"<=msec": 39.000
				,"percent": 99.92
				}
			,{
				"<=msec": 40.000
				,"percent": 99.95
				}
			,{
				"<=msec": 41.000
				,"percent": 99.96
				}
			,{
				"<=msec": 42.000
				,"percent": 99.97
				}
			,{
				"<=msec": 48.000
				,"percent": 99.98
				}
			,{
				"<=msec": 51.000
				,"percent": 99.98
				}
			,{
				"<=msec": 58.000
				,"percent": 99.99
				}
			,{
				"<=msec": 61.000
				,"percent": 100.00
				}
			]
		,"WAIT":[
		]
		}
	}
