{
	"configuration":{
		"server": "10.0.0.9"
		,"port": 6379
		,"unix socket": "(null)"
		,"protocol": "memcache_text"
		,"out_file": "(null)"
		,"client_stats": "(null)"
		,"run_count": 1
		,"debug": 0
		,"requests": 0
		,"clients": 2
		,"threads": 1
		,"test_time": 75
		,"ratio": "1:9"
		,"pipeline": 1
		,"data_size": 1024
		,"data_offset": 0
		,"random_data": "false"
		,"data_size_range": "0:0"
		,"data_size_list": ""
		,"data_size_pattern": "R"
		,"expiry_range": "9999:10000"
		,"data_import": "(null)"
		,"data_verify": "false"
		,"verify_only": "false"
		,"generate_keys": "false"
		,"key_prefix": "memtier-"
		,"key_minimum":           0
		,"key_maximum":       10000
		,"key_pattern": "R:R"
		,"key_stddev": 0.000000
		,"key_median": 0.000000
		,"reconnect_interval": 0
		,"multi_key_get": 9
		,"authenticate": ""
		,"select-db": 0
		,"no-expiry": "false"
		,"wait-ratio": "0:0"
		,"num-slaves": "0:0"
		,"wait-timeout": "0-0"
		}
	,"run information":{
		"Threads": 1
		,"Connections per thread": 2
		,"Seconds": 75
		}
	,"ALL STATS":{
		"Sets":{
			"Ops/sec": 107.84
			,"Hits/sec": 0.00
			,"Misses/sec": 0.00
			,"Latency": 9.80
			,"KB/sec": 112.09
			}
		,"Gets":{
			"Ops/sec": 107.83
			,"Hits/sec": 970.44
			,"Misses/sec": 0.00
			,"Latency": 8.73
			,"KB/sec": 1011.09
			}
		,"Waits":{
			"Ops/sec": 0.00
			,"Hits/sec": 0.00
			,"Misses/sec": 0.00
			,"Latency": 0.00
			,"KB/sec": 0.00
			}
		,"Totals":{
			"Ops/sec": 215.67
			,"Hits/sec": 970.44
			,"Misses/sec": 0.00
			,"Latency": 9.26
			,"KB/sec": 1123.18
			}
		,"SET":[
			{
				"<=msec": 3.600
				,"percent": 0.06
				}
			,{
				"<=msec": 3.700
				,"percent": 0.27
				}
			,{
				"<=msec": 3.800
				,"percent": 0.89
				}
			,{
				"<=msec": 3.900
				,"percent": 1.67
				}
			,{
				"<=msec": 4.000
				,"percent": 2.95
				}
			,{
				"<=msec": 4.100
				,"percent": 4.25
				}
			,{
				"<=msec": 4.200
				,"percent": 5.56
				}
			,{
				"<=msec": 4.300
				,"percent": 6.94
				}
			,{
				"<=msec": 4.400
				,"percent": 8.43
				}
			,{
				"<=msec": 4.500
				,"percent": 9.98
				}
			,{
				"<=msec": 4.600
				,"percent": 11.32
				}
			,{
				"<=msec": 4.700
				,"percent": 12.83
				}
			,{
				"<=msec": 4.800
				,"percent": 14.32
				}
			,{
				"<=msec": 4.900
				,"percent": 15.61
				}
			,{
				"<=msec": 5.000
				,"percent": 16.84
				}
			,{
				"<=msec": 5.100
				,"percent": 17.90
				}
			,{
				"<=msec": 5.200
				,"percent": 18.99
				}
			,{
				"<=msec": 5.300
				,"percent": 19.87
				}
			,{
				"<=msec": 5.400
				,"percent": 20.78
				}
			,{
				"<=msec": 5.500
				,"percent": 21.61
				}
			,{
				"<=msec": 5.600
				,"percent": 22.50
				}
			,{
				"<=msec": 5.700
				,"percent": 23.38
				}
			,{
				"<=msec": 5.800
				,"percent": 24.44
				}
			,{
				"<=msec": 5.900
				,"percent": 25.62
				}
			,{
				"<=msec": 6.000
				,"percent": 26.52
				}
			,{
				"<=msec": 6.100
				,"percent": 27.30
				}
			,{
				"<=msec": 6.200
				,"percent": 28.32
				}
			,{
				"<=msec": 6.300
				,"percent": 29.10
				}
			,{
				"<=msec": 6.400
				,"percent": 30.00
				}
			,{
				"<=msec": 6.500
				,"percent": 30.99
				}
			,{
				"<=msec": 6.600
				,"percent": 31.77
				}
			,{
				"<=msec": 6.700
				,"percent": 32.55
				}
			,{
				"<=msec": 6.800
				,"percent": 33.28
				}
			,{
				"<=msec": 6.900
				,"percent": 33.89
				}
			,{
				"<=msec": 7.000
				,"percent": 34.78
				}
			,{
				"<=msec": 7.100
				,"percent": 35.55
				}
			,{
				"<=msec": 7.200
				,"percent": 36.42
				}
			,{
				"<=msec": 7.300
				,"percent": 37.30
				}
			,{
				"<=msec": 7.400
				,"percent": 38.18
				}
			,{
				"<=msec": 7.500
				,"percent": 39.15
				}
			,{
				"<=msec": 7.600
				,"percent": 39.84
				}
			,{
				"<=msec": 7.700
				,"percent": 40.88
				}
			,{
				"<=msec": 7.800
				,"percent": 41.91
				}
			,{
				"<=msec": 7.900
				,"percent": 42.86
				}
			,{
				"<=msec": 8.000
				,"percent": 44.01
				}
			,{
				"<=msec": 8.100
				,"percent": 45.00
				}
			,{
				"<=msec": 8.200
				,"percent": 46.03
				}
			,{
				"<=msec": 8.300
				,"percent": 46.99
				}
			,{
				"<=msec": 8.400
				,"percent": 48.15
				}
			,{
				"<=msec": 8.500
				,"percent": 49.31
				}
			,{
				"<=msec": 8.600
				,"percent": 50.30
				}
			,{
				"<=msec": 8.700
				,"percent": 51.40
				}
			,{
				"<=msec": 8.800
				,"percent": 52.32
				}
			,{
				"<=msec": 8.900
				,"percent": 53.52
				}
			,{
				"<=msec": 9.000
				,"percent": 54.88
				}
			,{
				"<=msec": 9.100
				,"percent": 56.04
				}
			,{
				"<=msec": 9.200
				,"percent": 57.13
				}
			,{
				"<=msec": 9.300
				,"percent": 58.28
				}
			,{
				"<=msec": 9.400
				,"percent": 59.30
				}
			,{
				"<=msec": 9.500
				,"percent": 60.24
				}
			,{
				"<=msec": 9.600
				,"percent": 61.52
				}
			,{
				"<=msec": 9.700
				,"percent": 62.48
				}
			,{
				"<=msec": 9.800
				,"percent": 63.62
				}
			,{
				"<=msec": 9.900
				,"percent": 64.64
				}
			,{
				"<=msec": 10.000
				,"percent": 69.54
				}
			,{
				"<=msec": 11.000
				,"percent": 76.31
				}
			,{
				"<=msec": 12.000
				,"percent": 80.62
				}
			,{
				"<=msec": 13.000
				,"percent": 83.63
				}
			,{
				"<=msec": 14.000
				,"percent": 85.87
				}
			,{
				"<=msec": 15.000
				,"percent": 87.44
				}
			,{
				"<=msec": 16.000
				,"percent": 89.07
				}
			,{
				"<=msec": 17.000
				,"percent": 90.52
				}
			,{
				"<=msec": 18.000
				,"percent": 92.21
				}
			,{
				"<=msec": 19.000
				,"percent": 93.53
				}
			,{
				"<=msec": 20.000
				,"percent": 94.87
				}
			,{
				"<=msec": 21.000
				,"percent": 95.71
				}
			,{
				"<=msec": 22.000
				,"percent": 96.30
				}
			,{
				"<=msec": 23.000
				,"percent": 96.95
				}
			,{
				"<=msec": 24.000
				,"percent": 97.42
				}
			,{
				"<=msec": 25.000
				,"percent": 97.76
				}
			,{
				"<=msec": 26.000
				,"percent": 98.03
				}
			,{
				"<=msec": 27.000
				,"percent": 98.24
				}
			,{
				"<=msec": 28.000
				,"percent": 98.42
				}
			,{
				"<=msec": 29.000
				,"percent": 98.74
				}
			,{
				"<=msec": 30.000
				,"percent": 98.96
				}
			,{
				"<=msec": 31.000
				,"percent": 99.02
				}
			,{
				"<=msec": 32.000
				,"percent": 99.10
				}
			,{
				"<=msec": 33.000
				,"percent": 99.22
				}
			,{
				"<=msec": 34.000
				,"percent": 99.30
				}
			,{
				"<=msec": 35.000
				,"percent": 99.41
				}
			,{
				"<=msec": 36.000
				,"percent": 99.44
				}
			,{
				"<=msec": 37.000
				,"percent": 99.48
				}
			,{
				"<=msec": 38.000
				,"percent": 99.58
				}
			,{
				"<=msec": 39.000
				,"percent": 99.64
				}
			,{
				"<=msec": 40.000
				,"percent": 99.69
				}
			,{
				"<=msec": 41.000
				,"percent": 99.74
				}
			,{
				"<=msec": 42.000
				,"percent": 99.77
				}
			,{
				"<=msec": 44.000
				,"percent": 99.81
				}
			,{
				"<=msec": 45.000
				,"percent": 99.84
				}
			,{
				"<=msec": 47.000
				,"percent": 99.93
				}
			,{
				"<=msec": 49.000
				,"percent": 99.94
				}
			,{
				"<=msec": 50.000
				,"percent": 99.95
				}
			,{
				"<=msec": 51.000
				,"percent": 99.96
				}
			,{
				"<=msec": 52.000
				,"percent": 99.98
				}
			,{
				"<=msec": 54.000
				,"percent": 100.00
				}
			]
		,"GET":[
			{
				"<=msec": 3.400
				,"percent": 0.01
				}
			,{
				"<=msec": 3.500
				,"percent": 0.12
				}
			,{
				"<=msec": 3.600
				,"percent": 0.56
				}
			,{
				"<=msec": 3.700
				,"percent": 1.35
				}
			,{
				"<=msec": 3.800
				,"percent": 2.62
				}
			,{
				"<=msec": 3.900
				,"percent": 4.27
				}
			,{
				"<=msec": 4.000
				,"percent": 6.12
				}
			,{
				"<=msec": 4.100
				,"percent": 8.14
				}
			,{
				"<=msec": 4.200
				,"percent": 10.65
				}
			,{
				"<=msec": 4.300
				,"percent": 13.29
				}
			,{
				"<=msec": 4.400
				,"percent": 16.15
				}
			,{
				"<=msec": 4.500
				,"percent": 18.69
				}
			,{
				"<=msec": 4.600
				,"percent": 21.60
				}
			,{
				"<=msec": 4.700
				,"percent": 24.06
				}
			,{
				"<=msec": 4.800
				,"percent": 26.64
				}
			,{
				"<=msec": 4.900
				,"percent": 28.97
				}
			,{
				"<=msec": 5.000
				,"percent": 31.01
				}
			,{
				"<=msec": 5.100
				,"percent": 32.79
				}
			,{
				"<=msec": 5.200
				,"percent": 34.63
				}
			,{
				"<=msec": 5.300
				,"percent": 36.50
				}
			,{
				"<=msec": 5.400
				,"percent": 38.01
				}
			,{
				"<=msec": 5.500
				,"percent": 39.50
				}
			,{
				"<=msec": 5.600
				,"percent": 40.89
				}
			,{
				"<=msec": 5.700
				,"percent": 42.14
				}
			,{
				"<=msec": 5.800
				,"percent": 43.37
				}
			,{
				"<=msec": 5.900
				,"percent": 44.58
				}
			,{
				"<=msec": 6.000
				,"percent": 45.70
				}
			,{
				"<=msec": 6.100
				,"percent": 46.71
				}
			,{
				"<=msec": 6.200
				,"percent": 47.73
				}
			,{
				"<=msec": 6.300
				,"percent": 48.85
				}
			,{
				"<=msec": 6.400
				,"percent": 49.55
				}
			,{
				"<=msec": 6.500
				,"percent": 50.10
				}
			,{
				"<=msec": 6.600
				,"percent": 50.82
				}
			,{
				"<=msec": 6.700
				,"percent": 51.50
				}
			,{
				"<=msec": 6.800
				,"percent": 52.26
				}
			,{
				"<=msec": 6.900
				,"percent": 52.91
				}
			,{
				"<=msec": 7.000
				,"percent": 53.60
				}
			,{
				"<=msec": 7.100
				,"percent": 54.27
				}
			,{
				"<=msec": 7.200
				,"percent": 54.87
				}
			,{
				"<=msec": 7.300
				,"percent": 55.24
				}
			,{
				"<=msec": 7.400
				,"percent": 55.80
				}
			,{
				"<=msec": 7.500
				,"percent": 56.13
				}
			,{
				"<=msec": 7.600
				,"percent": 56.66
				}
			,{
				"<=msec": 7.700
				,"percent": 57.13
				}
			,{
				"<=msec": 7.800
				,"percent": 57.75
				}
			,{
				"<=msec": 7.900
				,"percent": 58.41
				}
			,{
				"<=msec": 8.000
				,"percent": 58.86
				}
			,{
				"<=msec": 8.100
				,"percent": 59.36
				}
			,{
				"<=msec": 8.200
				,"percent": 60.00
				}
			,{
				"<=msec": 8.300
				,"percent": 60.41
				}
			,{
				"<=msec": 8.400
				,"percent": 60.86
				}
			,{
				"<=msec": 8.500
				,"percent": 61.39
				}
			,{
				"<=msec": 8.600
				,"percent": 62.14
				}
			,{
				"<=msec": 8.700
				,"percent": 62.65
				}
			,{
				"<=msec": 8.800
				,"percent": 63.25
				}
			,{
				"<=msec": 8.900
				,"percent": 63.86
				}
			,{
				"<=msec": 9.000
				,"percent": 64.35
				}
			,{
				"<=msec": 9.100
				,"percent": 65.02
				}
			,{
				"<=msec": 9.200
				,"percent": 65.55
				}
			,{
				"<=msec": 9.300
				,"percent": 66.14
				}
			,{
				"<=msec": 9.400
				,"percent": 66.86
				}
			,{
				"<=msec": 9.500
				,"percent": 67.36
				}
			,{
				"<=msec": 9.600
				,"percent": 67.93
				}
			,{
				"<=msec": 9.700
				,"percent": 68.43
				}
			,{
				"<=msec": 9.800
				,"percent": 69.07
				}
			,{
				"<=msec": 9.900
				,"percent": 69.75
				}
			,{
				"<=msec": 10.000
				,"percent": 72.92
				}
			,{
				"<=msec": 11.000
				,"percent": 78.68
				}
			,{
				"<=msec": 12.000
				,"percent": 83.21
				}
			,{
				"<=msec": 13.000
				,"percent": 86.57
				}
			,{
				"<=msec": 14.000
				,"percent": 88.45
				}
			,{
				"<=msec": 15.000
				,"percent": 89.81
				}
			,{
				"<=msec": 16.000
				,"percent": 91.02
				}
			,{
				"<=msec": 17.000
				,"percent": 91.99
				}
			,{
				"<=msec": 18.000
				,"percent": 93.04
				}
			,{
				"<=msec": 19.000
				,"percent": 94.05
				}
			,{
				"<=msec": 20.000
				,"percent": 95.09
				}
			,{
				"<=msec": 21.000
				,"percent": 95.90
				}
			,{
				"<=msec": 22.000
				,"percent": 96.61
				}
			,{
				"<=msec": 23.000
				,"percent": 97.19
				}
			,{
				"<=msec": 24.000
				,"percent": 97.56
				}
			,{
				"<=msec": 25.000
				,"percent": 97.84
				}
			,{
				"<=msec": 26.000
				,"percent": 98.07
				}
			,{
				"<=msec": 27.000
				,"percent": 98.28
				}
			,{
				"<=msec": 28.000
				,"percent": 98.54
				}
			,{
				"<=msec": 29.000
				,"percent": 98.76
				}
			,{
				"<=msec": 30.000
				,"percent": 98.97
				}
			,{
				"<=msec": 31.000
				,"percent": 99.10
				}
			,{
				"<=msec": 32.000
				,"percent": 99.22
				}
			,{
				"<=msec": 33.000
				,"percent": 99.33
				}
			,{
				"<=msec": 34.000
				,"percent": 99.49
				}
			,{
				"<=msec": 35.000
				,"percent": 99.55
				}
			,{
				"<=msec": 36.000
				,"percent": 99.60
				}
			,{
				"<=msec": 37.000
				,"percent": 99.63
				}
			,{
				"<=msec": 38.000
				,"percent": 99.68
				}
			,{
				"<=msec": 39.000
				,"percent": 99.73
				}
			,{
				"<=msec": 40.000
				,"percent": 99.83
				}
			,{
				"<=msec": 41.000
				,"percent": 99.85
				}
			,{
				"<=msec": 42.000
				,"percent": 99.88
				}
			,{
				"<=msec": 43.000
				,"percent": 99.89
				}
			,{
				"<=msec": 44.000
				,"percent": 99.93
				}
			,{
				"<=msec": 46.000
				,"percent": 99.95
				}
			,{
				"<=msec": 49.000
				,"percent": 99.96
				}
			,{
				"<=msec": 50.000
				,"percent": 99.99
				}
			,{
				"<=msec": 52.000
				,"percent": 100.00
				}
			]
		,"WAIT":[
		]
		}
	}
