{
	"configuration":{
		"server": "10.0.0.9"
		,"port": 6379
		,"unix socket": "(null)"
		,"protocol": "memcache_text"
		,"out_file": "(null)"
		,"client_stats": "(null)"
		,"run_count": 1
		,"debug": 0
		,"requests": 0
		,"clients": 2
		,"threads": 1
		,"test_time": 75
		,"ratio": "1:9"
		,"pipeline": 1
		,"data_size": 1024
		,"data_offset": 0
		,"random_data": "false"
		,"data_size_range": "0:0"
		,"data_size_list": ""
		,"data_size_pattern": "R"
		,"expiry_range": "9999:10000"
		,"data_import": "(null)"
		,"data_verify": "false"
		,"verify_only": "false"
		,"generate_keys": "false"
		,"key_prefix": "memtier-"
		,"key_minimum":           0
		,"key_maximum":       10000
		,"key_pattern": "R:R"
		,"key_stddev": 0.000000
		,"key_median": 0.000000
		,"reconnect_interval": 0
		,"multi_key_get": 9
		,"authenticate": ""
		,"select-db": 0
		,"no-expiry": "false"
		,"wait-ratio": "0:0"
		,"num-slaves": "0:0"
		,"wait-timeout": "0-0"
		}
	,"run information":{
		"Threads": 1
		,"Connections per thread": 2
		,"Seconds": 75
		}
	,"ALL STATS":{
		"Sets":{
			"Ops/sec": 101.25
			,"Hits/sec": 0.00
			,"Misses/sec": 0.00
			,"Latency": 10.36
			,"KB/sec": 105.24
			}
		,"Gets":{
			"Ops/sec": 101.22
			,"Hits/sec": 911.00
			,"Misses/sec": 0.00
			,"Latency": 9.36
			,"KB/sec": 949.15
			}
		,"Waits":{
			"Ops/sec": 0.00
			,"Hits/sec": 0.00
			,"Misses/sec": 0.00
			,"Latency": 0.00
			,"KB/sec": 0.00
			}
		,"Totals":{
			"Ops/sec": 202.47
			,"Hits/sec": 911.00
			,"Misses/sec": 0.00
			,"Latency": 9.86
			,"KB/sec": 1054.40
			}
		,"SET":[
			{
				"<=msec": 4.000
				,"percent": 0.01
				}
			,{
				"<=msec": 4.100
				,"percent": 0.18
				}
			,{
				"<=msec": 4.200
				,"percent": 0.42
				}
			,{
				"<=msec": 4.300
				,"percent": 0.86
				}
			,{
				"<=msec": 4.400
				,"percent": 1.75
				}
			,{
				"<=msec": 4.500
				,"percent": 2.84
				}
			,{
				"<=msec": 4.600
				,"percent": 4.07
				}
			,{
				"<=msec": 4.700
				,"percent": 5.33
				}
			,{
				"<=msec": 4.800
				,"percent": 6.70
				}
			,{
				"<=msec": 4.900
				,"percent": 8.15
				}
			,{
				"<=msec": 5.000
				,"percent": 9.56
				}
			,{
				"<=msec": 5.100
				,"percent": 10.95
				}
			,{
				"<=msec": 5.200
				,"percent": 12.44
				}
			,{
				"<=msec": 5.300
				,"percent": 13.68
				}
			,{
				"<=msec": 5.400
				,"percent": 14.93
				}
			,{
				"<=msec": 5.500
				,"percent": 15.91
				}
			,{
				"<=msec": 5.600
				,"percent": 16.88
				}
			,{
				"<=msec": 5.700
				,"percent": 17.92
				}
			,{
				"<=msec": 5.800
				,"percent": 19.03
				}
			,{
				"<=msec": 5.900
				,"percent": 20.05
				}
			,{
				"<=msec": 6.000
				,"percent": 21.18
				}
			,{
				"<=msec": 6.100
				,"percent": 22.24
				}
			,{
				"<=msec": 6.200
				,"percent": 23.12
				}
			,{
				"<=msec": 6.300
				,"percent": 24.24
				}
			,{
				"<=msec": 6.400
				,"percent": 25.13
				}
			,{
				"<=msec": 6.500
				,"percent": 25.94
				}
			,{
				"<=msec": 6.600
				,"percent": 26.70
				}
			,{
				"<=msec": 6.700
				,"percent": 27.68
				}
			,{
				"<=msec": 6.800
				,"percent": 28.61
				}
			,{
				"<=msec": 6.900
				,"percent": 29.56
				}
			,{
				"<=msec": 7.000
				,"percent": 30.59
				}
			,{
				"<=msec": 7.100
				,"percent": 31.63
				}
			,{
				"<=msec": 7.200
				,"percent": 32.52
				}
			,{
				"<=msec": 7.300
				,"percent": 33.57
				}
			,{
				"<=msec": 7.400
				,"percent": 34.54
				}
			,{
				"<=msec": 7.500
				,"percent": 35.58
				}
			,{
				"<=msec": 7.600
				,"percent": 36.59
				}
			,{
				"<=msec": 7.700
				,"percent": 37.66
				}
			,{
				"<=msec": 7.800
				,"percent": 38.60
				}
			,{
				"<=msec": 7.900
				,"percent": 39.46
				}
			,{
				"<=msec": 8.000
				,"percent": 40.57
				}
			,{
				"<=msec": 8.100
				,"percent": 41.51
				}
			,{
				"<=msec": 8.200
				,"percent": 42.59
				}
			,{
				"<=msec": 8.300
				,"percent": 43.50
				}
			,{
				"<=msec": 8.400
				,"percent": 44.63
				}
			,{
				"<=msec": 8.500
				,"percent": 45.64
				}
			,{
				"<=msec": 8.600
				,"percent": 46.49
				}
			,{
				"<=msec": 8.700
				,"percent": 47.40
				}
			,{
				"<=msec": 8.800
				,"percent": 48.45
				}
			,{
				"<=msec": 8.900
				,"percent": 49.47
				}
			,{
				"<=msec": 9.000
				,"percent": 50.55
				}
			,{
				"<=msec": 9.100
				,"percent": 51.49
				}
			,{
				"<=msec": 9.200
				,"percent": 52.46
				}
			,{
				"<=msec": 9.300
				,"percent": 53.57
				}
			,{
				"<=msec": 9.400
				,"percent": 54.67
				}
			,{
				"<=msec": 9.500
				,"percent": 55.68
				}
			,{
				"<=msec": 9.600
				,"percent": 56.71
				}
			,{
				"<=msec": 9.700
				,"percent": 57.75
				}
			,{
				"<=msec": 9.800
				,"percent": 58.72
				}
			,{
				"<=msec": 9.900
				,"percent": 59.91
				}
			,{
				"<=msec": 10.000
				,"percent": 65.10
				}
			,{
				"<=msec": 11.000
				,"percent": 72.39
				}
			,{
				"<=msec": 12.000
				,"percent": 77.13
				}
			,{
				"<=msec": 13.000
				,"percent": 81.26
				}
			,{
				"<=msec": 14.000
				,"percent": 84.06
				}
			,{
				"<=msec": 15.000
				,"percent": 86.00
				}
			,{
				"<=msec": 16.000
				,"percent": 87.98
				}
			,{
				"<=msec": 17.000
				,"percent": 89.81
				}
			,{
				"<=msec": 18.000
				,"percent": 91.39
				}
			,{
				"<=msec": 19.000
				,"percent": 92.82
				}
			,{
				"<=msec": 20.000
				,"percent": 93.85
				}
			,{
				"<=msec": 21.000
				,"percent": 95.15
				}
			,{
				"<=msec": 22.000
				,"percent": 96.04
				}
			,{
				"<=msec": 23.000
				,"percent": 96.66
				}
			,{
				"<=msec": 24.000
				,"percent": 96.98
				}
			,{
				"<=msec": 25.000
				,"percent": 97.50
				}
			,{
				"<=msec": 26.000
				,"percent": 97.75
				}
			,{
				"<=msec": 27.000
				,"percent": 98.03
				}
			,{
				"<=msec": 28.000
				,"percent": 98.34
				}
			,{
				"<=msec": 29.000
				,"percent": 98.51
				}
			,{
				"<=msec": 30.000
				,"percent": 98.66
				}
			,{
				"<=msec": 31.000
				,"percent": 98.82
				}
			,{
				"<=msec": 32.000
				,"percent": 98.96
				}
			,{
				"<=msec": 33.000
				,"percent": 99.14
				}
			,{
				"<=msec": 34.000
				,"percent": 99.25
				}
			,{
				"<=msec": 35.000
				,"percent": 99.34
				}
			,{
				"<=msec": 36.000
				,"percent": 99.38
				}
			,{
				"<=msec": 37.000
				,"percent": 99.41
				}
			,{
				"<=msec": 38.000
				,"percent": 99.47
				}
			,{
				"<=msec": 39.000
				,"percent": 99.53
				}
			,{
				"<=msec": 40.000
				,"percent": 99.58
				}
			,{
				"<=msec": 41.000
				,"percent": 99.63
				}
			,{
				"<=msec": 42.000
				,"percent": 99.68
				}
			,{
				"<=msec": 43.000
				,"percent": 99.71
				}
			,{
				"<=msec": 44.000
				,"percent": 99.76
				}
			,{
				"<=msec": 45.000
				,"percent": 99.80
				}
			,{
				"<=msec": 46.000
				,"percent": 99.84
				}
			,{
				"<=msec": 47.000
				,"percent": 99.86
				}
			,{
				"<=msec": 48.000
				,"percent": 99.88
				}
			,{
				"<=msec": 49.000
				,"percent": 99.89
				}
			,{
				"<=msec": 50.000
				,"percent": 99.91
				}
			,{
				"<=msec": 51.000
				,"percent": 99.92
				}
			,{
				"<=msec": 52.000
				,"percent": 99.93
				}
			,{
				"<=msec": 53.000
				,"percent": 99.95
				}
			,{
				"<=msec": 54.000
				,"percent": 99.96
				}
			,{
				"<=msec": 59.000
				,"percent": 99.97
				}
			,{
				"<=msec": 62.000
				,"percent": 99.99
				}
			,{
				"<=msec": 69.000
				,"percent": 100.00
				}
			]
		,"GET":[
			{
				"<=msec": 3.900
				,"percent": 0.05
				}
			,{
				"<=msec": 4.000
				,"percent": 0.21
				}
			,{
				"<=msec": 4.100
				,"percent": 0.66
				}
			,{
				"<=msec": 4.200
				,"percent": 1.55
				}
			,{
				"<=msec": 4.300
				,"percent": 2.78
				}
			,{
				"<=msec": 4.400
				,"percent": 4.40
				}
			,{
				"<=msec": 4.500
				,"percent": 6.02
				}
			,{
				"<=msec": 4.600
				,"percent": 8.17
				}
			,{
				"<=msec": 4.700
				,"percent": 10.13
				}
			,{
				"<=msec": 4.800
				,"percent": 12.20
				}
			,{
				"<=msec": 4.900
				,"percent": 14.50
				}
			,{
				"<=msec": 5.000
				,"percent": 16.99
				}
			,{
				"<=msec": 5.100
				,"percent": 19.50
				}
			,{
				"<=msec": 5.200
				,"percent": 22.15
				}
			,{
				"<=msec": 5.300
				,"percent": 24.17
				}
			,{
				"<=msec": 5.400
				,"percent": 26.59
				}
			,{
				"<=msec": 5.500
				,"percent": 28.58
				}
			,{
				"<=msec": 5.600
				,"percent": 30.44
				}
			,{
				"<=msec": 5.700
				,"percent": 32.42
				}
			,{
				"<=msec": 5.800
				,"percent": 33.91
				}
			,{
				"<=msec": 5.900
				,"percent": 35.81
				}
			,{
				"<=msec": 6.000
				,"percent": 37.40
				}
			,{
				"<=msec": 6.100
				,"percent": 38.90
				}
			,{
				"<=msec": 6.200
				,"percent": 40.23
				}
			,{
				"<=msec": 6.300
				,"percent": 41.47
				}
			,{
				"<=msec": 6.400
				,"percent": 42.76
				}
			,{
				"<=msec": 6.500
				,"percent": 43.96
				}
			,{
				"<=msec": 6.600
				,"percent": 44.95
				}
			,{
				"<=msec": 6.700
				,"percent": 46.03
				}
			,{
				"<=msec": 6.800
				,"percent": 46.99
				}
			,{
				"<=msec": 6.900
				,"percent": 47.99
				}
			,{
				"<=msec": 7.000
				,"percent": 48.93
				}
			,{
				"<=msec": 7.100
				,"percent": 49.57
				}
			,{
				"<=msec": 7.200
				,"percent": 50.44
				}
			,{
				"<=msec": 7.300
				,"percent": 51.24
				}
			,{
				"<=msec": 7.400
				,"percent": 52.05
				}
			,{
				"<=msec": 7.500
				,"percent": 52.71
				}
			,{
				"<=msec": 7.600
				,"percent": 53.47
				}
			,{
				"<=msec": 7.700
				,"percent": 54.19
				}
			,{
				"<=msec": 7.800
				,"percent": 54.93
				}
			,{
				"<=msec": 7.900
				,"percent": 55.56
				}
			,{
				"<=msec": 8.000
				,"percent": 56.18
				}
			,{
				"<=msec": 8.100
				,"percent": 56.79
				}
			,{
				"<=msec": 8.200
				,"percent": 57.46
				}
			,{
				"<=msec": 8.300
				,"percent": 58.25
				}
			,{
				"<=msec": 8.400
				,"percent": 58.94
				}
			,{
				"<=msec": 8.500
				,"percent": 59.61
				}
			,{
				"<=msec": 8.600
				,"percent": 60.12
				}
			,{
				"<=msec": 8.700
				,"percent": 60.79
				}
			,{
				"<=msec": 8.800
				,"percent": 61.36
				}
			,{
				"<=msec": 8.900
				,"percent": 62.00
				}
			,{
				"<=msec": 9.000
				,"percent": 62.57
				}
			,{
				"<=msec": 9.100
				,"percent": 63.24
				}
			,{
				"<=msec": 9.200
				,"percent": 63.70
				}
			,{
				"<=msec": 9.300
				,"percent": 64.20
				}
			,{
				"<=msec": 9.400
				,"percent": 64.80
				}
			,{
				"<=msec": 9.500
				,"percent": 65.27
				}
			,{
				"<=msec": 9.600
				,"percent": 65.85
				}
			,{
				"<=msec": 9.700
				,"percent": 66.36
				}
			,{
				"<=msec": 9.800
				,"percent": 66.90
				}
			,{
				"<=msec": 9.900
				,"percent": 67.51
				}
			,{
				"<=msec": 10.000
				,"percent": 70.74
				}
			,{
				"<=msec": 11.000
				,"percent": 75.66
				}
			,{
				"<=msec": 12.000
				,"percent": 80.38
				}
			,{
				"<=msec": 13.000
				,"percent": 83.80
				}
			,{
				"<=msec": 14.000
				,"percent": 86.46
				}
			,{
				"<=msec": 15.000
				,"percent": 88.41
				}
			,{
				"<=msec": 16.000
				,"percent": 89.82
				}
			,{
				"<=msec": 17.000
				,"percent": 90.94
				}
			,{
				"<=msec": 18.000
				,"percent": 92.07
				}
			,{
				"<=msec": 19.000
				,"percent": 92.99
				}
			,{
				"<=msec": 20.000
				,"percent": 94.06
				}
			,{
				"<=msec": 21.000
				,"percent": 94.88
				}
			,{
				"<=msec": 22.000
				,"percent": 95.88
				}
			,{
				"<=msec": 23.000
				,"percent": 96.48
				}
			,{
				"<=msec": 24.000
				,"percent": 97.02
				}
			,{
				"<=msec": 25.000
				,"percent": 97.42
				}
			,{
				"<=msec": 26.000
				,"percent": 97.58
				}
			,{
				"<=msec": 27.000
				,"percent": 97.96
				}
			,{
				"<=msec": 28.000
				,"percent": 98.31
				}
			,{
				"<=msec": 29.000
				,"percent": 98.54
				}
			,{
				"<=msec": 30.000
				,"percent": 98.81
				}
			,{
				"<=msec": 31.000
				,"percent": 99.03
				}
			,{
				"<=msec": 32.000
				,"percent": 99.16
				}
			,{
				"<=msec": 33.000
				,"percent": 99.22
				}
			,{
				"<=msec": 34.000
				,"percent": 99.34
				}
			,{
				"<=msec": 35.000
				,"percent": 99.43
				}
			,{
				"<=msec": 36.000
				,"percent": 99.47
				}
			,{
				"<=msec": 37.000
				,"percent": 99.54
				}
			,{
				"<=msec": 38.000
				,"percent": 99.59
				}
			,{
				"<=msec": 39.000
				,"percent": 99.66
				}
			,{
				"<=msec": 40.000
				,"percent": 99.75
				}
			,{
				"<=msec": 41.000
				,"percent": 99.79
				}
			,{
				"<=msec": 42.000
				,"percent": 99.83
				}
			,{
				"<=msec": 43.000
				,"percent": 99.86
				}
			,{
				"<=msec": 44.000
				,"percent": 99.92
				}
			,{
				"<=msec": 47.000
				,"percent": 99.93
				}
			,{
				"<=msec": 49.000
				,"percent": 99.95
				}
			,{
				"<=msec": 53.000
				,"percent": 99.96
				}
			,{
				"<=msec": 55.000
				,"percent": 99.97
				}
			,{
				"<=msec": 57.000
				,"percent": 99.99
				}
			,{
				"<=msec": 58.000
				,"percent": 100.00
				}
			]
		,"WAIT":[
		]
		}
	}
