{
	"configuration":{
		"server": "10.0.0.9"
		,"port": 6379
		,"unix socket": "(null)"
		,"protocol": "memcache_text"
		,"out_file": "(null)"
		,"client_stats": "(null)"
		,"run_count": 1
		,"debug": 0
		,"requests": 0
		,"clients": 2
		,"threads": 1
		,"test_time": 75
		,"ratio": "1:9"
		,"pipeline": 1
		,"data_size": 1024
		,"data_offset": 0
		,"random_data": "false"
		,"data_size_range": "0:0"
		,"data_size_list": ""
		,"data_size_pattern": "R"
		,"expiry_range": "9999:10000"
		,"data_import": "(null)"
		,"data_verify": "false"
		,"verify_only": "false"
		,"generate_keys": "false"
		,"key_prefix": "memtier-"
		,"key_minimum":           0
		,"key_maximum":       10000
		,"key_pattern": "R:R"
		,"key_stddev": 0.000000
		,"key_median": 0.000000
		,"reconnect_interval": 0
		,"multi_key_get": 9
		,"authenticate": ""
		,"select-db": 0
		,"no-expiry": "false"
		,"wait-ratio": "0:0"
		,"num-slaves": "0:0"
		,"wait-timeout": "0-0"
		}
	,"run information":{
		"Threads": 1
		,"Connections per thread": 2
		,"Seconds": 75
		}
	,"ALL STATS":{
		"Sets":{
			"Ops/sec": 107.48
			,"Hits/sec": 0.00
			,"Misses/sec": 0.00
			,"Latency": 9.85
			,"KB/sec": 111.72
			}
		,"Gets":{
			"Ops/sec": 107.47
			,"Hits/sec": 967.24
			,"Misses/sec": 0.00
			,"Latency": 8.73
			,"KB/sec": 1007.75
			}
		,"Waits":{
			"Ops/sec": 0.00
			,"Hits/sec": 0.00
			,"Misses/sec": 0.00
			,"Latency": 0.00
			,"KB/sec": 0.00
			}
		,"Totals":{
			"Ops/sec": 214.96
			,"Hits/sec": 967.24
			,"Misses/sec": 0.00
			,"Latency": 9.29
			,"KB/sec": 1119.47
			}
		,"SET":[
			{
				"<=msec": 3.500
				,"percent": 0.05
				}
			,{
				"<=msec": 3.600
				,"percent": 0.12
				}
			,{
				"<=msec": 3.700
				,"percent": 0.36
				}
			,{
				"<=msec": 3.800
				,"percent": 0.91
				}
			,{
				"<=msec": 3.900
				,"percent": 1.71
				}
			,{
				"<=msec": 4.000
				,"percent": 2.90
				}
			,{
				"<=msec": 4.100
				,"percent": 4.42
				}
			,{
				"<=msec": 4.200
				,"percent": 5.84
				}
			,{
				"<=msec": 4.300
				,"percent": 7.07
				}
			,{
				"<=msec": 4.400
				,"percent": 8.55
				}
			,{
				"<=msec": 4.500
				,"percent": 9.85
				}
			,{
				"<=msec": 4.600
				,"percent": 11.20
				}
			,{
				"<=msec": 4.700
				,"percent": 12.49
				}
			,{
				"<=msec": 4.800
				,"percent": 13.69
				}
			,{
				"<=msec": 4.900
				,"percent": 14.85
				}
			,{
				"<=msec": 5.000
				,"percent": 16.01
				}
			,{
				"<=msec": 5.100
				,"percent": 17.20
				}
			,{
				"<=msec": 5.200
				,"percent": 18.23
				}
			,{
				"<=msec": 5.300
				,"percent": 19.25
				}
			,{
				"<=msec": 5.400
				,"percent": 20.17
				}
			,{
				"<=msec": 5.500
				,"percent": 20.95
				}
			,{
				"<=msec": 5.600
				,"percent": 22.02
				}
			,{
				"<=msec": 5.700
				,"percent": 22.75
				}
			,{
				"<=msec": 5.800
				,"percent": 23.73
				}
			,{
				"<=msec": 5.900
				,"percent": 24.65
				}
			,{
				"<=msec": 6.000
				,"percent": 25.42
				}
			,{
				"<=msec": 6.100
				,"percent": 26.32
				}
			,{
				"<=msec": 6.200
				,"percent": 27.15
				}
			,{
				"<=msec": 6.300
				,"percent": 27.92
				}
			,{
				"<=msec": 6.400
				,"percent": 28.68
				}
			,{
				"<=msec": 6.500
				,"percent": 29.68
				}
			,{
				"<=msec": 6.600
				,"percent": 30.59
				}
			,{
				"<=msec": 6.700
				,"percent": 31.51
				}
			,{
				"<=msec": 6.800
				,"percent": 32.21
				}
			,{
				"<=msec": 6.900
				,"percent": 33.52
				}
			,{
				"<=msec": 7.000
				,"percent": 34.42
				}
			,{
				"<=msec": 7.100
				,"percent": 35.24
				}
			,{
				"<=msec": 7.200
				,"percent": 36.24
				}
			,{
				"<=msec": 7.300
				,"percent": 36.94
				}
			,{
				"<=msec": 7.400
				,"percent": 37.81
				}
			,{
				"<=msec": 7.500
				,"percent": 38.80
				}
			,{
				"<=msec": 7.600
				,"percent": 39.62
				}
			,{
				"<=msec": 7.700
				,"percent": 40.67
				}
			,{
				"<=msec": 7.800
				,"percent": 41.69
				}
			,{
				"<=msec": 7.900
				,"percent": 42.89
				}
			,{
				"<=msec": 8.000
				,"percent": 43.93
				}
			,{
				"<=msec": 8.100
				,"percent": 44.78
				}
			,{
				"<=msec": 8.200
				,"percent": 45.92
				}
			,{
				"<=msec": 8.300
				,"percent": 46.92
				}
			,{
				"<=msec": 8.400
				,"percent": 47.87
				}
			,{
				"<=msec": 8.500
				,"percent": 48.72
				}
			,{
				"<=msec": 8.600
				,"percent": 49.83
				}
			,{
				"<=msec": 8.700
				,"percent": 50.97
				}
			,{
				"<=msec": 8.800
				,"percent": 51.91
				}
			,{
				"<=msec": 8.900
				,"percent": 52.83
				}
			,{
				"<=msec": 9.000
				,"percent": 53.98
				}
			,{
				"<=msec": 9.100
				,"percent": 55.11
				}
			,{
				"<=msec": 9.200
				,"percent": 56.26
				}
			,{
				"<=msec": 9.300
				,"percent": 57.41
				}
			,{
				"<=msec": 9.400
				,"percent": 58.53
				}
			,{
				"<=msec": 9.500
				,"percent": 59.72
				}
			,{
				"<=msec": 9.600
				,"percent": 60.77
				}
			,{
				"<=msec": 9.700
				,"percent": 61.82
				}
			,{
				"<=msec": 9.800
				,"percent": 62.89
				}
			,{
				"<=msec": 9.900
				,"percent": 63.92
				}
			,{
				"<=msec": 10.000
				,"percent": 68.48
				}
			,{
				"<=msec": 11.000
				,"percent": 74.91
				}
			,{
				"<=msec": 12.000
				,"percent": 79.69
				}
			,{
				"<=msec": 13.000
				,"percent": 83.21
				}
			,{
				"<=msec": 14.000
				,"percent": 85.76
				}
			,{
				"<=msec": 15.000
				,"percent": 87.62
				}
			,{
				"<=msec": 16.000
				,"percent": 89.36
				}
			,{
				"<=msec": 17.000
				,"percent": 91.01
				}
			,{
				"<=msec": 18.000
				,"percent": 92.33
				}
			,{
				"<=msec": 19.000
				,"percent": 93.61
				}
			,{
				"<=msec": 20.000
				,"percent": 94.54
				}
			,{
				"<=msec": 21.000
				,"percent": 95.53
				}
			,{
				"<=msec": 22.000
				,"percent": 96.18
				}
			,{
				"<=msec": 23.000
				,"percent": 96.73
				}
			,{
				"<=msec": 24.000
				,"percent": 97.16
				}
			,{
				"<=msec": 25.000
				,"percent": 97.49
				}
			,{
				"<=msec": 26.000
				,"percent": 97.97
				}
			,{
				"<=msec": 27.000
				,"percent": 98.26
				}
			,{
				"<=msec": 28.000
				,"percent": 98.54
				}
			,{
				"<=msec": 29.000
				,"percent": 98.76
				}
			,{
				"<=msec": 30.000
				,"percent": 98.98
				}
			,{
				"<=msec": 31.000
				,"percent": 99.12
				}
			,{
				"<=msec": 32.000
				,"percent": 99.19
				}
			,{
				"<=msec": 33.000
				,"percent": 99.33
				}
			,{
				"<=msec": 34.000
				,"percent": 99.40
				}
			,{
				"<=msec": 35.000
				,"percent": 99.43
				}
			,{
				"<=msec": 36.000
				,"percent": 99.52
				}
			,{
				"<=msec": 37.000
				,"percent": 99.59
				}
			,{
				"<=msec": 38.000
				,"percent": 99.68
				}
			,{
				"<=msec": 39.000
				,"percent": 99.75
				}
			,{
				"<=msec": 40.000
				,"percent": 99.79
				}
			,{
				"<=msec": 41.000
				,"percent": 99.83
				}
			,{
				"<=msec": 42.000
				,"percent": 99.84
				}
			,{
				"<=msec": 43.000
				,"percent": 99.86
				}
			,{
				"<=msec": 44.000
				,"percent": 99.88
				}
			,{
				"<=msec": 45.000
				,"percent": 99.89
				}
			,{
				"<=msec": 46.000
				,"percent": 99.94
				}
			,{
				"<=msec": 47.000
				,"percent": 99.95
				}
			,{
				"<=msec": 48.000
				,"percent": 99.96
				}
			,{
				"<=msec": 50.000
				,"percent": 99.98
				}
			,{
				"<=msec": 57.000
				,"percent": 99.99
				}
			,{
				"<=msec": 67.000
				,"percent": 100.00
				}
			]
		,"GET":[
			{
				"<=msec": 3.400
				,"percent": 0.02
				}
			,{
				"<=msec": 3.500
				,"percent": 0.09
				}
			,{
				"<=msec": 3.600
				,"percent": 0.43
				}
			,{
				"<=msec": 3.700
				,"percent": 1.05
				}
			,{
				"<=msec": 3.800
				,"percent": 2.30
				}
			,{
				"<=msec": 3.900
				,"percent": 3.72
				}
			,{
				"<=msec": 4.000
				,"percent": 5.56
				}
			,{
				"<=msec": 4.100
				,"percent": 7.82
				}
			,{
				"<=msec": 4.200
				,"percent": 10.33
				}
			,{
				"<=msec": 4.300
				,"percent": 12.69
				}
			,{
				"<=msec": 4.400
				,"percent": 14.97
				}
			,{
				"<=msec": 4.500
				,"percent": 17.69
				}
			,{
				"<=msec": 4.600
				,"percent": 20.15
				}
			,{
				"<=msec": 4.700
				,"percent": 22.62
				}
			,{
				"<=msec": 4.800
				,"percent": 25.16
				}
			,{
				"<=msec": 4.900
				,"percent": 27.56
				}
			,{
				"<=msec": 5.000
				,"percent": 29.81
				}
			,{
				"<=msec": 5.100
				,"percent": 31.67
				}
			,{
				"<=msec": 5.200
				,"percent": 33.58
				}
			,{
				"<=msec": 5.300
				,"percent": 35.42
				}
			,{
				"<=msec": 5.400
				,"percent": 37.15
				}
			,{
				"<=msec": 5.500
				,"percent": 38.70
				}
			,{
				"<=msec": 5.600
				,"percent": 40.01
				}
			,{
				"<=msec": 5.700
				,"percent": 41.55
				}
			,{
				"<=msec": 5.800
				,"percent": 42.94
				}
			,{
				"<=msec": 5.900
				,"percent": 44.06
				}
			,{
				"<=msec": 6.000
				,"percent": 45.21
				}
			,{
				"<=msec": 6.100
				,"percent": 46.19
				}
			,{
				"<=msec": 6.200
				,"percent": 47.14
				}
			,{
				"<=msec": 6.300
				,"percent": 47.91
				}
			,{
				"<=msec": 6.400
				,"percent": 49.04
				}
			,{
				"<=msec": 6.500
				,"percent": 49.86
				}
			,{
				"<=msec": 6.600
				,"percent": 50.54
				}
			,{
				"<=msec": 6.700
				,"percent": 51.14
				}
			,{
				"<=msec": 6.800
				,"percent": 51.72
				}
			,{
				"<=msec": 6.900
				,"percent": 52.50
				}
			,{
				"<=msec": 7.000
				,"percent": 53.33
				}
			,{
				"<=msec": 7.100
				,"percent": 53.91
				}
			,{
				"<=msec": 7.200
				,"percent": 54.48
				}
			,{
				"<=msec": 7.300
				,"percent": 55.12
				}
			,{
				"<=msec": 7.400
				,"percent": 55.64
				}
			,{
				"<=msec": 7.500
				,"percent": 56.30
				}
			,{
				"<=msec": 7.600
				,"percent": 57.03
				}
			,{
				"<=msec": 7.700
				,"percent": 57.60
				}
			,{
				"<=msec": 7.800
				,"percent": 58.16
				}
			,{
				"<=msec": 7.900
				,"percent": 58.74
				}
			,{
				"<=msec": 8.000
				,"percent": 59.26
				}
			,{
				"<=msec": 8.100
				,"percent": 59.87
				}
			,{
				"<=msec": 8.200
				,"percent": 60.34
				}
			,{
				"<=msec": 8.300
				,"percent": 60.91
				}
			,{
				"<=msec": 8.400
				,"percent": 61.41
				}
			,{
				"<=msec": 8.500
				,"percent": 62.11
				}
			,{
				"<=msec": 8.600
				,"percent": 62.62
				}
			,{
				"<=msec": 8.700
				,"percent": 63.29
				}
			,{
				"<=msec": 8.800
				,"percent": 63.80
				}
			,{
				"<=msec": 8.900
				,"percent": 64.27
				}
			,{
				"<=msec": 9.000
				,"percent": 64.83
				}
			,{
				"<=msec": 9.100
				,"percent": 65.29
				}
			,{
				"<=msec": 9.200
				,"percent": 65.84
				}
			,{
				"<=msec": 9.300
				,"percent": 66.41
				}
			,{
				"<=msec": 9.400
				,"percent": 67.04
				}
			,{
				"<=msec": 9.500
				,"percent": 67.47
				}
			,{
				"<=msec": 9.600
				,"percent": 68.06
				}
			,{
				"<=msec": 9.700
				,"percent": 68.63
				}
			,{
				"<=msec": 9.800
				,"percent": 69.31
				}
			,{
				"<=msec": 9.900
				,"percent": 70.00
				}
			,{
				"<=msec": 10.000
				,"percent": 73.19
				}
			,{
				"<=msec": 11.000
				,"percent": 78.72
				}
			,{
				"<=msec": 12.000
				,"percent": 83.02
				}
			,{
				"<=msec": 13.000
				,"percent": 86.01
				}
			,{
				"<=msec": 14.000
				,"percent": 88.24
				}
			,{
				"<=msec": 15.000
				,"percent": 89.63
				}
			,{
				"<=msec": 16.000
				,"percent": 90.89
				}
			,{
				"<=msec": 17.000
				,"percent": 91.95
				}
			,{
				"<=msec": 18.000
				,"percent": 92.92
				}
			,{
				"<=msec": 19.000
				,"percent": 93.83
				}
			,{
				"<=msec": 20.000
				,"percent": 94.95
				}
			,{
				"<=msec": 21.000
				,"percent": 96.04
				}
			,{
				"<=msec": 22.000
				,"percent": 96.85
				}
			,{
				"<=msec": 23.000
				,"percent": 97.38
				}
			,{
				"<=msec": 24.000
				,"percent": 97.68
				}
			,{
				"<=msec": 25.000
				,"percent": 98.00
				}
			,{
				"<=msec": 26.000
				,"percent": 98.31
				}
			,{
				"<=msec": 27.000
				,"percent": 98.52
				}
			,{
				"<=msec": 28.000
				,"percent": 98.76
				}
			,{
				"<=msec": 29.000
				,"percent": 98.98
				}
			,{
				"<=msec": 30.000
				,"percent": 99.17
				}
			,{
				"<=msec": 31.000
				,"percent": 99.26
				}
			,{
				"<=msec": 32.000
				,"percent": 99.35
				}
			,{
				"<=msec": 33.000
				,"percent": 99.40
				}
			,{
				"<=msec": 34.000
				,"percent": 99.52
				}
			,{
				"<=msec": 35.000
				,"percent": 99.60
				}
			,{
				"<=msec": 36.000
				,"percent": 99.67
				}
			,{
				"<=msec": 37.000
				,"percent": 99.69
				}
			,{
				"<=msec": 38.000
				,"percent": 99.71
				}
			,{
				"<=msec": 39.000
				,"percent": 99.78
				}
			,{
				"<=msec": 40.000
				,"percent": 99.81
				}
			,{
				"<=msec": 41.000
				,"percent": 99.85
				}
			,{
				"<=msec": 42.000
				,"percent": 99.86
				}
			,{
				"<=msec": 43.000
				,"percent": 99.90
				}
			,{
				"<=msec": 44.000
				,"percent": 99.93
				}
			,{
				"<=msec": 47.000
				,"percent": 99.94
				}
			,{
				"<=msec": 48.000
				,"percent": 99.95
				}
			,{
				"<=msec": 49.000
				,"percent": 99.96
				}
			,{
				"<=msec": 51.000
				,"percent": 99.98
				}
			,{
				"<=msec": 60.000
				,"percent": 99.99
				}
			,{
				"<=msec": 63.000
				,"percent": 100.00
				}
			]
		,"WAIT":[
		]
		}
	}
