{
	"configuration":{
		"server": "10.0.0.8"
		,"port": 6379
		,"unix socket": "(null)"
		,"protocol": "memcache_text"
		,"out_file": "(null)"
		,"client_stats": "(null)"
		,"run_count": 1
		,"debug": 0
		,"requests": 0
		,"clients": 32
		,"threads": 1
		,"test_time": 75
		,"ratio": "1:1"
		,"pipeline": 1
		,"data_size": 1024
		,"data_offset": 0
		,"random_data": "false"
		,"data_size_range": "0:0"
		,"data_size_list": ""
		,"data_size_pattern": "R"
		,"expiry_range": "9999:10000"
		,"data_import": "(null)"
		,"data_verify": "false"
		,"verify_only": "false"
		,"generate_keys": "false"
		,"key_prefix": "memtier-"
		,"key_minimum":           0
		,"key_maximum":       10000
		,"key_pattern": "R:R"
		,"key_stddev": 0.000000
		,"key_median": 0.000000
		,"reconnect_interval": 0
		,"multi_key_get": 0
		,"authenticate": ""
		,"select-db": 0
		,"no-expiry": "false"
		,"wait-ratio": "0:0"
		,"num-slaves": "0:0"
		,"wait-timeout": "0-0"
		}
	,"run information":{
		"Threads": 1
		,"Connections per thread": 32
		,"Seconds": 75
		}
	,"ALL STATS":{
		"Sets":{
			"Ops/sec": 250.15
			,"Hits/sec": 0.00
			,"Misses/sec": 0.00
			,"Latency": 64.06
			,"KB/sec": 260.03
			}
		,"Gets":{
			"Ops/sec": 249.91
			,"Hits/sec": 249.91
			,"Misses/sec": 0.00
			,"Latency": 63.91
			,"KB/sec": 262.57
			}
		,"Waits":{
			"Ops/sec": 0.00
			,"Hits/sec": 0.00
			,"Misses/sec": 0.00
			,"Latency": 0.00
			,"KB/sec": 0.00
			}
		,"Totals":{
			"Ops/sec": 500.07
			,"Hits/sec": 249.91
			,"Misses/sec": 0.00
			,"Latency": 63.98
			,"KB/sec": 522.59
			}
		,"SET":[
			{
				"<=msec": 14.000
				,"percent": 0.01
				}
			,{
				"<=msec": 15.000
				,"percent": 0.06
				}
			,{
				"<=msec": 16.000
				,"percent": 0.15
				}
			,{
				"<=msec": 17.000
				,"percent": 0.25
				}
			,{
				"<=msec": 18.000
				,"percent": 0.50
				}
			,{
				"<=msec": 19.000
				,"percent": 0.91
				}
			,{
				"<=msec": 20.000
				,"percent": 1.36
				}
			,{
				"<=msec": 21.000
				,"percent": 1.76
				}
			,{
				"<=msec": 22.000
				,"percent": 2.43
				}
			,{
				"<=msec": 23.000
				,"percent": 2.84
				}
			,{
				"<=msec": 24.000
				,"percent": 3.26
				}
			,{
				"<=msec": 25.000
				,"percent": 3.52
				}
			,{
				"<=msec": 26.000
				,"percent": 3.78
				}
			,{
				"<=msec": 27.000
				,"percent": 4.01
				}
			,{
				"<=msec": 28.000
				,"percent": 4.34
				}
			,{
				"<=msec": 29.000
				,"percent": 4.63
				}
			,{
				"<=msec": 30.000
				,"percent": 4.91
				}
			,{
				"<=msec": 31.000
				,"percent": 5.25
				}
			,{
				"<=msec": 32.000
				,"percent": 5.64
				}
			,{
				"<=msec": 33.000
				,"percent": 5.93
				}
			,{
				"<=msec": 34.000
				,"percent": 6.27
				}
			,{
				"<=msec": 35.000
				,"percent": 6.64
				}
			,{
				"<=msec": 36.000
				,"percent": 6.94
				}
			,{
				"<=msec": 37.000
				,"percent": 7.25
				}
			,{
				"<=msec": 38.000
				,"percent": 7.50
				}
			,{
				"<=msec": 39.000
				,"percent": 7.72
				}
			,{
				"<=msec": 40.000
				,"percent": 7.96
				}
			,{
				"<=msec": 41.000
				,"percent": 8.11
				}
			,{
				"<=msec": 42.000
				,"percent": 8.29
				}
			,{
				"<=msec": 43.000
				,"percent": 8.53
				}
			,{
				"<=msec": 44.000
				,"percent": 8.76
				}
			,{
				"<=msec": 45.000
				,"percent": 8.99
				}
			,{
				"<=msec": 46.000
				,"percent": 9.37
				}
			,{
				"<=msec": 47.000
				,"percent": 9.67
				}
			,{
				"<=msec": 48.000
				,"percent": 9.92
				}
			,{
				"<=msec": 49.000
				,"percent": 10.13
				}
			,{
				"<=msec": 50.000
				,"percent": 10.43
				}
			,{
				"<=msec": 51.000
				,"percent": 10.65
				}
			,{
				"<=msec": 52.000
				,"percent": 10.88
				}
			,{
				"<=msec": 53.000
				,"percent": 11.10
				}
			,{
				"<=msec": 54.000
				,"percent": 11.45
				}
			,{
				"<=msec": 55.000
				,"percent": 11.89
				}
			,{
				"<=msec": 56.000
				,"percent": 12.55
				}
			,{
				"<=msec": 57.000
				,"percent": 13.54
				}
			,{
				"<=msec": 58.000
				,"percent": 15.09
				}
			,{
				"<=msec": 59.000
				,"percent": 17.50
				}
			,{
				"<=msec": 60.000
				,"percent": 20.65
				}
			,{
				"<=msec": 61.000
				,"percent": 24.58
				}
			,{
				"<=msec": 62.000
				,"percent": 29.43
				}
			,{
				"<=msec": 63.000
				,"percent": 34.99
				}
			,{
				"<=msec": 64.000
				,"percent": 41.58
				}
			,{
				"<=msec": 65.000
				,"percent": 48.79
				}
			,{
				"<=msec": 66.000
				,"percent": 55.29
				}
			,{
				"<=msec": 67.000
				,"percent": 60.96
				}
			,{
				"<=msec": 68.000
				,"percent": 66.31
				}
			,{
				"<=msec": 69.000
				,"percent": 71.45
				}
			,{
				"<=msec": 70.000
				,"percent": 76.10
				}
			,{
				"<=msec": 71.000
				,"percent": 80.31
				}
			,{
				"<=msec": 72.000
				,"percent": 83.73
				}
			,{
				"<=msec": 73.000
				,"percent": 86.26
				}
			,{
				"<=msec": 74.000
				,"percent": 88.44
				}
			,{
				"<=msec": 75.000
				,"percent": 90.03
				}
			,{
				"<=msec": 76.000
				,"percent": 91.52
				}
			,{
				"<=msec": 77.000
				,"percent": 92.59
				}
			,{
				"<=msec": 78.000
				,"percent": 93.41
				}
			,{
				"<=msec": 79.000
				,"percent": 93.98
				}
			,{
				"<=msec": 80.000
				,"percent": 94.46
				}
			,{
				"<=msec": 81.000
				,"percent": 94.96
				}
			,{
				"<=msec": 82.000
				,"percent": 95.35
				}
			,{
				"<=msec": 83.000
				,"percent": 95.78
				}
			,{
				"<=msec": 84.000
				,"percent": 96.21
				}
			,{
				"<=msec": 85.000
				,"percent": 96.61
				}
			,{
				"<=msec": 86.000
				,"percent": 96.97
				}
			,{
				"<=msec": 87.000
				,"percent": 97.29
				}
			,{
				"<=msec": 88.000
				,"percent": 97.63
				}
			,{
				"<=msec": 89.000
				,"percent": 97.97
				}
			,{
				"<=msec": 90.000
				,"percent": 98.21
				}
			,{
				"<=msec": 91.000
				,"percent": 98.43
				}
			,{
				"<=msec": 92.000
				,"percent": 98.66
				}
			,{
				"<=msec": 93.000
				,"percent": 98.85
				}
			,{
				"<=msec": 94.000
				,"percent": 99.03
				}
			,{
				"<=msec": 95.000
				,"percent": 99.18
				}
			,{
				"<=msec": 96.000
				,"percent": 99.35
				}
			,{
				"<=msec": 97.000
				,"percent": 99.42
				}
			,{
				"<=msec": 98.000
				,"percent": 99.52
				}
			,{
				"<=msec": 99.000
				,"percent": 99.59
				}
			,{
				"<=msec": 100.000
				,"percent": 99.81
				}
			,{
				"<=msec": 110.000
				,"percent": 99.94
				}
			,{
				"<=msec": 120.000
				,"percent": 100.00
				}
			]
		,"GET":[
			{
				"<=msec": 14.000
				,"percent": 0.04
				}
			,{
				"<=msec": 15.000
				,"percent": 0.15
				}
			,{
				"<=msec": 16.000
				,"percent": 0.21
				}
			,{
				"<=msec": 17.000
				,"percent": 0.38
				}
			,{
				"<=msec": 18.000
				,"percent": 0.76
				}
			,{
				"<=msec": 19.000
				,"percent": 1.26
				}
			,{
				"<=msec": 20.000
				,"percent": 1.69
				}
			,{
				"<=msec": 21.000
				,"percent": 2.10
				}
			,{
				"<=msec": 22.000
				,"percent": 2.60
				}
			,{
				"<=msec": 23.000
				,"percent": 3.04
				}
			,{
				"<=msec": 24.000
				,"percent": 3.41
				}
			,{
				"<=msec": 25.000
				,"percent": 3.77
				}
			,{
				"<=msec": 26.000
				,"percent": 3.95
				}
			,{
				"<=msec": 27.000
				,"percent": 4.21
				}
			,{
				"<=msec": 28.000
				,"percent": 4.49
				}
			,{
				"<=msec": 29.000
				,"percent": 4.82
				}
			,{
				"<=msec": 30.000
				,"percent": 5.22
				}
			,{
				"<=msec": 31.000
				,"percent": 5.60
				}
			,{
				"<=msec": 32.000
				,"percent": 5.92
				}
			,{
				"<=msec": 33.000
				,"percent": 6.29
				}
			,{
				"<=msec": 34.000
				,"percent": 6.63
				}
			,{
				"<=msec": 35.000
				,"percent": 6.90
				}
			,{
				"<=msec": 36.000
				,"percent": 7.17
				}
			,{
				"<=msec": 37.000
				,"percent": 7.48
				}
			,{
				"<=msec": 38.000
				,"percent": 7.66
				}
			,{
				"<=msec": 39.000
				,"percent": 7.85
				}
			,{
				"<=msec": 40.000
				,"percent": 8.01
				}
			,{
				"<=msec": 41.000
				,"percent": 8.20
				}
			,{
				"<=msec": 42.000
				,"percent": 8.31
				}
			,{
				"<=msec": 43.000
				,"percent": 8.49
				}
			,{
				"<=msec": 44.000
				,"percent": 8.71
				}
			,{
				"<=msec": 45.000
				,"percent": 9.00
				}
			,{
				"<=msec": 46.000
				,"percent": 9.26
				}
			,{
				"<=msec": 47.000
				,"percent": 9.50
				}
			,{
				"<=msec": 48.000
				,"percent": 9.73
				}
			,{
				"<=msec": 49.000
				,"percent": 9.95
				}
			,{
				"<=msec": 50.000
				,"percent": 10.21
				}
			,{
				"<=msec": 51.000
				,"percent": 10.42
				}
			,{
				"<=msec": 52.000
				,"percent": 10.63
				}
			,{
				"<=msec": 53.000
				,"percent": 10.87
				}
			,{
				"<=msec": 54.000
				,"percent": 11.20
				}
			,{
				"<=msec": 55.000
				,"percent": 11.85
				}
			,{
				"<=msec": 56.000
				,"percent": 12.65
				}
			,{
				"<=msec": 57.000
				,"percent": 13.62
				}
			,{
				"<=msec": 58.000
				,"percent": 15.45
				}
			,{
				"<=msec": 59.000
				,"percent": 18.38
				}
			,{
				"<=msec": 60.000
				,"percent": 21.88
				}
			,{
				"<=msec": 61.000
				,"percent": 26.19
				}
			,{
				"<=msec": 62.000
				,"percent": 31.30
				}
			,{
				"<=msec": 63.000
				,"percent": 37.16
				}
			,{
				"<=msec": 64.000
				,"percent": 43.68
				}
			,{
				"<=msec": 65.000
				,"percent": 50.14
				}
			,{
				"<=msec": 66.000
				,"percent": 56.55
				}
			,{
				"<=msec": 67.000
				,"percent": 62.49
				}
			,{
				"<=msec": 68.000
				,"percent": 67.78
				}
			,{
				"<=msec": 69.000
				,"percent": 72.47
				}
			,{
				"<=msec": 70.000
				,"percent": 76.82
				}
			,{
				"<=msec": 71.000
				,"percent": 80.89
				}
			,{
				"<=msec": 72.000
				,"percent": 84.25
				}
			,{
				"<=msec": 73.000
				,"percent": 86.77
				}
			,{
				"<=msec": 74.000
				,"percent": 88.59
				}
			,{
				"<=msec": 75.000
				,"percent": 89.90
				}
			,{
				"<=msec": 76.000
				,"percent": 91.02
				}
			,{
				"<=msec": 77.000
				,"percent": 92.00
				}
			,{
				"<=msec": 78.000
				,"percent": 92.76
				}
			,{
				"<=msec": 79.000
				,"percent": 93.29
				}
			,{
				"<=msec": 80.000
				,"percent": 93.88
				}
			,{
				"<=msec": 81.000
				,"percent": 94.48
				}
			,{
				"<=msec": 82.000
				,"percent": 94.92
				}
			,{
				"<=msec": 83.000
				,"percent": 95.35
				}
			,{
				"<=msec": 84.000
				,"percent": 95.89
				}
			,{
				"<=msec": 85.000
				,"percent": 96.27
				}
			,{
				"<=msec": 86.000
				,"percent": 96.56
				}
			,{
				"<=msec": 87.000
				,"percent": 96.99
				}
			,{
				"<=msec": 88.000
				,"percent": 97.38
				}
			,{
				"<=msec": 89.000
				,"percent": 97.76
				}
			,{
				"<=msec": 90.000
				,"percent": 98.14
				}
			,{
				"<=msec": 91.000
				,"percent": 98.43
				}
			,{
				"<=msec": 92.000
				,"percent": 98.58
				}
			,{
				"<=msec": 93.000
				,"percent": 98.74
				}
			,{
				"<=msec": 94.000
				,"percent": 98.90
				}
			,{
				"<=msec": 95.000
				,"percent": 99.12
				}
			,{
				"<=msec": 96.000
				,"percent": 99.22
				}
			,{
				"<=msec": 97.000
				,"percent": 99.33
				}
			,{
				"<=msec": 98.000
				,"percent": 99.45
				}
			,{
				"<=msec": 99.000
				,"percent": 99.53
				}
			,{
				"<=msec": 100.000
				,"percent": 99.80
				}
			,{
				"<=msec": 110.000
				,"percent": 99.91
				}
			,{
				"<=msec": 120.000
				,"percent": 100.00
				}
			]
		,"WAIT":[
		]
		}
	}
