{
	"configuration":{
		"server": "10.0.0.8"
		,"port": 6379
		,"unix socket": "(null)"
		,"protocol": "memcache_text"
		,"out_file": "(null)"
		,"client_stats": "(null)"
		,"run_count": 1
		,"debug": 0
		,"requests": 0
		,"clients": 32
		,"threads": 1
		,"test_time": 75
		,"ratio": "1:1"
		,"pipeline": 1
		,"data_size": 1024
		,"data_offset": 0
		,"random_data": "false"
		,"data_size_range": "0:0"
		,"data_size_list": ""
		,"data_size_pattern": "R"
		,"expiry_range": "9999:10000"
		,"data_import": "(null)"
		,"data_verify": "false"
		,"verify_only": "false"
		,"generate_keys": "false"
		,"key_prefix": "memtier-"
		,"key_minimum":           0
		,"key_maximum":       10000
		,"key_pattern": "R:R"
		,"key_stddev": 0.000000
		,"key_median": 0.000000
		,"reconnect_interval": 0
		,"multi_key_get": 0
		,"authenticate": ""
		,"select-db": 0
		,"no-expiry": "false"
		,"wait-ratio": "0:0"
		,"num-slaves": "0:0"
		,"wait-timeout": "0-0"
		}
	,"run information":{
		"Threads": 1
		,"Connections per thread": 32
		,"Seconds": 75
		}
	,"ALL STATS":{
		"Sets":{
			"Ops/sec": 247.73
			,"Hits/sec": 0.00
			,"Misses/sec": 0.00
			,"Latency": 64.81
			,"KB/sec": 257.51
			}
		,"Gets":{
			"Ops/sec": 247.52
			,"Hits/sec": 247.52
			,"Misses/sec": 0.00
			,"Latency": 64.39
			,"KB/sec": 260.05
			}
		,"Waits":{
			"Ops/sec": 0.00
			,"Hits/sec": 0.00
			,"Misses/sec": 0.00
			,"Latency": 0.00
			,"KB/sec": 0.00
			}
		,"Totals":{
			"Ops/sec": 495.25
			,"Hits/sec": 247.52
			,"Misses/sec": 0.00
			,"Latency": 64.60
			,"KB/sec": 517.55
			}
		,"SET":[
			{
				"<=msec": 15.000
				,"percent": 0.01
				}
			,{
				"<=msec": 16.000
				,"percent": 0.02
				}
			,{
				"<=msec": 17.000
				,"percent": 0.10
				}
			,{
				"<=msec": 18.000
				,"percent": 0.27
				}
			,{
				"<=msec": 19.000
				,"percent": 0.66
				}
			,{
				"<=msec": 20.000
				,"percent": 1.04
				}
			,{
				"<=msec": 21.000
				,"percent": 1.36
				}
			,{
				"<=msec": 22.000
				,"percent": 1.85
				}
			,{
				"<=msec": 23.000
				,"percent": 2.28
				}
			,{
				"<=msec": 24.000
				,"percent": 2.61
				}
			,{
				"<=msec": 25.000
				,"percent": 2.82
				}
			,{
				"<=msec": 26.000
				,"percent": 3.12
				}
			,{
				"<=msec": 27.000
				,"percent": 3.47
				}
			,{
				"<=msec": 28.000
				,"percent": 3.94
				}
			,{
				"<=msec": 29.000
				,"percent": 4.35
				}
			,{
				"<=msec": 30.000
				,"percent": 4.77
				}
			,{
				"<=msec": 31.000
				,"percent": 5.19
				}
			,{
				"<=msec": 32.000
				,"percent": 5.58
				}
			,{
				"<=msec": 33.000
				,"percent": 5.97
				}
			,{
				"<=msec": 34.000
				,"percent": 6.29
				}
			,{
				"<=msec": 35.000
				,"percent": 6.54
				}
			,{
				"<=msec": 36.000
				,"percent": 6.77
				}
			,{
				"<=msec": 37.000
				,"percent": 6.97
				}
			,{
				"<=msec": 38.000
				,"percent": 7.16
				}
			,{
				"<=msec": 39.000
				,"percent": 7.40
				}
			,{
				"<=msec": 40.000
				,"percent": 7.70
				}
			,{
				"<=msec": 41.000
				,"percent": 7.88
				}
			,{
				"<=msec": 42.000
				,"percent": 8.08
				}
			,{
				"<=msec": 43.000
				,"percent": 8.26
				}
			,{
				"<=msec": 44.000
				,"percent": 8.38
				}
			,{
				"<=msec": 45.000
				,"percent": 8.59
				}
			,{
				"<=msec": 46.000
				,"percent": 8.77
				}
			,{
				"<=msec": 47.000
				,"percent": 9.09
				}
			,{
				"<=msec": 48.000
				,"percent": 9.35
				}
			,{
				"<=msec": 49.000
				,"percent": 9.59
				}
			,{
				"<=msec": 50.000
				,"percent": 9.83
				}
			,{
				"<=msec": 51.000
				,"percent": 10.08
				}
			,{
				"<=msec": 52.000
				,"percent": 10.38
				}
			,{
				"<=msec": 53.000
				,"percent": 10.62
				}
			,{
				"<=msec": 54.000
				,"percent": 11.03
				}
			,{
				"<=msec": 55.000
				,"percent": 11.58
				}
			,{
				"<=msec": 56.000
				,"percent": 12.26
				}
			,{
				"<=msec": 57.000
				,"percent": 13.12
				}
			,{
				"<=msec": 58.000
				,"percent": 14.38
				}
			,{
				"<=msec": 59.000
				,"percent": 16.43
				}
			,{
				"<=msec": 60.000
				,"percent": 19.05
				}
			,{
				"<=msec": 61.000
				,"percent": 22.38
				}
			,{
				"<=msec": 62.000
				,"percent": 27.02
				}
			,{
				"<=msec": 63.000
				,"percent": 32.03
				}
			,{
				"<=msec": 64.000
				,"percent": 37.86
				}
			,{
				"<=msec": 65.000
				,"percent": 44.59
				}
			,{
				"<=msec": 66.000
				,"percent": 51.24
				}
			,{
				"<=msec": 67.000
				,"percent": 57.24
				}
			,{
				"<=msec": 68.000
				,"percent": 62.94
				}
			,{
				"<=msec": 69.000
				,"percent": 68.21
				}
			,{
				"<=msec": 70.000
				,"percent": 73.24
				}
			,{
				"<=msec": 71.000
				,"percent": 77.69
				}
			,{
				"<=msec": 72.000
				,"percent": 81.31
				}
			,{
				"<=msec": 73.000
				,"percent": 84.40
				}
			,{
				"<=msec": 74.000
				,"percent": 86.96
				}
			,{
				"<=msec": 75.000
				,"percent": 88.87
				}
			,{
				"<=msec": 76.000
				,"percent": 90.26
				}
			,{
				"<=msec": 77.000
				,"percent": 91.44
				}
			,{
				"<=msec": 78.000
				,"percent": 92.40
				}
			,{
				"<=msec": 79.000
				,"percent": 93.03
				}
			,{
				"<=msec": 80.000
				,"percent": 93.64
				}
			,{
				"<=msec": 81.000
				,"percent": 94.27
				}
			,{
				"<=msec": 82.000
				,"percent": 94.70
				}
			,{
				"<=msec": 83.000
				,"percent": 95.03
				}
			,{
				"<=msec": 84.000
				,"percent": 95.45
				}
			,{
				"<=msec": 85.000
				,"percent": 95.88
				}
			,{
				"<=msec": 86.000
				,"percent": 96.34
				}
			,{
				"<=msec": 87.000
				,"percent": 96.73
				}
			,{
				"<=msec": 88.000
				,"percent": 97.12
				}
			,{
				"<=msec": 89.000
				,"percent": 97.58
				}
			,{
				"<=msec": 90.000
				,"percent": 97.85
				}
			,{
				"<=msec": 91.000
				,"percent": 98.08
				}
			,{
				"<=msec": 92.000
				,"percent": 98.26
				}
			,{
				"<=msec": 93.000
				,"percent": 98.49
				}
			,{
				"<=msec": 94.000
				,"percent": 98.71
				}
			,{
				"<=msec": 95.000
				,"percent": 98.90
				}
			,{
				"<=msec": 96.000
				,"percent": 99.14
				}
			,{
				"<=msec": 97.000
				,"percent": 99.26
				}
			,{
				"<=msec": 98.000
				,"percent": 99.37
				}
			,{
				"<=msec": 99.000
				,"percent": 99.46
				}
			,{
				"<=msec": 100.000
				,"percent": 99.74
				}
			,{
				"<=msec": 110.000
				,"percent": 99.90
				}
			,{
				"<=msec": 120.000
				,"percent": 99.99
				}
			,{
				"<=msec": 130.000
				,"percent": 100.00
				}
			]
		,"GET":[
			{
				"<=msec": 16.000
				,"percent": 0.02
				}
			,{
				"<=msec": 17.000
				,"percent": 0.15
				}
			,{
				"<=msec": 18.000
				,"percent": 0.57
				}
			,{
				"<=msec": 19.000
				,"percent": 1.11
				}
			,{
				"<=msec": 20.000
				,"percent": 1.54
				}
			,{
				"<=msec": 21.000
				,"percent": 1.85
				}
			,{
				"<=msec": 22.000
				,"percent": 2.16
				}
			,{
				"<=msec": 23.000
				,"percent": 2.64
				}
			,{
				"<=msec": 24.000
				,"percent": 2.98
				}
			,{
				"<=msec": 25.000
				,"percent": 3.21
				}
			,{
				"<=msec": 26.000
				,"percent": 3.58
				}
			,{
				"<=msec": 27.000
				,"percent": 3.99
				}
			,{
				"<=msec": 28.000
				,"percent": 4.46
				}
			,{
				"<=msec": 29.000
				,"percent": 4.72
				}
			,{
				"<=msec": 30.000
				,"percent": 5.05
				}
			,{
				"<=msec": 31.000
				,"percent": 5.42
				}
			,{
				"<=msec": 32.000
				,"percent": 5.80
				}
			,{
				"<=msec": 33.000
				,"percent": 6.07
				}
			,{
				"<=msec": 34.000
				,"percent": 6.26
				}
			,{
				"<=msec": 35.000
				,"percent": 6.49
				}
			,{
				"<=msec": 36.000
				,"percent": 6.68
				}
			,{
				"<=msec": 37.000
				,"percent": 6.84
				}
			,{
				"<=msec": 38.000
				,"percent": 7.04
				}
			,{
				"<=msec": 39.000
				,"percent": 7.29
				}
			,{
				"<=msec": 40.000
				,"percent": 7.55
				}
			,{
				"<=msec": 41.000
				,"percent": 7.82
				}
			,{
				"<=msec": 42.000
				,"percent": 7.94
				}
			,{
				"<=msec": 43.000
				,"percent": 8.04
				}
			,{
				"<=msec": 44.000
				,"percent": 8.19
				}
			,{
				"<=msec": 45.000
				,"percent": 8.36
				}
			,{
				"<=msec": 46.000
				,"percent": 8.63
				}
			,{
				"<=msec": 47.000
				,"percent": 8.93
				}
			,{
				"<=msec": 48.000
				,"percent": 9.16
				}
			,{
				"<=msec": 49.000
				,"percent": 9.50
				}
			,{
				"<=msec": 50.000
				,"percent": 9.77
				}
			,{
				"<=msec": 51.000
				,"percent": 10.06
				}
			,{
				"<=msec": 52.000
				,"percent": 10.37
				}
			,{
				"<=msec": 53.000
				,"percent": 10.62
				}
			,{
				"<=msec": 54.000
				,"percent": 11.00
				}
			,{
				"<=msec": 55.000
				,"percent": 11.52
				}
			,{
				"<=msec": 56.000
				,"percent": 12.17
				}
			,{
				"<=msec": 57.000
				,"percent": 13.11
				}
			,{
				"<=msec": 58.000
				,"percent": 14.48
				}
			,{
				"<=msec": 59.000
				,"percent": 16.87
				}
			,{
				"<=msec": 60.000
				,"percent": 19.88
				}
			,{
				"<=msec": 61.000
				,"percent": 23.69
				}
			,{
				"<=msec": 62.000
				,"percent": 28.55
				}
			,{
				"<=msec": 63.000
				,"percent": 33.90
				}
			,{
				"<=msec": 64.000
				,"percent": 40.22
				}
			,{
				"<=msec": 65.000
				,"percent": 46.90
				}
			,{
				"<=msec": 66.000
				,"percent": 53.53
				}
			,{
				"<=msec": 67.000
				,"percent": 59.74
				}
			,{
				"<=msec": 68.000
				,"percent": 65.25
				}
			,{
				"<=msec": 69.000
				,"percent": 70.50
				}
			,{
				"<=msec": 70.000
				,"percent": 75.38
				}
			,{
				"<=msec": 71.000
				,"percent": 79.37
				}
			,{
				"<=msec": 72.000
				,"percent": 82.88
				}
			,{
				"<=msec": 73.000
				,"percent": 85.96
				}
			,{
				"<=msec": 74.000
				,"percent": 87.91
				}
			,{
				"<=msec": 75.000
				,"percent": 89.47
				}
			,{
				"<=msec": 76.000
				,"percent": 90.91
				}
			,{
				"<=msec": 77.000
				,"percent": 92.12
				}
			,{
				"<=msec": 78.000
				,"percent": 92.98
				}
			,{
				"<=msec": 79.000
				,"percent": 93.73
				}
			,{
				"<=msec": 80.000
				,"percent": 94.22
				}
			,{
				"<=msec": 81.000
				,"percent": 94.69
				}
			,{
				"<=msec": 82.000
				,"percent": 95.09
				}
			,{
				"<=msec": 83.000
				,"percent": 95.53
				}
			,{
				"<=msec": 84.000
				,"percent": 95.92
				}
			,{
				"<=msec": 85.000
				,"percent": 96.40
				}
			,{
				"<=msec": 86.000
				,"percent": 96.82
				}
			,{
				"<=msec": 87.000
				,"percent": 97.23
				}
			,{
				"<=msec": 88.000
				,"percent": 97.58
				}
			,{
				"<=msec": 89.000
				,"percent": 97.86
				}
			,{
				"<=msec": 90.000
				,"percent": 98.09
				}
			,{
				"<=msec": 91.000
				,"percent": 98.33
				}
			,{
				"<=msec": 92.000
				,"percent": 98.52
				}
			,{
				"<=msec": 93.000
				,"percent": 98.70
				}
			,{
				"<=msec": 94.000
				,"percent": 98.89
				}
			,{
				"<=msec": 95.000
				,"percent": 99.11
				}
			,{
				"<=msec": 96.000
				,"percent": 99.26
				}
			,{
				"<=msec": 97.000
				,"percent": 99.36
				}
			,{
				"<=msec": 98.000
				,"percent": 99.48
				}
			,{
				"<=msec": 99.000
				,"percent": 99.53
				}
			,{
				"<=msec": 100.000
				,"percent": 99.80
				}
			,{
				"<=msec": 110.000
				,"percent": 99.93
				}
			,{
				"<=msec": 120.000
				,"percent": 99.99
				}
			,{
				"<=msec": 130.000
				,"percent": 100.00
				}
			]
		,"WAIT":[
		]
		}
	}
