{
	"configuration":{
		"server": "10.0.0.8"
		,"port": 6379
		,"unix socket": "(null)"
		,"protocol": "memcache_text"
		,"out_file": "(null)"
		,"client_stats": "(null)"
		,"run_count": 1
		,"debug": 0
		,"requests": 0
		,"clients": 32
		,"threads": 1
		,"test_time": 75
		,"ratio": "1:1"
		,"pipeline": 1
		,"data_size": 1024
		,"data_offset": 0
		,"random_data": "false"
		,"data_size_range": "0:0"
		,"data_size_list": ""
		,"data_size_pattern": "R"
		,"expiry_range": "9999:10000"
		,"data_import": "(null)"
		,"data_verify": "false"
		,"verify_only": "false"
		,"generate_keys": "false"
		,"key_prefix": "memtier-"
		,"key_minimum":           0
		,"key_maximum":       10000
		,"key_pattern": "R:R"
		,"key_stddev": 0.000000
		,"key_median": 0.000000
		,"reconnect_interval": 0
		,"multi_key_get": 0
		,"authenticate": ""
		,"select-db": 0
		,"no-expiry": "false"
		,"wait-ratio": "0:0"
		,"num-slaves": "0:0"
		,"wait-timeout": "0-0"
		}
	,"run information":{
		"Threads": 1
		,"Connections per thread": 32
		,"Seconds": 75
		}
	,"ALL STATS":{
		"Sets":{
			"Ops/sec": 249.51
			,"Hits/sec": 0.00
			,"Misses/sec": 0.00
			,"Latency": 64.40
			,"KB/sec": 259.35
			}
		,"Gets":{
			"Ops/sec": 249.36
			,"Hits/sec": 249.36
			,"Misses/sec": 0.00
			,"Latency": 63.87
			,"KB/sec": 261.99
			}
		,"Waits":{
			"Ops/sec": 0.00
			,"Hits/sec": 0.00
			,"Misses/sec": 0.00
			,"Latency": 0.00
			,"KB/sec": 0.00
			}
		,"Totals":{
			"Ops/sec": 498.87
			,"Hits/sec": 249.36
			,"Misses/sec": 0.00
			,"Latency": 64.14
			,"KB/sec": 521.34
			}
		,"SET":[
			{
				"<=msec": 12.000
				,"percent": 0.01
				}
			,{
				"<=msec": 13.000
				,"percent": 0.03
				}
			,{
				"<=msec": 14.000
				,"percent": 0.07
				}
			,{
				"<=msec": 15.000
				,"percent": 0.10
				}
			,{
				"<=msec": 16.000
				,"percent": 0.17
				}
			,{
				"<=msec": 17.000
				,"percent": 0.30
				}
			,{
				"<=msec": 18.000
				,"percent": 0.55
				}
			,{
				"<=msec": 19.000
				,"percent": 0.90
				}
			,{
				"<=msec": 20.000
				,"percent": 1.26
				}
			,{
				"<=msec": 21.000
				,"percent": 1.62
				}
			,{
				"<=msec": 22.000
				,"percent": 2.25
				}
			,{
				"<=msec": 23.000
				,"percent": 2.82
				}
			,{
				"<=msec": 24.000
				,"percent": 3.33
				}
			,{
				"<=msec": 25.000
				,"percent": 3.86
				}
			,{
				"<=msec": 26.000
				,"percent": 4.17
				}
			,{
				"<=msec": 27.000
				,"percent": 4.49
				}
			,{
				"<=msec": 28.000
				,"percent": 4.95
				}
			,{
				"<=msec": 29.000
				,"percent": 5.44
				}
			,{
				"<=msec": 30.000
				,"percent": 5.85
				}
			,{
				"<=msec": 31.000
				,"percent": 6.34
				}
			,{
				"<=msec": 32.000
				,"percent": 6.74
				}
			,{
				"<=msec": 33.000
				,"percent": 7.19
				}
			,{
				"<=msec": 34.000
				,"percent": 7.57
				}
			,{
				"<=msec": 35.000
				,"percent": 7.88
				}
			,{
				"<=msec": 36.000
				,"percent": 8.14
				}
			,{
				"<=msec": 37.000
				,"percent": 8.42
				}
			,{
				"<=msec": 38.000
				,"percent": 8.67
				}
			,{
				"<=msec": 39.000
				,"percent": 8.97
				}
			,{
				"<=msec": 40.000
				,"percent": 9.21
				}
			,{
				"<=msec": 41.000
				,"percent": 9.44
				}
			,{
				"<=msec": 42.000
				,"percent": 9.57
				}
			,{
				"<=msec": 43.000
				,"percent": 9.85
				}
			,{
				"<=msec": 44.000
				,"percent": 10.09
				}
			,{
				"<=msec": 45.000
				,"percent": 10.41
				}
			,{
				"<=msec": 46.000
				,"percent": 10.68
				}
			,{
				"<=msec": 47.000
				,"percent": 10.97
				}
			,{
				"<=msec": 48.000
				,"percent": 11.24
				}
			,{
				"<=msec": 49.000
				,"percent": 11.55
				}
			,{
				"<=msec": 50.000
				,"percent": 11.85
				}
			,{
				"<=msec": 51.000
				,"percent": 12.12
				}
			,{
				"<=msec": 52.000
				,"percent": 12.36
				}
			,{
				"<=msec": 53.000
				,"percent": 12.63
				}
			,{
				"<=msec": 54.000
				,"percent": 13.00
				}
			,{
				"<=msec": 55.000
				,"percent": 13.26
				}
			,{
				"<=msec": 56.000
				,"percent": 13.99
				}
			,{
				"<=msec": 57.000
				,"percent": 14.88
				}
			,{
				"<=msec": 58.000
				,"percent": 16.33
				}
			,{
				"<=msec": 59.000
				,"percent": 18.35
				}
			,{
				"<=msec": 60.000
				,"percent": 21.04
				}
			,{
				"<=msec": 61.000
				,"percent": 24.64
				}
			,{
				"<=msec": 62.000
				,"percent": 29.35
				}
			,{
				"<=msec": 63.000
				,"percent": 35.09
				}
			,{
				"<=msec": 64.000
				,"percent": 40.93
				}
			,{
				"<=msec": 65.000
				,"percent": 47.14
				}
			,{
				"<=msec": 66.000
				,"percent": 53.24
				}
			,{
				"<=msec": 67.000
				,"percent": 58.99
				}
			,{
				"<=msec": 68.000
				,"percent": 64.88
				}
			,{
				"<=msec": 69.000
				,"percent": 69.88
				}
			,{
				"<=msec": 70.000
				,"percent": 73.98
				}
			,{
				"<=msec": 71.000
				,"percent": 77.69
				}
			,{
				"<=msec": 72.000
				,"percent": 80.50
				}
			,{
				"<=msec": 73.000
				,"percent": 83.07
				}
			,{
				"<=msec": 74.000
				,"percent": 85.07
				}
			,{
				"<=msec": 75.000
				,"percent": 86.66
				}
			,{
				"<=msec": 76.000
				,"percent": 87.95
				}
			,{
				"<=msec": 77.000
				,"percent": 89.00
				}
			,{
				"<=msec": 78.000
				,"percent": 90.02
				}
			,{
				"<=msec": 79.000
				,"percent": 90.76
				}
			,{
				"<=msec": 80.000
				,"percent": 91.42
				}
			,{
				"<=msec": 81.000
				,"percent": 92.03
				}
			,{
				"<=msec": 82.000
				,"percent": 92.72
				}
			,{
				"<=msec": 83.000
				,"percent": 93.45
				}
			,{
				"<=msec": 84.000
				,"percent": 93.98
				}
			,{
				"<=msec": 85.000
				,"percent": 94.58
				}
			,{
				"<=msec": 86.000
				,"percent": 95.07
				}
			,{
				"<=msec": 87.000
				,"percent": 95.64
				}
			,{
				"<=msec": 88.000
				,"percent": 96.06
				}
			,{
				"<=msec": 89.000
				,"percent": 96.52
				}
			,{
				"<=msec": 90.000
				,"percent": 96.88
				}
			,{
				"<=msec": 91.000
				,"percent": 97.31
				}
			,{
				"<=msec": 92.000
				,"percent": 97.76
				}
			,{
				"<=msec": 93.000
				,"percent": 98.11
				}
			,{
				"<=msec": 94.000
				,"percent": 98.40
				}
			,{
				"<=msec": 95.000
				,"percent": 98.61
				}
			,{
				"<=msec": 96.000
				,"percent": 98.77
				}
			,{
				"<=msec": 97.000
				,"percent": 98.87
				}
			,{
				"<=msec": 98.000
				,"percent": 98.99
				}
			,{
				"<=msec": 99.000
				,"percent": 99.09
				}
			,{
				"<=msec": 100.000
				,"percent": 99.51
				}
			,{
				"<=msec": 110.000
				,"percent": 99.84
				}
			,{
				"<=msec": 120.000
				,"percent": 99.91
				}
			,{
				"<=msec": 130.000
				,"percent": 99.95
				}
			,{
				"<=msec": 140.000
				,"percent": 100.00
				}
			]
		,"GET":[
			{
				"<=msec": 12.000
				,"percent": 0.01
				}
			,{
				"<=msec": 13.000
				,"percent": 0.05
				}
			,{
				"<=msec": 14.000
				,"percent": 0.09
				}
			,{
				"<=msec": 15.000
				,"percent": 0.13
				}
			,{
				"<=msec": 16.000
				,"percent": 0.25
				}
			,{
				"<=msec": 17.000
				,"percent": 0.53
				}
			,{
				"<=msec": 18.000
				,"percent": 1.05
				}
			,{
				"<=msec": 19.000
				,"percent": 1.50
				}
			,{
				"<=msec": 20.000
				,"percent": 1.97
				}
			,{
				"<=msec": 21.000
				,"percent": 2.49
				}
			,{
				"<=msec": 22.000
				,"percent": 2.98
				}
			,{
				"<=msec": 23.000
				,"percent": 3.50
				}
			,{
				"<=msec": 24.000
				,"percent": 3.95
				}
			,{
				"<=msec": 25.000
				,"percent": 4.24
				}
			,{
				"<=msec": 26.000
				,"percent": 4.41
				}
			,{
				"<=msec": 27.000
				,"percent": 4.74
				}
			,{
				"<=msec": 28.000
				,"percent": 5.11
				}
			,{
				"<=msec": 29.000
				,"percent": 5.54
				}
			,{
				"<=msec": 30.000
				,"percent": 6.04
				}
			,{
				"<=msec": 31.000
				,"percent": 6.48
				}
			,{
				"<=msec": 32.000
				,"percent": 6.97
				}
			,{
				"<=msec": 33.000
				,"percent": 7.36
				}
			,{
				"<=msec": 34.000
				,"percent": 7.67
				}
			,{
				"<=msec": 35.000
				,"percent": 7.92
				}
			,{
				"<=msec": 36.000
				,"percent": 8.20
				}
			,{
				"<=msec": 37.000
				,"percent": 8.49
				}
			,{
				"<=msec": 38.000
				,"percent": 8.81
				}
			,{
				"<=msec": 39.000
				,"percent": 9.02
				}
			,{
				"<=msec": 40.000
				,"percent": 9.23
				}
			,{
				"<=msec": 41.000
				,"percent": 9.44
				}
			,{
				"<=msec": 42.000
				,"percent": 9.66
				}
			,{
				"<=msec": 43.000
				,"percent": 9.83
				}
			,{
				"<=msec": 44.000
				,"percent": 10.02
				}
			,{
				"<=msec": 45.000
				,"percent": 10.31
				}
			,{
				"<=msec": 46.000
				,"percent": 10.51
				}
			,{
				"<=msec": 47.000
				,"percent": 10.71
				}
			,{
				"<=msec": 48.000
				,"percent": 10.92
				}
			,{
				"<=msec": 49.000
				,"percent": 11.11
				}
			,{
				"<=msec": 50.000
				,"percent": 11.39
				}
			,{
				"<=msec": 51.000
				,"percent": 11.73
				}
			,{
				"<=msec": 52.000
				,"percent": 12.21
				}
			,{
				"<=msec": 53.000
				,"percent": 12.56
				}
			,{
				"<=msec": 54.000
				,"percent": 12.90
				}
			,{
				"<=msec": 55.000
				,"percent": 13.32
				}
			,{
				"<=msec": 56.000
				,"percent": 14.01
				}
			,{
				"<=msec": 57.000
				,"percent": 15.02
				}
			,{
				"<=msec": 58.000
				,"percent": 16.75
				}
			,{
				"<=msec": 59.000
				,"percent": 18.97
				}
			,{
				"<=msec": 60.000
				,"percent": 22.35
				}
			,{
				"<=msec": 61.000
				,"percent": 26.53
				}
			,{
				"<=msec": 62.000
				,"percent": 31.78
				}
			,{
				"<=msec": 63.000
				,"percent": 37.01
				}
			,{
				"<=msec": 64.000
				,"percent": 43.04
				}
			,{
				"<=msec": 65.000
				,"percent": 49.47
				}
			,{
				"<=msec": 66.000
				,"percent": 55.62
				}
			,{
				"<=msec": 67.000
				,"percent": 61.45
				}
			,{
				"<=msec": 68.000
				,"percent": 67.02
				}
			,{
				"<=msec": 69.000
				,"percent": 71.82
				}
			,{
				"<=msec": 70.000
				,"percent": 76.08
				}
			,{
				"<=msec": 71.000
				,"percent": 79.31
				}
			,{
				"<=msec": 72.000
				,"percent": 81.98
				}
			,{
				"<=msec": 73.000
				,"percent": 84.41
				}
			,{
				"<=msec": 74.000
				,"percent": 86.22
				}
			,{
				"<=msec": 75.000
				,"percent": 87.74
				}
			,{
				"<=msec": 76.000
				,"percent": 89.00
				}
			,{
				"<=msec": 77.000
				,"percent": 89.99
				}
			,{
				"<=msec": 78.000
				,"percent": 90.81
				}
			,{
				"<=msec": 79.000
				,"percent": 91.59
				}
			,{
				"<=msec": 80.000
				,"percent": 92.36
				}
			,{
				"<=msec": 81.000
				,"percent": 92.96
				}
			,{
				"<=msec": 82.000
				,"percent": 93.65
				}
			,{
				"<=msec": 83.000
				,"percent": 94.25
				}
			,{
				"<=msec": 84.000
				,"percent": 94.82
				}
			,{
				"<=msec": 85.000
				,"percent": 95.42
				}
			,{
				"<=msec": 86.000
				,"percent": 95.95
				}
			,{
				"<=msec": 87.000
				,"percent": 96.50
				}
			,{
				"<=msec": 88.000
				,"percent": 96.94
				}
			,{
				"<=msec": 89.000
				,"percent": 97.34
				}
			,{
				"<=msec": 90.000
				,"percent": 97.73
				}
			,{
				"<=msec": 91.000
				,"percent": 98.10
				}
			,{
				"<=msec": 92.000
				,"percent": 98.36
				}
			,{
				"<=msec": 93.000
				,"percent": 98.65
				}
			,{
				"<=msec": 94.000
				,"percent": 98.83
				}
			,{
				"<=msec": 95.000
				,"percent": 98.96
				}
			,{
				"<=msec": 96.000
				,"percent": 99.09
				}
			,{
				"<=msec": 97.000
				,"percent": 99.21
				}
			,{
				"<=msec": 98.000
				,"percent": 99.24
				}
			,{
				"<=msec": 99.000
				,"percent": 99.28
				}
			,{
				"<=msec": 100.000
				,"percent": 99.56
				}
			,{
				"<=msec": 110.000
				,"percent": 99.81
				}
			,{
				"<=msec": 120.000
				,"percent": 99.91
				}
			,{
				"<=msec": 130.000
				,"percent": 99.95
				}
			,{
				"<=msec": 140.000
				,"percent": 99.99
				}
			,{
				"<=msec": 150.000
				,"percent": 100.00
				}
			]
		,"WAIT":[
		]
		}
	}
