{
	"configuration":{
		"server": "10.0.0.8"
		,"port": 6379
		,"unix socket": "(null)"
		,"protocol": "memcache_text"
		,"out_file": "(null)"
		,"client_stats": "(null)"
		,"run_count": 1
		,"debug": 0
		,"requests": 0
		,"clients": 2
		,"threads": 1
		,"test_time": 75
		,"ratio": "1:3"
		,"pipeline": 1
		,"data_size": 1024
		,"data_offset": 0
		,"random_data": "false"
		,"data_size_range": "0:0"
		,"data_size_list": ""
		,"data_size_pattern": "R"
		,"expiry_range": "9999:10000"
		,"data_import": "(null)"
		,"data_verify": "false"
		,"verify_only": "false"
		,"generate_keys": "false"
		,"key_prefix": "memtier-"
		,"key_minimum":           0
		,"key_maximum":       10000
		,"key_pattern": "R:R"
		,"key_stddev": 0.000000
		,"key_median": 0.000000
		,"reconnect_interval": 0
		,"multi_key_get": 3
		,"authenticate": ""
		,"select-db": 0
		,"no-expiry": "false"
		,"wait-ratio": "0:0"
		,"num-slaves": "0:0"
		,"wait-timeout": "0-0"
		}
	,"run information":{
		"Threads": 1
		,"Connections per thread": 2
		,"Seconds": 75
		}
	,"ALL STATS":{
		"Sets":{
			"Ops/sec": 244.27
			,"Hits/sec": 0.00
			,"Misses/sec": 0.00
			,"Latency": 3.89
			,"KB/sec": 253.91
			}
		,"Gets":{
			"Ops/sec": 244.27
			,"Hits/sec": 732.82
			,"Misses/sec": 0.00
			,"Latency": 4.27
			,"KB/sec": 765.11
			}
		,"Waits":{
			"Ops/sec": 0.00
			,"Hits/sec": 0.00
			,"Misses/sec": 0.00
			,"Latency": 0.00
			,"KB/sec": 0.00
			}
		,"Totals":{
			"Ops/sec": 488.55
			,"Hits/sec": 732.82
			,"Misses/sec": 0.00
			,"Latency": 4.08
			,"KB/sec": 1019.02
			}
		,"SET":[
			{
				"<=msec": 0.830
				,"percent": 0.01
				}
			,{
				"<=msec": 0.840
				,"percent": 0.01
				}
			,{
				"<=msec": 0.850
				,"percent": 0.02
				}
			,{
				"<=msec": 0.860
				,"percent": 0.02
				}
			,{
				"<=msec": 0.880
				,"percent": 0.03
				}
			,{
				"<=msec": 0.890
				,"percent": 0.03
				}
			,{
				"<=msec": 0.910
				,"percent": 0.04
				}
			,{
				"<=msec": 0.920
				,"percent": 0.07
				}
			,{
				"<=msec": 0.930
				,"percent": 0.10
				}
			,{
				"<=msec": 0.940
				,"percent": 0.11
				}
			,{
				"<=msec": 0.950
				,"percent": 0.16
				}
			,{
				"<=msec": 0.960
				,"percent": 0.20
				}
			,{
				"<=msec": 0.970
				,"percent": 0.27
				}
			,{
				"<=msec": 0.980
				,"percent": 0.31
				}
			,{
				"<=msec": 0.990
				,"percent": 0.37
				}
			,{
				"<=msec": 1.000
				,"percent": 0.90
				}
			,{
				"<=msec": 1.100
				,"percent": 2.68
				}
			,{
				"<=msec": 1.200
				,"percent": 6.03
				}
			,{
				"<=msec": 1.300
				,"percent": 10.60
				}
			,{
				"<=msec": 1.400
				,"percent": 15.98
				}
			,{
				"<=msec": 1.500
				,"percent": 21.39
				}
			,{
				"<=msec": 1.600
				,"percent": 26.53
				}
			,{
				"<=msec": 1.700
				,"percent": 31.55
				}
			,{
				"<=msec": 1.800
				,"percent": 36.05
				}
			,{
				"<=msec": 1.900
				,"percent": 39.92
				}
			,{
				"<=msec": 2.000
				,"percent": 43.57
				}
			,{
				"<=msec": 2.100
				,"percent": 46.54
				}
			,{
				"<=msec": 2.200
				,"percent": 49.09
				}
			,{
				"<=msec": 2.300
				,"percent": 51.28
				}
			,{
				"<=msec": 2.400
				,"percent": 53.18
				}
			,{
				"<=msec": 2.500
				,"percent": 54.82
				}
			,{
				"<=msec": 2.600
				,"percent": 56.22
				}
			,{
				"<=msec": 2.700
				,"percent": 57.44
				}
			,{
				"<=msec": 2.800
				,"percent": 58.65
				}
			,{
				"<=msec": 2.900
				,"percent": 59.59
				}
			,{
				"<=msec": 3.000
				,"percent": 60.42
				}
			,{
				"<=msec": 3.100
				,"percent": 61.18
				}
			,{
				"<=msec": 3.200
				,"percent": 61.90
				}
			,{
				"<=msec": 3.300
				,"percent": 62.64
				}
			,{
				"<=msec": 3.400
				,"percent": 63.33
				}
			,{
				"<=msec": 3.500
				,"percent": 63.98
				}
			,{
				"<=msec": 3.600
				,"percent": 64.48
				}
			,{
				"<=msec": 3.700
				,"percent": 65.06
				}
			,{
				"<=msec": 3.800
				,"percent": 65.56
				}
			,{
				"<=msec": 3.900
				,"percent": 65.93
				}
			,{
				"<=msec": 4.000
				,"percent": 66.42
				}
			,{
				"<=msec": 4.100
				,"percent": 66.85
				}
			,{
				"<=msec": 4.200
				,"percent": 67.20
				}
			,{
				"<=msec": 4.300
				,"percent": 67.70
				}
			,{
				"<=msec": 4.400
				,"percent": 68.13
				}
			,{
				"<=msec": 4.500
				,"percent": 68.47
				}
			,{
				"<=msec": 4.600
				,"percent": 68.82
				}
			,{
				"<=msec": 4.700
				,"percent": 69.17
				}
			,{
				"<=msec": 4.800
				,"percent": 69.48
				}
			,{
				"<=msec": 4.900
				,"percent": 69.83
				}
			,{
				"<=msec": 5.000
				,"percent": 70.18
				}
			,{
				"<=msec": 5.100
				,"percent": 70.54
				}
			,{
				"<=msec": 5.200
				,"percent": 70.97
				}
			,{
				"<=msec": 5.300
				,"percent": 71.37
				}
			,{
				"<=msec": 5.400
				,"percent": 71.69
				}
			,{
				"<=msec": 5.500
				,"percent": 72.09
				}
			,{
				"<=msec": 5.600
				,"percent": 72.60
				}
			,{
				"<=msec": 5.700
				,"percent": 73.18
				}
			,{
				"<=msec": 5.800
				,"percent": 73.70
				}
			,{
				"<=msec": 5.900
				,"percent": 74.20
				}
			,{
				"<=msec": 6.000
				,"percent": 74.77
				}
			,{
				"<=msec": 6.100
				,"percent": 75.38
				}
			,{
				"<=msec": 6.200
				,"percent": 76.01
				}
			,{
				"<=msec": 6.300
				,"percent": 76.80
				}
			,{
				"<=msec": 6.400
				,"percent": 77.57
				}
			,{
				"<=msec": 6.500
				,"percent": 78.36
				}
			,{
				"<=msec": 6.600
				,"percent": 79.30
				}
			,{
				"<=msec": 6.700
				,"percent": 80.26
				}
			,{
				"<=msec": 6.800
				,"percent": 81.25
				}
			,{
				"<=msec": 6.900
				,"percent": 82.06
				}
			,{
				"<=msec": 7.000
				,"percent": 83.14
				}
			,{
				"<=msec": 7.100
				,"percent": 84.18
				}
			,{
				"<=msec": 7.200
				,"percent": 85.17
				}
			,{
				"<=msec": 7.300
				,"percent": 86.14
				}
			,{
				"<=msec": 7.400
				,"percent": 87.11
				}
			,{
				"<=msec": 7.500
				,"percent": 87.92
				}
			,{
				"<=msec": 7.600
				,"percent": 88.86
				}
			,{
				"<=msec": 7.700
				,"percent": 89.63
				}
			,{
				"<=msec": 7.800
				,"percent": 90.40
				}
			,{
				"<=msec": 7.900
				,"percent": 91.06
				}
			,{
				"<=msec": 8.000
				,"percent": 91.76
				}
			,{
				"<=msec": 8.100
				,"percent": 92.33
				}
			,{
				"<=msec": 8.200
				,"percent": 92.92
				}
			,{
				"<=msec": 8.300
				,"percent": 93.47
				}
			,{
				"<=msec": 8.400
				,"percent": 93.89
				}
			,{
				"<=msec": 8.500
				,"percent": 94.32
				}
			,{
				"<=msec": 8.600
				,"percent": 94.66
				}
			,{
				"<=msec": 8.700
				,"percent": 94.98
				}
			,{
				"<=msec": 8.800
				,"percent": 95.33
				}
			,{
				"<=msec": 8.900
				,"percent": 95.55
				}
			,{
				"<=msec": 9.000
				,"percent": 95.86
				}
			,{
				"<=msec": 9.100
				,"percent": 96.15
				}
			,{
				"<=msec": 9.200
				,"percent": 96.33
				}
			,{
				"<=msec": 9.300
				,"percent": 96.59
				}
			,{
				"<=msec": 9.400
				,"percent": 96.78
				}
			,{
				"<=msec": 9.500
				,"percent": 96.96
				}
			,{
				"<=msec": 9.600
				,"percent": 97.10
				}
			,{
				"<=msec": 9.700
				,"percent": 97.23
				}
			,{
				"<=msec": 9.800
				,"percent": 97.34
				}
			,{
				"<=msec": 9.900
				,"percent": 97.44
				}
			,{
				"<=msec": 10.000
				,"percent": 97.85
				}
			,{
				"<=msec": 11.000
				,"percent": 98.29
				}
			,{
				"<=msec": 12.000
				,"percent": 98.42
				}
			,{
				"<=msec": 13.000
				,"percent": 98.59
				}
			,{
				"<=msec": 14.000
				,"percent": 98.65
				}
			,{
				"<=msec": 15.000
				,"percent": 98.73
				}
			,{
				"<=msec": 16.000
				,"percent": 98.80
				}
			,{
				"<=msec": 17.000
				,"percent": 98.84
				}
			,{
				"<=msec": 18.000
				,"percent": 98.95
				}
			,{
				"<=msec": 19.000
				,"percent": 99.04
				}
			,{
				"<=msec": 20.000
				,"percent": 99.06
				}
			,{
				"<=msec": 21.000
				,"percent": 99.15
				}
			,{
				"<=msec": 22.000
				,"percent": 99.25
				}
			,{
				"<=msec": 23.000
				,"percent": 99.32
				}
			,{
				"<=msec": 24.000
				,"percent": 99.38
				}
			,{
				"<=msec": 25.000
				,"percent": 99.41
				}
			,{
				"<=msec": 26.000
				,"percent": 99.45
				}
			,{
				"<=msec": 27.000
				,"percent": 99.53
				}
			,{
				"<=msec": 28.000
				,"percent": 99.61
				}
			,{
				"<=msec": 29.000
				,"percent": 99.65
				}
			,{
				"<=msec": 30.000
				,"percent": 99.73
				}
			,{
				"<=msec": 31.000
				,"percent": 99.78
				}
			,{
				"<=msec": 32.000
				,"percent": 99.83
				}
			,{
				"<=msec": 33.000
				,"percent": 99.85
				}
			,{
				"<=msec": 34.000
				,"percent": 99.89
				}
			,{
				"<=msec": 35.000
				,"percent": 99.90
				}
			,{
				"<=msec": 36.000
				,"percent": 99.96
				}
			,{
				"<=msec": 37.000
				,"percent": 99.99
				}
			,{
				"<=msec": 47.000
				,"percent": 100.00
				}
			]
		,"GET":[
			{
				"<=msec": 0.950
				,"percent": 0.01
				}
			,{
				"<=msec": 1.000
				,"percent": 0.01
				}
			,{
				"<=msec": 1.100
				,"percent": 0.22
				}
			,{
				"<=msec": 1.200
				,"percent": 1.00
				}
			,{
				"<=msec": 1.300
				,"percent": 2.74
				}
			,{
				"<=msec": 1.400
				,"percent": 5.53
				}
			,{
				"<=msec": 1.500
				,"percent": 9.54
				}
			,{
				"<=msec": 1.600
				,"percent": 13.85
				}
			,{
				"<=msec": 1.700
				,"percent": 18.65
				}
			,{
				"<=msec": 1.800
				,"percent": 23.73
				}
			,{
				"<=msec": 1.900
				,"percent": 28.22
				}
			,{
				"<=msec": 2.000
				,"percent": 32.58
				}
			,{
				"<=msec": 2.100
				,"percent": 36.54
				}
			,{
				"<=msec": 2.200
				,"percent": 39.91
				}
			,{
				"<=msec": 2.300
				,"percent": 43.05
				}
			,{
				"<=msec": 2.400
				,"percent": 45.50
				}
			,{
				"<=msec": 2.500
				,"percent": 47.89
				}
			,{
				"<=msec": 2.600
				,"percent": 49.80
				}
			,{
				"<=msec": 2.700
				,"percent": 51.48
				}
			,{
				"<=msec": 2.800
				,"percent": 52.93
				}
			,{
				"<=msec": 2.900
				,"percent": 54.35
				}
			,{
				"<=msec": 3.000
				,"percent": 55.58
				}
			,{
				"<=msec": 3.100
				,"percent": 56.53
				}
			,{
				"<=msec": 3.200
				,"percent": 57.60
				}
			,{
				"<=msec": 3.300
				,"percent": 58.42
				}
			,{
				"<=msec": 3.400
				,"percent": 59.10
				}
			,{
				"<=msec": 3.500
				,"percent": 59.81
				}
			,{
				"<=msec": 3.600
				,"percent": 60.49
				}
			,{
				"<=msec": 3.700
				,"percent": 61.04
				}
			,{
				"<=msec": 3.800
				,"percent": 61.71
				}
			,{
				"<=msec": 3.900
				,"percent": 62.37
				}
			,{
				"<=msec": 4.000
				,"percent": 62.86
				}
			,{
				"<=msec": 4.100
				,"percent": 63.28
				}
			,{
				"<=msec": 4.200
				,"percent": 63.75
				}
			,{
				"<=msec": 4.300
				,"percent": 64.13
				}
			,{
				"<=msec": 4.400
				,"percent": 64.54
				}
			,{
				"<=msec": 4.500
				,"percent": 64.98
				}
			,{
				"<=msec": 4.600
				,"percent": 65.40
				}
			,{
				"<=msec": 4.700
				,"percent": 65.76
				}
			,{
				"<=msec": 4.800
				,"percent": 66.08
				}
			,{
				"<=msec": 4.900
				,"percent": 66.46
				}
			,{
				"<=msec": 5.000
				,"percent": 66.84
				}
			,{
				"<=msec": 5.100
				,"percent": 67.19
				}
			,{
				"<=msec": 5.200
				,"percent": 67.57
				}
			,{
				"<=msec": 5.300
				,"percent": 67.98
				}
			,{
				"<=msec": 5.400
				,"percent": 68.36
				}
			,{
				"<=msec": 5.500
				,"percent": 68.74
				}
			,{
				"<=msec": 5.600
				,"percent": 69.05
				}
			,{
				"<=msec": 5.700
				,"percent": 69.47
				}
			,{
				"<=msec": 5.800
				,"percent": 69.92
				}
			,{
				"<=msec": 5.900
				,"percent": 70.35
				}
			,{
				"<=msec": 6.000
				,"percent": 70.81
				}
			,{
				"<=msec": 6.100
				,"percent": 71.28
				}
			,{
				"<=msec": 6.200
				,"percent": 71.92
				}
			,{
				"<=msec": 6.300
				,"percent": 72.41
				}
			,{
				"<=msec": 6.400
				,"percent": 72.98
				}
			,{
				"<=msec": 6.500
				,"percent": 73.61
				}
			,{
				"<=msec": 6.600
				,"percent": 74.31
				}
			,{
				"<=msec": 6.700
				,"percent": 75.05
				}
			,{
				"<=msec": 6.800
				,"percent": 75.81
				}
			,{
				"<=msec": 6.900
				,"percent": 76.69
				}
			,{
				"<=msec": 7.000
				,"percent": 77.54
				}
			,{
				"<=msec": 7.100
				,"percent": 78.60
				}
			,{
				"<=msec": 7.200
				,"percent": 79.83
				}
			,{
				"<=msec": 7.300
				,"percent": 80.97
				}
			,{
				"<=msec": 7.400
				,"percent": 82.14
				}
			,{
				"<=msec": 7.500
				,"percent": 83.24
				}
			,{
				"<=msec": 7.600
				,"percent": 84.37
				}
			,{
				"<=msec": 7.700
				,"percent": 85.46
				}
			,{
				"<=msec": 7.800
				,"percent": 86.43
				}
			,{
				"<=msec": 7.900
				,"percent": 87.38
				}
			,{
				"<=msec": 8.000
				,"percent": 88.23
				}
			,{
				"<=msec": 8.100
				,"percent": 89.06
				}
			,{
				"<=msec": 8.200
				,"percent": 89.85
				}
			,{
				"<=msec": 8.300
				,"percent": 90.62
				}
			,{
				"<=msec": 8.400
				,"percent": 91.29
				}
			,{
				"<=msec": 8.500
				,"percent": 91.92
				}
			,{
				"<=msec": 8.600
				,"percent": 92.51
				}
			,{
				"<=msec": 8.700
				,"percent": 93.08
				}
			,{
				"<=msec": 8.800
				,"percent": 93.60
				}
			,{
				"<=msec": 8.900
				,"percent": 94.05
				}
			,{
				"<=msec": 9.000
				,"percent": 94.51
				}
			,{
				"<=msec": 9.100
				,"percent": 94.86
				}
			,{
				"<=msec": 9.200
				,"percent": 95.16
				}
			,{
				"<=msec": 9.300
				,"percent": 95.46
				}
			,{
				"<=msec": 9.400
				,"percent": 95.80
				}
			,{
				"<=msec": 9.500
				,"percent": 96.08
				}
			,{
				"<=msec": 9.600
				,"percent": 96.34
				}
			,{
				"<=msec": 9.700
				,"percent": 96.52
				}
			,{
				"<=msec": 9.800
				,"percent": 96.71
				}
			,{
				"<=msec": 9.900
				,"percent": 96.85
				}
			,{
				"<=msec": 10.000
				,"percent": 97.58
				}
			,{
				"<=msec": 11.000
				,"percent": 98.14
				}
			,{
				"<=msec": 12.000
				,"percent": 98.49
				}
			,{
				"<=msec": 13.000
				,"percent": 98.71
				}
			,{
				"<=msec": 14.000
				,"percent": 98.86
				}
			,{
				"<=msec": 15.000
				,"percent": 98.94
				}
			,{
				"<=msec": 16.000
				,"percent": 99.00
				}
			,{
				"<=msec": 17.000
				,"percent": 99.05
				}
			,{
				"<=msec": 18.000
				,"percent": 99.12
				}
			,{
				"<=msec": 19.000
				,"percent": 99.16
				}
			,{
				"<=msec": 20.000
				,"percent": 99.21
				}
			,{
				"<=msec": 21.000
				,"percent": 99.27
				}
			,{
				"<=msec": 22.000
				,"percent": 99.37
				}
			,{
				"<=msec": 23.000
				,"percent": 99.41
				}
			,{
				"<=msec": 24.000
				,"percent": 99.50
				}
			,{
				"<=msec": 25.000
				,"percent": 99.53
				}
			,{
				"<=msec": 26.000
				,"percent": 99.58
				}
			,{
				"<=msec": 27.000
				,"percent": 99.67
				}
			,{
				"<=msec": 28.000
				,"percent": 99.71
				}
			,{
				"<=msec": 29.000
				,"percent": 99.75
				}
			,{
				"<=msec": 30.000
				,"percent": 99.81
				}
			,{
				"<=msec": 31.000
				,"percent": 99.84
				}
			,{
				"<=msec": 32.000
				,"percent": 99.88
				}
			,{
				"<=msec": 33.000
				,"percent": 99.89
				}
			,{
				"<=msec": 34.000
				,"percent": 99.91
				}
			,{
				"<=msec": 35.000
				,"percent": 99.92
				}
			,{
				"<=msec": 36.000
				,"percent": 99.95
				}
			,{
				"<=msec": 37.000
				,"percent": 99.98
				}
			,{
				"<=msec": 38.000
				,"percent": 99.99
				}
			,{
				"<=msec": 41.000
				,"percent": 99.99
				}
			,{
				"<=msec": 52.000
				,"percent": 100.00
				}
			]
		,"WAIT":[
		]
		}
	}
