{
	"configuration":{
		"server": "10.0.0.8"
		,"port": 6379
		,"unix socket": "(null)"
		,"protocol": "memcache_text"
		,"out_file": "(null)"
		,"client_stats": "(null)"
		,"run_count": 1
		,"debug": 0
		,"requests": 0
		,"clients": 2
		,"threads": 1
		,"test_time": 75
		,"ratio": "1:3"
		,"pipeline": 1
		,"data_size": 1024
		,"data_offset": 0
		,"random_data": "false"
		,"data_size_range": "0:0"
		,"data_size_list": ""
		,"data_size_pattern": "R"
		,"expiry_range": "9999:10000"
		,"data_import": "(null)"
		,"data_verify": "false"
		,"verify_only": "false"
		,"generate_keys": "false"
		,"key_prefix": "memtier-"
		,"key_minimum":           0
		,"key_maximum":       10000
		,"key_pattern": "R:R"
		,"key_stddev": 0.000000
		,"key_median": 0.000000
		,"reconnect_interval": 0
		,"multi_key_get": 3
		,"authenticate": ""
		,"select-db": 0
		,"no-expiry": "false"
		,"wait-ratio": "0:0"
		,"num-slaves": "0:0"
		,"wait-timeout": "0-0"
		}
	,"run information":{
		"Threads": 1
		,"Connections per thread": 2
		,"Seconds": 75
		}
	,"ALL STATS":{
		"Sets":{
			"Ops/sec": 269.85
			,"Hits/sec": 0.00
			,"Misses/sec": 0.00
			,"Latency": 3.53
			,"KB/sec": 280.49
			}
		,"Gets":{
			"Ops/sec": 269.82
			,"Hits/sec": 809.47
			,"Misses/sec": 0.00
			,"Latency": 3.87
			,"KB/sec": 845.12
			}
		,"Waits":{
			"Ops/sec": 0.00
			,"Hits/sec": 0.00
			,"Misses/sec": 0.00
			,"Latency": 0.00
			,"KB/sec": 0.00
			}
		,"Totals":{
			"Ops/sec": 539.67
			,"Hits/sec": 809.47
			,"Misses/sec": 0.00
			,"Latency": 3.70
			,"KB/sec": 1125.62
			}
		,"SET":[
			{
				"<=msec": 0.740
				,"percent": 0.00
				}
			,{
				"<=msec": 0.770
				,"percent": 0.01
				}
			,{
				"<=msec": 0.780
				,"percent": 0.02
				}
			,{
				"<=msec": 0.790
				,"percent": 0.04
				}
			,{
				"<=msec": 0.800
				,"percent": 0.05
				}
			,{
				"<=msec": 0.810
				,"percent": 0.08
				}
			,{
				"<=msec": 0.830
				,"percent": 0.09
				}
			,{
				"<=msec": 0.840
				,"percent": 0.14
				}
			,{
				"<=msec": 0.850
				,"percent": 0.18
				}
			,{
				"<=msec": 0.860
				,"percent": 0.26
				}
			,{
				"<=msec": 0.870
				,"percent": 0.30
				}
			,{
				"<=msec": 0.880
				,"percent": 0.39
				}
			,{
				"<=msec": 0.890
				,"percent": 0.48
				}
			,{
				"<=msec": 0.900
				,"percent": 0.59
				}
			,{
				"<=msec": 0.910
				,"percent": 0.72
				}
			,{
				"<=msec": 0.920
				,"percent": 0.86
				}
			,{
				"<=msec": 0.930
				,"percent": 1.05
				}
			,{
				"<=msec": 0.940
				,"percent": 1.25
				}
			,{
				"<=msec": 0.950
				,"percent": 1.41
				}
			,{
				"<=msec": 0.960
				,"percent": 1.63
				}
			,{
				"<=msec": 0.970
				,"percent": 1.89
				}
			,{
				"<=msec": 0.980
				,"percent": 2.19
				}
			,{
				"<=msec": 0.990
				,"percent": 2.46
				}
			,{
				"<=msec": 1.000
				,"percent": 4.63
				}
			,{
				"<=msec": 1.100
				,"percent": 9.95
				}
			,{
				"<=msec": 1.200
				,"percent": 16.79
				}
			,{
				"<=msec": 1.300
				,"percent": 23.74
				}
			,{
				"<=msec": 1.400
				,"percent": 30.15
				}
			,{
				"<=msec": 1.500
				,"percent": 35.85
				}
			,{
				"<=msec": 1.600
				,"percent": 40.74
				}
			,{
				"<=msec": 1.700
				,"percent": 44.93
				}
			,{
				"<=msec": 1.800
				,"percent": 48.38
				}
			,{
				"<=msec": 1.900
				,"percent": 51.27
				}
			,{
				"<=msec": 2.000
				,"percent": 53.85
				}
			,{
				"<=msec": 2.100
				,"percent": 56.01
				}
			,{
				"<=msec": 2.200
				,"percent": 57.70
				}
			,{
				"<=msec": 2.300
				,"percent": 59.11
				}
			,{
				"<=msec": 2.400
				,"percent": 60.27
				}
			,{
				"<=msec": 2.500
				,"percent": 61.17
				}
			,{
				"<=msec": 2.600
				,"percent": 62.01
				}
			,{
				"<=msec": 2.700
				,"percent": 62.86
				}
			,{
				"<=msec": 2.800
				,"percent": 63.46
				}
			,{
				"<=msec": 2.900
				,"percent": 64.19
				}
			,{
				"<=msec": 3.000
				,"percent": 64.79
				}
			,{
				"<=msec": 3.100
				,"percent": 65.30
				}
			,{
				"<=msec": 3.200
				,"percent": 65.81
				}
			,{
				"<=msec": 3.300
				,"percent": 66.25
				}
			,{
				"<=msec": 3.400
				,"percent": 66.66
				}
			,{
				"<=msec": 3.500
				,"percent": 67.11
				}
			,{
				"<=msec": 3.600
				,"percent": 67.55
				}
			,{
				"<=msec": 3.700
				,"percent": 67.97
				}
			,{
				"<=msec": 3.800
				,"percent": 68.34
				}
			,{
				"<=msec": 3.900
				,"percent": 68.66
				}
			,{
				"<=msec": 4.000
				,"percent": 69.02
				}
			,{
				"<=msec": 4.100
				,"percent": 69.31
				}
			,{
				"<=msec": 4.200
				,"percent": 69.58
				}
			,{
				"<=msec": 4.300
				,"percent": 69.89
				}
			,{
				"<=msec": 4.400
				,"percent": 70.16
				}
			,{
				"<=msec": 4.500
				,"percent": 70.47
				}
			,{
				"<=msec": 4.600
				,"percent": 70.84
				}
			,{
				"<=msec": 4.700
				,"percent": 71.12
				}
			,{
				"<=msec": 4.800
				,"percent": 71.44
				}
			,{
				"<=msec": 4.900
				,"percent": 71.73
				}
			,{
				"<=msec": 5.000
				,"percent": 72.04
				}
			,{
				"<=msec": 5.100
				,"percent": 72.40
				}
			,{
				"<=msec": 5.200
				,"percent": 72.78
				}
			,{
				"<=msec": 5.300
				,"percent": 73.13
				}
			,{
				"<=msec": 5.400
				,"percent": 73.55
				}
			,{
				"<=msec": 5.500
				,"percent": 74.16
				}
			,{
				"<=msec": 5.600
				,"percent": 74.59
				}
			,{
				"<=msec": 5.700
				,"percent": 75.13
				}
			,{
				"<=msec": 5.800
				,"percent": 75.68
				}
			,{
				"<=msec": 5.900
				,"percent": 76.32
				}
			,{
				"<=msec": 6.000
				,"percent": 76.98
				}
			,{
				"<=msec": 6.100
				,"percent": 77.82
				}
			,{
				"<=msec": 6.200
				,"percent": 78.62
				}
			,{
				"<=msec": 6.300
				,"percent": 79.36
				}
			,{
				"<=msec": 6.400
				,"percent": 80.25
				}
			,{
				"<=msec": 6.500
				,"percent": 81.38
				}
			,{
				"<=msec": 6.600
				,"percent": 82.37
				}
			,{
				"<=msec": 6.700
				,"percent": 83.51
				}
			,{
				"<=msec": 6.800
				,"percent": 84.56
				}
			,{
				"<=msec": 6.900
				,"percent": 85.67
				}
			,{
				"<=msec": 7.000
				,"percent": 86.66
				}
			,{
				"<=msec": 7.100
				,"percent": 87.66
				}
			,{
				"<=msec": 7.200
				,"percent": 88.60
				}
			,{
				"<=msec": 7.300
				,"percent": 89.40
				}
			,{
				"<=msec": 7.400
				,"percent": 90.14
				}
			,{
				"<=msec": 7.500
				,"percent": 91.00
				}
			,{
				"<=msec": 7.600
				,"percent": 91.74
				}
			,{
				"<=msec": 7.700
				,"percent": 92.39
				}
			,{
				"<=msec": 7.800
				,"percent": 93.00
				}
			,{
				"<=msec": 7.900
				,"percent": 93.48
				}
			,{
				"<=msec": 8.000
				,"percent": 93.99
				}
			,{
				"<=msec": 8.100
				,"percent": 94.35
				}
			,{
				"<=msec": 8.200
				,"percent": 94.71
				}
			,{
				"<=msec": 8.300
				,"percent": 95.06
				}
			,{
				"<=msec": 8.400
				,"percent": 95.40
				}
			,{
				"<=msec": 8.500
				,"percent": 95.76
				}
			,{
				"<=msec": 8.600
				,"percent": 96.02
				}
			,{
				"<=msec": 8.700
				,"percent": 96.29
				}
			,{
				"<=msec": 8.800
				,"percent": 96.53
				}
			,{
				"<=msec": 8.900
				,"percent": 96.75
				}
			,{
				"<=msec": 9.000
				,"percent": 96.95
				}
			,{
				"<=msec": 9.100
				,"percent": 97.07
				}
			,{
				"<=msec": 9.200
				,"percent": 97.20
				}
			,{
				"<=msec": 9.300
				,"percent": 97.34
				}
			,{
				"<=msec": 9.400
				,"percent": 97.43
				}
			,{
				"<=msec": 9.500
				,"percent": 97.54
				}
			,{
				"<=msec": 9.600
				,"percent": 97.63
				}
			,{
				"<=msec": 9.700
				,"percent": 97.71
				}
			,{
				"<=msec": 9.800
				,"percent": 97.76
				}
			,{
				"<=msec": 9.900
				,"percent": 97.80
				}
			,{
				"<=msec": 10.000
				,"percent": 98.09
				}
			,{
				"<=msec": 11.000
				,"percent": 98.41
				}
			,{
				"<=msec": 12.000
				,"percent": 98.63
				}
			,{
				"<=msec": 13.000
				,"percent": 98.75
				}
			,{
				"<=msec": 14.000
				,"percent": 98.83
				}
			,{
				"<=msec": 15.000
				,"percent": 98.87
				}
			,{
				"<=msec": 16.000
				,"percent": 98.91
				}
			,{
				"<=msec": 17.000
				,"percent": 98.95
				}
			,{
				"<=msec": 18.000
				,"percent": 99.01
				}
			,{
				"<=msec": 19.000
				,"percent": 99.09
				}
			,{
				"<=msec": 20.000
				,"percent": 99.16
				}
			,{
				"<=msec": 21.000
				,"percent": 99.27
				}
			,{
				"<=msec": 22.000
				,"percent": 99.32
				}
			,{
				"<=msec": 23.000
				,"percent": 99.38
				}
			,{
				"<=msec": 24.000
				,"percent": 99.46
				}
			,{
				"<=msec": 25.000
				,"percent": 99.48
				}
			,{
				"<=msec": 26.000
				,"percent": 99.55
				}
			,{
				"<=msec": 27.000
				,"percent": 99.61
				}
			,{
				"<=msec": 28.000
				,"percent": 99.68
				}
			,{
				"<=msec": 29.000
				,"percent": 99.73
				}
			,{
				"<=msec": 30.000
				,"percent": 99.78
				}
			,{
				"<=msec": 31.000
				,"percent": 99.82
				}
			,{
				"<=msec": 32.000
				,"percent": 99.84
				}
			,{
				"<=msec": 33.000
				,"percent": 99.86
				}
			,{
				"<=msec": 34.000
				,"percent": 99.89
				}
			,{
				"<=msec": 35.000
				,"percent": 99.90
				}
			,{
				"<=msec": 36.000
				,"percent": 99.94
				}
			,{
				"<=msec": 37.000
				,"percent": 99.97
				}
			,{
				"<=msec": 38.000
				,"percent": 99.98
				}
			,{
				"<=msec": 39.000
				,"percent": 99.99
				}
			,{
				"<=msec": 46.000
				,"percent": 99.99
				}
			,{
				"<=msec": 50.000
				,"percent": 100.00
				}
			,{
				"<=msec": 51.000
				,"percent": 100.00
				}
			]
		,"GET":[
			{
				"<=msec": 0.880
				,"percent": 0.00
				}
			,{
				"<=msec": 0.900
				,"percent": 0.01
				}
			,{
				"<=msec": 0.910
				,"percent": 0.01
				}
			,{
				"<=msec": 0.930
				,"percent": 0.02
				}
			,{
				"<=msec": 0.940
				,"percent": 0.02
				}
			,{
				"<=msec": 0.950
				,"percent": 0.04
				}
			,{
				"<=msec": 0.960
				,"percent": 0.05
				}
			,{
				"<=msec": 0.980
				,"percent": 0.08
				}
			,{
				"<=msec": 0.990
				,"percent": 0.10
				}
			,{
				"<=msec": 1.000
				,"percent": 0.34
				}
			,{
				"<=msec": 1.100
				,"percent": 1.71
				}
			,{
				"<=msec": 1.200
				,"percent": 4.77
				}
			,{
				"<=msec": 1.300
				,"percent": 9.32
				}
			,{
				"<=msec": 1.400
				,"percent": 14.64
				}
			,{
				"<=msec": 1.500
				,"percent": 20.62
				}
			,{
				"<=msec": 1.600
				,"percent": 26.49
				}
			,{
				"<=msec": 1.700
				,"percent": 31.95
				}
			,{
				"<=msec": 1.800
				,"percent": 36.54
				}
			,{
				"<=msec": 1.900
				,"percent": 40.71
				}
			,{
				"<=msec": 2.000
				,"percent": 44.52
				}
			,{
				"<=msec": 2.100
				,"percent": 47.56
				}
			,{
				"<=msec": 2.200
				,"percent": 50.28
				}
			,{
				"<=msec": 2.300
				,"percent": 52.55
				}
			,{
				"<=msec": 2.400
				,"percent": 54.31
				}
			,{
				"<=msec": 2.500
				,"percent": 55.85
				}
			,{
				"<=msec": 2.600
				,"percent": 57.18
				}
			,{
				"<=msec": 2.700
				,"percent": 58.35
				}
			,{
				"<=msec": 2.800
				,"percent": 59.34
				}
			,{
				"<=msec": 2.900
				,"percent": 60.14
				}
			,{
				"<=msec": 3.000
				,"percent": 60.87
				}
			,{
				"<=msec": 3.100
				,"percent": 61.57
				}
			,{
				"<=msec": 3.200
				,"percent": 62.20
				}
			,{
				"<=msec": 3.300
				,"percent": 62.73
				}
			,{
				"<=msec": 3.400
				,"percent": 63.30
				}
			,{
				"<=msec": 3.500
				,"percent": 63.79
				}
			,{
				"<=msec": 3.600
				,"percent": 64.30
				}
			,{
				"<=msec": 3.700
				,"percent": 64.71
				}
			,{
				"<=msec": 3.800
				,"percent": 65.17
				}
			,{
				"<=msec": 3.900
				,"percent": 65.60
				}
			,{
				"<=msec": 4.000
				,"percent": 66.00
				}
			,{
				"<=msec": 4.100
				,"percent": 66.41
				}
			,{
				"<=msec": 4.200
				,"percent": 66.74
				}
			,{
				"<=msec": 4.300
				,"percent": 67.10
				}
			,{
				"<=msec": 4.400
				,"percent": 67.49
				}
			,{
				"<=msec": 4.500
				,"percent": 67.88
				}
			,{
				"<=msec": 4.600
				,"percent": 68.28
				}
			,{
				"<=msec": 4.700
				,"percent": 68.67
				}
			,{
				"<=msec": 4.800
				,"percent": 68.93
				}
			,{
				"<=msec": 4.900
				,"percent": 69.22
				}
			,{
				"<=msec": 5.000
				,"percent": 69.52
				}
			,{
				"<=msec": 5.100
				,"percent": 69.83
				}
			,{
				"<=msec": 5.200
				,"percent": 70.15
				}
			,{
				"<=msec": 5.300
				,"percent": 70.50
				}
			,{
				"<=msec": 5.400
				,"percent": 70.84
				}
			,{
				"<=msec": 5.500
				,"percent": 71.19
				}
			,{
				"<=msec": 5.600
				,"percent": 71.60
				}
			,{
				"<=msec": 5.700
				,"percent": 72.06
				}
			,{
				"<=msec": 5.800
				,"percent": 72.43
				}
			,{
				"<=msec": 5.900
				,"percent": 72.90
				}
			,{
				"<=msec": 6.000
				,"percent": 73.45
				}
			,{
				"<=msec": 6.100
				,"percent": 74.02
				}
			,{
				"<=msec": 6.200
				,"percent": 74.57
				}
			,{
				"<=msec": 6.300
				,"percent": 75.18
				}
			,{
				"<=msec": 6.400
				,"percent": 75.85
				}
			,{
				"<=msec": 6.500
				,"percent": 76.61
				}
			,{
				"<=msec": 6.600
				,"percent": 77.43
				}
			,{
				"<=msec": 6.700
				,"percent": 78.41
				}
			,{
				"<=msec": 6.800
				,"percent": 79.39
				}
			,{
				"<=msec": 6.900
				,"percent": 80.46
				}
			,{
				"<=msec": 7.000
				,"percent": 81.54
				}
			,{
				"<=msec": 7.100
				,"percent": 82.56
				}
			,{
				"<=msec": 7.200
				,"percent": 83.70
				}
			,{
				"<=msec": 7.300
				,"percent": 84.77
				}
			,{
				"<=msec": 7.400
				,"percent": 85.78
				}
			,{
				"<=msec": 7.500
				,"percent": 86.82
				}
			,{
				"<=msec": 7.600
				,"percent": 87.87
				}
			,{
				"<=msec": 7.700
				,"percent": 88.86
				}
			,{
				"<=msec": 7.800
				,"percent": 89.67
				}
			,{
				"<=msec": 7.900
				,"percent": 90.47
				}
			,{
				"<=msec": 8.000
				,"percent": 91.26
				}
			,{
				"<=msec": 8.100
				,"percent": 91.93
				}
			,{
				"<=msec": 8.200
				,"percent": 92.56
				}
			,{
				"<=msec": 8.300
				,"percent": 93.10
				}
			,{
				"<=msec": 8.400
				,"percent": 93.67
				}
			,{
				"<=msec": 8.500
				,"percent": 94.17
				}
			,{
				"<=msec": 8.600
				,"percent": 94.62
				}
			,{
				"<=msec": 8.700
				,"percent": 95.09
				}
			,{
				"<=msec": 8.800
				,"percent": 95.45
				}
			,{
				"<=msec": 8.900
				,"percent": 95.77
				}
			,{
				"<=msec": 9.000
				,"percent": 96.05
				}
			,{
				"<=msec": 9.100
				,"percent": 96.31
				}
			,{
				"<=msec": 9.200
				,"percent": 96.52
				}
			,{
				"<=msec": 9.300
				,"percent": 96.73
				}
			,{
				"<=msec": 9.400
				,"percent": 97.00
				}
			,{
				"<=msec": 9.500
				,"percent": 97.17
				}
			,{
				"<=msec": 9.600
				,"percent": 97.30
				}
			,{
				"<=msec": 9.700
				,"percent": 97.41
				}
			,{
				"<=msec": 9.800
				,"percent": 97.52
				}
			,{
				"<=msec": 9.900
				,"percent": 97.65
				}
			,{
				"<=msec": 10.000
				,"percent": 98.07
				}
			,{
				"<=msec": 11.000
				,"percent": 98.57
				}
			,{
				"<=msec": 12.000
				,"percent": 98.84
				}
			,{
				"<=msec": 13.000
				,"percent": 98.98
				}
			,{
				"<=msec": 14.000
				,"percent": 99.08
				}
			,{
				"<=msec": 15.000
				,"percent": 99.14
				}
			,{
				"<=msec": 16.000
				,"percent": 99.21
				}
			,{
				"<=msec": 17.000
				,"percent": 99.23
				}
			,{
				"<=msec": 18.000
				,"percent": 99.28
				}
			,{
				"<=msec": 19.000
				,"percent": 99.31
				}
			,{
				"<=msec": 20.000
				,"percent": 99.36
				}
			,{
				"<=msec": 21.000
				,"percent": 99.42
				}
			,{
				"<=msec": 22.000
				,"percent": 99.50
				}
			,{
				"<=msec": 23.000
				,"percent": 99.53
				}
			,{
				"<=msec": 24.000
				,"percent": 99.56
				}
			,{
				"<=msec": 25.000
				,"percent": 99.58
				}
			,{
				"<=msec": 26.000
				,"percent": 99.62
				}
			,{
				"<=msec": 27.000
				,"percent": 99.70
				}
			,{
				"<=msec": 28.000
				,"percent": 99.74
				}
			,{
				"<=msec": 29.000
				,"percent": 99.78
				}
			,{
				"<=msec": 30.000
				,"percent": 99.84
				}
			,{
				"<=msec": 31.000
				,"percent": 99.88
				}
			,{
				"<=msec": 32.000
				,"percent": 99.90
				}
			,{
				"<=msec": 33.000
				,"percent": 99.92
				}
			,{
				"<=msec": 34.000
				,"percent": 99.93
				}
			,{
				"<=msec": 36.000
				,"percent": 99.94
				}
			,{
				"<=msec": 37.000
				,"percent": 99.99
				}
			,{
				"<=msec": 38.000
				,"percent": 99.99
				}
			,{
				"<=msec": 39.000
				,"percent": 100.00
				}
			]
		,"WAIT":[
		]
		}
	}
