{
	"configuration":{
		"server": "10.0.0.9"
		,"port": 6379
		,"unix socket": "(null)"
		,"protocol": "memcache_text"
		,"out_file": "(null)"
		,"client_stats": "(null)"
		,"run_count": 1
		,"debug": 0
		,"requests": 0
		,"clients": 2
		,"threads": 1
		,"test_time": 75
		,"ratio": "1:3"
		,"pipeline": 1
		,"data_size": 1024
		,"data_offset": 0
		,"random_data": "false"
		,"data_size_range": "0:0"
		,"data_size_list": ""
		,"data_size_pattern": "R"
		,"expiry_range": "9999:10000"
		,"data_import": "(null)"
		,"data_verify": "false"
		,"verify_only": "false"
		,"generate_keys": "false"
		,"key_prefix": "memtier-"
		,"key_minimum":           0
		,"key_maximum":       10000
		,"key_pattern": "R:R"
		,"key_stddev": 0.000000
		,"key_median": 0.000000
		,"reconnect_interval": 0
		,"multi_key_get": 3
		,"authenticate": ""
		,"select-db": 0
		,"no-expiry": "false"
		,"wait-ratio": "0:0"
		,"num-slaves": "0:0"
		,"wait-timeout": "0-0"
		}
	,"run information":{
		"Threads": 1
		,"Connections per thread": 2
		,"Seconds": 75
		}
	,"ALL STATS":{
		"Sets":{
			"Ops/sec": 119.18
			,"Hits/sec": 0.00
			,"Misses/sec": 0.00
			,"Latency": 8.18
			,"KB/sec": 123.89
			}
		,"Gets":{
			"Ops/sec": 119.17
			,"Hits/sec": 357.51
			,"Misses/sec": 0.00
			,"Latency": 8.57
			,"KB/sec": 373.27
			}
		,"Waits":{
			"Ops/sec": 0.00
			,"Hits/sec": 0.00
			,"Misses/sec": 0.00
			,"Latency": 0.00
			,"KB/sec": 0.00
			}
		,"Totals":{
			"Ops/sec": 238.36
			,"Hits/sec": 357.51
			,"Misses/sec": 0.00
			,"Latency": 8.38
			,"KB/sec": 497.15
			}
		,"SET":[
			{
				"<=msec": 4.000
				,"percent": 0.10
				}
			,{
				"<=msec": 4.100
				,"percent": 0.59
				}
			,{
				"<=msec": 4.200
				,"percent": 1.53
				}
			,{
				"<=msec": 4.300
				,"percent": 3.00
				}
			,{
				"<=msec": 4.400
				,"percent": 4.93
				}
			,{
				"<=msec": 4.500
				,"percent": 7.53
				}
			,{
				"<=msec": 4.600
				,"percent": 10.08
				}
			,{
				"<=msec": 4.700
				,"percent": 12.70
				}
			,{
				"<=msec": 4.800
				,"percent": 15.15
				}
			,{
				"<=msec": 4.900
				,"percent": 17.67
				}
			,{
				"<=msec": 5.000
				,"percent": 19.91
				}
			,{
				"<=msec": 5.100
				,"percent": 22.07
				}
			,{
				"<=msec": 5.200
				,"percent": 24.14
				}
			,{
				"<=msec": 5.300
				,"percent": 25.75
				}
			,{
				"<=msec": 5.400
				,"percent": 27.49
				}
			,{
				"<=msec": 5.500
				,"percent": 29.30
				}
			,{
				"<=msec": 5.600
				,"percent": 30.46
				}
			,{
				"<=msec": 5.700
				,"percent": 31.74
				}
			,{
				"<=msec": 5.800
				,"percent": 32.80
				}
			,{
				"<=msec": 5.900
				,"percent": 33.95
				}
			,{
				"<=msec": 6.000
				,"percent": 35.16
				}
			,{
				"<=msec": 6.100
				,"percent": 36.10
				}
			,{
				"<=msec": 6.200
				,"percent": 36.89
				}
			,{
				"<=msec": 6.300
				,"percent": 37.81
				}
			,{
				"<=msec": 6.400
				,"percent": 38.52
				}
			,{
				"<=msec": 6.500
				,"percent": 39.32
				}
			,{
				"<=msec": 6.600
				,"percent": 40.11
				}
			,{
				"<=msec": 6.700
				,"percent": 40.98
				}
			,{
				"<=msec": 6.800
				,"percent": 42.07
				}
			,{
				"<=msec": 6.900
				,"percent": 42.80
				}
			,{
				"<=msec": 7.000
				,"percent": 43.64
				}
			,{
				"<=msec": 7.100
				,"percent": 44.59
				}
			,{
				"<=msec": 7.200
				,"percent": 45.43
				}
			,{
				"<=msec": 7.300
				,"percent": 46.39
				}
			,{
				"<=msec": 7.400
				,"percent": 47.35
				}
			,{
				"<=msec": 7.500
				,"percent": 48.20
				}
			,{
				"<=msec": 7.600
				,"percent": 49.14
				}
			,{
				"<=msec": 7.700
				,"percent": 50.04
				}
			,{
				"<=msec": 7.800
				,"percent": 51.05
				}
			,{
				"<=msec": 7.900
				,"percent": 51.89
				}
			,{
				"<=msec": 8.000
				,"percent": 52.82
				}
			,{
				"<=msec": 8.100
				,"percent": 53.76
				}
			,{
				"<=msec": 8.200
				,"percent": 54.61
				}
			,{
				"<=msec": 8.300
				,"percent": 55.31
				}
			,{
				"<=msec": 8.400
				,"percent": 56.41
				}
			,{
				"<=msec": 8.500
				,"percent": 57.44
				}
			,{
				"<=msec": 8.600
				,"percent": 58.55
				}
			,{
				"<=msec": 8.700
				,"percent": 59.63
				}
			,{
				"<=msec": 8.800
				,"percent": 60.73
				}
			,{
				"<=msec": 8.900
				,"percent": 61.79
				}
			,{
				"<=msec": 9.000
				,"percent": 62.96
				}
			,{
				"<=msec": 9.100
				,"percent": 64.33
				}
			,{
				"<=msec": 9.200
				,"percent": 65.49
				}
			,{
				"<=msec": 9.300
				,"percent": 66.73
				}
			,{
				"<=msec": 9.400
				,"percent": 68.08
				}
			,{
				"<=msec": 9.500
				,"percent": 69.34
				}
			,{
				"<=msec": 9.600
				,"percent": 70.75
				}
			,{
				"<=msec": 9.700
				,"percent": 72.24
				}
			,{
				"<=msec": 9.800
				,"percent": 73.69
				}
			,{
				"<=msec": 9.900
				,"percent": 75.23
				}
			,{
				"<=msec": 10.000
				,"percent": 83.09
				}
			,{
				"<=msec": 11.000
				,"percent": 91.64
				}
			,{
				"<=msec": 12.000
				,"percent": 95.16
				}
			,{
				"<=msec": 13.000
				,"percent": 96.35
				}
			,{
				"<=msec": 14.000
				,"percent": 96.88
				}
			,{
				"<=msec": 15.000
				,"percent": 97.10
				}
			,{
				"<=msec": 16.000
				,"percent": 97.28
				}
			,{
				"<=msec": 17.000
				,"percent": 97.42
				}
			,{
				"<=msec": 18.000
				,"percent": 97.55
				}
			,{
				"<=msec": 19.000
				,"percent": 97.74
				}
			,{
				"<=msec": 20.000
				,"percent": 97.95
				}
			,{
				"<=msec": 21.000
				,"percent": 98.11
				}
			,{
				"<=msec": 22.000
				,"percent": 98.33
				}
			,{
				"<=msec": 23.000
				,"percent": 98.56
				}
			,{
				"<=msec": 24.000
				,"percent": 98.70
				}
			,{
				"<=msec": 25.000
				,"percent": 98.79
				}
			,{
				"<=msec": 26.000
				,"percent": 98.89
				}
			,{
				"<=msec": 27.000
				,"percent": 99.02
				}
			,{
				"<=msec": 28.000
				,"percent": 99.15
				}
			,{
				"<=msec": 29.000
				,"percent": 99.34
				}
			,{
				"<=msec": 30.000
				,"percent": 99.47
				}
			,{
				"<=msec": 31.000
				,"percent": 99.59
				}
			,{
				"<=msec": 32.000
				,"percent": 99.69
				}
			,{
				"<=msec": 33.000
				,"percent": 99.73
				}
			,{
				"<=msec": 34.000
				,"percent": 99.75
				}
			,{
				"<=msec": 35.000
				,"percent": 99.78
				}
			,{
				"<=msec": 36.000
				,"percent": 99.79
				}
			,{
				"<=msec": 37.000
				,"percent": 99.88
				}
			,{
				"<=msec": 38.000
				,"percent": 99.90
				}
			,{
				"<=msec": 39.000
				,"percent": 99.94
				}
			,{
				"<=msec": 40.000
				,"percent": 99.98
				}
			,{
				"<=msec": 43.000
				,"percent": 99.99
				}
			,{
				"<=msec": 47.000
				,"percent": 100.00
				}
			]
		,"GET":[
			{
				"<=msec": 4.000
				,"percent": 0.01
				}
			,{
				"<=msec": 4.100
				,"percent": 0.04
				}
			,{
				"<=msec": 4.200
				,"percent": 0.28
				}
			,{
				"<=msec": 4.300
				,"percent": 0.69
				}
			,{
				"<=msec": 4.400
				,"percent": 1.55
				}
			,{
				"<=msec": 4.500
				,"percent": 2.81
				}
			,{
				"<=msec": 4.600
				,"percent": 4.55
				}
			,{
				"<=msec": 4.700
				,"percent": 6.58
				}
			,{
				"<=msec": 4.800
				,"percent": 8.75
				}
			,{
				"<=msec": 4.900
				,"percent": 11.12
				}
			,{
				"<=msec": 5.000
				,"percent": 13.58
				}
			,{
				"<=msec": 5.100
				,"percent": 15.65
				}
			,{
				"<=msec": 5.200
				,"percent": 17.83
				}
			,{
				"<=msec": 5.300
				,"percent": 20.08
				}
			,{
				"<=msec": 5.400
				,"percent": 22.07
				}
			,{
				"<=msec": 5.500
				,"percent": 23.84
				}
			,{
				"<=msec": 5.600
				,"percent": 25.41
				}
			,{
				"<=msec": 5.700
				,"percent": 26.90
				}
			,{
				"<=msec": 5.800
				,"percent": 28.26
				}
			,{
				"<=msec": 5.900
				,"percent": 29.67
				}
			,{
				"<=msec": 6.000
				,"percent": 30.90
				}
			,{
				"<=msec": 6.100
				,"percent": 32.29
				}
			,{
				"<=msec": 6.200
				,"percent": 33.21
				}
			,{
				"<=msec": 6.300
				,"percent": 34.33
				}
			,{
				"<=msec": 6.400
				,"percent": 35.46
				}
			,{
				"<=msec": 6.500
				,"percent": 36.45
				}
			,{
				"<=msec": 6.600
				,"percent": 37.39
				}
			,{
				"<=msec": 6.700
				,"percent": 38.35
				}
			,{
				"<=msec": 6.800
				,"percent": 39.23
				}
			,{
				"<=msec": 6.900
				,"percent": 39.97
				}
			,{
				"<=msec": 7.000
				,"percent": 41.00
				}
			,{
				"<=msec": 7.100
				,"percent": 41.91
				}
			,{
				"<=msec": 7.200
				,"percent": 42.70
				}
			,{
				"<=msec": 7.300
				,"percent": 43.52
				}
			,{
				"<=msec": 7.400
				,"percent": 44.22
				}
			,{
				"<=msec": 7.500
				,"percent": 45.04
				}
			,{
				"<=msec": 7.600
				,"percent": 45.87
				}
			,{
				"<=msec": 7.700
				,"percent": 46.63
				}
			,{
				"<=msec": 7.800
				,"percent": 47.41
				}
			,{
				"<=msec": 7.900
				,"percent": 48.03
				}
			,{
				"<=msec": 8.000
				,"percent": 48.85
				}
			,{
				"<=msec": 8.100
				,"percent": 49.59
				}
			,{
				"<=msec": 8.200
				,"percent": 50.30
				}
			,{
				"<=msec": 8.300
				,"percent": 51.16
				}
			,{
				"<=msec": 8.400
				,"percent": 51.93
				}
			,{
				"<=msec": 8.500
				,"percent": 52.87
				}
			,{
				"<=msec": 8.600
				,"percent": 53.79
				}
			,{
				"<=msec": 8.700
				,"percent": 54.66
				}
			,{
				"<=msec": 8.800
				,"percent": 55.55
				}
			,{
				"<=msec": 8.900
				,"percent": 56.55
				}
			,{
				"<=msec": 9.000
				,"percent": 57.52
				}
			,{
				"<=msec": 9.100
				,"percent": 58.55
				}
			,{
				"<=msec": 9.200
				,"percent": 59.51
				}
			,{
				"<=msec": 9.300
				,"percent": 60.79
				}
			,{
				"<=msec": 9.400
				,"percent": 62.04
				}
			,{
				"<=msec": 9.500
				,"percent": 63.26
				}
			,{
				"<=msec": 9.600
				,"percent": 64.53
				}
			,{
				"<=msec": 9.700
				,"percent": 65.87
				}
			,{
				"<=msec": 9.800
				,"percent": 67.00
				}
			,{
				"<=msec": 9.900
				,"percent": 68.31
				}
			,{
				"<=msec": 10.000
				,"percent": 76.22
				}
			,{
				"<=msec": 11.000
				,"percent": 87.91
				}
			,{
				"<=msec": 12.000
				,"percent": 93.57
				}
			,{
				"<=msec": 13.000
				,"percent": 95.76
				}
			,{
				"<=msec": 14.000
				,"percent": 96.55
				}
			,{
				"<=msec": 15.000
				,"percent": 97.08
				}
			,{
				"<=msec": 16.000
				,"percent": 97.36
				}
			,{
				"<=msec": 17.000
				,"percent": 97.51
				}
			,{
				"<=msec": 18.000
				,"percent": 97.61
				}
			,{
				"<=msec": 19.000
				,"percent": 97.77
				}
			,{
				"<=msec": 20.000
				,"percent": 98.01
				}
			,{
				"<=msec": 21.000
				,"percent": 98.19
				}
			,{
				"<=msec": 22.000
				,"percent": 98.45
				}
			,{
				"<=msec": 23.000
				,"percent": 98.66
				}
			,{
				"<=msec": 24.000
				,"percent": 98.74
				}
			,{
				"<=msec": 25.000
				,"percent": 98.84
				}
			,{
				"<=msec": 26.000
				,"percent": 98.93
				}
			,{
				"<=msec": 27.000
				,"percent": 99.15
				}
			,{
				"<=msec": 28.000
				,"percent": 99.23
				}
			,{
				"<=msec": 29.000
				,"percent": 99.33
				}
			,{
				"<=msec": 30.000
				,"percent": 99.46
				}
			,{
				"<=msec": 31.000
				,"percent": 99.55
				}
			,{
				"<=msec": 32.000
				,"percent": 99.62
				}
			,{
				"<=msec": 33.000
				,"percent": 99.68
				}
			,{
				"<=msec": 34.000
				,"percent": 99.72
				}
			,{
				"<=msec": 35.000
				,"percent": 99.74
				}
			,{
				"<=msec": 36.000
				,"percent": 99.78
				}
			,{
				"<=msec": 37.000
				,"percent": 99.82
				}
			,{
				"<=msec": 38.000
				,"percent": 99.83
				}
			,{
				"<=msec": 39.000
				,"percent": 99.88
				}
			,{
				"<=msec": 40.000
				,"percent": 99.93
				}
			,{
				"<=msec": 41.000
				,"percent": 99.97
				}
			,{
				"<=msec": 42.000
				,"percent": 99.98
				}
			,{
				"<=msec": 47.000
				,"percent": 100.00
				}
			]
		,"WAIT":[
		]
		}
	}
