{
	"configuration":{
		"server": "10.0.0.8"
		,"port": 6379
		,"unix socket": "(null)"
		,"protocol": "memcache_text"
		,"out_file": "(null)"
		,"client_stats": "(null)"
		,"run_count": 1
		,"debug": 0
		,"requests": 0
		,"clients": 2
		,"threads": 1
		,"test_time": 75
		,"ratio": "1:3"
		,"pipeline": 1
		,"data_size": 1024
		,"data_offset": 0
		,"random_data": "false"
		,"data_size_range": "0:0"
		,"data_size_list": ""
		,"data_size_pattern": "R"
		,"expiry_range": "9999:10000"
		,"data_import": "(null)"
		,"data_verify": "false"
		,"verify_only": "false"
		,"generate_keys": "false"
		,"key_prefix": "memtier-"
		,"key_minimum":           0
		,"key_maximum":       10000
		,"key_pattern": "R:R"
		,"key_stddev": 0.000000
		,"key_median": 0.000000
		,"reconnect_interval": 0
		,"multi_key_get": 3
		,"authenticate": ""
		,"select-db": 0
		,"no-expiry": "false"
		,"wait-ratio": "0:0"
		,"num-slaves": "0:0"
		,"wait-timeout": "0-0"
		}
	,"run information":{
		"Threads": 1
		,"Connections per thread": 2
		,"Seconds": 75
		}
	,"ALL STATS":{
		"Sets":{
			"Ops/sec": 243.79
			,"Hits/sec": 0.00
			,"Misses/sec": 0.00
			,"Latency": 3.88
			,"KB/sec": 253.40
			}
		,"Gets":{
			"Ops/sec": 243.76
			,"Hits/sec": 731.28
			,"Misses/sec": 0.00
			,"Latency": 4.30
			,"KB/sec": 763.49
			}
		,"Waits":{
			"Ops/sec": 0.00
			,"Hits/sec": 0.00
			,"Misses/sec": 0.00
			,"Latency": 0.00
			,"KB/sec": 0.00
			}
		,"Totals":{
			"Ops/sec": 487.55
			,"Hits/sec": 731.28
			,"Misses/sec": 0.00
			,"Latency": 4.09
			,"KB/sec": 1016.89
			}
		,"SET":[
			{
				"<=msec": 0.820
				,"percent": 0.01
				}
			,{
				"<=msec": 0.840
				,"percent": 0.01
				}
			,{
				"<=msec": 0.870
				,"percent": 0.02
				}
			,{
				"<=msec": 0.890
				,"percent": 0.02
				}
			,{
				"<=msec": 0.900
				,"percent": 0.04
				}
			,{
				"<=msec": 0.910
				,"percent": 0.05
				}
			,{
				"<=msec": 0.920
				,"percent": 0.08
				}
			,{
				"<=msec": 0.930
				,"percent": 0.09
				}
			,{
				"<=msec": 0.940
				,"percent": 0.12
				}
			,{
				"<=msec": 0.950
				,"percent": 0.14
				}
			,{
				"<=msec": 0.960
				,"percent": 0.14
				}
			,{
				"<=msec": 0.970
				,"percent": 0.19
				}
			,{
				"<=msec": 0.980
				,"percent": 0.24
				}
			,{
				"<=msec": 0.990
				,"percent": 0.29
				}
			,{
				"<=msec": 1.000
				,"percent": 0.71
				}
			,{
				"<=msec": 1.100
				,"percent": 2.50
				}
			,{
				"<=msec": 1.200
				,"percent": 5.90
				}
			,{
				"<=msec": 1.300
				,"percent": 10.33
				}
			,{
				"<=msec": 1.400
				,"percent": 15.62
				}
			,{
				"<=msec": 1.500
				,"percent": 21.28
				}
			,{
				"<=msec": 1.600
				,"percent": 26.74
				}
			,{
				"<=msec": 1.700
				,"percent": 31.77
				}
			,{
				"<=msec": 1.800
				,"percent": 36.32
				}
			,{
				"<=msec": 1.900
				,"percent": 40.57
				}
			,{
				"<=msec": 2.000
				,"percent": 44.12
				}
			,{
				"<=msec": 2.100
				,"percent": 47.17
				}
			,{
				"<=msec": 2.200
				,"percent": 49.76
				}
			,{
				"<=msec": 2.300
				,"percent": 52.02
				}
			,{
				"<=msec": 2.400
				,"percent": 53.89
				}
			,{
				"<=msec": 2.500
				,"percent": 55.65
				}
			,{
				"<=msec": 2.600
				,"percent": 56.98
				}
			,{
				"<=msec": 2.700
				,"percent": 58.03
				}
			,{
				"<=msec": 2.800
				,"percent": 59.23
				}
			,{
				"<=msec": 2.900
				,"percent": 60.06
				}
			,{
				"<=msec": 3.000
				,"percent": 60.90
				}
			,{
				"<=msec": 3.100
				,"percent": 61.65
				}
			,{
				"<=msec": 3.200
				,"percent": 62.49
				}
			,{
				"<=msec": 3.300
				,"percent": 63.15
				}
			,{
				"<=msec": 3.400
				,"percent": 63.68
				}
			,{
				"<=msec": 3.500
				,"percent": 64.31
				}
			,{
				"<=msec": 3.600
				,"percent": 64.87
				}
			,{
				"<=msec": 3.700
				,"percent": 65.52
				}
			,{
				"<=msec": 3.800
				,"percent": 66.10
				}
			,{
				"<=msec": 3.900
				,"percent": 66.64
				}
			,{
				"<=msec": 4.000
				,"percent": 66.97
				}
			,{
				"<=msec": 4.100
				,"percent": 67.36
				}
			,{
				"<=msec": 4.200
				,"percent": 67.79
				}
			,{
				"<=msec": 4.300
				,"percent": 68.18
				}
			,{
				"<=msec": 4.400
				,"percent": 68.55
				}
			,{
				"<=msec": 4.500
				,"percent": 68.90
				}
			,{
				"<=msec": 4.600
				,"percent": 69.25
				}
			,{
				"<=msec": 4.700
				,"percent": 69.59
				}
			,{
				"<=msec": 4.800
				,"percent": 69.92
				}
			,{
				"<=msec": 4.900
				,"percent": 70.38
				}
			,{
				"<=msec": 5.000
				,"percent": 70.74
				}
			,{
				"<=msec": 5.100
				,"percent": 71.11
				}
			,{
				"<=msec": 5.200
				,"percent": 71.53
				}
			,{
				"<=msec": 5.300
				,"percent": 71.89
				}
			,{
				"<=msec": 5.400
				,"percent": 72.31
				}
			,{
				"<=msec": 5.500
				,"percent": 72.68
				}
			,{
				"<=msec": 5.600
				,"percent": 73.13
				}
			,{
				"<=msec": 5.700
				,"percent": 73.56
				}
			,{
				"<=msec": 5.800
				,"percent": 74.03
				}
			,{
				"<=msec": 5.900
				,"percent": 74.70
				}
			,{
				"<=msec": 6.000
				,"percent": 75.32
				}
			,{
				"<=msec": 6.100
				,"percent": 75.81
				}
			,{
				"<=msec": 6.200
				,"percent": 76.51
				}
			,{
				"<=msec": 6.300
				,"percent": 77.18
				}
			,{
				"<=msec": 6.400
				,"percent": 77.89
				}
			,{
				"<=msec": 6.500
				,"percent": 78.77
				}
			,{
				"<=msec": 6.600
				,"percent": 79.57
				}
			,{
				"<=msec": 6.700
				,"percent": 80.46
				}
			,{
				"<=msec": 6.800
				,"percent": 81.34
				}
			,{
				"<=msec": 6.900
				,"percent": 82.23
				}
			,{
				"<=msec": 7.000
				,"percent": 83.14
				}
			,{
				"<=msec": 7.100
				,"percent": 84.07
				}
			,{
				"<=msec": 7.200
				,"percent": 85.06
				}
			,{
				"<=msec": 7.300
				,"percent": 86.04
				}
			,{
				"<=msec": 7.400
				,"percent": 87.08
				}
			,{
				"<=msec": 7.500
				,"percent": 88.00
				}
			,{
				"<=msec": 7.600
				,"percent": 88.78
				}
			,{
				"<=msec": 7.700
				,"percent": 89.65
				}
			,{
				"<=msec": 7.800
				,"percent": 90.39
				}
			,{
				"<=msec": 7.900
				,"percent": 91.07
				}
			,{
				"<=msec": 8.000
				,"percent": 91.77
				}
			,{
				"<=msec": 8.100
				,"percent": 92.33
				}
			,{
				"<=msec": 8.200
				,"percent": 92.80
				}
			,{
				"<=msec": 8.300
				,"percent": 93.39
				}
			,{
				"<=msec": 8.400
				,"percent": 93.90
				}
			,{
				"<=msec": 8.500
				,"percent": 94.40
				}
			,{
				"<=msec": 8.600
				,"percent": 94.74
				}
			,{
				"<=msec": 8.700
				,"percent": 95.01
				}
			,{
				"<=msec": 8.800
				,"percent": 95.26
				}
			,{
				"<=msec": 8.900
				,"percent": 95.50
				}
			,{
				"<=msec": 9.000
				,"percent": 95.79
				}
			,{
				"<=msec": 9.100
				,"percent": 96.07
				}
			,{
				"<=msec": 9.200
				,"percent": 96.26
				}
			,{
				"<=msec": 9.300
				,"percent": 96.46
				}
			,{
				"<=msec": 9.400
				,"percent": 96.66
				}
			,{
				"<=msec": 9.500
				,"percent": 96.79
				}
			,{
				"<=msec": 9.600
				,"percent": 96.92
				}
			,{
				"<=msec": 9.700
				,"percent": 97.07
				}
			,{
				"<=msec": 9.800
				,"percent": 97.22
				}
			,{
				"<=msec": 9.900
				,"percent": 97.37
				}
			,{
				"<=msec": 10.000
				,"percent": 97.81
				}
			,{
				"<=msec": 11.000
				,"percent": 98.09
				}
			,{
				"<=msec": 12.000
				,"percent": 98.30
				}
			,{
				"<=msec": 13.000
				,"percent": 98.49
				}
			,{
				"<=msec": 14.000
				,"percent": 98.60
				}
			,{
				"<=msec": 15.000
				,"percent": 98.67
				}
			,{
				"<=msec": 16.000
				,"percent": 98.74
				}
			,{
				"<=msec": 17.000
				,"percent": 98.81
				}
			,{
				"<=msec": 18.000
				,"percent": 98.87
				}
			,{
				"<=msec": 19.000
				,"percent": 98.94
				}
			,{
				"<=msec": 20.000
				,"percent": 99.04
				}
			,{
				"<=msec": 21.000
				,"percent": 99.13
				}
			,{
				"<=msec": 22.000
				,"percent": 99.22
				}
			,{
				"<=msec": 23.000
				,"percent": 99.29
				}
			,{
				"<=msec": 24.000
				,"percent": 99.39
				}
			,{
				"<=msec": 25.000
				,"percent": 99.44
				}
			,{
				"<=msec": 26.000
				,"percent": 99.50
				}
			,{
				"<=msec": 27.000
				,"percent": 99.59
				}
			,{
				"<=msec": 28.000
				,"percent": 99.65
				}
			,{
				"<=msec": 29.000
				,"percent": 99.73
				}
			,{
				"<=msec": 30.000
				,"percent": 99.78
				}
			,{
				"<=msec": 31.000
				,"percent": 99.82
				}
			,{
				"<=msec": 32.000
				,"percent": 99.85
				}
			,{
				"<=msec": 33.000
				,"percent": 99.86
				}
			,{
				"<=msec": 34.000
				,"percent": 99.88
				}
			,{
				"<=msec": 35.000
				,"percent": 99.89
				}
			,{
				"<=msec": 36.000
				,"percent": 99.92
				}
			,{
				"<=msec": 37.000
				,"percent": 99.95
				}
			,{
				"<=msec": 38.000
				,"percent": 99.96
				}
			,{
				"<=msec": 39.000
				,"percent": 99.97
				}
			,{
				"<=msec": 40.000
				,"percent": 99.97
				}
			,{
				"<=msec": 47.000
				,"percent": 99.99
				}
			,{
				"<=msec": 62.000
				,"percent": 100.00
				}
			]
		,"GET":[
			{
				"<=msec": 1.000
				,"percent": 0.01
				}
			,{
				"<=msec": 1.100
				,"percent": 0.18
				}
			,{
				"<=msec": 1.200
				,"percent": 0.82
				}
			,{
				"<=msec": 1.300
				,"percent": 2.40
				}
			,{
				"<=msec": 1.400
				,"percent": 4.99
				}
			,{
				"<=msec": 1.500
				,"percent": 8.50
				}
			,{
				"<=msec": 1.600
				,"percent": 12.82
				}
			,{
				"<=msec": 1.700
				,"percent": 17.65
				}
			,{
				"<=msec": 1.800
				,"percent": 22.89
				}
			,{
				"<=msec": 1.900
				,"percent": 27.84
				}
			,{
				"<=msec": 2.000
				,"percent": 32.20
				}
			,{
				"<=msec": 2.100
				,"percent": 36.13
				}
			,{
				"<=msec": 2.200
				,"percent": 39.70
				}
			,{
				"<=msec": 2.300
				,"percent": 43.02
				}
			,{
				"<=msec": 2.400
				,"percent": 45.72
				}
			,{
				"<=msec": 2.500
				,"percent": 47.87
				}
			,{
				"<=msec": 2.600
				,"percent": 49.67
				}
			,{
				"<=msec": 2.700
				,"percent": 51.26
				}
			,{
				"<=msec": 2.800
				,"percent": 52.78
				}
			,{
				"<=msec": 2.900
				,"percent": 54.14
				}
			,{
				"<=msec": 3.000
				,"percent": 55.25
				}
			,{
				"<=msec": 3.100
				,"percent": 56.32
				}
			,{
				"<=msec": 3.200
				,"percent": 57.20
				}
			,{
				"<=msec": 3.300
				,"percent": 58.08
				}
			,{
				"<=msec": 3.400
				,"percent": 58.82
				}
			,{
				"<=msec": 3.500
				,"percent": 59.54
				}
			,{
				"<=msec": 3.600
				,"percent": 60.40
				}
			,{
				"<=msec": 3.700
				,"percent": 60.96
				}
			,{
				"<=msec": 3.800
				,"percent": 61.55
				}
			,{
				"<=msec": 3.900
				,"percent": 62.07
				}
			,{
				"<=msec": 4.000
				,"percent": 62.60
				}
			,{
				"<=msec": 4.100
				,"percent": 63.05
				}
			,{
				"<=msec": 4.200
				,"percent": 63.51
				}
			,{
				"<=msec": 4.300
				,"percent": 64.06
				}
			,{
				"<=msec": 4.400
				,"percent": 64.60
				}
			,{
				"<=msec": 4.500
				,"percent": 65.01
				}
			,{
				"<=msec": 4.600
				,"percent": 65.45
				}
			,{
				"<=msec": 4.700
				,"percent": 65.84
				}
			,{
				"<=msec": 4.800
				,"percent": 66.28
				}
			,{
				"<=msec": 4.900
				,"percent": 66.67
				}
			,{
				"<=msec": 5.000
				,"percent": 67.10
				}
			,{
				"<=msec": 5.100
				,"percent": 67.47
				}
			,{
				"<=msec": 5.200
				,"percent": 67.76
				}
			,{
				"<=msec": 5.300
				,"percent": 68.20
				}
			,{
				"<=msec": 5.400
				,"percent": 68.62
				}
			,{
				"<=msec": 5.500
				,"percent": 69.01
				}
			,{
				"<=msec": 5.600
				,"percent": 69.37
				}
			,{
				"<=msec": 5.700
				,"percent": 69.85
				}
			,{
				"<=msec": 5.800
				,"percent": 70.24
				}
			,{
				"<=msec": 5.900
				,"percent": 70.67
				}
			,{
				"<=msec": 6.000
				,"percent": 71.17
				}
			,{
				"<=msec": 6.100
				,"percent": 71.69
				}
			,{
				"<=msec": 6.200
				,"percent": 72.21
				}
			,{
				"<=msec": 6.300
				,"percent": 72.71
				}
			,{
				"<=msec": 6.400
				,"percent": 73.33
				}
			,{
				"<=msec": 6.500
				,"percent": 73.99
				}
			,{
				"<=msec": 6.600
				,"percent": 74.72
				}
			,{
				"<=msec": 6.700
				,"percent": 75.50
				}
			,{
				"<=msec": 6.800
				,"percent": 76.33
				}
			,{
				"<=msec": 6.900
				,"percent": 77.19
				}
			,{
				"<=msec": 7.000
				,"percent": 78.02
				}
			,{
				"<=msec": 7.100
				,"percent": 79.07
				}
			,{
				"<=msec": 7.200
				,"percent": 80.04
				}
			,{
				"<=msec": 7.300
				,"percent": 81.05
				}
			,{
				"<=msec": 7.400
				,"percent": 82.15
				}
			,{
				"<=msec": 7.500
				,"percent": 83.20
				}
			,{
				"<=msec": 7.600
				,"percent": 84.13
				}
			,{
				"<=msec": 7.700
				,"percent": 85.20
				}
			,{
				"<=msec": 7.800
				,"percent": 86.23
				}
			,{
				"<=msec": 7.900
				,"percent": 87.25
				}
			,{
				"<=msec": 8.000
				,"percent": 88.21
				}
			,{
				"<=msec": 8.100
				,"percent": 89.03
				}
			,{
				"<=msec": 8.200
				,"percent": 89.85
				}
			,{
				"<=msec": 8.300
				,"percent": 90.43
				}
			,{
				"<=msec": 8.400
				,"percent": 91.12
				}
			,{
				"<=msec": 8.500
				,"percent": 91.74
				}
			,{
				"<=msec": 8.600
				,"percent": 92.29
				}
			,{
				"<=msec": 8.700
				,"percent": 92.88
				}
			,{
				"<=msec": 8.800
				,"percent": 93.38
				}
			,{
				"<=msec": 8.900
				,"percent": 93.92
				}
			,{
				"<=msec": 9.000
				,"percent": 94.33
				}
			,{
				"<=msec": 9.100
				,"percent": 94.73
				}
			,{
				"<=msec": 9.200
				,"percent": 95.05
				}
			,{
				"<=msec": 9.300
				,"percent": 95.42
				}
			,{
				"<=msec": 9.400
				,"percent": 95.72
				}
			,{
				"<=msec": 9.500
				,"percent": 95.94
				}
			,{
				"<=msec": 9.600
				,"percent": 96.16
				}
			,{
				"<=msec": 9.700
				,"percent": 96.33
				}
			,{
				"<=msec": 9.800
				,"percent": 96.53
				}
			,{
				"<=msec": 9.900
				,"percent": 96.71
				}
			,{
				"<=msec": 10.000
				,"percent": 97.47
				}
			,{
				"<=msec": 11.000
				,"percent": 98.09
				}
			,{
				"<=msec": 12.000
				,"percent": 98.40
				}
			,{
				"<=msec": 13.000
				,"percent": 98.57
				}
			,{
				"<=msec": 14.000
				,"percent": 98.67
				}
			,{
				"<=msec": 15.000
				,"percent": 98.75
				}
			,{
				"<=msec": 16.000
				,"percent": 98.83
				}
			,{
				"<=msec": 17.000
				,"percent": 98.90
				}
			,{
				"<=msec": 18.000
				,"percent": 98.94
				}
			,{
				"<=msec": 19.000
				,"percent": 99.02
				}
			,{
				"<=msec": 20.000
				,"percent": 99.09
				}
			,{
				"<=msec": 21.000
				,"percent": 99.17
				}
			,{
				"<=msec": 22.000
				,"percent": 99.23
				}
			,{
				"<=msec": 23.000
				,"percent": 99.34
				}
			,{
				"<=msec": 24.000
				,"percent": 99.43
				}
			,{
				"<=msec": 25.000
				,"percent": 99.47
				}
			,{
				"<=msec": 26.000
				,"percent": 99.51
				}
			,{
				"<=msec": 27.000
				,"percent": 99.55
				}
			,{
				"<=msec": 28.000
				,"percent": 99.63
				}
			,{
				"<=msec": 29.000
				,"percent": 99.69
				}
			,{
				"<=msec": 30.000
				,"percent": 99.76
				}
			,{
				"<=msec": 31.000
				,"percent": 99.79
				}
			,{
				"<=msec": 32.000
				,"percent": 99.85
				}
			,{
				"<=msec": 33.000
				,"percent": 99.86
				}
			,{
				"<=msec": 34.000
				,"percent": 99.89
				}
			,{
				"<=msec": 35.000
				,"percent": 99.89
				}
			,{
				"<=msec": 36.000
				,"percent": 99.93
				}
			,{
				"<=msec": 37.000
				,"percent": 99.96
				}
			,{
				"<=msec": 38.000
				,"percent": 99.98
				}
			,{
				"<=msec": 39.000
				,"percent": 99.99
				}
			,{
				"<=msec": 40.000
				,"percent": 99.99
				}
			,{
				"<=msec": 41.000
				,"percent": 100.00
				}
			]
		,"WAIT":[
		]
		}
	}
