{
	"configuration":{
		"server": "10.0.0.8"
		,"port": 6379
		,"unix socket": "(null)"
		,"protocol": "memcache_text"
		,"out_file": "(null)"
		,"client_stats": "(null)"
		,"run_count": 1
		,"debug": 0
		,"requests": 0
		,"clients": 2
		,"threads": 1
		,"test_time": 75
		,"ratio": "1:3"
		,"pipeline": 1
		,"data_size": 1024
		,"data_offset": 0
		,"random_data": "false"
		,"data_size_range": "0:0"
		,"data_size_list": ""
		,"data_size_pattern": "R"
		,"expiry_range": "9999:10000"
		,"data_import": "(null)"
		,"data_verify": "false"
		,"verify_only": "false"
		,"generate_keys": "false"
		,"key_prefix": "memtier-"
		,"key_minimum":           0
		,"key_maximum":       10000
		,"key_pattern": "R:R"
		,"key_stddev": 0.000000
		,"key_median": 0.000000
		,"reconnect_interval": 0
		,"multi_key_get": 3
		,"authenticate": ""
		,"select-db": 0
		,"no-expiry": "false"
		,"wait-ratio": "0:0"
		,"num-slaves": "0:0"
		,"wait-timeout": "0-0"
		}
	,"run information":{
		"Threads": 1
		,"Connections per thread": 2
		,"Seconds": 75
		}
	,"ALL STATS":{
		"Sets":{
			"Ops/sec": 248.07
			,"Hits/sec": 0.00
			,"Misses/sec": 0.00
			,"Latency": 3.88
			,"KB/sec": 257.86
			}
		,"Gets":{
			"Ops/sec": 248.05
			,"Hits/sec": 744.14
			,"Misses/sec": 0.00
			,"Latency": 4.16
			,"KB/sec": 776.92
			}
		,"Waits":{
			"Ops/sec": 0.00
			,"Hits/sec": 0.00
			,"Misses/sec": 0.00
			,"Latency": 0.00
			,"KB/sec": 0.00
			}
		,"Totals":{
			"Ops/sec": 496.12
			,"Hits/sec": 744.14
			,"Misses/sec": 0.00
			,"Latency": 4.02
			,"KB/sec": 1034.77
			}
		,"SET":[
			{
				"<=msec": 0.800
				,"percent": 0.01
				}
			,{
				"<=msec": 0.870
				,"percent": 0.01
				}
			,{
				"<=msec": 0.890
				,"percent": 0.02
				}
			,{
				"<=msec": 0.900
				,"percent": 0.02
				}
			,{
				"<=msec": 0.910
				,"percent": 0.04
				}
			,{
				"<=msec": 0.920
				,"percent": 0.05
				}
			,{
				"<=msec": 0.930
				,"percent": 0.08
				}
			,{
				"<=msec": 0.940
				,"percent": 0.10
				}
			,{
				"<=msec": 0.950
				,"percent": 0.13
				}
			,{
				"<=msec": 0.960
				,"percent": 0.17
				}
			,{
				"<=msec": 0.970
				,"percent": 0.20
				}
			,{
				"<=msec": 0.980
				,"percent": 0.27
				}
			,{
				"<=msec": 0.990
				,"percent": 0.34
				}
			,{
				"<=msec": 1.000
				,"percent": 0.89
				}
			,{
				"<=msec": 1.100
				,"percent": 2.92
				}
			,{
				"<=msec": 1.200
				,"percent": 6.44
				}
			,{
				"<=msec": 1.300
				,"percent": 11.16
				}
			,{
				"<=msec": 1.400
				,"percent": 16.45
				}
			,{
				"<=msec": 1.500
				,"percent": 21.87
				}
			,{
				"<=msec": 1.600
				,"percent": 26.88
				}
			,{
				"<=msec": 1.700
				,"percent": 31.77
				}
			,{
				"<=msec": 1.800
				,"percent": 36.04
				}
			,{
				"<=msec": 1.900
				,"percent": 39.89
				}
			,{
				"<=msec": 2.000
				,"percent": 43.58
				}
			,{
				"<=msec": 2.100
				,"percent": 46.43
				}
			,{
				"<=msec": 2.200
				,"percent": 48.94
				}
			,{
				"<=msec": 2.300
				,"percent": 51.21
				}
			,{
				"<=msec": 2.400
				,"percent": 53.10
				}
			,{
				"<=msec": 2.500
				,"percent": 54.75
				}
			,{
				"<=msec": 2.600
				,"percent": 56.17
				}
			,{
				"<=msec": 2.700
				,"percent": 57.45
				}
			,{
				"<=msec": 2.800
				,"percent": 58.61
				}
			,{
				"<=msec": 2.900
				,"percent": 59.71
				}
			,{
				"<=msec": 3.000
				,"percent": 60.62
				}
			,{
				"<=msec": 3.100
				,"percent": 61.38
				}
			,{
				"<=msec": 3.200
				,"percent": 62.01
				}
			,{
				"<=msec": 3.300
				,"percent": 62.68
				}
			,{
				"<=msec": 3.400
				,"percent": 63.27
				}
			,{
				"<=msec": 3.500
				,"percent": 63.85
				}
			,{
				"<=msec": 3.600
				,"percent": 64.47
				}
			,{
				"<=msec": 3.700
				,"percent": 64.94
				}
			,{
				"<=msec": 3.800
				,"percent": 65.46
				}
			,{
				"<=msec": 3.900
				,"percent": 65.97
				}
			,{
				"<=msec": 4.000
				,"percent": 66.38
				}
			,{
				"<=msec": 4.100
				,"percent": 66.86
				}
			,{
				"<=msec": 4.200
				,"percent": 67.26
				}
			,{
				"<=msec": 4.300
				,"percent": 67.62
				}
			,{
				"<=msec": 4.400
				,"percent": 67.95
				}
			,{
				"<=msec": 4.500
				,"percent": 68.30
				}
			,{
				"<=msec": 4.600
				,"percent": 68.70
				}
			,{
				"<=msec": 4.700
				,"percent": 69.13
				}
			,{
				"<=msec": 4.800
				,"percent": 69.42
				}
			,{
				"<=msec": 4.900
				,"percent": 69.79
				}
			,{
				"<=msec": 5.000
				,"percent": 70.07
				}
			,{
				"<=msec": 5.100
				,"percent": 70.38
				}
			,{
				"<=msec": 5.200
				,"percent": 70.79
				}
			,{
				"<=msec": 5.300
				,"percent": 71.17
				}
			,{
				"<=msec": 5.400
				,"percent": 71.62
				}
			,{
				"<=msec": 5.500
				,"percent": 72.11
				}
			,{
				"<=msec": 5.600
				,"percent": 72.52
				}
			,{
				"<=msec": 5.700
				,"percent": 73.01
				}
			,{
				"<=msec": 5.800
				,"percent": 73.57
				}
			,{
				"<=msec": 5.900
				,"percent": 74.14
				}
			,{
				"<=msec": 6.000
				,"percent": 74.81
				}
			,{
				"<=msec": 6.100
				,"percent": 75.50
				}
			,{
				"<=msec": 6.200
				,"percent": 76.17
				}
			,{
				"<=msec": 6.300
				,"percent": 76.79
				}
			,{
				"<=msec": 6.400
				,"percent": 77.59
				}
			,{
				"<=msec": 6.500
				,"percent": 78.39
				}
			,{
				"<=msec": 6.600
				,"percent": 79.30
				}
			,{
				"<=msec": 6.700
				,"percent": 80.19
				}
			,{
				"<=msec": 6.800
				,"percent": 81.07
				}
			,{
				"<=msec": 6.900
				,"percent": 82.16
				}
			,{
				"<=msec": 7.000
				,"percent": 83.20
				}
			,{
				"<=msec": 7.100
				,"percent": 84.19
				}
			,{
				"<=msec": 7.200
				,"percent": 85.23
				}
			,{
				"<=msec": 7.300
				,"percent": 86.10
				}
			,{
				"<=msec": 7.400
				,"percent": 87.04
				}
			,{
				"<=msec": 7.500
				,"percent": 87.98
				}
			,{
				"<=msec": 7.600
				,"percent": 88.91
				}
			,{
				"<=msec": 7.700
				,"percent": 89.76
				}
			,{
				"<=msec": 7.800
				,"percent": 90.49
				}
			,{
				"<=msec": 7.900
				,"percent": 91.17
				}
			,{
				"<=msec": 8.000
				,"percent": 91.84
				}
			,{
				"<=msec": 8.100
				,"percent": 92.43
				}
			,{
				"<=msec": 8.200
				,"percent": 93.02
				}
			,{
				"<=msec": 8.300
				,"percent": 93.44
				}
			,{
				"<=msec": 8.400
				,"percent": 93.87
				}
			,{
				"<=msec": 8.500
				,"percent": 94.24
				}
			,{
				"<=msec": 8.600
				,"percent": 94.69
				}
			,{
				"<=msec": 8.700
				,"percent": 95.12
				}
			,{
				"<=msec": 8.800
				,"percent": 95.41
				}
			,{
				"<=msec": 8.900
				,"percent": 95.68
				}
			,{
				"<=msec": 9.000
				,"percent": 95.95
				}
			,{
				"<=msec": 9.100
				,"percent": 96.19
				}
			,{
				"<=msec": 9.200
				,"percent": 96.37
				}
			,{
				"<=msec": 9.300
				,"percent": 96.53
				}
			,{
				"<=msec": 9.400
				,"percent": 96.68
				}
			,{
				"<=msec": 9.500
				,"percent": 96.81
				}
			,{
				"<=msec": 9.600
				,"percent": 96.95
				}
			,{
				"<=msec": 9.700
				,"percent": 97.13
				}
			,{
				"<=msec": 9.800
				,"percent": 97.19
				}
			,{
				"<=msec": 9.900
				,"percent": 97.33
				}
			,{
				"<=msec": 10.000
				,"percent": 97.83
				}
			,{
				"<=msec": 11.000
				,"percent": 98.18
				}
			,{
				"<=msec": 12.000
				,"percent": 98.40
				}
			,{
				"<=msec": 13.000
				,"percent": 98.56
				}
			,{
				"<=msec": 14.000
				,"percent": 98.65
				}
			,{
				"<=msec": 15.000
				,"percent": 98.73
				}
			,{
				"<=msec": 16.000
				,"percent": 98.82
				}
			,{
				"<=msec": 17.000
				,"percent": 98.89
				}
			,{
				"<=msec": 18.000
				,"percent": 98.97
				}
			,{
				"<=msec": 19.000
				,"percent": 99.04
				}
			,{
				"<=msec": 20.000
				,"percent": 99.16
				}
			,{
				"<=msec": 21.000
				,"percent": 99.24
				}
			,{
				"<=msec": 22.000
				,"percent": 99.30
				}
			,{
				"<=msec": 23.000
				,"percent": 99.39
				}
			,{
				"<=msec": 24.000
				,"percent": 99.47
				}
			,{
				"<=msec": 25.000
				,"percent": 99.55
				}
			,{
				"<=msec": 26.000
				,"percent": 99.58
				}
			,{
				"<=msec": 27.000
				,"percent": 99.65
				}
			,{
				"<=msec": 28.000
				,"percent": 99.71
				}
			,{
				"<=msec": 29.000
				,"percent": 99.77
				}
			,{
				"<=msec": 30.000
				,"percent": 99.82
				}
			,{
				"<=msec": 31.000
				,"percent": 99.84
				}
			,{
				"<=msec": 32.000
				,"percent": 99.88
				}
			,{
				"<=msec": 34.000
				,"percent": 99.89
				}
			,{
				"<=msec": 35.000
				,"percent": 99.90
				}
			,{
				"<=msec": 36.000
				,"percent": 99.93
				}
			,{
				"<=msec": 37.000
				,"percent": 99.96
				}
			,{
				"<=msec": 38.000
				,"percent": 99.99
				}
			,{
				"<=msec": 42.000
				,"percent": 99.99
				}
			,{
				"<=msec": 43.000
				,"percent": 100.00
				}
			]
		,"GET":[
			{
				"<=msec": 0.950
				,"percent": 0.01
				}
			,{
				"<=msec": 0.990
				,"percent": 0.01
				}
			,{
				"<=msec": 1.000
				,"percent": 0.02
				}
			,{
				"<=msec": 1.100
				,"percent": 0.24
				}
			,{
				"<=msec": 1.200
				,"percent": 1.05
				}
			,{
				"<=msec": 1.300
				,"percent": 2.65
				}
			,{
				"<=msec": 1.400
				,"percent": 5.68
				}
			,{
				"<=msec": 1.500
				,"percent": 9.77
				}
			,{
				"<=msec": 1.600
				,"percent": 14.38
				}
			,{
				"<=msec": 1.700
				,"percent": 19.06
				}
			,{
				"<=msec": 1.800
				,"percent": 23.98
				}
			,{
				"<=msec": 1.900
				,"percent": 28.95
				}
			,{
				"<=msec": 2.000
				,"percent": 33.30
				}
			,{
				"<=msec": 2.100
				,"percent": 37.23
				}
			,{
				"<=msec": 2.200
				,"percent": 40.56
				}
			,{
				"<=msec": 2.300
				,"percent": 43.79
				}
			,{
				"<=msec": 2.400
				,"percent": 46.46
				}
			,{
				"<=msec": 2.500
				,"percent": 48.94
				}
			,{
				"<=msec": 2.600
				,"percent": 50.88
				}
			,{
				"<=msec": 2.700
				,"percent": 52.74
				}
			,{
				"<=msec": 2.800
				,"percent": 54.28
				}
			,{
				"<=msec": 2.900
				,"percent": 55.67
				}
			,{
				"<=msec": 3.000
				,"percent": 56.93
				}
			,{
				"<=msec": 3.100
				,"percent": 58.03
				}
			,{
				"<=msec": 3.200
				,"percent": 58.91
				}
			,{
				"<=msec": 3.300
				,"percent": 59.71
				}
			,{
				"<=msec": 3.400
				,"percent": 60.63
				}
			,{
				"<=msec": 3.500
				,"percent": 61.38
				}
			,{
				"<=msec": 3.600
				,"percent": 62.07
				}
			,{
				"<=msec": 3.700
				,"percent": 62.71
				}
			,{
				"<=msec": 3.800
				,"percent": 63.28
				}
			,{
				"<=msec": 3.900
				,"percent": 63.87
				}
			,{
				"<=msec": 4.000
				,"percent": 64.45
				}
			,{
				"<=msec": 4.100
				,"percent": 65.03
				}
			,{
				"<=msec": 4.200
				,"percent": 65.48
				}
			,{
				"<=msec": 4.300
				,"percent": 65.92
				}
			,{
				"<=msec": 4.400
				,"percent": 66.37
				}
			,{
				"<=msec": 4.500
				,"percent": 66.71
				}
			,{
				"<=msec": 4.600
				,"percent": 67.13
				}
			,{
				"<=msec": 4.700
				,"percent": 67.37
				}
			,{
				"<=msec": 4.800
				,"percent": 67.69
				}
			,{
				"<=msec": 4.900
				,"percent": 68.06
				}
			,{
				"<=msec": 5.000
				,"percent": 68.33
				}
			,{
				"<=msec": 5.100
				,"percent": 68.68
				}
			,{
				"<=msec": 5.200
				,"percent": 69.06
				}
			,{
				"<=msec": 5.300
				,"percent": 69.44
				}
			,{
				"<=msec": 5.400
				,"percent": 69.86
				}
			,{
				"<=msec": 5.500
				,"percent": 70.18
				}
			,{
				"<=msec": 5.600
				,"percent": 70.47
				}
			,{
				"<=msec": 5.700
				,"percent": 70.90
				}
			,{
				"<=msec": 5.800
				,"percent": 71.32
				}
			,{
				"<=msec": 5.900
				,"percent": 71.84
				}
			,{
				"<=msec": 6.000
				,"percent": 72.31
				}
			,{
				"<=msec": 6.100
				,"percent": 72.80
				}
			,{
				"<=msec": 6.200
				,"percent": 73.35
				}
			,{
				"<=msec": 6.300
				,"percent": 73.89
				}
			,{
				"<=msec": 6.400
				,"percent": 74.43
				}
			,{
				"<=msec": 6.500
				,"percent": 75.12
				}
			,{
				"<=msec": 6.600
				,"percent": 75.84
				}
			,{
				"<=msec": 6.700
				,"percent": 76.63
				}
			,{
				"<=msec": 6.800
				,"percent": 77.54
				}
			,{
				"<=msec": 6.900
				,"percent": 78.45
				}
			,{
				"<=msec": 7.000
				,"percent": 79.36
				}
			,{
				"<=msec": 7.100
				,"percent": 80.31
				}
			,{
				"<=msec": 7.200
				,"percent": 81.38
				}
			,{
				"<=msec": 7.300
				,"percent": 82.35
				}
			,{
				"<=msec": 7.400
				,"percent": 83.33
				}
			,{
				"<=msec": 7.500
				,"percent": 84.35
				}
			,{
				"<=msec": 7.600
				,"percent": 85.34
				}
			,{
				"<=msec": 7.700
				,"percent": 86.33
				}
			,{
				"<=msec": 7.800
				,"percent": 87.28
				}
			,{
				"<=msec": 7.900
				,"percent": 88.17
				}
			,{
				"<=msec": 8.000
				,"percent": 89.00
				}
			,{
				"<=msec": 8.100
				,"percent": 89.89
				}
			,{
				"<=msec": 8.200
				,"percent": 90.67
				}
			,{
				"<=msec": 8.300
				,"percent": 91.34
				}
			,{
				"<=msec": 8.400
				,"percent": 92.06
				}
			,{
				"<=msec": 8.500
				,"percent": 92.68
				}
			,{
				"<=msec": 8.600
				,"percent": 93.26
				}
			,{
				"<=msec": 8.700
				,"percent": 93.73
				}
			,{
				"<=msec": 8.800
				,"percent": 94.29
				}
			,{
				"<=msec": 8.900
				,"percent": 94.69
				}
			,{
				"<=msec": 9.000
				,"percent": 95.11
				}
			,{
				"<=msec": 9.100
				,"percent": 95.44
				}
			,{
				"<=msec": 9.200
				,"percent": 95.78
				}
			,{
				"<=msec": 9.300
				,"percent": 96.09
				}
			,{
				"<=msec": 9.400
				,"percent": 96.43
				}
			,{
				"<=msec": 9.500
				,"percent": 96.67
				}
			,{
				"<=msec": 9.600
				,"percent": 96.84
				}
			,{
				"<=msec": 9.700
				,"percent": 97.02
				}
			,{
				"<=msec": 9.800
				,"percent": 97.13
				}
			,{
				"<=msec": 9.900
				,"percent": 97.31
				}
			,{
				"<=msec": 10.000
				,"percent": 97.97
				}
			,{
				"<=msec": 11.000
				,"percent": 98.36
				}
			,{
				"<=msec": 12.000
				,"percent": 98.62
				}
			,{
				"<=msec": 13.000
				,"percent": 98.75
				}
			,{
				"<=msec": 14.000
				,"percent": 98.83
				}
			,{
				"<=msec": 15.000
				,"percent": 98.92
				}
			,{
				"<=msec": 16.000
				,"percent": 98.97
				}
			,{
				"<=msec": 17.000
				,"percent": 99.03
				}
			,{
				"<=msec": 18.000
				,"percent": 99.12
				}
			,{
				"<=msec": 19.000
				,"percent": 99.23
				}
			,{
				"<=msec": 20.000
				,"percent": 99.30
				}
			,{
				"<=msec": 21.000
				,"percent": 99.38
				}
			,{
				"<=msec": 22.000
				,"percent": 99.43
				}
			,{
				"<=msec": 23.000
				,"percent": 99.53
				}
			,{
				"<=msec": 24.000
				,"percent": 99.57
				}
			,{
				"<=msec": 25.000
				,"percent": 99.60
				}
			,{
				"<=msec": 26.000
				,"percent": 99.61
				}
			,{
				"<=msec": 27.000
				,"percent": 99.71
				}
			,{
				"<=msec": 28.000
				,"percent": 99.74
				}
			,{
				"<=msec": 29.000
				,"percent": 99.78
				}
			,{
				"<=msec": 30.000
				,"percent": 99.84
				}
			,{
				"<=msec": 31.000
				,"percent": 99.87
				}
			,{
				"<=msec": 33.000
				,"percent": 99.89
				}
			,{
				"<=msec": 34.000
				,"percent": 99.90
				}
			,{
				"<=msec": 35.000
				,"percent": 99.92
				}
			,{
				"<=msec": 36.000
				,"percent": 99.92
				}
			,{
				"<=msec": 37.000
				,"percent": 99.97
				}
			,{
				"<=msec": 38.000
				,"percent": 99.99
				}
			,{
				"<=msec": 43.000
				,"percent": 99.99
				}
			,{
				"<=msec": 46.000
				,"percent": 100.00
				}
			]
		,"WAIT":[
		]
		}
	}
