{
	"configuration":{
		"server": "10.0.0.9"
		,"port": 6379
		,"unix socket": "(null)"
		,"protocol": "memcache_text"
		,"out_file": "(null)"
		,"client_stats": "(null)"
		,"run_count": 1
		,"debug": 0
		,"requests": 0
		,"clients": 2
		,"threads": 1
		,"test_time": 75
		,"ratio": "1:3"
		,"pipeline": 1
		,"data_size": 1024
		,"data_offset": 0
		,"random_data": "false"
		,"data_size_range": "0:0"
		,"data_size_list": ""
		,"data_size_pattern": "R"
		,"expiry_range": "9999:10000"
		,"data_import": "(null)"
		,"data_verify": "false"
		,"verify_only": "false"
		,"generate_keys": "false"
		,"key_prefix": "memtier-"
		,"key_minimum":           0
		,"key_maximum":       10000
		,"key_pattern": "R:R"
		,"key_stddev": 0.000000
		,"key_median": 0.000000
		,"reconnect_interval": 0
		,"multi_key_get": 3
		,"authenticate": ""
		,"select-db": 0
		,"no-expiry": "false"
		,"wait-ratio": "0:0"
		,"num-slaves": "0:0"
		,"wait-timeout": "0-0"
		}
	,"run information":{
		"Threads": 1
		,"Connections per thread": 2
		,"Seconds": 75
		}
	,"ALL STATS":{
		"Sets":{
			"Ops/sec": 119.75
			,"Hits/sec": 0.00
			,"Misses/sec": 0.00
			,"Latency": 8.12
			,"KB/sec": 124.48
			}
		,"Gets":{
			"Ops/sec": 119.73
			,"Hits/sec": 359.18
			,"Misses/sec": 0.00
			,"Latency": 8.56
			,"KB/sec": 375.01
			}
		,"Waits":{
			"Ops/sec": 0.00
			,"Hits/sec": 0.00
			,"Misses/sec": 0.00
			,"Latency": 0.00
			,"KB/sec": 0.00
			}
		,"Totals":{
			"Ops/sec": 239.48
			,"Hits/sec": 359.18
			,"Misses/sec": 0.00
			,"Latency": 8.34
			,"KB/sec": 499.48
			}
		,"SET":[
			{
				"<=msec": 4.000
				,"percent": 0.13
				}
			,{
				"<=msec": 4.100
				,"percent": 0.48
				}
			,{
				"<=msec": 4.200
				,"percent": 1.44
				}
			,{
				"<=msec": 4.300
				,"percent": 3.05
				}
			,{
				"<=msec": 4.400
				,"percent": 4.89
				}
			,{
				"<=msec": 4.500
				,"percent": 7.46
				}
			,{
				"<=msec": 4.600
				,"percent": 9.98
				}
			,{
				"<=msec": 4.700
				,"percent": 12.67
				}
			,{
				"<=msec": 4.800
				,"percent": 15.31
				}
			,{
				"<=msec": 4.900
				,"percent": 18.15
				}
			,{
				"<=msec": 5.000
				,"percent": 20.64
				}
			,{
				"<=msec": 5.100
				,"percent": 23.00
				}
			,{
				"<=msec": 5.200
				,"percent": 24.97
				}
			,{
				"<=msec": 5.300
				,"percent": 26.85
				}
			,{
				"<=msec": 5.400
				,"percent": 28.86
				}
			,{
				"<=msec": 5.500
				,"percent": 30.63
				}
			,{
				"<=msec": 5.600
				,"percent": 32.19
				}
			,{
				"<=msec": 5.700
				,"percent": 33.48
				}
			,{
				"<=msec": 5.800
				,"percent": 34.68
				}
			,{
				"<=msec": 5.900
				,"percent": 35.87
				}
			,{
				"<=msec": 6.000
				,"percent": 37.09
				}
			,{
				"<=msec": 6.100
				,"percent": 38.12
				}
			,{
				"<=msec": 6.200
				,"percent": 39.13
				}
			,{
				"<=msec": 6.300
				,"percent": 40.10
				}
			,{
				"<=msec": 6.400
				,"percent": 41.18
				}
			,{
				"<=msec": 6.500
				,"percent": 41.94
				}
			,{
				"<=msec": 6.600
				,"percent": 42.72
				}
			,{
				"<=msec": 6.700
				,"percent": 43.60
				}
			,{
				"<=msec": 6.800
				,"percent": 44.36
				}
			,{
				"<=msec": 6.900
				,"percent": 45.06
				}
			,{
				"<=msec": 7.000
				,"percent": 45.71
				}
			,{
				"<=msec": 7.100
				,"percent": 46.52
				}
			,{
				"<=msec": 7.200
				,"percent": 47.67
				}
			,{
				"<=msec": 7.300
				,"percent": 48.66
				}
			,{
				"<=msec": 7.400
				,"percent": 49.59
				}
			,{
				"<=msec": 7.500
				,"percent": 50.36
				}
			,{
				"<=msec": 7.600
				,"percent": 51.14
				}
			,{
				"<=msec": 7.700
				,"percent": 51.87
				}
			,{
				"<=msec": 7.800
				,"percent": 52.67
				}
			,{
				"<=msec": 7.900
				,"percent": 53.36
				}
			,{
				"<=msec": 8.000
				,"percent": 54.13
				}
			,{
				"<=msec": 8.100
				,"percent": 54.99
				}
			,{
				"<=msec": 8.200
				,"percent": 55.97
				}
			,{
				"<=msec": 8.300
				,"percent": 56.84
				}
			,{
				"<=msec": 8.400
				,"percent": 57.56
				}
			,{
				"<=msec": 8.500
				,"percent": 58.16
				}
			,{
				"<=msec": 8.600
				,"percent": 59.05
				}
			,{
				"<=msec": 8.700
				,"percent": 59.92
				}
			,{
				"<=msec": 8.800
				,"percent": 60.82
				}
			,{
				"<=msec": 8.900
				,"percent": 62.05
				}
			,{
				"<=msec": 9.000
				,"percent": 63.44
				}
			,{
				"<=msec": 9.100
				,"percent": 64.58
				}
			,{
				"<=msec": 9.200
				,"percent": 65.83
				}
			,{
				"<=msec": 9.300
				,"percent": 67.13
				}
			,{
				"<=msec": 9.400
				,"percent": 68.33
				}
			,{
				"<=msec": 9.500
				,"percent": 69.85
				}
			,{
				"<=msec": 9.600
				,"percent": 71.14
				}
			,{
				"<=msec": 9.700
				,"percent": 72.49
				}
			,{
				"<=msec": 9.800
				,"percent": 74.04
				}
			,{
				"<=msec": 9.900
				,"percent": 75.51
				}
			,{
				"<=msec": 10.000
				,"percent": 82.92
				}
			,{
				"<=msec": 11.000
				,"percent": 91.24
				}
			,{
				"<=msec": 12.000
				,"percent": 94.88
				}
			,{
				"<=msec": 13.000
				,"percent": 96.45
				}
			,{
				"<=msec": 14.000
				,"percent": 96.96
				}
			,{
				"<=msec": 15.000
				,"percent": 97.29
				}
			,{
				"<=msec": 16.000
				,"percent": 97.45
				}
			,{
				"<=msec": 17.000
				,"percent": 97.65
				}
			,{
				"<=msec": 18.000
				,"percent": 97.85
				}
			,{
				"<=msec": 19.000
				,"percent": 97.98
				}
			,{
				"<=msec": 20.000
				,"percent": 98.07
				}
			,{
				"<=msec": 21.000
				,"percent": 98.19
				}
			,{
				"<=msec": 22.000
				,"percent": 98.36
				}
			,{
				"<=msec": 23.000
				,"percent": 98.50
				}
			,{
				"<=msec": 24.000
				,"percent": 98.54
				}
			,{
				"<=msec": 25.000
				,"percent": 98.69
				}
			,{
				"<=msec": 26.000
				,"percent": 98.83
				}
			,{
				"<=msec": 27.000
				,"percent": 98.96
				}
			,{
				"<=msec": 28.000
				,"percent": 99.12
				}
			,{
				"<=msec": 29.000
				,"percent": 99.21
				}
			,{
				"<=msec": 30.000
				,"percent": 99.33
				}
			,{
				"<=msec": 31.000
				,"percent": 99.47
				}
			,{
				"<=msec": 32.000
				,"percent": 99.53
				}
			,{
				"<=msec": 33.000
				,"percent": 99.65
				}
			,{
				"<=msec": 34.000
				,"percent": 99.74
				}
			,{
				"<=msec": 35.000
				,"percent": 99.77
				}
			,{
				"<=msec": 36.000
				,"percent": 99.83
				}
			,{
				"<=msec": 37.000
				,"percent": 99.87
				}
			,{
				"<=msec": 38.000
				,"percent": 99.88
				}
			,{
				"<=msec": 39.000
				,"percent": 99.89
				}
			,{
				"<=msec": 40.000
				,"percent": 99.97
				}
			,{
				"<=msec": 41.000
				,"percent": 99.98
				}
			,{
				"<=msec": 48.000
				,"percent": 99.99
				}
			,{
				"<=msec": 49.000
				,"percent": 100.00
				}
			]
		,"GET":[
			{
				"<=msec": 4.000
				,"percent": 0.01
				}
			,{
				"<=msec": 4.100
				,"percent": 0.08
				}
			,{
				"<=msec": 4.200
				,"percent": 0.20
				}
			,{
				"<=msec": 4.300
				,"percent": 0.55
				}
			,{
				"<=msec": 4.400
				,"percent": 1.48
				}
			,{
				"<=msec": 4.500
				,"percent": 2.65
				}
			,{
				"<=msec": 4.600
				,"percent": 4.49
				}
			,{
				"<=msec": 4.700
				,"percent": 6.47
				}
			,{
				"<=msec": 4.800
				,"percent": 8.70
				}
			,{
				"<=msec": 4.900
				,"percent": 11.09
				}
			,{
				"<=msec": 5.000
				,"percent": 13.63
				}
			,{
				"<=msec": 5.100
				,"percent": 16.06
				}
			,{
				"<=msec": 5.200
				,"percent": 18.63
				}
			,{
				"<=msec": 5.300
				,"percent": 20.82
				}
			,{
				"<=msec": 5.400
				,"percent": 22.91
				}
			,{
				"<=msec": 5.500
				,"percent": 25.01
				}
			,{
				"<=msec": 5.600
				,"percent": 26.84
				}
			,{
				"<=msec": 5.700
				,"percent": 28.49
				}
			,{
				"<=msec": 5.800
				,"percent": 30.11
				}
			,{
				"<=msec": 5.900
				,"percent": 31.53
				}
			,{
				"<=msec": 6.000
				,"percent": 33.04
				}
			,{
				"<=msec": 6.100
				,"percent": 34.21
				}
			,{
				"<=msec": 6.200
				,"percent": 35.37
				}
			,{
				"<=msec": 6.300
				,"percent": 36.40
				}
			,{
				"<=msec": 6.400
				,"percent": 37.31
				}
			,{
				"<=msec": 6.500
				,"percent": 38.29
				}
			,{
				"<=msec": 6.600
				,"percent": 39.19
				}
			,{
				"<=msec": 6.700
				,"percent": 40.12
				}
			,{
				"<=msec": 6.800
				,"percent": 40.98
				}
			,{
				"<=msec": 6.900
				,"percent": 41.80
				}
			,{
				"<=msec": 7.000
				,"percent": 42.54
				}
			,{
				"<=msec": 7.100
				,"percent": 43.26
				}
			,{
				"<=msec": 7.200
				,"percent": 44.01
				}
			,{
				"<=msec": 7.300
				,"percent": 44.82
				}
			,{
				"<=msec": 7.400
				,"percent": 45.49
				}
			,{
				"<=msec": 7.500
				,"percent": 46.26
				}
			,{
				"<=msec": 7.600
				,"percent": 47.06
				}
			,{
				"<=msec": 7.700
				,"percent": 47.92
				}
			,{
				"<=msec": 7.800
				,"percent": 48.66
				}
			,{
				"<=msec": 7.900
				,"percent": 49.42
				}
			,{
				"<=msec": 8.000
				,"percent": 50.13
				}
			,{
				"<=msec": 8.100
				,"percent": 50.97
				}
			,{
				"<=msec": 8.200
				,"percent": 51.73
				}
			,{
				"<=msec": 8.300
				,"percent": 52.54
				}
			,{
				"<=msec": 8.400
				,"percent": 53.44
				}
			,{
				"<=msec": 8.500
				,"percent": 54.27
				}
			,{
				"<=msec": 8.600
				,"percent": 55.16
				}
			,{
				"<=msec": 8.700
				,"percent": 55.91
				}
			,{
				"<=msec": 8.800
				,"percent": 57.02
				}
			,{
				"<=msec": 8.900
				,"percent": 57.86
				}
			,{
				"<=msec": 9.000
				,"percent": 58.86
				}
			,{
				"<=msec": 9.100
				,"percent": 59.80
				}
			,{
				"<=msec": 9.200
				,"percent": 60.67
				}
			,{
				"<=msec": 9.300
				,"percent": 61.64
				}
			,{
				"<=msec": 9.400
				,"percent": 62.66
				}
			,{
				"<=msec": 9.500
				,"percent": 63.96
				}
			,{
				"<=msec": 9.600
				,"percent": 65.17
				}
			,{
				"<=msec": 9.700
				,"percent": 66.50
				}
			,{
				"<=msec": 9.800
				,"percent": 67.81
				}
			,{
				"<=msec": 9.900
				,"percent": 69.08
				}
			,{
				"<=msec": 10.000
				,"percent": 77.64
				}
			,{
				"<=msec": 11.000
				,"percent": 88.33
				}
			,{
				"<=msec": 12.000
				,"percent": 93.57
				}
			,{
				"<=msec": 13.000
				,"percent": 95.87
				}
			,{
				"<=msec": 14.000
				,"percent": 96.51
				}
			,{
				"<=msec": 15.000
				,"percent": 96.89
				}
			,{
				"<=msec": 16.000
				,"percent": 97.15
				}
			,{
				"<=msec": 17.000
				,"percent": 97.34
				}
			,{
				"<=msec": 18.000
				,"percent": 97.48
				}
			,{
				"<=msec": 19.000
				,"percent": 97.56
				}
			,{
				"<=msec": 20.000
				,"percent": 97.69
				}
			,{
				"<=msec": 21.000
				,"percent": 97.91
				}
			,{
				"<=msec": 22.000
				,"percent": 98.00
				}
			,{
				"<=msec": 23.000
				,"percent": 98.22
				}
			,{
				"<=msec": 24.000
				,"percent": 98.27
				}
			,{
				"<=msec": 25.000
				,"percent": 98.43
				}
			,{
				"<=msec": 26.000
				,"percent": 98.55
				}
			,{
				"<=msec": 27.000
				,"percent": 98.62
				}
			,{
				"<=msec": 28.000
				,"percent": 98.82
				}
			,{
				"<=msec": 29.000
				,"percent": 98.99
				}
			,{
				"<=msec": 30.000
				,"percent": 99.12
				}
			,{
				"<=msec": 31.000
				,"percent": 99.27
				}
			,{
				"<=msec": 32.000
				,"percent": 99.34
				}
			,{
				"<=msec": 33.000
				,"percent": 99.43
				}
			,{
				"<=msec": 34.000
				,"percent": 99.53
				}
			,{
				"<=msec": 35.000
				,"percent": 99.61
				}
			,{
				"<=msec": 36.000
				,"percent": 99.68
				}
			,{
				"<=msec": 37.000
				,"percent": 99.72
				}
			,{
				"<=msec": 38.000
				,"percent": 99.76
				}
			,{
				"<=msec": 39.000
				,"percent": 99.78
				}
			,{
				"<=msec": 40.000
				,"percent": 99.92
				}
			,{
				"<=msec": 41.000
				,"percent": 99.93
				}
			,{
				"<=msec": 42.000
				,"percent": 99.98
				}
			,{
				"<=msec": 49.000
				,"percent": 99.99
				}
			,{
				"<=msec": 55.000
				,"percent": 100.00
				}
			]
		,"WAIT":[
		]
		}
	}
