{
	"configuration":{
		"server": "10.0.0.9"
		,"port": 6379
		,"unix socket": "(null)"
		,"protocol": "memcache_text"
		,"out_file": "(null)"
		,"client_stats": "(null)"
		,"run_count": 1
		,"debug": 0
		,"requests": 0
		,"clients": 32
		,"threads": 1
		,"test_time": 75
		,"ratio": "1:0"
		,"pipeline": 1
		,"data_size": 1024
		,"data_offset": 0
		,"random_data": "false"
		,"data_size_range": "0:0"
		,"data_size_list": ""
		,"data_size_pattern": "R"
		,"expiry_range": "9999:10000"
		,"data_import": "(null)"
		,"data_verify": "false"
		,"verify_only": "false"
		,"generate_keys": "false"
		,"key_prefix": "memtier-"
		,"key_minimum":           0
		,"key_maximum":       10000
		,"key_pattern": "R:R"
		,"key_stddev": 0.000000
		,"key_median": 0.000000
		,"reconnect_interval": 0
		,"multi_key_get": 0
		,"authenticate": ""
		,"select-db": 0
		,"no-expiry": "false"
		,"wait-ratio": "0:0"
		,"num-slaves": "0:0"
		,"wait-timeout": "0-0"
		}
	,"run information":{
		"Threads": 1
		,"Connections per thread": 32
		,"Seconds": 75
		}
	,"ALL STATS":{
		"Sets":{
			"Ops/sec": 1154.48
			,"Hits/sec": 0.00
			,"Misses/sec": 0.00
			,"Latency": 27.94
			,"KB/sec": 1200.00
			}
		,"Gets":{
			"Ops/sec": 0.00
			,"Hits/sec": 0.00
			,"Misses/sec": 0.00
			,"Latency": 0.00
			,"KB/sec": 0.00
			}
		,"Waits":{
			"Ops/sec": 0.00
			,"Hits/sec": 0.00
			,"Misses/sec": 0.00
			,"Latency": 0.00
			,"KB/sec": 0.00
			}
		,"Totals":{
			"Ops/sec": 1154.48
			,"Hits/sec": 0.00
			,"Misses/sec": 0.00
			,"Latency": 27.94
			,"KB/sec": 1200.00
			}
		,"SET":[
			{
				"<=msec": 1.400
				,"percent": 0.01
				}
			,{
				"<=msec": 1.500
				,"percent": 0.02
				}
			,{
				"<=msec": 1.600
				,"percent": 0.03
				}
			,{
				"<=msec": 1.700
				,"percent": 0.04
				}
			,{
				"<=msec": 1.800
				,"percent": 0.08
				}
			,{
				"<=msec": 1.900
				,"percent": 0.12
				}
			,{
				"<=msec": 2.000
				,"percent": 0.15
				}
			,{
				"<=msec": 2.100
				,"percent": 0.20
				}
			,{
				"<=msec": 2.200
				,"percent": 0.25
				}
			,{
				"<=msec": 2.300
				,"percent": 0.29
				}
			,{
				"<=msec": 2.400
				,"percent": 0.35
				}
			,{
				"<=msec": 2.500
				,"percent": 0.41
				}
			,{
				"<=msec": 2.600
				,"percent": 0.46
				}
			,{
				"<=msec": 2.700
				,"percent": 0.52
				}
			,{
				"<=msec": 2.800
				,"percent": 0.58
				}
			,{
				"<=msec": 2.900
				,"percent": 0.62
				}
			,{
				"<=msec": 3.000
				,"percent": 0.66
				}
			,{
				"<=msec": 3.100
				,"percent": 0.70
				}
			,{
				"<=msec": 3.200
				,"percent": 0.74
				}
			,{
				"<=msec": 3.300
				,"percent": 0.78
				}
			,{
				"<=msec": 3.400
				,"percent": 0.81
				}
			,{
				"<=msec": 3.500
				,"percent": 0.84
				}
			,{
				"<=msec": 3.600
				,"percent": 0.87
				}
			,{
				"<=msec": 3.700
				,"percent": 0.93
				}
			,{
				"<=msec": 3.800
				,"percent": 0.96
				}
			,{
				"<=msec": 3.900
				,"percent": 1.00
				}
			,{
				"<=msec": 4.000
				,"percent": 1.05
				}
			,{
				"<=msec": 4.100
				,"percent": 1.09
				}
			,{
				"<=msec": 4.200
				,"percent": 1.12
				}
			,{
				"<=msec": 4.300
				,"percent": 1.15
				}
			,{
				"<=msec": 4.400
				,"percent": 1.18
				}
			,{
				"<=msec": 4.500
				,"percent": 1.20
				}
			,{
				"<=msec": 4.600
				,"percent": 1.22
				}
			,{
				"<=msec": 4.700
				,"percent": 1.26
				}
			,{
				"<=msec": 4.800
				,"percent": 1.28
				}
			,{
				"<=msec": 4.900
				,"percent": 1.31
				}
			,{
				"<=msec": 5.000
				,"percent": 1.35
				}
			,{
				"<=msec": 5.100
				,"percent": 1.38
				}
			,{
				"<=msec": 5.200
				,"percent": 1.40
				}
			,{
				"<=msec": 5.300
				,"percent": 1.42
				}
			,{
				"<=msec": 5.400
				,"percent": 1.44
				}
			,{
				"<=msec": 5.500
				,"percent": 1.47
				}
			,{
				"<=msec": 5.600
				,"percent": 1.50
				}
			,{
				"<=msec": 5.700
				,"percent": 1.54
				}
			,{
				"<=msec": 5.800
				,"percent": 1.57
				}
			,{
				"<=msec": 5.900
				,"percent": 1.63
				}
			,{
				"<=msec": 6.000
				,"percent": 1.68
				}
			,{
				"<=msec": 6.100
				,"percent": 1.71
				}
			,{
				"<=msec": 6.200
				,"percent": 1.73
				}
			,{
				"<=msec": 6.300
				,"percent": 1.76
				}
			,{
				"<=msec": 6.400
				,"percent": 1.80
				}
			,{
				"<=msec": 6.500
				,"percent": 1.83
				}
			,{
				"<=msec": 6.600
				,"percent": 1.87
				}
			,{
				"<=msec": 6.700
				,"percent": 1.92
				}
			,{
				"<=msec": 6.800
				,"percent": 1.98
				}
			,{
				"<=msec": 6.900
				,"percent": 2.03
				}
			,{
				"<=msec": 7.000
				,"percent": 2.07
				}
			,{
				"<=msec": 7.100
				,"percent": 2.12
				}
			,{
				"<=msec": 7.200
				,"percent": 2.17
				}
			,{
				"<=msec": 7.300
				,"percent": 2.21
				}
			,{
				"<=msec": 7.400
				,"percent": 2.25
				}
			,{
				"<=msec": 7.500
				,"percent": 2.33
				}
			,{
				"<=msec": 7.600
				,"percent": 2.40
				}
			,{
				"<=msec": 7.700
				,"percent": 2.47
				}
			,{
				"<=msec": 7.800
				,"percent": 2.53
				}
			,{
				"<=msec": 7.900
				,"percent": 2.60
				}
			,{
				"<=msec": 8.000
				,"percent": 2.66
				}
			,{
				"<=msec": 8.100
				,"percent": 2.73
				}
			,{
				"<=msec": 8.200
				,"percent": 2.82
				}
			,{
				"<=msec": 8.300
				,"percent": 2.88
				}
			,{
				"<=msec": 8.400
				,"percent": 2.94
				}
			,{
				"<=msec": 8.500
				,"percent": 3.01
				}
			,{
				"<=msec": 8.600
				,"percent": 3.09
				}
			,{
				"<=msec": 8.700
				,"percent": 3.15
				}
			,{
				"<=msec": 8.800
				,"percent": 3.21
				}
			,{
				"<=msec": 8.900
				,"percent": 3.28
				}
			,{
				"<=msec": 9.000
				,"percent": 3.35
				}
			,{
				"<=msec": 9.100
				,"percent": 3.41
				}
			,{
				"<=msec": 9.200
				,"percent": 3.47
				}
			,{
				"<=msec": 9.300
				,"percent": 3.56
				}
			,{
				"<=msec": 9.400
				,"percent": 3.63
				}
			,{
				"<=msec": 9.500
				,"percent": 3.72
				}
			,{
				"<=msec": 9.600
				,"percent": 3.79
				}
			,{
				"<=msec": 9.700
				,"percent": 3.85
				}
			,{
				"<=msec": 9.800
				,"percent": 3.93
				}
			,{
				"<=msec": 9.900
				,"percent": 4.02
				}
			,{
				"<=msec": 10.000
				,"percent": 4.49
				}
			,{
				"<=msec": 11.000
				,"percent": 5.49
				}
			,{
				"<=msec": 12.000
				,"percent": 6.85
				}
			,{
				"<=msec": 13.000
				,"percent": 8.37
				}
			,{
				"<=msec": 14.000
				,"percent": 9.64
				}
			,{
				"<=msec": 15.000
				,"percent": 10.98
				}
			,{
				"<=msec": 16.000
				,"percent": 12.53
				}
			,{
				"<=msec": 17.000
				,"percent": 14.68
				}
			,{
				"<=msec": 18.000
				,"percent": 18.16
				}
			,{
				"<=msec": 19.000
				,"percent": 23.23
				}
			,{
				"<=msec": 20.000
				,"percent": 29.24
				}
			,{
				"<=msec": 21.000
				,"percent": 34.79
				}
			,{
				"<=msec": 22.000
				,"percent": 39.46
				}
			,{
				"<=msec": 23.000
				,"percent": 43.60
				}
			,{
				"<=msec": 24.000
				,"percent": 47.51
				}
			,{
				"<=msec": 25.000
				,"percent": 51.31
				}
			,{
				"<=msec": 26.000
				,"percent": 55.22
				}
			,{
				"<=msec": 27.000
				,"percent": 59.35
				}
			,{
				"<=msec": 28.000
				,"percent": 63.21
				}
			,{
				"<=msec": 29.000
				,"percent": 66.56
				}
			,{
				"<=msec": 30.000
				,"percent": 69.37
				}
			,{
				"<=msec": 31.000
				,"percent": 71.78
				}
			,{
				"<=msec": 32.000
				,"percent": 73.76
				}
			,{
				"<=msec": 33.000
				,"percent": 75.39
				}
			,{
				"<=msec": 34.000
				,"percent": 76.84
				}
			,{
				"<=msec": 35.000
				,"percent": 78.19
				}
			,{
				"<=msec": 36.000
				,"percent": 79.55
				}
			,{
				"<=msec": 37.000
				,"percent": 80.85
				}
			,{
				"<=msec": 38.000
				,"percent": 82.19
				}
			,{
				"<=msec": 39.000
				,"percent": 83.60
				}
			,{
				"<=msec": 40.000
				,"percent": 84.86
				}
			,{
				"<=msec": 41.000
				,"percent": 85.98
				}
			,{
				"<=msec": 42.000
				,"percent": 86.99
				}
			,{
				"<=msec": 43.000
				,"percent": 87.92
				}
			,{
				"<=msec": 44.000
				,"percent": 88.69
				}
			,{
				"<=msec": 45.000
				,"percent": 89.48
				}
			,{
				"<=msec": 46.000
				,"percent": 90.27
				}
			,{
				"<=msec": 47.000
				,"percent": 91.12
				}
			,{
				"<=msec": 48.000
				,"percent": 91.97
				}
			,{
				"<=msec": 49.000
				,"percent": 92.75
				}
			,{
				"<=msec": 50.000
				,"percent": 93.49
				}
			,{
				"<=msec": 51.000
				,"percent": 94.12
				}
			,{
				"<=msec": 52.000
				,"percent": 94.66
				}
			,{
				"<=msec": 53.000
				,"percent": 95.13
				}
			,{
				"<=msec": 54.000
				,"percent": 95.56
				}
			,{
				"<=msec": 55.000
				,"percent": 95.94
				}
			,{
				"<=msec": 56.000
				,"percent": 96.28
				}
			,{
				"<=msec": 57.000
				,"percent": 96.61
				}
			,{
				"<=msec": 58.000
				,"percent": 96.95
				}
			,{
				"<=msec": 59.000
				,"percent": 97.21
				}
			,{
				"<=msec": 60.000
				,"percent": 97.42
				}
			,{
				"<=msec": 61.000
				,"percent": 97.64
				}
			,{
				"<=msec": 62.000
				,"percent": 97.80
				}
			,{
				"<=msec": 63.000
				,"percent": 97.95
				}
			,{
				"<=msec": 64.000
				,"percent": 98.11
				}
			,{
				"<=msec": 65.000
				,"percent": 98.24
				}
			,{
				"<=msec": 66.000
				,"percent": 98.36
				}
			,{
				"<=msec": 67.000
				,"percent": 98.50
				}
			,{
				"<=msec": 68.000
				,"percent": 98.64
				}
			,{
				"<=msec": 69.000
				,"percent": 98.77
				}
			,{
				"<=msec": 70.000
				,"percent": 98.87
				}
			,{
				"<=msec": 71.000
				,"percent": 98.96
				}
			,{
				"<=msec": 72.000
				,"percent": 99.08
				}
			,{
				"<=msec": 73.000
				,"percent": 99.15
				}
			,{
				"<=msec": 74.000
				,"percent": 99.21
				}
			,{
				"<=msec": 75.000
				,"percent": 99.28
				}
			,{
				"<=msec": 76.000
				,"percent": 99.34
				}
			,{
				"<=msec": 77.000
				,"percent": 99.43
				}
			,{
				"<=msec": 78.000
				,"percent": 99.47
				}
			,{
				"<=msec": 79.000
				,"percent": 99.52
				}
			,{
				"<=msec": 80.000
				,"percent": 99.57
				}
			,{
				"<=msec": 81.000
				,"percent": 99.61
				}
			,{
				"<=msec": 82.000
				,"percent": 99.64
				}
			,{
				"<=msec": 83.000
				,"percent": 99.66
				}
			,{
				"<=msec": 84.000
				,"percent": 99.68
				}
			,{
				"<=msec": 85.000
				,"percent": 99.70
				}
			,{
				"<=msec": 86.000
				,"percent": 99.72
				}
			,{
				"<=msec": 87.000
				,"percent": 99.74
				}
			,{
				"<=msec": 88.000
				,"percent": 99.77
				}
			,{
				"<=msec": 89.000
				,"percent": 99.78
				}
			,{
				"<=msec": 90.000
				,"percent": 99.80
				}
			,{
				"<=msec": 91.000
				,"percent": 99.83
				}
			,{
				"<=msec": 92.000
				,"percent": 99.85
				}
			,{
				"<=msec": 93.000
				,"percent": 99.86
				}
			,{
				"<=msec": 94.000
				,"percent": 99.87
				}
			,{
				"<=msec": 95.000
				,"percent": 99.88
				}
			,{
				"<=msec": 96.000
				,"percent": 99.89
				}
			,{
				"<=msec": 97.000
				,"percent": 99.90
				}
			,{
				"<=msec": 98.000
				,"percent": 99.90
				}
			,{
				"<=msec": 99.000
				,"percent": 99.92
				}
			,{
				"<=msec": 100.000
				,"percent": 99.95
				}
			,{
				"<=msec": 110.000
				,"percent": 99.99
				}
			,{
				"<=msec": 120.000
				,"percent": 100.00
				}
			,{
				"<=msec": 130.000
				,"percent": 100.00
				}
			,{
				"<=msec": 140.000
				,"percent": 100.00
				}
			]
		,"GET":[
		]
		,"WAIT":[
		]
		}
	}
