{
	"configuration":{
		"server": "10.0.0.9"
		,"port": 6379
		,"unix socket": "(null)"
		,"protocol": "memcache_text"
		,"out_file": "(null)"
		,"client_stats": "(null)"
		,"run_count": 1
		,"debug": 0
		,"requests": 0
		,"clients": 32
		,"threads": 1
		,"test_time": 75
		,"ratio": "1:0"
		,"pipeline": 1
		,"data_size": 1024
		,"data_offset": 0
		,"random_data": "false"
		,"data_size_range": "0:0"
		,"data_size_list": ""
		,"data_size_pattern": "R"
		,"expiry_range": "9999:10000"
		,"data_import": "(null)"
		,"data_verify": "false"
		,"verify_only": "false"
		,"generate_keys": "false"
		,"key_prefix": "memtier-"
		,"key_minimum":           0
		,"key_maximum":       10000
		,"key_pattern": "R:R"
		,"key_stddev": 0.000000
		,"key_median": 0.000000
		,"reconnect_interval": 0
		,"multi_key_get": 0
		,"authenticate": ""
		,"select-db": 0
		,"no-expiry": "false"
		,"wait-ratio": "0:0"
		,"num-slaves": "0:0"
		,"wait-timeout": "0-0"
		}
	,"run information":{
		"Threads": 1
		,"Connections per thread": 32
		,"Seconds": 75
		}
	,"ALL STATS":{
		"Sets":{
			"Ops/sec": 1199.81
			,"Hits/sec": 0.00
			,"Misses/sec": 0.00
			,"Latency": 26.67
			,"KB/sec": 1247.11
			}
		,"Gets":{
			"Ops/sec": 0.00
			,"Hits/sec": 0.00
			,"Misses/sec": 0.00
			,"Latency": 0.00
			,"KB/sec": 0.00
			}
		,"Waits":{
			"Ops/sec": 0.00
			,"Hits/sec": 0.00
			,"Misses/sec": 0.00
			,"Latency": 0.00
			,"KB/sec": 0.00
			}
		,"Totals":{
			"Ops/sec": 1199.81
			,"Hits/sec": 0.00
			,"Misses/sec": 0.00
			,"Latency": 26.67
			,"KB/sec": 1247.11
			}
		,"SET":[
			{
				"<=msec": 1.400
				,"percent": 0.00
				}
			,{
				"<=msec": 1.500
				,"percent": 0.00
				}
			,{
				"<=msec": 1.600
				,"percent": 0.01
				}
			,{
				"<=msec": 1.700
				,"percent": 0.02
				}
			,{
				"<=msec": 1.800
				,"percent": 0.05
				}
			,{
				"<=msec": 1.900
				,"percent": 0.12
				}
			,{
				"<=msec": 2.000
				,"percent": 0.23
				}
			,{
				"<=msec": 2.100
				,"percent": 0.37
				}
			,{
				"<=msec": 2.200
				,"percent": 0.50
				}
			,{
				"<=msec": 2.300
				,"percent": 0.63
				}
			,{
				"<=msec": 2.400
				,"percent": 0.76
				}
			,{
				"<=msec": 2.500
				,"percent": 0.89
				}
			,{
				"<=msec": 2.600
				,"percent": 1.03
				}
			,{
				"<=msec": 2.700
				,"percent": 1.16
				}
			,{
				"<=msec": 2.800
				,"percent": 1.26
				}
			,{
				"<=msec": 2.900
				,"percent": 1.35
				}
			,{
				"<=msec": 3.000
				,"percent": 1.46
				}
			,{
				"<=msec": 3.100
				,"percent": 1.57
				}
			,{
				"<=msec": 3.200
				,"percent": 1.64
				}
			,{
				"<=msec": 3.300
				,"percent": 1.71
				}
			,{
				"<=msec": 3.400
				,"percent": 1.78
				}
			,{
				"<=msec": 3.500
				,"percent": 1.87
				}
			,{
				"<=msec": 3.600
				,"percent": 1.92
				}
			,{
				"<=msec": 3.700
				,"percent": 2.00
				}
			,{
				"<=msec": 3.800
				,"percent": 2.06
				}
			,{
				"<=msec": 3.900
				,"percent": 2.10
				}
			,{
				"<=msec": 4.000
				,"percent": 2.15
				}
			,{
				"<=msec": 4.100
				,"percent": 2.22
				}
			,{
				"<=msec": 4.200
				,"percent": 2.28
				}
			,{
				"<=msec": 4.300
				,"percent": 2.33
				}
			,{
				"<=msec": 4.400
				,"percent": 2.38
				}
			,{
				"<=msec": 4.500
				,"percent": 2.44
				}
			,{
				"<=msec": 4.600
				,"percent": 2.49
				}
			,{
				"<=msec": 4.700
				,"percent": 2.54
				}
			,{
				"<=msec": 4.800
				,"percent": 2.59
				}
			,{
				"<=msec": 4.900
				,"percent": 2.64
				}
			,{
				"<=msec": 5.000
				,"percent": 2.69
				}
			,{
				"<=msec": 5.100
				,"percent": 2.72
				}
			,{
				"<=msec": 5.200
				,"percent": 2.77
				}
			,{
				"<=msec": 5.300
				,"percent": 2.81
				}
			,{
				"<=msec": 5.400
				,"percent": 2.87
				}
			,{
				"<=msec": 5.500
				,"percent": 2.91
				}
			,{
				"<=msec": 5.600
				,"percent": 2.97
				}
			,{
				"<=msec": 5.700
				,"percent": 3.05
				}
			,{
				"<=msec": 5.800
				,"percent": 3.10
				}
			,{
				"<=msec": 5.900
				,"percent": 3.14
				}
			,{
				"<=msec": 6.000
				,"percent": 3.20
				}
			,{
				"<=msec": 6.100
				,"percent": 3.28
				}
			,{
				"<=msec": 6.200
				,"percent": 3.36
				}
			,{
				"<=msec": 6.300
				,"percent": 3.44
				}
			,{
				"<=msec": 6.400
				,"percent": 3.51
				}
			,{
				"<=msec": 6.500
				,"percent": 3.60
				}
			,{
				"<=msec": 6.600
				,"percent": 3.67
				}
			,{
				"<=msec": 6.700
				,"percent": 3.77
				}
			,{
				"<=msec": 6.800
				,"percent": 3.88
				}
			,{
				"<=msec": 6.900
				,"percent": 3.98
				}
			,{
				"<=msec": 7.000
				,"percent": 4.09
				}
			,{
				"<=msec": 7.100
				,"percent": 4.20
				}
			,{
				"<=msec": 7.200
				,"percent": 4.30
				}
			,{
				"<=msec": 7.300
				,"percent": 4.43
				}
			,{
				"<=msec": 7.400
				,"percent": 4.56
				}
			,{
				"<=msec": 7.500
				,"percent": 4.72
				}
			,{
				"<=msec": 7.600
				,"percent": 4.88
				}
			,{
				"<=msec": 7.700
				,"percent": 5.03
				}
			,{
				"<=msec": 7.800
				,"percent": 5.17
				}
			,{
				"<=msec": 7.900
				,"percent": 5.33
				}
			,{
				"<=msec": 8.000
				,"percent": 5.51
				}
			,{
				"<=msec": 8.100
				,"percent": 5.67
				}
			,{
				"<=msec": 8.200
				,"percent": 5.87
				}
			,{
				"<=msec": 8.300
				,"percent": 6.03
				}
			,{
				"<=msec": 8.400
				,"percent": 6.15
				}
			,{
				"<=msec": 8.500
				,"percent": 6.29
				}
			,{
				"<=msec": 8.600
				,"percent": 6.42
				}
			,{
				"<=msec": 8.700
				,"percent": 6.54
				}
			,{
				"<=msec": 8.800
				,"percent": 6.68
				}
			,{
				"<=msec": 8.900
				,"percent": 6.85
				}
			,{
				"<=msec": 9.000
				,"percent": 6.98
				}
			,{
				"<=msec": 9.100
				,"percent": 7.13
				}
			,{
				"<=msec": 9.200
				,"percent": 7.31
				}
			,{
				"<=msec": 9.300
				,"percent": 7.49
				}
			,{
				"<=msec": 9.400
				,"percent": 7.66
				}
			,{
				"<=msec": 9.500
				,"percent": 7.80
				}
			,{
				"<=msec": 9.600
				,"percent": 7.96
				}
			,{
				"<=msec": 9.700
				,"percent": 8.11
				}
			,{
				"<=msec": 9.800
				,"percent": 8.25
				}
			,{
				"<=msec": 9.900
				,"percent": 8.41
				}
			,{
				"<=msec": 10.000
				,"percent": 9.24
				}
			,{
				"<=msec": 11.000
				,"percent": 10.62
				}
			,{
				"<=msec": 12.000
				,"percent": 11.89
				}
			,{
				"<=msec": 13.000
				,"percent": 13.25
				}
			,{
				"<=msec": 14.000
				,"percent": 14.49
				}
			,{
				"<=msec": 15.000
				,"percent": 15.59
				}
			,{
				"<=msec": 16.000
				,"percent": 16.87
				}
			,{
				"<=msec": 17.000
				,"percent": 18.83
				}
			,{
				"<=msec": 18.000
				,"percent": 22.12
				}
			,{
				"<=msec": 19.000
				,"percent": 27.08
				}
			,{
				"<=msec": 20.000
				,"percent": 32.57
				}
			,{
				"<=msec": 21.000
				,"percent": 37.67
				}
			,{
				"<=msec": 22.000
				,"percent": 42.10
				}
			,{
				"<=msec": 23.000
				,"percent": 46.06
				}
			,{
				"<=msec": 24.000
				,"percent": 49.91
				}
			,{
				"<=msec": 25.000
				,"percent": 54.02
				}
			,{
				"<=msec": 26.000
				,"percent": 58.36
				}
			,{
				"<=msec": 27.000
				,"percent": 62.57
				}
			,{
				"<=msec": 28.000
				,"percent": 66.52
				}
			,{
				"<=msec": 29.000
				,"percent": 69.61
				}
			,{
				"<=msec": 30.000
				,"percent": 72.14
				}
			,{
				"<=msec": 31.000
				,"percent": 74.23
				}
			,{
				"<=msec": 32.000
				,"percent": 75.82
				}
			,{
				"<=msec": 33.000
				,"percent": 77.28
				}
			,{
				"<=msec": 34.000
				,"percent": 78.64
				}
			,{
				"<=msec": 35.000
				,"percent": 79.91
				}
			,{
				"<=msec": 36.000
				,"percent": 81.10
				}
			,{
				"<=msec": 37.000
				,"percent": 82.37
				}
			,{
				"<=msec": 38.000
				,"percent": 83.62
				}
			,{
				"<=msec": 39.000
				,"percent": 84.80
				}
			,{
				"<=msec": 40.000
				,"percent": 85.88
				}
			,{
				"<=msec": 41.000
				,"percent": 86.93
				}
			,{
				"<=msec": 42.000
				,"percent": 87.82
				}
			,{
				"<=msec": 43.000
				,"percent": 88.66
				}
			,{
				"<=msec": 44.000
				,"percent": 89.53
				}
			,{
				"<=msec": 45.000
				,"percent": 90.38
				}
			,{
				"<=msec": 46.000
				,"percent": 91.17
				}
			,{
				"<=msec": 47.000
				,"percent": 92.04
				}
			,{
				"<=msec": 48.000
				,"percent": 92.86
				}
			,{
				"<=msec": 49.000
				,"percent": 93.60
				}
			,{
				"<=msec": 50.000
				,"percent": 94.24
				}
			,{
				"<=msec": 51.000
				,"percent": 94.74
				}
			,{
				"<=msec": 52.000
				,"percent": 95.27
				}
			,{
				"<=msec": 53.000
				,"percent": 95.68
				}
			,{
				"<=msec": 54.000
				,"percent": 96.02
				}
			,{
				"<=msec": 55.000
				,"percent": 96.36
				}
			,{
				"<=msec": 56.000
				,"percent": 96.67
				}
			,{
				"<=msec": 57.000
				,"percent": 96.97
				}
			,{
				"<=msec": 58.000
				,"percent": 97.24
				}
			,{
				"<=msec": 59.000
				,"percent": 97.49
				}
			,{
				"<=msec": 60.000
				,"percent": 97.73
				}
			,{
				"<=msec": 61.000
				,"percent": 97.90
				}
			,{
				"<=msec": 62.000
				,"percent": 98.08
				}
			,{
				"<=msec": 63.000
				,"percent": 98.25
				}
			,{
				"<=msec": 64.000
				,"percent": 98.37
				}
			,{
				"<=msec": 65.000
				,"percent": 98.52
				}
			,{
				"<=msec": 66.000
				,"percent": 98.66
				}
			,{
				"<=msec": 67.000
				,"percent": 98.78
				}
			,{
				"<=msec": 68.000
				,"percent": 98.89
				}
			,{
				"<=msec": 69.000
				,"percent": 99.01
				}
			,{
				"<=msec": 70.000
				,"percent": 99.11
				}
			,{
				"<=msec": 71.000
				,"percent": 99.18
				}
			,{
				"<=msec": 72.000
				,"percent": 99.25
				}
			,{
				"<=msec": 73.000
				,"percent": 99.32
				}
			,{
				"<=msec": 74.000
				,"percent": 99.40
				}
			,{
				"<=msec": 75.000
				,"percent": 99.44
				}
			,{
				"<=msec": 76.000
				,"percent": 99.50
				}
			,{
				"<=msec": 77.000
				,"percent": 99.55
				}
			,{
				"<=msec": 78.000
				,"percent": 99.59
				}
			,{
				"<=msec": 79.000
				,"percent": 99.62
				}
			,{
				"<=msec": 80.000
				,"percent": 99.65
				}
			,{
				"<=msec": 81.000
				,"percent": 99.68
				}
			,{
				"<=msec": 82.000
				,"percent": 99.72
				}
			,{
				"<=msec": 83.000
				,"percent": 99.75
				}
			,{
				"<=msec": 84.000
				,"percent": 99.77
				}
			,{
				"<=msec": 85.000
				,"percent": 99.78
				}
			,{
				"<=msec": 86.000
				,"percent": 99.80
				}
			,{
				"<=msec": 87.000
				,"percent": 99.81
				}
			,{
				"<=msec": 88.000
				,"percent": 99.83
				}
			,{
				"<=msec": 89.000
				,"percent": 99.84
				}
			,{
				"<=msec": 90.000
				,"percent": 99.85
				}
			,{
				"<=msec": 91.000
				,"percent": 99.86
				}
			,{
				"<=msec": 92.000
				,"percent": 99.88
				}
			,{
				"<=msec": 93.000
				,"percent": 99.89
				}
			,{
				"<=msec": 94.000
				,"percent": 99.90
				}
			,{
				"<=msec": 95.000
				,"percent": 99.91
				}
			,{
				"<=msec": 96.000
				,"percent": 99.92
				}
			,{
				"<=msec": 97.000
				,"percent": 99.93
				}
			,{
				"<=msec": 98.000
				,"percent": 99.94
				}
			,{
				"<=msec": 99.000
				,"percent": 99.95
				}
			,{
				"<=msec": 100.000
				,"percent": 99.97
				}
			,{
				"<=msec": 110.000
				,"percent": 99.99
				}
			,{
				"<=msec": 120.000
				,"percent": 100.00
				}
			,{
				"<=msec": 130.000
				,"percent": 100.00
				}
			]
		,"GET":[
		]
		,"WAIT":[
		]
		}
	}
