{
	"configuration":{
		"server": "10.0.0.9"
		,"port": 6379
		,"unix socket": "(null)"
		,"protocol": "memcache_text"
		,"out_file": "(null)"
		,"client_stats": "(null)"
		,"run_count": 1
		,"debug": 0
		,"requests": 0
		,"clients": 32
		,"threads": 1
		,"test_time": 75
		,"ratio": "1:0"
		,"pipeline": 1
		,"data_size": 1024
		,"data_offset": 0
		,"random_data": "false"
		,"data_size_range": "0:0"
		,"data_size_list": ""
		,"data_size_pattern": "R"
		,"expiry_range": "9999:10000"
		,"data_import": "(null)"
		,"data_verify": "false"
		,"verify_only": "false"
		,"generate_keys": "false"
		,"key_prefix": "memtier-"
		,"key_minimum":           0
		,"key_maximum":       10000
		,"key_pattern": "R:R"
		,"key_stddev": 0.000000
		,"key_median": 0.000000
		,"reconnect_interval": 0
		,"multi_key_get": 0
		,"authenticate": ""
		,"select-db": 0
		,"no-expiry": "false"
		,"wait-ratio": "0:0"
		,"num-slaves": "0:0"
		,"wait-timeout": "0-0"
		}
	,"run information":{
		"Threads": 1
		,"Connections per thread": 32
		,"Seconds": 75
		}
	,"ALL STATS":{
		"Sets":{
			"Ops/sec": 1166.70
			,"Hits/sec": 0.00
			,"Misses/sec": 0.00
			,"Latency": 27.42
			,"KB/sec": 1212.70
			}
		,"Gets":{
			"Ops/sec": 0.00
			,"Hits/sec": 0.00
			,"Misses/sec": 0.00
			,"Latency": 0.00
			,"KB/sec": 0.00
			}
		,"Waits":{
			"Ops/sec": 0.00
			,"Hits/sec": 0.00
			,"Misses/sec": 0.00
			,"Latency": 0.00
			,"KB/sec": 0.00
			}
		,"Totals":{
			"Ops/sec": 1166.70
			,"Hits/sec": 0.00
			,"Misses/sec": 0.00
			,"Latency": 27.42
			,"KB/sec": 1212.70
			}
		,"SET":[
			{
				"<=msec": 2.000
				,"percent": 0.00
				}
			,{
				"<=msec": 2.200
				,"percent": 0.00
				}
			,{
				"<=msec": 2.300
				,"percent": 0.01
				}
			,{
				"<=msec": 2.400
				,"percent": 0.01
				}
			,{
				"<=msec": 2.500
				,"percent": 0.02
				}
			,{
				"<=msec": 2.600
				,"percent": 0.03
				}
			,{
				"<=msec": 2.700
				,"percent": 0.04
				}
			,{
				"<=msec": 2.800
				,"percent": 0.06
				}
			,{
				"<=msec": 2.900
				,"percent": 0.07
				}
			,{
				"<=msec": 3.000
				,"percent": 0.08
				}
			,{
				"<=msec": 3.100
				,"percent": 0.09
				}
			,{
				"<=msec": 3.200
				,"percent": 0.10
				}
			,{
				"<=msec": 3.300
				,"percent": 0.10
				}
			,{
				"<=msec": 3.400
				,"percent": 0.11
				}
			,{
				"<=msec": 3.500
				,"percent": 0.12
				}
			,{
				"<=msec": 3.600
				,"percent": 0.13
				}
			,{
				"<=msec": 3.700
				,"percent": 0.15
				}
			,{
				"<=msec": 3.800
				,"percent": 0.16
				}
			,{
				"<=msec": 3.900
				,"percent": 0.17
				}
			,{
				"<=msec": 4.000
				,"percent": 0.18
				}
			,{
				"<=msec": 4.100
				,"percent": 0.18
				}
			,{
				"<=msec": 4.200
				,"percent": 0.19
				}
			,{
				"<=msec": 4.300
				,"percent": 0.21
				}
			,{
				"<=msec": 4.400
				,"percent": 0.22
				}
			,{
				"<=msec": 4.500
				,"percent": 0.23
				}
			,{
				"<=msec": 4.600
				,"percent": 0.24
				}
			,{
				"<=msec": 4.700
				,"percent": 0.26
				}
			,{
				"<=msec": 4.800
				,"percent": 0.26
				}
			,{
				"<=msec": 4.900
				,"percent": 0.28
				}
			,{
				"<=msec": 5.000
				,"percent": 0.29
				}
			,{
				"<=msec": 5.100
				,"percent": 0.30
				}
			,{
				"<=msec": 5.200
				,"percent": 0.31
				}
			,{
				"<=msec": 5.300
				,"percent": 0.32
				}
			,{
				"<=msec": 5.400
				,"percent": 0.33
				}
			,{
				"<=msec": 5.500
				,"percent": 0.33
				}
			,{
				"<=msec": 5.600
				,"percent": 0.34
				}
			,{
				"<=msec": 5.700
				,"percent": 0.34
				}
			,{
				"<=msec": 5.800
				,"percent": 0.35
				}
			,{
				"<=msec": 5.900
				,"percent": 0.36
				}
			,{
				"<=msec": 6.000
				,"percent": 0.37
				}
			,{
				"<=msec": 6.100
				,"percent": 0.37
				}
			,{
				"<=msec": 6.200
				,"percent": 0.39
				}
			,{
				"<=msec": 6.300
				,"percent": 0.40
				}
			,{
				"<=msec": 6.400
				,"percent": 0.41
				}
			,{
				"<=msec": 6.500
				,"percent": 0.42
				}
			,{
				"<=msec": 6.600
				,"percent": 0.42
				}
			,{
				"<=msec": 6.700
				,"percent": 0.43
				}
			,{
				"<=msec": 6.800
				,"percent": 0.44
				}
			,{
				"<=msec": 6.900
				,"percent": 0.45
				}
			,{
				"<=msec": 7.000
				,"percent": 0.46
				}
			,{
				"<=msec": 7.100
				,"percent": 0.47
				}
			,{
				"<=msec": 7.200
				,"percent": 0.48
				}
			,{
				"<=msec": 7.300
				,"percent": 0.49
				}
			,{
				"<=msec": 7.400
				,"percent": 0.51
				}
			,{
				"<=msec": 7.500
				,"percent": 0.52
				}
			,{
				"<=msec": 7.600
				,"percent": 0.54
				}
			,{
				"<=msec": 7.700
				,"percent": 0.56
				}
			,{
				"<=msec": 7.800
				,"percent": 0.59
				}
			,{
				"<=msec": 7.900
				,"percent": 0.62
				}
			,{
				"<=msec": 8.000
				,"percent": 0.65
				}
			,{
				"<=msec": 8.100
				,"percent": 0.69
				}
			,{
				"<=msec": 8.200
				,"percent": 0.72
				}
			,{
				"<=msec": 8.300
				,"percent": 0.76
				}
			,{
				"<=msec": 8.400
				,"percent": 0.80
				}
			,{
				"<=msec": 8.500
				,"percent": 0.86
				}
			,{
				"<=msec": 8.600
				,"percent": 0.92
				}
			,{
				"<=msec": 8.700
				,"percent": 0.98
				}
			,{
				"<=msec": 8.800
				,"percent": 1.04
				}
			,{
				"<=msec": 8.900
				,"percent": 1.12
				}
			,{
				"<=msec": 9.000
				,"percent": 1.19
				}
			,{
				"<=msec": 9.100
				,"percent": 1.26
				}
			,{
				"<=msec": 9.200
				,"percent": 1.34
				}
			,{
				"<=msec": 9.300
				,"percent": 1.43
				}
			,{
				"<=msec": 9.400
				,"percent": 1.51
				}
			,{
				"<=msec": 9.500
				,"percent": 1.61
				}
			,{
				"<=msec": 9.600
				,"percent": 1.72
				}
			,{
				"<=msec": 9.700
				,"percent": 1.82
				}
			,{
				"<=msec": 9.800
				,"percent": 1.95
				}
			,{
				"<=msec": 9.900
				,"percent": 2.08
				}
			,{
				"<=msec": 10.000
				,"percent": 2.82
				}
			,{
				"<=msec": 11.000
				,"percent": 4.31
				}
			,{
				"<=msec": 12.000
				,"percent": 5.88
				}
			,{
				"<=msec": 13.000
				,"percent": 7.57
				}
			,{
				"<=msec": 14.000
				,"percent": 8.89
				}
			,{
				"<=msec": 15.000
				,"percent": 10.38
				}
			,{
				"<=msec": 16.000
				,"percent": 12.19
				}
			,{
				"<=msec": 17.000
				,"percent": 15.02
				}
			,{
				"<=msec": 18.000
				,"percent": 19.49
				}
			,{
				"<=msec": 19.000
				,"percent": 25.51
				}
			,{
				"<=msec": 20.000
				,"percent": 31.94
				}
			,{
				"<=msec": 21.000
				,"percent": 37.59
				}
			,{
				"<=msec": 22.000
				,"percent": 42.14
				}
			,{
				"<=msec": 23.000
				,"percent": 46.17
				}
			,{
				"<=msec": 24.000
				,"percent": 50.21
				}
			,{
				"<=msec": 25.000
				,"percent": 54.44
				}
			,{
				"<=msec": 26.000
				,"percent": 58.75
				}
			,{
				"<=msec": 27.000
				,"percent": 62.72
				}
			,{
				"<=msec": 28.000
				,"percent": 66.36
				}
			,{
				"<=msec": 29.000
				,"percent": 69.35
				}
			,{
				"<=msec": 30.000
				,"percent": 71.81
				}
			,{
				"<=msec": 31.000
				,"percent": 73.87
				}
			,{
				"<=msec": 32.000
				,"percent": 75.49
				}
			,{
				"<=msec": 33.000
				,"percent": 77.00
				}
			,{
				"<=msec": 34.000
				,"percent": 78.36
				}
			,{
				"<=msec": 35.000
				,"percent": 79.66
				}
			,{
				"<=msec": 36.000
				,"percent": 80.89
				}
			,{
				"<=msec": 37.000
				,"percent": 82.12
				}
			,{
				"<=msec": 38.000
				,"percent": 83.48
				}
			,{
				"<=msec": 39.000
				,"percent": 84.64
				}
			,{
				"<=msec": 40.000
				,"percent": 85.81
				}
			,{
				"<=msec": 41.000
				,"percent": 86.87
				}
			,{
				"<=msec": 42.000
				,"percent": 87.83
				}
			,{
				"<=msec": 43.000
				,"percent": 88.68
				}
			,{
				"<=msec": 44.000
				,"percent": 89.62
				}
			,{
				"<=msec": 45.000
				,"percent": 90.46
				}
			,{
				"<=msec": 46.000
				,"percent": 91.29
				}
			,{
				"<=msec": 47.000
				,"percent": 92.12
				}
			,{
				"<=msec": 48.000
				,"percent": 92.88
				}
			,{
				"<=msec": 49.000
				,"percent": 93.62
				}
			,{
				"<=msec": 50.000
				,"percent": 94.21
				}
			,{
				"<=msec": 51.000
				,"percent": 94.73
				}
			,{
				"<=msec": 52.000
				,"percent": 95.24
				}
			,{
				"<=msec": 53.000
				,"percent": 95.67
				}
			,{
				"<=msec": 54.000
				,"percent": 96.07
				}
			,{
				"<=msec": 55.000
				,"percent": 96.40
				}
			,{
				"<=msec": 56.000
				,"percent": 96.75
				}
			,{
				"<=msec": 57.000
				,"percent": 97.07
				}
			,{
				"<=msec": 58.000
				,"percent": 97.30
				}
			,{
				"<=msec": 59.000
				,"percent": 97.57
				}
			,{
				"<=msec": 60.000
				,"percent": 97.81
				}
			,{
				"<=msec": 61.000
				,"percent": 97.99
				}
			,{
				"<=msec": 62.000
				,"percent": 98.18
				}
			,{
				"<=msec": 63.000
				,"percent": 98.34
				}
			,{
				"<=msec": 64.000
				,"percent": 98.46
				}
			,{
				"<=msec": 65.000
				,"percent": 98.58
				}
			,{
				"<=msec": 66.000
				,"percent": 98.69
				}
			,{
				"<=msec": 67.000
				,"percent": 98.81
				}
			,{
				"<=msec": 68.000
				,"percent": 98.92
				}
			,{
				"<=msec": 69.000
				,"percent": 99.01
				}
			,{
				"<=msec": 70.000
				,"percent": 99.11
				}
			,{
				"<=msec": 71.000
				,"percent": 99.17
				}
			,{
				"<=msec": 72.000
				,"percent": 99.23
				}
			,{
				"<=msec": 73.000
				,"percent": 99.29
				}
			,{
				"<=msec": 74.000
				,"percent": 99.37
				}
			,{
				"<=msec": 75.000
				,"percent": 99.45
				}
			,{
				"<=msec": 76.000
				,"percent": 99.50
				}
			,{
				"<=msec": 77.000
				,"percent": 99.55
				}
			,{
				"<=msec": 78.000
				,"percent": 99.58
				}
			,{
				"<=msec": 79.000
				,"percent": 99.62
				}
			,{
				"<=msec": 80.000
				,"percent": 99.66
				}
			,{
				"<=msec": 81.000
				,"percent": 99.68
				}
			,{
				"<=msec": 82.000
				,"percent": 99.71
				}
			,{
				"<=msec": 83.000
				,"percent": 99.74
				}
			,{
				"<=msec": 84.000
				,"percent": 99.76
				}
			,{
				"<=msec": 85.000
				,"percent": 99.77
				}
			,{
				"<=msec": 86.000
				,"percent": 99.79
				}
			,{
				"<=msec": 87.000
				,"percent": 99.80
				}
			,{
				"<=msec": 88.000
				,"percent": 99.81
				}
			,{
				"<=msec": 89.000
				,"percent": 99.82
				}
			,{
				"<=msec": 90.000
				,"percent": 99.84
				}
			,{
				"<=msec": 91.000
				,"percent": 99.85
				}
			,{
				"<=msec": 92.000
				,"percent": 99.86
				}
			,{
				"<=msec": 93.000
				,"percent": 99.86
				}
			,{
				"<=msec": 94.000
				,"percent": 99.87
				}
			,{
				"<=msec": 95.000
				,"percent": 99.89
				}
			,{
				"<=msec": 96.000
				,"percent": 99.90
				}
			,{
				"<=msec": 97.000
				,"percent": 99.92
				}
			,{
				"<=msec": 98.000
				,"percent": 99.93
				}
			,{
				"<=msec": 99.000
				,"percent": 99.93
				}
			,{
				"<=msec": 100.000
				,"percent": 99.96
				}
			,{
				"<=msec": 110.000
				,"percent": 99.99
				}
			,{
				"<=msec": 120.000
				,"percent": 100.00
				}
			,{
				"<=msec": 130.000
				,"percent": 100.00
				}
			]
		,"GET":[
		]
		,"WAIT":[
		]
		}
	}
