{
	"configuration":{
		"server": "10.0.0.8"
		,"port": 6379
		,"unix socket": "(null)"
		,"protocol": "memcache_text"
		,"out_file": "(null)"
		,"client_stats": "(null)"
		,"run_count": 1
		,"debug": 0
		,"requests": 0
		,"clients": 32
		,"threads": 1
		,"test_time": 75
		,"ratio": "1:0"
		,"pipeline": 1
		,"data_size": 1024
		,"data_offset": 0
		,"random_data": "false"
		,"data_size_range": "0:0"
		,"data_size_list": ""
		,"data_size_pattern": "R"
		,"expiry_range": "9999:10000"
		,"data_import": "(null)"
		,"data_verify": "false"
		,"verify_only": "false"
		,"generate_keys": "false"
		,"key_prefix": "memtier-"
		,"key_minimum":           0
		,"key_maximum":       10000
		,"key_pattern": "R:R"
		,"key_stddev": 0.000000
		,"key_median": 0.000000
		,"reconnect_interval": 0
		,"multi_key_get": 0
		,"authenticate": ""
		,"select-db": 0
		,"no-expiry": "false"
		,"wait-ratio": "0:0"
		,"num-slaves": "0:0"
		,"wait-timeout": "0-0"
		}
	,"run information":{
		"Threads": 1
		,"Connections per thread": 32
		,"Seconds": 75
		}
	,"ALL STATS":{
		"Sets":{
			"Ops/sec": 852.15
			,"Hits/sec": 0.00
			,"Misses/sec": 0.00
			,"Latency": 37.05
			,"KB/sec": 885.74
			}
		,"Gets":{
			"Ops/sec": 0.00
			,"Hits/sec": 0.00
			,"Misses/sec": 0.00
			,"Latency": 0.00
			,"KB/sec": 0.00
			}
		,"Waits":{
			"Ops/sec": 0.00
			,"Hits/sec": 0.00
			,"Misses/sec": 0.00
			,"Latency": 0.00
			,"KB/sec": 0.00
			}
		,"Totals":{
			"Ops/sec": 852.15
			,"Hits/sec": 0.00
			,"Misses/sec": 0.00
			,"Latency": 37.05
			,"KB/sec": 885.74
			}
		,"SET":[
			{
				"<=msec": 4.100
				,"percent": 0.01
				}
			,{
				"<=msec": 4.200
				,"percent": 0.02
				}
			,{
				"<=msec": 4.300
				,"percent": 0.02
				}
			,{
				"<=msec": 4.400
				,"percent": 0.03
				}
			,{
				"<=msec": 4.500
				,"percent": 0.05
				}
			,{
				"<=msec": 4.600
				,"percent": 0.06
				}
			,{
				"<=msec": 4.700
				,"percent": 0.08
				}
			,{
				"<=msec": 4.800
				,"percent": 0.09
				}
			,{
				"<=msec": 4.900
				,"percent": 0.10
				}
			,{
				"<=msec": 5.000
				,"percent": 0.11
				}
			,{
				"<=msec": 5.100
				,"percent": 0.13
				}
			,{
				"<=msec": 5.200
				,"percent": 0.14
				}
			,{
				"<=msec": 5.300
				,"percent": 0.16
				}
			,{
				"<=msec": 5.400
				,"percent": 0.18
				}
			,{
				"<=msec": 5.500
				,"percent": 0.19
				}
			,{
				"<=msec": 5.600
				,"percent": 0.21
				}
			,{
				"<=msec": 5.700
				,"percent": 0.23
				}
			,{
				"<=msec": 5.800
				,"percent": 0.25
				}
			,{
				"<=msec": 5.900
				,"percent": 0.27
				}
			,{
				"<=msec": 6.000
				,"percent": 0.30
				}
			,{
				"<=msec": 6.100
				,"percent": 0.34
				}
			,{
				"<=msec": 6.200
				,"percent": 0.39
				}
			,{
				"<=msec": 6.300
				,"percent": 0.41
				}
			,{
				"<=msec": 6.400
				,"percent": 0.44
				}
			,{
				"<=msec": 6.500
				,"percent": 0.47
				}
			,{
				"<=msec": 6.600
				,"percent": 0.50
				}
			,{
				"<=msec": 6.700
				,"percent": 0.54
				}
			,{
				"<=msec": 6.800
				,"percent": 0.56
				}
			,{
				"<=msec": 6.900
				,"percent": 0.59
				}
			,{
				"<=msec": 7.000
				,"percent": 0.63
				}
			,{
				"<=msec": 7.100
				,"percent": 0.66
				}
			,{
				"<=msec": 7.200
				,"percent": 0.69
				}
			,{
				"<=msec": 7.300
				,"percent": 0.74
				}
			,{
				"<=msec": 7.400
				,"percent": 0.79
				}
			,{
				"<=msec": 7.500
				,"percent": 0.85
				}
			,{
				"<=msec": 7.600
				,"percent": 0.90
				}
			,{
				"<=msec": 7.700
				,"percent": 0.98
				}
			,{
				"<=msec": 7.800
				,"percent": 1.04
				}
			,{
				"<=msec": 7.900
				,"percent": 1.09
				}
			,{
				"<=msec": 8.000
				,"percent": 1.16
				}
			,{
				"<=msec": 8.100
				,"percent": 1.23
				}
			,{
				"<=msec": 8.200
				,"percent": 1.32
				}
			,{
				"<=msec": 8.300
				,"percent": 1.40
				}
			,{
				"<=msec": 8.400
				,"percent": 1.48
				}
			,{
				"<=msec": 8.500
				,"percent": 1.55
				}
			,{
				"<=msec": 8.600
				,"percent": 1.63
				}
			,{
				"<=msec": 8.700
				,"percent": 1.71
				}
			,{
				"<=msec": 8.800
				,"percent": 1.80
				}
			,{
				"<=msec": 8.900
				,"percent": 1.90
				}
			,{
				"<=msec": 9.000
				,"percent": 2.00
				}
			,{
				"<=msec": 9.100
				,"percent": 2.09
				}
			,{
				"<=msec": 9.200
				,"percent": 2.18
				}
			,{
				"<=msec": 9.300
				,"percent": 2.28
				}
			,{
				"<=msec": 9.400
				,"percent": 2.38
				}
			,{
				"<=msec": 9.500
				,"percent": 2.46
				}
			,{
				"<=msec": 9.600
				,"percent": 2.57
				}
			,{
				"<=msec": 9.700
				,"percent": 2.63
				}
			,{
				"<=msec": 9.800
				,"percent": 2.73
				}
			,{
				"<=msec": 9.900
				,"percent": 2.86
				}
			,{
				"<=msec": 10.000
				,"percent": 3.36
				}
			,{
				"<=msec": 11.000
				,"percent": 4.15
				}
			,{
				"<=msec": 12.000
				,"percent": 4.81
				}
			,{
				"<=msec": 13.000
				,"percent": 5.40
				}
			,{
				"<=msec": 14.000
				,"percent": 5.93
				}
			,{
				"<=msec": 15.000
				,"percent": 6.43
				}
			,{
				"<=msec": 16.000
				,"percent": 7.03
				}
			,{
				"<=msec": 17.000
				,"percent": 7.69
				}
			,{
				"<=msec": 18.000
				,"percent": 8.37
				}
			,{
				"<=msec": 19.000
				,"percent": 9.38
				}
			,{
				"<=msec": 20.000
				,"percent": 10.69
				}
			,{
				"<=msec": 21.000
				,"percent": 12.21
				}
			,{
				"<=msec": 22.000
				,"percent": 13.95
				}
			,{
				"<=msec": 23.000
				,"percent": 15.53
				}
			,{
				"<=msec": 24.000
				,"percent": 17.25
				}
			,{
				"<=msec": 25.000
				,"percent": 19.09
				}
			,{
				"<=msec": 26.000
				,"percent": 21.23
				}
			,{
				"<=msec": 27.000
				,"percent": 23.96
				}
			,{
				"<=msec": 28.000
				,"percent": 27.52
				}
			,{
				"<=msec": 29.000
				,"percent": 31.85
				}
			,{
				"<=msec": 30.000
				,"percent": 36.16
				}
			,{
				"<=msec": 31.000
				,"percent": 40.26
				}
			,{
				"<=msec": 32.000
				,"percent": 43.82
				}
			,{
				"<=msec": 33.000
				,"percent": 47.12
				}
			,{
				"<=msec": 34.000
				,"percent": 50.13
				}
			,{
				"<=msec": 35.000
				,"percent": 52.96
				}
			,{
				"<=msec": 36.000
				,"percent": 55.88
				}
			,{
				"<=msec": 37.000
				,"percent": 58.79
				}
			,{
				"<=msec": 38.000
				,"percent": 61.87
				}
			,{
				"<=msec": 39.000
				,"percent": 64.66
				}
			,{
				"<=msec": 40.000
				,"percent": 67.09
				}
			,{
				"<=msec": 41.000
				,"percent": 69.36
				}
			,{
				"<=msec": 42.000
				,"percent": 71.19
				}
			,{
				"<=msec": 43.000
				,"percent": 72.91
				}
			,{
				"<=msec": 44.000
				,"percent": 74.41
				}
			,{
				"<=msec": 45.000
				,"percent": 75.85
				}
			,{
				"<=msec": 46.000
				,"percent": 77.20
				}
			,{
				"<=msec": 47.000
				,"percent": 78.63
				}
			,{
				"<=msec": 48.000
				,"percent": 80.08
				}
			,{
				"<=msec": 49.000
				,"percent": 81.55
				}
			,{
				"<=msec": 50.000
				,"percent": 82.89
				}
			,{
				"<=msec": 51.000
				,"percent": 84.07
				}
			,{
				"<=msec": 52.000
				,"percent": 85.22
				}
			,{
				"<=msec": 53.000
				,"percent": 86.21
				}
			,{
				"<=msec": 54.000
				,"percent": 87.12
				}
			,{
				"<=msec": 55.000
				,"percent": 87.98
				}
			,{
				"<=msec": 56.000
				,"percent": 88.78
				}
			,{
				"<=msec": 57.000
				,"percent": 89.62
				}
			,{
				"<=msec": 58.000
				,"percent": 90.48
				}
			,{
				"<=msec": 59.000
				,"percent": 91.36
				}
			,{
				"<=msec": 60.000
				,"percent": 92.13
				}
			,{
				"<=msec": 61.000
				,"percent": 92.83
				}
			,{
				"<=msec": 62.000
				,"percent": 93.37
				}
			,{
				"<=msec": 63.000
				,"percent": 93.84
				}
			,{
				"<=msec": 64.000
				,"percent": 94.30
				}
			,{
				"<=msec": 65.000
				,"percent": 94.72
				}
			,{
				"<=msec": 66.000
				,"percent": 95.15
				}
			,{
				"<=msec": 67.000
				,"percent": 95.55
				}
			,{
				"<=msec": 68.000
				,"percent": 95.86
				}
			,{
				"<=msec": 69.000
				,"percent": 96.17
				}
			,{
				"<=msec": 70.000
				,"percent": 96.47
				}
			,{
				"<=msec": 71.000
				,"percent": 96.77
				}
			,{
				"<=msec": 72.000
				,"percent": 97.06
				}
			,{
				"<=msec": 73.000
				,"percent": 97.30
				}
			,{
				"<=msec": 74.000
				,"percent": 97.47
				}
			,{
				"<=msec": 75.000
				,"percent": 97.63
				}
			,{
				"<=msec": 76.000
				,"percent": 97.82
				}
			,{
				"<=msec": 77.000
				,"percent": 97.99
				}
			,{
				"<=msec": 78.000
				,"percent": 98.15
				}
			,{
				"<=msec": 79.000
				,"percent": 98.28
				}
			,{
				"<=msec": 80.000
				,"percent": 98.44
				}
			,{
				"<=msec": 81.000
				,"percent": 98.60
				}
			,{
				"<=msec": 82.000
				,"percent": 98.68
				}
			,{
				"<=msec": 83.000
				,"percent": 98.78
				}
			,{
				"<=msec": 84.000
				,"percent": 98.88
				}
			,{
				"<=msec": 85.000
				,"percent": 98.97
				}
			,{
				"<=msec": 86.000
				,"percent": 99.06
				}
			,{
				"<=msec": 87.000
				,"percent": 99.14
				}
			,{
				"<=msec": 88.000
				,"percent": 99.22
				}
			,{
				"<=msec": 89.000
				,"percent": 99.30
				}
			,{
				"<=msec": 90.000
				,"percent": 99.35
				}
			,{
				"<=msec": 91.000
				,"percent": 99.39
				}
			,{
				"<=msec": 92.000
				,"percent": 99.44
				}
			,{
				"<=msec": 93.000
				,"percent": 99.50
				}
			,{
				"<=msec": 94.000
				,"percent": 99.52
				}
			,{
				"<=msec": 95.000
				,"percent": 99.55
				}
			,{
				"<=msec": 96.000
				,"percent": 99.56
				}
			,{
				"<=msec": 97.000
				,"percent": 99.59
				}
			,{
				"<=msec": 98.000
				,"percent": 99.63
				}
			,{
				"<=msec": 99.000
				,"percent": 99.65
				}
			,{
				"<=msec": 100.000
				,"percent": 99.79
				}
			,{
				"<=msec": 110.000
				,"percent": 99.92
				}
			,{
				"<=msec": 120.000
				,"percent": 99.97
				}
			,{
				"<=msec": 130.000
				,"percent": 100.00
				}
			,{
				"<=msec": 140.000
				,"percent": 100.00
				}
			,{
				"<=msec": 150.000
				,"percent": 100.00
				}
			]
		,"GET":[
		]
		,"WAIT":[
		]
		}
	}
