{
	"configuration":{
		"server": "10.0.0.8"
		,"port": 6379
		,"unix socket": "(null)"
		,"protocol": "memcache_text"
		,"out_file": "(null)"
		,"client_stats": "(null)"
		,"run_count": 1
		,"debug": 0
		,"requests": 0
		,"clients": 32
		,"threads": 1
		,"test_time": 75
		,"ratio": "0:1"
		,"pipeline": 1
		,"data_size": 1024
		,"data_offset": 0
		,"random_data": "false"
		,"data_size_range": "0:0"
		,"data_size_list": ""
		,"data_size_pattern": "R"
		,"expiry_range": "9999:10000"
		,"data_import": "(null)"
		,"data_verify": "false"
		,"verify_only": "false"
		,"generate_keys": "false"
		,"key_prefix": "memtier-"
		,"key_minimum":           0
		,"key_maximum":       10000
		,"key_pattern": "R:R"
		,"key_stddev": 0.000000
		,"key_median": 0.000000
		,"reconnect_interval": 0
		,"multi_key_get": 0
		,"authenticate": ""
		,"select-db": 0
		,"no-expiry": "false"
		,"wait-ratio": "0:0"
		,"num-slaves": "0:0"
		,"wait-timeout": "0-0"
		}
	,"run information":{
		"Threads": 1
		,"Connections per thread": 32
		,"Seconds": 75
		}
	,"ALL STATS":{
		"Sets":{
			"Ops/sec": 0.00
			,"Hits/sec": 0.00
			,"Misses/sec": 0.00
			,"Latency": 0.00
			,"KB/sec": 0.00
			}
		,"Gets":{
			"Ops/sec": 763.21
			,"Hits/sec": 763.21
			,"Misses/sec": 0.00
			,"Latency": 41.92
			,"KB/sec": 801.82
			}
		,"Waits":{
			"Ops/sec": 0.00
			,"Hits/sec": 0.00
			,"Misses/sec": 0.00
			,"Latency": 0.00
			,"KB/sec": 0.00
			}
		,"Totals":{
			"Ops/sec": 763.21
			,"Hits/sec": 763.21
			,"Misses/sec": 0.00
			,"Latency": 41.92
			,"KB/sec": 801.82
			}
		,"SET":[
		]
		,"GET":[
			{
				"<=msec": 11.000
				,"percent": 0.00
				}
			,{
				"<=msec": 13.000
				,"percent": 0.00
				}
			,{
				"<=msec": 14.000
				,"percent": 0.01
				}
			,{
				"<=msec": 15.000
				,"percent": 0.04
				}
			,{
				"<=msec": 16.000
				,"percent": 0.12
				}
			,{
				"<=msec": 17.000
				,"percent": 0.20
				}
			,{
				"<=msec": 18.000
				,"percent": 0.27
				}
			,{
				"<=msec": 19.000
				,"percent": 0.38
				}
			,{
				"<=msec": 20.000
				,"percent": 0.59
				}
			,{
				"<=msec": 21.000
				,"percent": 0.92
				}
			,{
				"<=msec": 22.000
				,"percent": 1.40
				}
			,{
				"<=msec": 23.000
				,"percent": 1.87
				}
			,{
				"<=msec": 24.000
				,"percent": 2.57
				}
			,{
				"<=msec": 25.000
				,"percent": 3.41
				}
			,{
				"<=msec": 26.000
				,"percent": 4.32
				}
			,{
				"<=msec": 27.000
				,"percent": 5.39
				}
			,{
				"<=msec": 28.000
				,"percent": 6.45
				}
			,{
				"<=msec": 29.000
				,"percent": 7.55
				}
			,{
				"<=msec": 30.000
				,"percent": 8.96
				}
			,{
				"<=msec": 31.000
				,"percent": 10.38
				}
			,{
				"<=msec": 32.000
				,"percent": 12.01
				}
			,{
				"<=msec": 33.000
				,"percent": 13.98
				}
			,{
				"<=msec": 34.000
				,"percent": 16.23
				}
			,{
				"<=msec": 35.000
				,"percent": 18.79
				}
			,{
				"<=msec": 36.000
				,"percent": 22.12
				}
			,{
				"<=msec": 37.000
				,"percent": 25.80
				}
			,{
				"<=msec": 38.000
				,"percent": 30.40
				}
			,{
				"<=msec": 39.000
				,"percent": 35.66
				}
			,{
				"<=msec": 40.000
				,"percent": 41.22
				}
			,{
				"<=msec": 41.000
				,"percent": 47.26
				}
			,{
				"<=msec": 42.000
				,"percent": 53.50
				}
			,{
				"<=msec": 43.000
				,"percent": 59.80
				}
			,{
				"<=msec": 44.000
				,"percent": 65.99
				}
			,{
				"<=msec": 45.000
				,"percent": 71.89
				}
			,{
				"<=msec": 46.000
				,"percent": 76.80
				}
			,{
				"<=msec": 47.000
				,"percent": 80.93
				}
			,{
				"<=msec": 48.000
				,"percent": 84.26
				}
			,{
				"<=msec": 49.000
				,"percent": 87.20
				}
			,{
				"<=msec": 50.000
				,"percent": 89.45
				}
			,{
				"<=msec": 51.000
				,"percent": 91.24
				}
			,{
				"<=msec": 52.000
				,"percent": 92.53
				}
			,{
				"<=msec": 53.000
				,"percent": 93.55
				}
			,{
				"<=msec": 54.000
				,"percent": 94.28
				}
			,{
				"<=msec": 55.000
				,"percent": 94.83
				}
			,{
				"<=msec": 56.000
				,"percent": 95.41
				}
			,{
				"<=msec": 57.000
				,"percent": 95.84
				}
			,{
				"<=msec": 58.000
				,"percent": 96.23
				}
			,{
				"<=msec": 59.000
				,"percent": 96.57
				}
			,{
				"<=msec": 60.000
				,"percent": 96.87
				}
			,{
				"<=msec": 61.000
				,"percent": 97.17
				}
			,{
				"<=msec": 62.000
				,"percent": 97.41
				}
			,{
				"<=msec": 63.000
				,"percent": 97.63
				}
			,{
				"<=msec": 64.000
				,"percent": 97.85
				}
			,{
				"<=msec": 65.000
				,"percent": 98.06
				}
			,{
				"<=msec": 66.000
				,"percent": 98.25
				}
			,{
				"<=msec": 67.000
				,"percent": 98.44
				}
			,{
				"<=msec": 68.000
				,"percent": 98.56
				}
			,{
				"<=msec": 69.000
				,"percent": 98.67
				}
			,{
				"<=msec": 70.000
				,"percent": 98.81
				}
			,{
				"<=msec": 71.000
				,"percent": 98.91
				}
			,{
				"<=msec": 72.000
				,"percent": 99.01
				}
			,{
				"<=msec": 73.000
				,"percent": 99.17
				}
			,{
				"<=msec": 74.000
				,"percent": 99.26
				}
			,{
				"<=msec": 75.000
				,"percent": 99.35
				}
			,{
				"<=msec": 76.000
				,"percent": 99.45
				}
			,{
				"<=msec": 77.000
				,"percent": 99.53
				}
			,{
				"<=msec": 78.000
				,"percent": 99.61
				}
			,{
				"<=msec": 79.000
				,"percent": 99.66
				}
			,{
				"<=msec": 80.000
				,"percent": 99.71
				}
			,{
				"<=msec": 81.000
				,"percent": 99.76
				}
			,{
				"<=msec": 82.000
				,"percent": 99.81
				}
			,{
				"<=msec": 83.000
				,"percent": 99.84
				}
			,{
				"<=msec": 84.000
				,"percent": 99.87
				}
			,{
				"<=msec": 85.000
				,"percent": 99.88
				}
			,{
				"<=msec": 86.000
				,"percent": 99.89
				}
			,{
				"<=msec": 87.000
				,"percent": 99.91
				}
			,{
				"<=msec": 88.000
				,"percent": 99.91
				}
			,{
				"<=msec": 89.000
				,"percent": 99.92
				}
			,{
				"<=msec": 90.000
				,"percent": 99.93
				}
			,{
				"<=msec": 91.000
				,"percent": 99.95
				}
			,{
				"<=msec": 92.000
				,"percent": 99.95
				}
			,{
				"<=msec": 93.000
				,"percent": 99.96
				}
			,{
				"<=msec": 94.000
				,"percent": 99.96
				}
			,{
				"<=msec": 95.000
				,"percent": 99.97
				}
			,{
				"<=msec": 96.000
				,"percent": 99.97
				}
			,{
				"<=msec": 97.000
				,"percent": 99.98
				}
			,{
				"<=msec": 98.000
				,"percent": 99.98
				}
			,{
				"<=msec": 99.000
				,"percent": 99.99
				}
			,{
				"<=msec": 100.000
				,"percent": 100.00
				}
			,{
				"<=msec": 110.000
				,"percent": 100.00
				}
			]
		,"WAIT":[
		]
		}
	}
