{
	"configuration":{
		"server": "10.0.0.8"
		,"port": 6379
		,"unix socket": "(null)"
		,"protocol": "memcache_text"
		,"out_file": "(null)"
		,"client_stats": "(null)"
		,"run_count": 1
		,"debug": 0
		,"requests": 0
		,"clients": 32
		,"threads": 1
		,"test_time": 75
		,"ratio": "0:1"
		,"pipeline": 1
		,"data_size": 1024
		,"data_offset": 0
		,"random_data": "false"
		,"data_size_range": "0:0"
		,"data_size_list": ""
		,"data_size_pattern": "R"
		,"expiry_range": "9999:10000"
		,"data_import": "(null)"
		,"data_verify": "false"
		,"verify_only": "false"
		,"generate_keys": "false"
		,"key_prefix": "memtier-"
		,"key_minimum":           0
		,"key_maximum":       10000
		,"key_pattern": "R:R"
		,"key_stddev": 0.000000
		,"key_median": 0.000000
		,"reconnect_interval": 0
		,"multi_key_get": 0
		,"authenticate": ""
		,"select-db": 0
		,"no-expiry": "false"
		,"wait-ratio": "0:0"
		,"num-slaves": "0:0"
		,"wait-timeout": "0-0"
		}
	,"run information":{
		"Threads": 1
		,"Connections per thread": 32
		,"Seconds": 75
		}
	,"ALL STATS":{
		"Sets":{
			"Ops/sec": 0.00
			,"Hits/sec": 0.00
			,"Misses/sec": 0.00
			,"Latency": 0.00
			,"KB/sec": 0.00
			}
		,"Gets":{
			"Ops/sec": 798.46
			,"Hits/sec": 798.46
			,"Misses/sec": 0.00
			,"Latency": 40.07
			,"KB/sec": 838.85
			}
		,"Waits":{
			"Ops/sec": 0.00
			,"Hits/sec": 0.00
			,"Misses/sec": 0.00
			,"Latency": 0.00
			,"KB/sec": 0.00
			}
		,"Totals":{
			"Ops/sec": 798.46
			,"Hits/sec": 798.46
			,"Misses/sec": 0.00
			,"Latency": 40.07
			,"KB/sec": 838.85
			}
		,"SET":[
		]
		,"GET":[
			{
				"<=msec": 4.500
				,"percent": 0.01
				}
			,{
				"<=msec": 4.600
				,"percent": 0.01
				}
			,{
				"<=msec": 4.700
				,"percent": 0.01
				}
			,{
				"<=msec": 4.800
				,"percent": 0.02
				}
			,{
				"<=msec": 4.900
				,"percent": 0.02
				}
			,{
				"<=msec": 5.000
				,"percent": 0.02
				}
			,{
				"<=msec": 5.100
				,"percent": 0.03
				}
			,{
				"<=msec": 5.200
				,"percent": 0.03
				}
			,{
				"<=msec": 5.300
				,"percent": 0.03
				}
			,{
				"<=msec": 5.400
				,"percent": 0.04
				}
			,{
				"<=msec": 5.500
				,"percent": 0.04
				}
			,{
				"<=msec": 5.600
				,"percent": 0.07
				}
			,{
				"<=msec": 5.700
				,"percent": 0.07
				}
			,{
				"<=msec": 5.800
				,"percent": 0.08
				}
			,{
				"<=msec": 5.900
				,"percent": 0.09
				}
			,{
				"<=msec": 6.000
				,"percent": 0.11
				}
			,{
				"<=msec": 6.100
				,"percent": 0.12
				}
			,{
				"<=msec": 6.200
				,"percent": 0.14
				}
			,{
				"<=msec": 6.300
				,"percent": 0.14
				}
			,{
				"<=msec": 6.400
				,"percent": 0.15
				}
			,{
				"<=msec": 6.500
				,"percent": 0.16
				}
			,{
				"<=msec": 6.600
				,"percent": 0.17
				}
			,{
				"<=msec": 6.700
				,"percent": 0.18
				}
			,{
				"<=msec": 6.800
				,"percent": 0.19
				}
			,{
				"<=msec": 6.900
				,"percent": 0.20
				}
			,{
				"<=msec": 7.000
				,"percent": 0.22
				}
			,{
				"<=msec": 7.100
				,"percent": 0.24
				}
			,{
				"<=msec": 7.200
				,"percent": 0.27
				}
			,{
				"<=msec": 7.300
				,"percent": 0.29
				}
			,{
				"<=msec": 7.400
				,"percent": 0.33
				}
			,{
				"<=msec": 7.500
				,"percent": 0.38
				}
			,{
				"<=msec": 7.600
				,"percent": 0.42
				}
			,{
				"<=msec": 7.700
				,"percent": 0.48
				}
			,{
				"<=msec": 7.800
				,"percent": 0.55
				}
			,{
				"<=msec": 7.900
				,"percent": 0.61
				}
			,{
				"<=msec": 8.000
				,"percent": 0.70
				}
			,{
				"<=msec": 8.100
				,"percent": 0.79
				}
			,{
				"<=msec": 8.200
				,"percent": 0.89
				}
			,{
				"<=msec": 8.300
				,"percent": 1.00
				}
			,{
				"<=msec": 8.400
				,"percent": 1.13
				}
			,{
				"<=msec": 8.500
				,"percent": 1.24
				}
			,{
				"<=msec": 8.600
				,"percent": 1.37
				}
			,{
				"<=msec": 8.700
				,"percent": 1.49
				}
			,{
				"<=msec": 8.800
				,"percent": 1.63
				}
			,{
				"<=msec": 8.900
				,"percent": 1.77
				}
			,{
				"<=msec": 9.000
				,"percent": 1.94
				}
			,{
				"<=msec": 9.100
				,"percent": 2.12
				}
			,{
				"<=msec": 9.200
				,"percent": 2.31
				}
			,{
				"<=msec": 9.300
				,"percent": 2.50
				}
			,{
				"<=msec": 9.400
				,"percent": 2.65
				}
			,{
				"<=msec": 9.500
				,"percent": 2.80
				}
			,{
				"<=msec": 9.600
				,"percent": 2.96
				}
			,{
				"<=msec": 9.700
				,"percent": 3.11
				}
			,{
				"<=msec": 9.800
				,"percent": 3.26
				}
			,{
				"<=msec": 9.900
				,"percent": 3.39
				}
			,{
				"<=msec": 10.000
				,"percent": 4.02
				}
			,{
				"<=msec": 11.000
				,"percent": 4.82
				}
			,{
				"<=msec": 12.000
				,"percent": 5.86
				}
			,{
				"<=msec": 13.000
				,"percent": 6.90
				}
			,{
				"<=msec": 14.000
				,"percent": 7.86
				}
			,{
				"<=msec": 15.000
				,"percent": 8.89
				}
			,{
				"<=msec": 16.000
				,"percent": 9.69
				}
			,{
				"<=msec": 17.000
				,"percent": 10.21
				}
			,{
				"<=msec": 18.000
				,"percent": 10.59
				}
			,{
				"<=msec": 19.000
				,"percent": 10.87
				}
			,{
				"<=msec": 20.000
				,"percent": 11.14
				}
			,{
				"<=msec": 21.000
				,"percent": 11.36
				}
			,{
				"<=msec": 22.000
				,"percent": 11.62
				}
			,{
				"<=msec": 23.000
				,"percent": 11.91
				}
			,{
				"<=msec": 24.000
				,"percent": 12.19
				}
			,{
				"<=msec": 25.000
				,"percent": 12.55
				}
			,{
				"<=msec": 26.000
				,"percent": 12.99
				}
			,{
				"<=msec": 27.000
				,"percent": 13.43
				}
			,{
				"<=msec": 28.000
				,"percent": 13.91
				}
			,{
				"<=msec": 29.000
				,"percent": 14.51
				}
			,{
				"<=msec": 30.000
				,"percent": 15.24
				}
			,{
				"<=msec": 31.000
				,"percent": 15.99
				}
			,{
				"<=msec": 32.000
				,"percent": 16.80
				}
			,{
				"<=msec": 33.000
				,"percent": 18.00
				}
			,{
				"<=msec": 34.000
				,"percent": 19.61
				}
			,{
				"<=msec": 35.000
				,"percent": 21.67
				}
			,{
				"<=msec": 36.000
				,"percent": 24.11
				}
			,{
				"<=msec": 37.000
				,"percent": 27.00
				}
			,{
				"<=msec": 38.000
				,"percent": 30.86
				}
			,{
				"<=msec": 39.000
				,"percent": 35.58
				}
			,{
				"<=msec": 40.000
				,"percent": 40.63
				}
			,{
				"<=msec": 41.000
				,"percent": 46.09
				}
			,{
				"<=msec": 42.000
				,"percent": 51.71
				}
			,{
				"<=msec": 43.000
				,"percent": 57.60
				}
			,{
				"<=msec": 44.000
				,"percent": 63.45
				}
			,{
				"<=msec": 45.000
				,"percent": 69.04
				}
			,{
				"<=msec": 46.000
				,"percent": 74.17
				}
			,{
				"<=msec": 47.000
				,"percent": 78.67
				}
			,{
				"<=msec": 48.000
				,"percent": 82.53
				}
			,{
				"<=msec": 49.000
				,"percent": 85.78
				}
			,{
				"<=msec": 50.000
				,"percent": 88.46
				}
			,{
				"<=msec": 51.000
				,"percent": 90.56
				}
			,{
				"<=msec": 52.000
				,"percent": 92.20
				}
			,{
				"<=msec": 53.000
				,"percent": 93.49
				}
			,{
				"<=msec": 54.000
				,"percent": 94.38
				}
			,{
				"<=msec": 55.000
				,"percent": 95.03
				}
			,{
				"<=msec": 56.000
				,"percent": 95.57
				}
			,{
				"<=msec": 57.000
				,"percent": 95.98
				}
			,{
				"<=msec": 58.000
				,"percent": 96.34
				}
			,{
				"<=msec": 59.000
				,"percent": 96.70
				}
			,{
				"<=msec": 60.000
				,"percent": 96.98
				}
			,{
				"<=msec": 61.000
				,"percent": 97.21
				}
			,{
				"<=msec": 62.000
				,"percent": 97.48
				}
			,{
				"<=msec": 63.000
				,"percent": 97.69
				}
			,{
				"<=msec": 64.000
				,"percent": 97.88
				}
			,{
				"<=msec": 65.000
				,"percent": 98.08
				}
			,{
				"<=msec": 66.000
				,"percent": 98.28
				}
			,{
				"<=msec": 67.000
				,"percent": 98.52
				}
			,{
				"<=msec": 68.000
				,"percent": 98.72
				}
			,{
				"<=msec": 69.000
				,"percent": 98.86
				}
			,{
				"<=msec": 70.000
				,"percent": 98.98
				}
			,{
				"<=msec": 71.000
				,"percent": 99.08
				}
			,{
				"<=msec": 72.000
				,"percent": 99.18
				}
			,{
				"<=msec": 73.000
				,"percent": 99.29
				}
			,{
				"<=msec": 74.000
				,"percent": 99.36
				}
			,{
				"<=msec": 75.000
				,"percent": 99.44
				}
			,{
				"<=msec": 76.000
				,"percent": 99.48
				}
			,{
				"<=msec": 77.000
				,"percent": 99.52
				}
			,{
				"<=msec": 78.000
				,"percent": 99.58
				}
			,{
				"<=msec": 79.000
				,"percent": 99.62
				}
			,{
				"<=msec": 80.000
				,"percent": 99.66
				}
			,{
				"<=msec": 81.000
				,"percent": 99.69
				}
			,{
				"<=msec": 82.000
				,"percent": 99.72
				}
			,{
				"<=msec": 83.000
				,"percent": 99.78
				}
			,{
				"<=msec": 84.000
				,"percent": 99.79
				}
			,{
				"<=msec": 85.000
				,"percent": 99.82
				}
			,{
				"<=msec": 86.000
				,"percent": 99.85
				}
			,{
				"<=msec": 87.000
				,"percent": 99.86
				}
			,{
				"<=msec": 88.000
				,"percent": 99.88
				}
			,{
				"<=msec": 89.000
				,"percent": 99.89
				}
			,{
				"<=msec": 90.000
				,"percent": 99.90
				}
			,{
				"<=msec": 91.000
				,"percent": 99.90
				}
			,{
				"<=msec": 92.000
				,"percent": 99.91
				}
			,{
				"<=msec": 93.000
				,"percent": 99.92
				}
			,{
				"<=msec": 94.000
				,"percent": 99.93
				}
			,{
				"<=msec": 95.000
				,"percent": 99.94
				}
			,{
				"<=msec": 96.000
				,"percent": 99.94
				}
			,{
				"<=msec": 97.000
				,"percent": 99.94
				}
			,{
				"<=msec": 98.000
				,"percent": 99.95
				}
			,{
				"<=msec": 99.000
				,"percent": 99.97
				}
			,{
				"<=msec": 100.000
				,"percent": 100.00
				}
			,{
				"<=msec": 110.000
				,"percent": 100.00
				}
			]
		,"WAIT":[
		]
		}
	}
