{
	"configuration":{
		"server": "10.0.0.9"
		,"port": 6379
		,"unix socket": "(null)"
		,"protocol": "memcache_text"
		,"out_file": "(null)"
		,"client_stats": "(null)"
		,"run_count": 1
		,"debug": 0
		,"requests": 0
		,"clients": 32
		,"threads": 1
		,"test_time": 75
		,"ratio": "0:1"
		,"pipeline": 1
		,"data_size": 1024
		,"data_offset": 0
		,"random_data": "false"
		,"data_size_range": "0:0"
		,"data_size_list": ""
		,"data_size_pattern": "R"
		,"expiry_range": "9999:10000"
		,"data_import": "(null)"
		,"data_verify": "false"
		,"verify_only": "false"
		,"generate_keys": "false"
		,"key_prefix": "memtier-"
		,"key_minimum":           0
		,"key_maximum":       10000
		,"key_pattern": "R:R"
		,"key_stddev": 0.000000
		,"key_median": 0.000000
		,"reconnect_interval": 0
		,"multi_key_get": 0
		,"authenticate": ""
		,"select-db": 0
		,"no-expiry": "false"
		,"wait-ratio": "0:0"
		,"num-slaves": "0:0"
		,"wait-timeout": "0-0"
		}
	,"run information":{
		"Threads": 1
		,"Connections per thread": 32
		,"Seconds": 75
		}
	,"ALL STATS":{
		"Sets":{
			"Ops/sec": 0.00
			,"Hits/sec": 0.00
			,"Misses/sec": 0.00
			,"Latency": 0.00
			,"KB/sec": 0.00
			}
		,"Gets":{
			"Ops/sec": 1231.65
			,"Hits/sec": 1231.65
			,"Misses/sec": 0.00
			,"Latency": 25.97
			,"KB/sec": 1293.94
			}
		,"Waits":{
			"Ops/sec": 0.00
			,"Hits/sec": 0.00
			,"Misses/sec": 0.00
			,"Latency": 0.00
			,"KB/sec": 0.00
			}
		,"Totals":{
			"Ops/sec": 1231.65
			,"Hits/sec": 1231.65
			,"Misses/sec": 0.00
			,"Latency": 25.97
			,"KB/sec": 1293.94
			}
		,"SET":[
		]
		,"GET":[
			{
				"<=msec": 1.800
				,"percent": 0.00
				}
			,{
				"<=msec": 1.900
				,"percent": 0.01
				}
			,{
				"<=msec": 2.000
				,"percent": 0.01
				}
			,{
				"<=msec": 2.100
				,"percent": 0.02
				}
			,{
				"<=msec": 2.200
				,"percent": 0.02
				}
			,{
				"<=msec": 2.300
				,"percent": 0.03
				}
			,{
				"<=msec": 2.400
				,"percent": 0.05
				}
			,{
				"<=msec": 2.500
				,"percent": 0.06
				}
			,{
				"<=msec": 2.600
				,"percent": 0.08
				}
			,{
				"<=msec": 2.700
				,"percent": 0.11
				}
			,{
				"<=msec": 2.800
				,"percent": 0.14
				}
			,{
				"<=msec": 2.900
				,"percent": 0.17
				}
			,{
				"<=msec": 3.000
				,"percent": 0.21
				}
			,{
				"<=msec": 3.100
				,"percent": 0.26
				}
			,{
				"<=msec": 3.200
				,"percent": 0.32
				}
			,{
				"<=msec": 3.300
				,"percent": 0.40
				}
			,{
				"<=msec": 3.400
				,"percent": 0.48
				}
			,{
				"<=msec": 3.500
				,"percent": 0.55
				}
			,{
				"<=msec": 3.600
				,"percent": 0.65
				}
			,{
				"<=msec": 3.700
				,"percent": 0.75
				}
			,{
				"<=msec": 3.800
				,"percent": 0.84
				}
			,{
				"<=msec": 3.900
				,"percent": 0.97
				}
			,{
				"<=msec": 4.000
				,"percent": 1.06
				}
			,{
				"<=msec": 4.100
				,"percent": 1.20
				}
			,{
				"<=msec": 4.200
				,"percent": 1.32
				}
			,{
				"<=msec": 4.300
				,"percent": 1.43
				}
			,{
				"<=msec": 4.400
				,"percent": 1.57
				}
			,{
				"<=msec": 4.500
				,"percent": 1.70
				}
			,{
				"<=msec": 4.600
				,"percent": 1.82
				}
			,{
				"<=msec": 4.700
				,"percent": 1.95
				}
			,{
				"<=msec": 4.800
				,"percent": 2.07
				}
			,{
				"<=msec": 4.900
				,"percent": 2.18
				}
			,{
				"<=msec": 5.000
				,"percent": 2.29
				}
			,{
				"<=msec": 5.100
				,"percent": 2.38
				}
			,{
				"<=msec": 5.200
				,"percent": 2.49
				}
			,{
				"<=msec": 5.300
				,"percent": 2.60
				}
			,{
				"<=msec": 5.400
				,"percent": 2.70
				}
			,{
				"<=msec": 5.500
				,"percent": 2.78
				}
			,{
				"<=msec": 5.600
				,"percent": 2.87
				}
			,{
				"<=msec": 5.700
				,"percent": 2.96
				}
			,{
				"<=msec": 5.800
				,"percent": 3.04
				}
			,{
				"<=msec": 5.900
				,"percent": 3.16
				}
			,{
				"<=msec": 6.000
				,"percent": 3.25
				}
			,{
				"<=msec": 6.100
				,"percent": 3.33
				}
			,{
				"<=msec": 6.200
				,"percent": 3.41
				}
			,{
				"<=msec": 6.300
				,"percent": 3.49
				}
			,{
				"<=msec": 6.400
				,"percent": 3.55
				}
			,{
				"<=msec": 6.500
				,"percent": 3.64
				}
			,{
				"<=msec": 6.600
				,"percent": 3.72
				}
			,{
				"<=msec": 6.700
				,"percent": 3.79
				}
			,{
				"<=msec": 6.800
				,"percent": 3.87
				}
			,{
				"<=msec": 6.900
				,"percent": 3.94
				}
			,{
				"<=msec": 7.000
				,"percent": 4.02
				}
			,{
				"<=msec": 7.100
				,"percent": 4.10
				}
			,{
				"<=msec": 7.200
				,"percent": 4.18
				}
			,{
				"<=msec": 7.300
				,"percent": 4.24
				}
			,{
				"<=msec": 7.400
				,"percent": 4.31
				}
			,{
				"<=msec": 7.500
				,"percent": 4.39
				}
			,{
				"<=msec": 7.600
				,"percent": 4.47
				}
			,{
				"<=msec": 7.700
				,"percent": 4.55
				}
			,{
				"<=msec": 7.800
				,"percent": 4.64
				}
			,{
				"<=msec": 7.900
				,"percent": 4.72
				}
			,{
				"<=msec": 8.000
				,"percent": 4.81
				}
			,{
				"<=msec": 8.100
				,"percent": 4.89
				}
			,{
				"<=msec": 8.200
				,"percent": 5.00
				}
			,{
				"<=msec": 8.300
				,"percent": 5.12
				}
			,{
				"<=msec": 8.400
				,"percent": 5.25
				}
			,{
				"<=msec": 8.500
				,"percent": 5.36
				}
			,{
				"<=msec": 8.600
				,"percent": 5.48
				}
			,{
				"<=msec": 8.700
				,"percent": 5.61
				}
			,{
				"<=msec": 8.800
				,"percent": 5.74
				}
			,{
				"<=msec": 8.900
				,"percent": 5.88
				}
			,{
				"<=msec": 9.000
				,"percent": 6.03
				}
			,{
				"<=msec": 9.100
				,"percent": 6.17
				}
			,{
				"<=msec": 9.200
				,"percent": 6.32
				}
			,{
				"<=msec": 9.300
				,"percent": 6.46
				}
			,{
				"<=msec": 9.400
				,"percent": 6.61
				}
			,{
				"<=msec": 9.500
				,"percent": 6.77
				}
			,{
				"<=msec": 9.600
				,"percent": 6.93
				}
			,{
				"<=msec": 9.700
				,"percent": 7.10
				}
			,{
				"<=msec": 9.800
				,"percent": 7.25
				}
			,{
				"<=msec": 9.900
				,"percent": 7.40
				}
			,{
				"<=msec": 10.000
				,"percent": 8.18
				}
			,{
				"<=msec": 11.000
				,"percent": 9.32
				}
			,{
				"<=msec": 12.000
				,"percent": 10.18
				}
			,{
				"<=msec": 13.000
				,"percent": 10.88
				}
			,{
				"<=msec": 14.000
				,"percent": 11.57
				}
			,{
				"<=msec": 15.000
				,"percent": 12.38
				}
			,{
				"<=msec": 16.000
				,"percent": 13.55
				}
			,{
				"<=msec": 17.000
				,"percent": 15.45
				}
			,{
				"<=msec": 18.000
				,"percent": 17.79
				}
			,{
				"<=msec": 19.000
				,"percent": 20.16
				}
			,{
				"<=msec": 20.000
				,"percent": 22.37
				}
			,{
				"<=msec": 21.000
				,"percent": 24.73
				}
			,{
				"<=msec": 22.000
				,"percent": 27.81
				}
			,{
				"<=msec": 23.000
				,"percent": 32.53
				}
			,{
				"<=msec": 24.000
				,"percent": 38.38
				}
			,{
				"<=msec": 25.000
				,"percent": 44.92
				}
			,{
				"<=msec": 26.000
				,"percent": 50.50
				}
			,{
				"<=msec": 27.000
				,"percent": 55.26
				}
			,{
				"<=msec": 28.000
				,"percent": 59.75
				}
			,{
				"<=msec": 29.000
				,"percent": 64.71
				}
			,{
				"<=msec": 30.000
				,"percent": 70.28
				}
			,{
				"<=msec": 31.000
				,"percent": 75.98
				}
			,{
				"<=msec": 32.000
				,"percent": 80.54
				}
			,{
				"<=msec": 33.000
				,"percent": 84.12
				}
			,{
				"<=msec": 34.000
				,"percent": 86.91
				}
			,{
				"<=msec": 35.000
				,"percent": 89.25
				}
			,{
				"<=msec": 36.000
				,"percent": 91.37
				}
			,{
				"<=msec": 37.000
				,"percent": 93.05
				}
			,{
				"<=msec": 38.000
				,"percent": 94.44
				}
			,{
				"<=msec": 39.000
				,"percent": 95.46
				}
			,{
				"<=msec": 40.000
				,"percent": 96.21
				}
			,{
				"<=msec": 41.000
				,"percent": 96.76
				}
			,{
				"<=msec": 42.000
				,"percent": 97.21
				}
			,{
				"<=msec": 43.000
				,"percent": 97.57
				}
			,{
				"<=msec": 44.000
				,"percent": 97.88
				}
			,{
				"<=msec": 45.000
				,"percent": 98.11
				}
			,{
				"<=msec": 46.000
				,"percent": 98.26
				}
			,{
				"<=msec": 47.000
				,"percent": 98.42
				}
			,{
				"<=msec": 48.000
				,"percent": 98.55
				}
			,{
				"<=msec": 49.000
				,"percent": 98.68
				}
			,{
				"<=msec": 50.000
				,"percent": 98.79
				}
			,{
				"<=msec": 51.000
				,"percent": 98.95
				}
			,{
				"<=msec": 52.000
				,"percent": 99.08
				}
			,{
				"<=msec": 53.000
				,"percent": 99.20
				}
			,{
				"<=msec": 54.000
				,"percent": 99.33
				}
			,{
				"<=msec": 55.000
				,"percent": 99.40
				}
			,{
				"<=msec": 56.000
				,"percent": 99.47
				}
			,{
				"<=msec": 57.000
				,"percent": 99.53
				}
			,{
				"<=msec": 58.000
				,"percent": 99.59
				}
			,{
				"<=msec": 59.000
				,"percent": 99.65
				}
			,{
				"<=msec": 60.000
				,"percent": 99.68
				}
			,{
				"<=msec": 61.000
				,"percent": 99.73
				}
			,{
				"<=msec": 62.000
				,"percent": 99.77
				}
			,{
				"<=msec": 63.000
				,"percent": 99.79
				}
			,{
				"<=msec": 64.000
				,"percent": 99.81
				}
			,{
				"<=msec": 65.000
				,"percent": 99.84
				}
			,{
				"<=msec": 66.000
				,"percent": 99.86
				}
			,{
				"<=msec": 67.000
				,"percent": 99.87
				}
			,{
				"<=msec": 68.000
				,"percent": 99.88
				}
			,{
				"<=msec": 69.000
				,"percent": 99.89
				}
			,{
				"<=msec": 70.000
				,"percent": 99.90
				}
			,{
				"<=msec": 71.000
				,"percent": 99.91
				}
			,{
				"<=msec": 72.000
				,"percent": 99.91
				}
			,{
				"<=msec": 73.000
				,"percent": 99.92
				}
			,{
				"<=msec": 74.000
				,"percent": 99.92
				}
			,{
				"<=msec": 75.000
				,"percent": 99.92
				}
			,{
				"<=msec": 76.000
				,"percent": 99.92
				}
			,{
				"<=msec": 77.000
				,"percent": 99.93
				}
			,{
				"<=msec": 80.000
				,"percent": 99.93
				}
			,{
				"<=msec": 84.000
				,"percent": 99.93
				}
			,{
				"<=msec": 87.000
				,"percent": 99.93
				}
			,{
				"<=msec": 90.000
				,"percent": 99.94
				}
			,{
				"<=msec": 91.000
				,"percent": 99.94
				}
			,{
				"<=msec": 92.000
				,"percent": 99.94
				}
			,{
				"<=msec": 93.000
				,"percent": 99.94
				}
			,{
				"<=msec": 94.000
				,"percent": 99.95
				}
			,{
				"<=msec": 97.000
				,"percent": 99.95
				}
			,{
				"<=msec": 98.000
				,"percent": 99.96
				}
			,{
				"<=msec": 99.000
				,"percent": 99.96
				}
			,{
				"<=msec": 100.000
				,"percent": 99.97
				}
			,{
				"<=msec": 110.000
				,"percent": 99.97
				}
			,{
				"<=msec": 120.000
				,"percent": 99.99
				}
			,{
				"<=msec": 130.000
				,"percent": 100.00
				}
			]
		,"WAIT":[
		]
		}
	}
