{
	"configuration":{
		"server": "10.0.0.8"
		,"port": 6379
		,"unix socket": "(null)"
		,"protocol": "memcache_text"
		,"out_file": "(null)"
		,"client_stats": "(null)"
		,"run_count": 1
		,"debug": 0
		,"requests": 0
		,"clients": 32
		,"threads": 1
		,"test_time": 75
		,"ratio": "0:1"
		,"pipeline": 1
		,"data_size": 1024
		,"data_offset": 0
		,"random_data": "false"
		,"data_size_range": "0:0"
		,"data_size_list": ""
		,"data_size_pattern": "R"
		,"expiry_range": "9999:10000"
		,"data_import": "(null)"
		,"data_verify": "false"
		,"verify_only": "false"
		,"generate_keys": "false"
		,"key_prefix": "memtier-"
		,"key_minimum":           0
		,"key_maximum":       10000
		,"key_pattern": "R:R"
		,"key_stddev": 0.000000
		,"key_median": 0.000000
		,"reconnect_interval": 0
		,"multi_key_get": 0
		,"authenticate": ""
		,"select-db": 0
		,"no-expiry": "false"
		,"wait-ratio": "0:0"
		,"num-slaves": "0:0"
		,"wait-timeout": "0-0"
		}
	,"run information":{
		"Threads": 1
		,"Connections per thread": 32
		,"Seconds": 75
		}
	,"ALL STATS":{
		"Sets":{
			"Ops/sec": 0.00
			,"Hits/sec": 0.00
			,"Misses/sec": 0.00
			,"Latency": 0.00
			,"KB/sec": 0.00
			}
		,"Gets":{
			"Ops/sec": 798.12
			,"Hits/sec": 798.12
			,"Misses/sec": 0.00
			,"Latency": 40.08
			,"KB/sec": 838.50
			}
		,"Waits":{
			"Ops/sec": 0.00
			,"Hits/sec": 0.00
			,"Misses/sec": 0.00
			,"Latency": 0.00
			,"KB/sec": 0.00
			}
		,"Totals":{
			"Ops/sec": 798.12
			,"Hits/sec": 798.12
			,"Misses/sec": 0.00
			,"Latency": 40.08
			,"KB/sec": 838.50
			}
		,"SET":[
		]
		,"GET":[
			{
				"<=msec": 4.000
				,"percent": 0.01
				}
			,{
				"<=msec": 4.300
				,"percent": 0.01
				}
			,{
				"<=msec": 4.400
				,"percent": 0.01
				}
			,{
				"<=msec": 4.600
				,"percent": 0.02
				}
			,{
				"<=msec": 4.700
				,"percent": 0.02
				}
			,{
				"<=msec": 4.900
				,"percent": 0.02
				}
			,{
				"<=msec": 5.000
				,"percent": 0.02
				}
			,{
				"<=msec": 5.200
				,"percent": 0.03
				}
			,{
				"<=msec": 5.500
				,"percent": 0.04
				}
			,{
				"<=msec": 5.600
				,"percent": 0.04
				}
			,{
				"<=msec": 5.700
				,"percent": 0.05
				}
			,{
				"<=msec": 5.800
				,"percent": 0.06
				}
			,{
				"<=msec": 5.900
				,"percent": 0.07
				}
			,{
				"<=msec": 6.000
				,"percent": 0.08
				}
			,{
				"<=msec": 6.100
				,"percent": 0.08
				}
			,{
				"<=msec": 6.200
				,"percent": 0.09
				}
			,{
				"<=msec": 6.300
				,"percent": 0.10
				}
			,{
				"<=msec": 6.400
				,"percent": 0.11
				}
			,{
				"<=msec": 6.500
				,"percent": 0.12
				}
			,{
				"<=msec": 6.600
				,"percent": 0.13
				}
			,{
				"<=msec": 6.700
				,"percent": 0.15
				}
			,{
				"<=msec": 6.800
				,"percent": 0.16
				}
			,{
				"<=msec": 6.900
				,"percent": 0.18
				}
			,{
				"<=msec": 7.000
				,"percent": 0.19
				}
			,{
				"<=msec": 7.100
				,"percent": 0.20
				}
			,{
				"<=msec": 7.200
				,"percent": 0.21
				}
			,{
				"<=msec": 7.300
				,"percent": 0.23
				}
			,{
				"<=msec": 7.400
				,"percent": 0.25
				}
			,{
				"<=msec": 7.500
				,"percent": 0.26
				}
			,{
				"<=msec": 7.600
				,"percent": 0.29
				}
			,{
				"<=msec": 7.700
				,"percent": 0.32
				}
			,{
				"<=msec": 7.800
				,"percent": 0.35
				}
			,{
				"<=msec": 7.900
				,"percent": 0.37
				}
			,{
				"<=msec": 8.000
				,"percent": 0.40
				}
			,{
				"<=msec": 8.100
				,"percent": 0.41
				}
			,{
				"<=msec": 8.200
				,"percent": 0.44
				}
			,{
				"<=msec": 8.300
				,"percent": 0.48
				}
			,{
				"<=msec": 8.400
				,"percent": 0.51
				}
			,{
				"<=msec": 8.500
				,"percent": 0.54
				}
			,{
				"<=msec": 8.600
				,"percent": 0.57
				}
			,{
				"<=msec": 8.700
				,"percent": 0.61
				}
			,{
				"<=msec": 8.800
				,"percent": 0.66
				}
			,{
				"<=msec": 8.900
				,"percent": 0.70
				}
			,{
				"<=msec": 9.000
				,"percent": 0.76
				}
			,{
				"<=msec": 9.100
				,"percent": 0.80
				}
			,{
				"<=msec": 9.200
				,"percent": 0.84
				}
			,{
				"<=msec": 9.300
				,"percent": 0.87
				}
			,{
				"<=msec": 9.400
				,"percent": 0.94
				}
			,{
				"<=msec": 9.500
				,"percent": 0.99
				}
			,{
				"<=msec": 9.600
				,"percent": 1.04
				}
			,{
				"<=msec": 9.700
				,"percent": 1.09
				}
			,{
				"<=msec": 9.800
				,"percent": 1.14
				}
			,{
				"<=msec": 9.900
				,"percent": 1.19
				}
			,{
				"<=msec": 10.000
				,"percent": 1.55
				}
			,{
				"<=msec": 11.000
				,"percent": 2.26
				}
			,{
				"<=msec": 12.000
				,"percent": 3.20
				}
			,{
				"<=msec": 13.000
				,"percent": 4.19
				}
			,{
				"<=msec": 14.000
				,"percent": 5.21
				}
			,{
				"<=msec": 15.000
				,"percent": 6.22
				}
			,{
				"<=msec": 16.000
				,"percent": 7.01
				}
			,{
				"<=msec": 17.000
				,"percent": 7.72
				}
			,{
				"<=msec": 18.000
				,"percent": 8.27
				}
			,{
				"<=msec": 19.000
				,"percent": 8.75
				}
			,{
				"<=msec": 20.000
				,"percent": 9.14
				}
			,{
				"<=msec": 21.000
				,"percent": 9.52
				}
			,{
				"<=msec": 22.000
				,"percent": 9.88
				}
			,{
				"<=msec": 23.000
				,"percent": 10.22
				}
			,{
				"<=msec": 24.000
				,"percent": 10.58
				}
			,{
				"<=msec": 25.000
				,"percent": 11.05
				}
			,{
				"<=msec": 26.000
				,"percent": 11.60
				}
			,{
				"<=msec": 27.000
				,"percent": 12.10
				}
			,{
				"<=msec": 28.000
				,"percent": 12.73
				}
			,{
				"<=msec": 29.000
				,"percent": 13.42
				}
			,{
				"<=msec": 30.000
				,"percent": 14.28
				}
			,{
				"<=msec": 31.000
				,"percent": 15.32
				}
			,{
				"<=msec": 32.000
				,"percent": 16.59
				}
			,{
				"<=msec": 33.000
				,"percent": 18.16
				}
			,{
				"<=msec": 34.000
				,"percent": 20.04
				}
			,{
				"<=msec": 35.000
				,"percent": 22.54
				}
			,{
				"<=msec": 36.000
				,"percent": 25.24
				}
			,{
				"<=msec": 37.000
				,"percent": 28.54
				}
			,{
				"<=msec": 38.000
				,"percent": 32.72
				}
			,{
				"<=msec": 39.000
				,"percent": 37.44
				}
			,{
				"<=msec": 40.000
				,"percent": 42.40
				}
			,{
				"<=msec": 41.000
				,"percent": 47.80
				}
			,{
				"<=msec": 42.000
				,"percent": 53.63
				}
			,{
				"<=msec": 43.000
				,"percent": 59.65
				}
			,{
				"<=msec": 44.000
				,"percent": 65.49
				}
			,{
				"<=msec": 45.000
				,"percent": 71.13
				}
			,{
				"<=msec": 46.000
				,"percent": 76.40
				}
			,{
				"<=msec": 47.000
				,"percent": 80.80
				}
			,{
				"<=msec": 48.000
				,"percent": 84.47
				}
			,{
				"<=msec": 49.000
				,"percent": 87.39
				}
			,{
				"<=msec": 50.000
				,"percent": 89.85
				}
			,{
				"<=msec": 51.000
				,"percent": 91.73
				}
			,{
				"<=msec": 52.000
				,"percent": 93.12
				}
			,{
				"<=msec": 53.000
				,"percent": 94.25
				}
			,{
				"<=msec": 54.000
				,"percent": 95.10
				}
			,{
				"<=msec": 55.000
				,"percent": 95.79
				}
			,{
				"<=msec": 56.000
				,"percent": 96.31
				}
			,{
				"<=msec": 57.000
				,"percent": 96.74
				}
			,{
				"<=msec": 58.000
				,"percent": 97.09
				}
			,{
				"<=msec": 59.000
				,"percent": 97.38
				}
			,{
				"<=msec": 60.000
				,"percent": 97.62
				}
			,{
				"<=msec": 61.000
				,"percent": 97.86
				}
			,{
				"<=msec": 62.000
				,"percent": 98.06
				}
			,{
				"<=msec": 63.000
				,"percent": 98.29
				}
			,{
				"<=msec": 64.000
				,"percent": 98.47
				}
			,{
				"<=msec": 65.000
				,"percent": 98.63
				}
			,{
				"<=msec": 66.000
				,"percent": 98.77
				}
			,{
				"<=msec": 67.000
				,"percent": 98.93
				}
			,{
				"<=msec": 68.000
				,"percent": 99.07
				}
			,{
				"<=msec": 69.000
				,"percent": 99.14
				}
			,{
				"<=msec": 70.000
				,"percent": 99.22
				}
			,{
				"<=msec": 71.000
				,"percent": 99.30
				}
			,{
				"<=msec": 72.000
				,"percent": 99.38
				}
			,{
				"<=msec": 73.000
				,"percent": 99.47
				}
			,{
				"<=msec": 74.000
				,"percent": 99.54
				}
			,{
				"<=msec": 75.000
				,"percent": 99.59
				}
			,{
				"<=msec": 76.000
				,"percent": 99.64
				}
			,{
				"<=msec": 77.000
				,"percent": 99.68
				}
			,{
				"<=msec": 78.000
				,"percent": 99.71
				}
			,{
				"<=msec": 79.000
				,"percent": 99.75
				}
			,{
				"<=msec": 80.000
				,"percent": 99.77
				}
			,{
				"<=msec": 81.000
				,"percent": 99.79
				}
			,{
				"<=msec": 82.000
				,"percent": 99.82
				}
			,{
				"<=msec": 83.000
				,"percent": 99.83
				}
			,{
				"<=msec": 84.000
				,"percent": 99.85
				}
			,{
				"<=msec": 85.000
				,"percent": 99.87
				}
			,{
				"<=msec": 86.000
				,"percent": 99.88
				}
			,{
				"<=msec": 87.000
				,"percent": 99.90
				}
			,{
				"<=msec": 88.000
				,"percent": 99.91
				}
			,{
				"<=msec": 89.000
				,"percent": 99.92
				}
			,{
				"<=msec": 90.000
				,"percent": 99.93
				}
			,{
				"<=msec": 91.000
				,"percent": 99.93
				}
			,{
				"<=msec": 92.000
				,"percent": 99.94
				}
			,{
				"<=msec": 93.000
				,"percent": 99.94
				}
			,{
				"<=msec": 94.000
				,"percent": 99.94
				}
			,{
				"<=msec": 95.000
				,"percent": 99.94
				}
			,{
				"<=msec": 97.000
				,"percent": 99.95
				}
			,{
				"<=msec": 98.000
				,"percent": 99.95
				}
			,{
				"<=msec": 99.000
				,"percent": 99.95
				}
			,{
				"<=msec": 100.000
				,"percent": 99.95
				}
			,{
				"<=msec": 110.000
				,"percent": 100.00
				}
			]
		,"WAIT":[
		]
		}
	}
