{
	"configuration":{
		"server": "10.0.0.8"
		,"port": 6379
		,"unix socket": "(null)"
		,"protocol": "memcache_text"
		,"out_file": "(null)"
		,"client_stats": "(null)"
		,"run_count": 1
		,"debug": 0
		,"requests": 0
		,"clients": 32
		,"threads": 1
		,"test_time": 75
		,"ratio": "1:0"
		,"pipeline": 1
		,"data_size": 1024
		,"data_offset": 0
		,"random_data": "false"
		,"data_size_range": "0:0"
		,"data_size_list": ""
		,"data_size_pattern": "R"
		,"expiry_range": "9999:10000"
		,"data_import": "(null)"
		,"data_verify": "false"
		,"verify_only": "false"
		,"generate_keys": "false"
		,"key_prefix": "memtier-"
		,"key_minimum":           0
		,"key_maximum":       10000
		,"key_pattern": "R:R"
		,"key_stddev": 0.000000
		,"key_median": 0.000000
		,"reconnect_interval": 0
		,"multi_key_get": 0
		,"authenticate": ""
		,"select-db": 0
		,"no-expiry": "false"
		,"wait-ratio": "0:0"
		,"num-slaves": "0:0"
		,"wait-timeout": "0-0"
		}
	,"run information":{
		"Threads": 1
		,"Connections per thread": 32
		,"Seconds": 75
		}
	,"ALL STATS":{
		"Sets":{
			"Ops/sec": 893.40
			,"Hits/sec": 0.00
			,"Misses/sec": 0.00
			,"Latency": 35.81
			,"KB/sec": 928.62
			}
		,"Gets":{
			"Ops/sec": 0.00
			,"Hits/sec": 0.00
			,"Misses/sec": 0.00
			,"Latency": 0.00
			,"KB/sec": 0.00
			}
		,"Waits":{
			"Ops/sec": 0.00
			,"Hits/sec": 0.00
			,"Misses/sec": 0.00
			,"Latency": 0.00
			,"KB/sec": 0.00
			}
		,"Totals":{
			"Ops/sec": 893.40
			,"Hits/sec": 0.00
			,"Misses/sec": 0.00
			,"Latency": 35.81
			,"KB/sec": 928.62
			}
		,"SET":[
			{
				"<=msec": 4.200
				,"percent": 0.00
				}
			,{
				"<=msec": 4.300
				,"percent": 0.00
				}
			,{
				"<=msec": 4.400
				,"percent": 0.02
				}
			,{
				"<=msec": 4.500
				,"percent": 0.02
				}
			,{
				"<=msec": 4.600
				,"percent": 0.02
				}
			,{
				"<=msec": 4.700
				,"percent": 0.04
				}
			,{
				"<=msec": 4.800
				,"percent": 0.06
				}
			,{
				"<=msec": 4.900
				,"percent": 0.07
				}
			,{
				"<=msec": 5.000
				,"percent": 0.08
				}
			,{
				"<=msec": 5.100
				,"percent": 0.09
				}
			,{
				"<=msec": 5.200
				,"percent": 0.10
				}
			,{
				"<=msec": 5.300
				,"percent": 0.11
				}
			,{
				"<=msec": 5.400
				,"percent": 0.11
				}
			,{
				"<=msec": 5.500
				,"percent": 0.12
				}
			,{
				"<=msec": 5.600
				,"percent": 0.13
				}
			,{
				"<=msec": 5.700
				,"percent": 0.14
				}
			,{
				"<=msec": 5.800
				,"percent": 0.16
				}
			,{
				"<=msec": 5.900
				,"percent": 0.16
				}
			,{
				"<=msec": 6.000
				,"percent": 0.17
				}
			,{
				"<=msec": 6.100
				,"percent": 0.18
				}
			,{
				"<=msec": 6.200
				,"percent": 0.19
				}
			,{
				"<=msec": 6.300
				,"percent": 0.21
				}
			,{
				"<=msec": 6.400
				,"percent": 0.23
				}
			,{
				"<=msec": 6.500
				,"percent": 0.23
				}
			,{
				"<=msec": 6.600
				,"percent": 0.24
				}
			,{
				"<=msec": 6.700
				,"percent": 0.25
				}
			,{
				"<=msec": 6.800
				,"percent": 0.26
				}
			,{
				"<=msec": 6.900
				,"percent": 0.27
				}
			,{
				"<=msec": 7.000
				,"percent": 0.29
				}
			,{
				"<=msec": 7.100
				,"percent": 0.31
				}
			,{
				"<=msec": 7.200
				,"percent": 0.33
				}
			,{
				"<=msec": 7.300
				,"percent": 0.35
				}
			,{
				"<=msec": 7.400
				,"percent": 0.37
				}
			,{
				"<=msec": 7.500
				,"percent": 0.40
				}
			,{
				"<=msec": 7.600
				,"percent": 0.42
				}
			,{
				"<=msec": 7.700
				,"percent": 0.42
				}
			,{
				"<=msec": 7.800
				,"percent": 0.44
				}
			,{
				"<=msec": 7.900
				,"percent": 0.46
				}
			,{
				"<=msec": 8.000
				,"percent": 0.47
				}
			,{
				"<=msec": 8.100
				,"percent": 0.49
				}
			,{
				"<=msec": 8.200
				,"percent": 0.52
				}
			,{
				"<=msec": 8.300
				,"percent": 0.57
				}
			,{
				"<=msec": 8.400
				,"percent": 0.60
				}
			,{
				"<=msec": 8.500
				,"percent": 0.64
				}
			,{
				"<=msec": 8.600
				,"percent": 0.68
				}
			,{
				"<=msec": 8.700
				,"percent": 0.71
				}
			,{
				"<=msec": 8.800
				,"percent": 0.76
				}
			,{
				"<=msec": 8.900
				,"percent": 0.82
				}
			,{
				"<=msec": 9.000
				,"percent": 0.85
				}
			,{
				"<=msec": 9.100
				,"percent": 0.90
				}
			,{
				"<=msec": 9.200
				,"percent": 0.96
				}
			,{
				"<=msec": 9.300
				,"percent": 1.02
				}
			,{
				"<=msec": 9.400
				,"percent": 1.05
				}
			,{
				"<=msec": 9.500
				,"percent": 1.13
				}
			,{
				"<=msec": 9.600
				,"percent": 1.18
				}
			,{
				"<=msec": 9.700
				,"percent": 1.25
				}
			,{
				"<=msec": 9.800
				,"percent": 1.30
				}
			,{
				"<=msec": 9.900
				,"percent": 1.37
				}
			,{
				"<=msec": 10.000
				,"percent": 1.74
				}
			,{
				"<=msec": 11.000
				,"percent": 2.38
				}
			,{
				"<=msec": 12.000
				,"percent": 3.03
				}
			,{
				"<=msec": 13.000
				,"percent": 3.57
				}
			,{
				"<=msec": 14.000
				,"percent": 4.10
				}
			,{
				"<=msec": 15.000
				,"percent": 4.59
				}
			,{
				"<=msec": 16.000
				,"percent": 5.06
				}
			,{
				"<=msec": 17.000
				,"percent": 5.54
				}
			,{
				"<=msec": 18.000
				,"percent": 6.02
				}
			,{
				"<=msec": 19.000
				,"percent": 6.60
				}
			,{
				"<=msec": 20.000
				,"percent": 7.16
				}
			,{
				"<=msec": 21.000
				,"percent": 7.74
				}
			,{
				"<=msec": 22.000
				,"percent": 8.32
				}
			,{
				"<=msec": 23.000
				,"percent": 9.00
				}
			,{
				"<=msec": 24.000
				,"percent": 9.94
				}
			,{
				"<=msec": 25.000
				,"percent": 11.58
				}
			,{
				"<=msec": 26.000
				,"percent": 14.28
				}
			,{
				"<=msec": 27.000
				,"percent": 17.19
				}
			,{
				"<=msec": 28.000
				,"percent": 19.63
				}
			,{
				"<=msec": 29.000
				,"percent": 22.24
				}
			,{
				"<=msec": 30.000
				,"percent": 25.67
				}
			,{
				"<=msec": 31.000
				,"percent": 30.94
				}
			,{
				"<=msec": 32.000
				,"percent": 38.36
				}
			,{
				"<=msec": 33.000
				,"percent": 46.22
				}
			,{
				"<=msec": 34.000
				,"percent": 52.67
				}
			,{
				"<=msec": 35.000
				,"percent": 57.75
				}
			,{
				"<=msec": 36.000
				,"percent": 61.92
				}
			,{
				"<=msec": 37.000
				,"percent": 66.01
				}
			,{
				"<=msec": 38.000
				,"percent": 70.36
				}
			,{
				"<=msec": 39.000
				,"percent": 74.29
				}
			,{
				"<=msec": 40.000
				,"percent": 77.34
				}
			,{
				"<=msec": 41.000
				,"percent": 79.74
				}
			,{
				"<=msec": 42.000
				,"percent": 81.53
				}
			,{
				"<=msec": 43.000
				,"percent": 82.89
				}
			,{
				"<=msec": 44.000
				,"percent": 84.08
				}
			,{
				"<=msec": 45.000
				,"percent": 85.11
				}
			,{
				"<=msec": 46.000
				,"percent": 86.07
				}
			,{
				"<=msec": 47.000
				,"percent": 86.90
				}
			,{
				"<=msec": 48.000
				,"percent": 87.71
				}
			,{
				"<=msec": 49.000
				,"percent": 88.39
				}
			,{
				"<=msec": 50.000
				,"percent": 89.09
				}
			,{
				"<=msec": 51.000
				,"percent": 89.82
				}
			,{
				"<=msec": 52.000
				,"percent": 90.65
				}
			,{
				"<=msec": 53.000
				,"percent": 91.51
				}
			,{
				"<=msec": 54.000
				,"percent": 92.17
				}
			,{
				"<=msec": 55.000
				,"percent": 92.85
				}
			,{
				"<=msec": 56.000
				,"percent": 93.48
				}
			,{
				"<=msec": 57.000
				,"percent": 94.08
				}
			,{
				"<=msec": 58.000
				,"percent": 94.62
				}
			,{
				"<=msec": 59.000
				,"percent": 95.15
				}
			,{
				"<=msec": 60.000
				,"percent": 95.64
				}
			,{
				"<=msec": 61.000
				,"percent": 96.07
				}
			,{
				"<=msec": 62.000
				,"percent": 96.51
				}
			,{
				"<=msec": 63.000
				,"percent": 96.93
				}
			,{
				"<=msec": 64.000
				,"percent": 97.34
				}
			,{
				"<=msec": 65.000
				,"percent": 97.67
				}
			,{
				"<=msec": 66.000
				,"percent": 97.90
				}
			,{
				"<=msec": 67.000
				,"percent": 98.14
				}
			,{
				"<=msec": 68.000
				,"percent": 98.32
				}
			,{
				"<=msec": 69.000
				,"percent": 98.53
				}
			,{
				"<=msec": 70.000
				,"percent": 98.67
				}
			,{
				"<=msec": 71.000
				,"percent": 98.78
				}
			,{
				"<=msec": 72.000
				,"percent": 98.89
				}
			,{
				"<=msec": 73.000
				,"percent": 99.00
				}
			,{
				"<=msec": 74.000
				,"percent": 99.11
				}
			,{
				"<=msec": 75.000
				,"percent": 99.20
				}
			,{
				"<=msec": 76.000
				,"percent": 99.27
				}
			,{
				"<=msec": 77.000
				,"percent": 99.31
				}
			,{
				"<=msec": 78.000
				,"percent": 99.36
				}
			,{
				"<=msec": 79.000
				,"percent": 99.42
				}
			,{
				"<=msec": 80.000
				,"percent": 99.47
				}
			,{
				"<=msec": 81.000
				,"percent": 99.51
				}
			,{
				"<=msec": 82.000
				,"percent": 99.56
				}
			,{
				"<=msec": 83.000
				,"percent": 99.60
				}
			,{
				"<=msec": 84.000
				,"percent": 99.64
				}
			,{
				"<=msec": 85.000
				,"percent": 99.68
				}
			,{
				"<=msec": 86.000
				,"percent": 99.70
				}
			,{
				"<=msec": 87.000
				,"percent": 99.74
				}
			,{
				"<=msec": 88.000
				,"percent": 99.76
				}
			,{
				"<=msec": 89.000
				,"percent": 99.80
				}
			,{
				"<=msec": 90.000
				,"percent": 99.83
				}
			,{
				"<=msec": 91.000
				,"percent": 99.86
				}
			,{
				"<=msec": 92.000
				,"percent": 99.89
				}
			,{
				"<=msec": 93.000
				,"percent": 99.90
				}
			,{
				"<=msec": 94.000
				,"percent": 99.90
				}
			,{
				"<=msec": 95.000
				,"percent": 99.92
				}
			,{
				"<=msec": 96.000
				,"percent": 99.92
				}
			,{
				"<=msec": 97.000
				,"percent": 99.92
				}
			,{
				"<=msec": 98.000
				,"percent": 99.93
				}
			,{
				"<=msec": 99.000
				,"percent": 99.94
				}
			,{
				"<=msec": 100.000
				,"percent": 99.97
				}
			,{
				"<=msec": 110.000
				,"percent": 100.00
				}
			]
		,"GET":[
		]
		,"WAIT":[
		]
		}
	}
