{
	"configuration":{
		"server": "10.0.0.8"
		,"port": 6379
		,"unix socket": "(null)"
		,"protocol": "memcache_text"
		,"out_file": "(null)"
		,"client_stats": "(null)"
		,"run_count": 1
		,"debug": 0
		,"requests": 0
		,"clients": 32
		,"threads": 1
		,"test_time": 75
		,"ratio": "1:0"
		,"pipeline": 1
		,"data_size": 1024
		,"data_offset": 0
		,"random_data": "false"
		,"data_size_range": "0:0"
		,"data_size_list": ""
		,"data_size_pattern": "R"
		,"expiry_range": "9999:10000"
		,"data_import": "(null)"
		,"data_verify": "false"
		,"verify_only": "false"
		,"generate_keys": "false"
		,"key_prefix": "memtier-"
		,"key_minimum":           0
		,"key_maximum":       10000
		,"key_pattern": "R:R"
		,"key_stddev": 0.000000
		,"key_median": 0.000000
		,"reconnect_interval": 0
		,"multi_key_get": 0
		,"authenticate": ""
		,"select-db": 0
		,"no-expiry": "false"
		,"wait-ratio": "0:0"
		,"num-slaves": "0:0"
		,"wait-timeout": "0-0"
		}
	,"run information":{
		"Threads": 1
		,"Connections per thread": 32
		,"Seconds": 75
		}
	,"ALL STATS":{
		"Sets":{
			"Ops/sec": 889.55
			,"Hits/sec": 0.00
			,"Misses/sec": 0.00
			,"Latency": 35.97
			,"KB/sec": 924.62
			}
		,"Gets":{
			"Ops/sec": 0.00
			,"Hits/sec": 0.00
			,"Misses/sec": 0.00
			,"Latency": 0.00
			,"KB/sec": 0.00
			}
		,"Waits":{
			"Ops/sec": 0.00
			,"Hits/sec": 0.00
			,"Misses/sec": 0.00
			,"Latency": 0.00
			,"KB/sec": 0.00
			}
		,"Totals":{
			"Ops/sec": 889.55
			,"Hits/sec": 0.00
			,"Misses/sec": 0.00
			,"Latency": 35.97
			,"KB/sec": 924.62
			}
		,"SET":[
			{
				"<=msec": 6.800
				,"percent": 0.00
				}
			,{
				"<=msec": 7.200
				,"percent": 0.00
				}
			,{
				"<=msec": 7.300
				,"percent": 0.01
				}
			,{
				"<=msec": 7.400
				,"percent": 0.01
				}
			,{
				"<=msec": 7.500
				,"percent": 0.01
				}
			,{
				"<=msec": 7.600
				,"percent": 0.02
				}
			,{
				"<=msec": 8.500
				,"percent": 0.02
				}
			,{
				"<=msec": 8.700
				,"percent": 0.02
				}
			,{
				"<=msec": 8.900
				,"percent": 0.02
				}
			,{
				"<=msec": 9.000
				,"percent": 0.03
				}
			,{
				"<=msec": 9.600
				,"percent": 0.03
				}
			,{
				"<=msec": 9.700
				,"percent": 0.04
				}
			,{
				"<=msec": 9.800
				,"percent": 0.04
				}
			,{
				"<=msec": 9.900
				,"percent": 0.08
				}
			,{
				"<=msec": 10.000
				,"percent": 0.10
				}
			,{
				"<=msec": 11.000
				,"percent": 0.25
				}
			,{
				"<=msec": 12.000
				,"percent": 0.57
				}
			,{
				"<=msec": 13.000
				,"percent": 1.01
				}
			,{
				"<=msec": 14.000
				,"percent": 1.29
				}
			,{
				"<=msec": 15.000
				,"percent": 1.46
				}
			,{
				"<=msec": 16.000
				,"percent": 1.71
				}
			,{
				"<=msec": 17.000
				,"percent": 2.07
				}
			,{
				"<=msec": 18.000
				,"percent": 2.54
				}
			,{
				"<=msec": 19.000
				,"percent": 3.33
				}
			,{
				"<=msec": 20.000
				,"percent": 4.22
				}
			,{
				"<=msec": 21.000
				,"percent": 4.96
				}
			,{
				"<=msec": 22.000
				,"percent": 5.72
				}
			,{
				"<=msec": 23.000
				,"percent": 6.66
				}
			,{
				"<=msec": 24.000
				,"percent": 8.01
				}
			,{
				"<=msec": 25.000
				,"percent": 10.31
				}
			,{
				"<=msec": 26.000
				,"percent": 13.58
				}
			,{
				"<=msec": 27.000
				,"percent": 16.93
				}
			,{
				"<=msec": 28.000
				,"percent": 19.73
				}
			,{
				"<=msec": 29.000
				,"percent": 22.64
				}
			,{
				"<=msec": 30.000
				,"percent": 26.76
				}
			,{
				"<=msec": 31.000
				,"percent": 32.80
				}
			,{
				"<=msec": 32.000
				,"percent": 41.06
				}
			,{
				"<=msec": 33.000
				,"percent": 49.17
				}
			,{
				"<=msec": 34.000
				,"percent": 55.30
				}
			,{
				"<=msec": 35.000
				,"percent": 59.93
				}
			,{
				"<=msec": 36.000
				,"percent": 63.77
				}
			,{
				"<=msec": 37.000
				,"percent": 67.86
				}
			,{
				"<=msec": 38.000
				,"percent": 71.98
				}
			,{
				"<=msec": 39.000
				,"percent": 75.55
				}
			,{
				"<=msec": 40.000
				,"percent": 78.25
				}
			,{
				"<=msec": 41.000
				,"percent": 80.45
				}
			,{
				"<=msec": 42.000
				,"percent": 82.14
				}
			,{
				"<=msec": 43.000
				,"percent": 83.37
				}
			,{
				"<=msec": 44.000
				,"percent": 84.48
				}
			,{
				"<=msec": 45.000
				,"percent": 85.46
				}
			,{
				"<=msec": 46.000
				,"percent": 86.39
				}
			,{
				"<=msec": 47.000
				,"percent": 87.23
				}
			,{
				"<=msec": 48.000
				,"percent": 87.96
				}
			,{
				"<=msec": 49.000
				,"percent": 88.70
				}
			,{
				"<=msec": 50.000
				,"percent": 89.35
				}
			,{
				"<=msec": 51.000
				,"percent": 90.10
				}
			,{
				"<=msec": 52.000
				,"percent": 90.88
				}
			,{
				"<=msec": 53.000
				,"percent": 91.66
				}
			,{
				"<=msec": 54.000
				,"percent": 92.36
				}
			,{
				"<=msec": 55.000
				,"percent": 92.99
				}
			,{
				"<=msec": 56.000
				,"percent": 93.64
				}
			,{
				"<=msec": 57.000
				,"percent": 94.24
				}
			,{
				"<=msec": 58.000
				,"percent": 94.79
				}
			,{
				"<=msec": 59.000
				,"percent": 95.32
				}
			,{
				"<=msec": 60.000
				,"percent": 95.79
				}
			,{
				"<=msec": 61.000
				,"percent": 96.29
				}
			,{
				"<=msec": 62.000
				,"percent": 96.76
				}
			,{
				"<=msec": 63.000
				,"percent": 97.16
				}
			,{
				"<=msec": 64.000
				,"percent": 97.54
				}
			,{
				"<=msec": 65.000
				,"percent": 97.83
				}
			,{
				"<=msec": 66.000
				,"percent": 98.06
				}
			,{
				"<=msec": 67.000
				,"percent": 98.27
				}
			,{
				"<=msec": 68.000
				,"percent": 98.46
				}
			,{
				"<=msec": 69.000
				,"percent": 98.64
				}
			,{
				"<=msec": 70.000
				,"percent": 98.79
				}
			,{
				"<=msec": 71.000
				,"percent": 98.92
				}
			,{
				"<=msec": 72.000
				,"percent": 99.02
				}
			,{
				"<=msec": 73.000
				,"percent": 99.11
				}
			,{
				"<=msec": 74.000
				,"percent": 99.19
				}
			,{
				"<=msec": 75.000
				,"percent": 99.27
				}
			,{
				"<=msec": 76.000
				,"percent": 99.31
				}
			,{
				"<=msec": 77.000
				,"percent": 99.38
				}
			,{
				"<=msec": 78.000
				,"percent": 99.42
				}
			,{
				"<=msec": 79.000
				,"percent": 99.47
				}
			,{
				"<=msec": 80.000
				,"percent": 99.51
				}
			,{
				"<=msec": 81.000
				,"percent": 99.57
				}
			,{
				"<=msec": 82.000
				,"percent": 99.60
				}
			,{
				"<=msec": 83.000
				,"percent": 99.64
				}
			,{
				"<=msec": 84.000
				,"percent": 99.70
				}
			,{
				"<=msec": 85.000
				,"percent": 99.72
				}
			,{
				"<=msec": 86.000
				,"percent": 99.75
				}
			,{
				"<=msec": 87.000
				,"percent": 99.78
				}
			,{
				"<=msec": 88.000
				,"percent": 99.80
				}
			,{
				"<=msec": 89.000
				,"percent": 99.82
				}
			,{
				"<=msec": 90.000
				,"percent": 99.85
				}
			,{
				"<=msec": 91.000
				,"percent": 99.88
				}
			,{
				"<=msec": 92.000
				,"percent": 99.90
				}
			,{
				"<=msec": 93.000
				,"percent": 99.91
				}
			,{
				"<=msec": 94.000
				,"percent": 99.91
				}
			,{
				"<=msec": 95.000
				,"percent": 99.91
				}
			,{
				"<=msec": 96.000
				,"percent": 99.92
				}
			,{
				"<=msec": 97.000
				,"percent": 99.92
				}
			,{
				"<=msec": 98.000
				,"percent": 99.93
				}
			,{
				"<=msec": 99.000
				,"percent": 99.93
				}
			,{
				"<=msec": 100.000
				,"percent": 99.97
				}
			,{
				"<=msec": 110.000
				,"percent": 100.00
				}
			]
		,"GET":[
		]
		,"WAIT":[
		]
		}
	}
