{
	"configuration":{
		"server": "10.0.0.8"
		,"port": 6379
		,"unix socket": "(null)"
		,"protocol": "memcache_text"
		,"out_file": "(null)"
		,"client_stats": "(null)"
		,"run_count": 1
		,"debug": 0
		,"requests": 0
		,"clients": 32
		,"threads": 1
		,"test_time": 75
		,"ratio": "1:0"
		,"pipeline": 1
		,"data_size": 1024
		,"data_offset": 0
		,"random_data": "false"
		,"data_size_range": "0:0"
		,"data_size_list": ""
		,"data_size_pattern": "R"
		,"expiry_range": "9999:10000"
		,"data_import": "(null)"
		,"data_verify": "false"
		,"verify_only": "false"
		,"generate_keys": "false"
		,"key_prefix": "memtier-"
		,"key_minimum":           0
		,"key_maximum":       10000
		,"key_pattern": "R:R"
		,"key_stddev": 0.000000
		,"key_median": 0.000000
		,"reconnect_interval": 0
		,"multi_key_get": 0
		,"authenticate": ""
		,"select-db": 0
		,"no-expiry": "false"
		,"wait-ratio": "0:0"
		,"num-slaves": "0:0"
		,"wait-timeout": "0-0"
		}
	,"run information":{
		"Threads": 1
		,"Connections per thread": 32
		,"Seconds": 75
		}
	,"ALL STATS":{
		"Sets":{
			"Ops/sec": 889.20
			,"Hits/sec": 0.00
			,"Misses/sec": 0.00
			,"Latency": 35.98
			,"KB/sec": 924.25
			}
		,"Gets":{
			"Ops/sec": 0.00
			,"Hits/sec": 0.00
			,"Misses/sec": 0.00
			,"Latency": 0.00
			,"KB/sec": 0.00
			}
		,"Waits":{
			"Ops/sec": 0.00
			,"Hits/sec": 0.00
			,"Misses/sec": 0.00
			,"Latency": 0.00
			,"KB/sec": 0.00
			}
		,"Totals":{
			"Ops/sec": 889.20
			,"Hits/sec": 0.00
			,"Misses/sec": 0.00
			,"Latency": 35.98
			,"KB/sec": 924.25
			}
		,"SET":[
			{
				"<=msec": 5.900
				,"percent": 0.00
				}
			,{
				"<=msec": 6.100
				,"percent": 0.01
				}
			,{
				"<=msec": 6.200
				,"percent": 0.01
				}
			,{
				"<=msec": 6.300
				,"percent": 0.01
				}
			,{
				"<=msec": 6.400
				,"percent": 0.01
				}
			,{
				"<=msec": 6.500
				,"percent": 0.02
				}
			,{
				"<=msec": 6.600
				,"percent": 0.02
				}
			,{
				"<=msec": 6.700
				,"percent": 0.02
				}
			,{
				"<=msec": 6.800
				,"percent": 0.03
				}
			,{
				"<=msec": 6.900
				,"percent": 0.03
				}
			,{
				"<=msec": 7.000
				,"percent": 0.04
				}
			,{
				"<=msec": 7.100
				,"percent": 0.05
				}
			,{
				"<=msec": 7.200
				,"percent": 0.06
				}
			,{
				"<=msec": 7.300
				,"percent": 0.06
				}
			,{
				"<=msec": 7.400
				,"percent": 0.07
				}
			,{
				"<=msec": 7.600
				,"percent": 0.07
				}
			,{
				"<=msec": 8.100
				,"percent": 0.07
				}
			,{
				"<=msec": 8.200
				,"percent": 0.08
				}
			,{
				"<=msec": 8.300
				,"percent": 0.08
				}
			,{
				"<=msec": 8.500
				,"percent": 0.08
				}
			,{
				"<=msec": 8.700
				,"percent": 0.09
				}
			,{
				"<=msec": 8.800
				,"percent": 0.09
				}
			,{
				"<=msec": 8.900
				,"percent": 0.09
				}
			,{
				"<=msec": 9.200
				,"percent": 0.09
				}
			,{
				"<=msec": 9.400
				,"percent": 0.10
				}
			,{
				"<=msec": 9.500
				,"percent": 0.10
				}
			,{
				"<=msec": 9.600
				,"percent": 0.10
				}
			,{
				"<=msec": 9.700
				,"percent": 0.11
				}
			,{
				"<=msec": 9.800
				,"percent": 0.11
				}
			,{
				"<=msec": 9.900
				,"percent": 0.12
				}
			,{
				"<=msec": 10.000
				,"percent": 0.16
				}
			,{
				"<=msec": 11.000
				,"percent": 0.31
				}
			,{
				"<=msec": 12.000
				,"percent": 0.62
				}
			,{
				"<=msec": 13.000
				,"percent": 1.12
				}
			,{
				"<=msec": 14.000
				,"percent": 1.57
				}
			,{
				"<=msec": 15.000
				,"percent": 1.94
				}
			,{
				"<=msec": 16.000
				,"percent": 2.26
				}
			,{
				"<=msec": 17.000
				,"percent": 2.58
				}
			,{
				"<=msec": 18.000
				,"percent": 2.99
				}
			,{
				"<=msec": 19.000
				,"percent": 3.58
				}
			,{
				"<=msec": 20.000
				,"percent": 4.33
				}
			,{
				"<=msec": 21.000
				,"percent": 5.19
				}
			,{
				"<=msec": 22.000
				,"percent": 6.24
				}
			,{
				"<=msec": 23.000
				,"percent": 7.27
				}
			,{
				"<=msec": 24.000
				,"percent": 8.49
				}
			,{
				"<=msec": 25.000
				,"percent": 10.76
				}
			,{
				"<=msec": 26.000
				,"percent": 13.78
				}
			,{
				"<=msec": 27.000
				,"percent": 16.91
				}
			,{
				"<=msec": 28.000
				,"percent": 19.79
				}
			,{
				"<=msec": 29.000
				,"percent": 22.67
				}
			,{
				"<=msec": 30.000
				,"percent": 26.42
				}
			,{
				"<=msec": 31.000
				,"percent": 31.83
				}
			,{
				"<=msec": 32.000
				,"percent": 39.17
				}
			,{
				"<=msec": 33.000
				,"percent": 46.89
				}
			,{
				"<=msec": 34.000
				,"percent": 53.41
				}
			,{
				"<=msec": 35.000
				,"percent": 58.41
				}
			,{
				"<=msec": 36.000
				,"percent": 62.71
				}
			,{
				"<=msec": 37.000
				,"percent": 66.60
				}
			,{
				"<=msec": 38.000
				,"percent": 70.54
				}
			,{
				"<=msec": 39.000
				,"percent": 74.25
				}
			,{
				"<=msec": 40.000
				,"percent": 77.21
				}
			,{
				"<=msec": 41.000
				,"percent": 79.56
				}
			,{
				"<=msec": 42.000
				,"percent": 81.39
				}
			,{
				"<=msec": 43.000
				,"percent": 83.02
				}
			,{
				"<=msec": 44.000
				,"percent": 84.38
				}
			,{
				"<=msec": 45.000
				,"percent": 85.60
				}
			,{
				"<=msec": 46.000
				,"percent": 86.71
				}
			,{
				"<=msec": 47.000
				,"percent": 87.61
				}
			,{
				"<=msec": 48.000
				,"percent": 88.40
				}
			,{
				"<=msec": 49.000
				,"percent": 89.24
				}
			,{
				"<=msec": 50.000
				,"percent": 89.95
				}
			,{
				"<=msec": 51.000
				,"percent": 90.68
				}
			,{
				"<=msec": 52.000
				,"percent": 91.47
				}
			,{
				"<=msec": 53.000
				,"percent": 92.18
				}
			,{
				"<=msec": 54.000
				,"percent": 92.79
				}
			,{
				"<=msec": 55.000
				,"percent": 93.43
				}
			,{
				"<=msec": 56.000
				,"percent": 94.07
				}
			,{
				"<=msec": 57.000
				,"percent": 94.64
				}
			,{
				"<=msec": 58.000
				,"percent": 95.28
				}
			,{
				"<=msec": 59.000
				,"percent": 95.70
				}
			,{
				"<=msec": 60.000
				,"percent": 96.24
				}
			,{
				"<=msec": 61.000
				,"percent": 96.70
				}
			,{
				"<=msec": 62.000
				,"percent": 97.12
				}
			,{
				"<=msec": 63.000
				,"percent": 97.52
				}
			,{
				"<=msec": 64.000
				,"percent": 97.80
				}
			,{
				"<=msec": 65.000
				,"percent": 98.01
				}
			,{
				"<=msec": 66.000
				,"percent": 98.25
				}
			,{
				"<=msec": 67.000
				,"percent": 98.50
				}
			,{
				"<=msec": 68.000
				,"percent": 98.71
				}
			,{
				"<=msec": 69.000
				,"percent": 98.87
				}
			,{
				"<=msec": 70.000
				,"percent": 99.02
				}
			,{
				"<=msec": 71.000
				,"percent": 99.10
				}
			,{
				"<=msec": 72.000
				,"percent": 99.18
				}
			,{
				"<=msec": 73.000
				,"percent": 99.27
				}
			,{
				"<=msec": 74.000
				,"percent": 99.33
				}
			,{
				"<=msec": 75.000
				,"percent": 99.39
				}
			,{
				"<=msec": 76.000
				,"percent": 99.43
				}
			,{
				"<=msec": 77.000
				,"percent": 99.46
				}
			,{
				"<=msec": 78.000
				,"percent": 99.49
				}
			,{
				"<=msec": 79.000
				,"percent": 99.54
				}
			,{
				"<=msec": 80.000
				,"percent": 99.57
				}
			,{
				"<=msec": 81.000
				,"percent": 99.60
				}
			,{
				"<=msec": 82.000
				,"percent": 99.63
				}
			,{
				"<=msec": 83.000
				,"percent": 99.67
				}
			,{
				"<=msec": 84.000
				,"percent": 99.72
				}
			,{
				"<=msec": 85.000
				,"percent": 99.75
				}
			,{
				"<=msec": 86.000
				,"percent": 99.78
				}
			,{
				"<=msec": 87.000
				,"percent": 99.80
				}
			,{
				"<=msec": 88.000
				,"percent": 99.82
				}
			,{
				"<=msec": 89.000
				,"percent": 99.86
				}
			,{
				"<=msec": 90.000
				,"percent": 99.88
				}
			,{
				"<=msec": 91.000
				,"percent": 99.90
				}
			,{
				"<=msec": 92.000
				,"percent": 99.91
				}
			,{
				"<=msec": 93.000
				,"percent": 99.93
				}
			,{
				"<=msec": 94.000
				,"percent": 99.93
				}
			,{
				"<=msec": 95.000
				,"percent": 99.94
				}
			,{
				"<=msec": 96.000
				,"percent": 99.94
				}
			,{
				"<=msec": 97.000
				,"percent": 99.94
				}
			,{
				"<=msec": 98.000
				,"percent": 99.94
				}
			,{
				"<=msec": 99.000
				,"percent": 99.95
				}
			,{
				"<=msec": 130.000
				,"percent": 99.95
				}
			,{
				"<=msec": 140.000
				,"percent": 99.99
				}
			,{
				"<=msec": 150.000
				,"percent": 100.00
				}
			]
		,"GET":[
		]
		,"WAIT":[
		]
		}
	}
