{
	"configuration":{
		"server": "10.0.0.8"
		,"port": 6379
		,"unix socket": "(null)"
		,"protocol": "memcache_text"
		,"out_file": "(null)"
		,"client_stats": "(null)"
		,"run_count": 1
		,"debug": 0
		,"requests": 0
		,"clients": 32
		,"threads": 1
		,"test_time": 75
		,"ratio": "1:0"
		,"pipeline": 1
		,"data_size": 1024
		,"data_offset": 0
		,"random_data": "false"
		,"data_size_range": "0:0"
		,"data_size_list": ""
		,"data_size_pattern": "R"
		,"expiry_range": "9999:10000"
		,"data_import": "(null)"
		,"data_verify": "false"
		,"verify_only": "false"
		,"generate_keys": "false"
		,"key_prefix": "memtier-"
		,"key_minimum":           0
		,"key_maximum":       10000
		,"key_pattern": "R:R"
		,"key_stddev": 0.000000
		,"key_median": 0.000000
		,"reconnect_interval": 0
		,"multi_key_get": 0
		,"authenticate": ""
		,"select-db": 0
		,"no-expiry": "false"
		,"wait-ratio": "0:0"
		,"num-slaves": "0:0"
		,"wait-timeout": "0-0"
		}
	,"run information":{
		"Threads": 1
		,"Connections per thread": 32
		,"Seconds": 75
		}
	,"ALL STATS":{
		"Sets":{
			"Ops/sec": 875.37
			,"Hits/sec": 0.00
			,"Misses/sec": 0.00
			,"Latency": 36.07
			,"KB/sec": 909.89
			}
		,"Gets":{
			"Ops/sec": 0.00
			,"Hits/sec": 0.00
			,"Misses/sec": 0.00
			,"Latency": 0.00
			,"KB/sec": 0.00
			}
		,"Waits":{
			"Ops/sec": 0.00
			,"Hits/sec": 0.00
			,"Misses/sec": 0.00
			,"Latency": 0.00
			,"KB/sec": 0.00
			}
		,"Totals":{
			"Ops/sec": 875.37
			,"Hits/sec": 0.00
			,"Misses/sec": 0.00
			,"Latency": 36.07
			,"KB/sec": 909.89
			}
		,"SET":[
			{
				"<=msec": 5.100
				,"percent": 0.00
				}
			,{
				"<=msec": 6.000
				,"percent": 0.00
				}
			,{
				"<=msec": 6.200
				,"percent": 0.01
				}
			,{
				"<=msec": 6.400
				,"percent": 0.01
				}
			,{
				"<=msec": 6.500
				,"percent": 0.01
				}
			,{
				"<=msec": 7.000
				,"percent": 0.01
				}
			,{
				"<=msec": 7.100
				,"percent": 0.02
				}
			,{
				"<=msec": 7.200
				,"percent": 0.02
				}
			,{
				"<=msec": 7.400
				,"percent": 0.02
				}
			,{
				"<=msec": 7.500
				,"percent": 0.03
				}
			,{
				"<=msec": 7.600
				,"percent": 0.03
				}
			,{
				"<=msec": 7.900
				,"percent": 0.04
				}
			,{
				"<=msec": 8.000
				,"percent": 0.04
				}
			,{
				"<=msec": 8.100
				,"percent": 0.04
				}
			,{
				"<=msec": 8.200
				,"percent": 0.05
				}
			,{
				"<=msec": 8.300
				,"percent": 0.05
				}
			,{
				"<=msec": 8.400
				,"percent": 0.05
				}
			,{
				"<=msec": 8.500
				,"percent": 0.06
				}
			,{
				"<=msec": 8.600
				,"percent": 0.06
				}
			,{
				"<=msec": 8.700
				,"percent": 0.07
				}
			,{
				"<=msec": 8.800
				,"percent": 0.08
				}
			,{
				"<=msec": 8.900
				,"percent": 0.08
				}
			,{
				"<=msec": 9.000
				,"percent": 0.09
				}
			,{
				"<=msec": 9.100
				,"percent": 0.11
				}
			,{
				"<=msec": 9.200
				,"percent": 0.11
				}
			,{
				"<=msec": 9.300
				,"percent": 0.12
				}
			,{
				"<=msec": 9.400
				,"percent": 0.12
				}
			,{
				"<=msec": 9.500
				,"percent": 0.14
				}
			,{
				"<=msec": 9.600
				,"percent": 0.15
				}
			,{
				"<=msec": 9.700
				,"percent": 0.16
				}
			,{
				"<=msec": 9.800
				,"percent": 0.17
				}
			,{
				"<=msec": 9.900
				,"percent": 0.18
				}
			,{
				"<=msec": 10.000
				,"percent": 0.24
				}
			,{
				"<=msec": 11.000
				,"percent": 0.38
				}
			,{
				"<=msec": 12.000
				,"percent": 0.67
				}
			,{
				"<=msec": 13.000
				,"percent": 1.03
				}
			,{
				"<=msec": 14.000
				,"percent": 1.44
				}
			,{
				"<=msec": 15.000
				,"percent": 1.84
				}
			,{
				"<=msec": 16.000
				,"percent": 2.21
				}
			,{
				"<=msec": 17.000
				,"percent": 2.51
				}
			,{
				"<=msec": 18.000
				,"percent": 2.91
				}
			,{
				"<=msec": 19.000
				,"percent": 3.48
				}
			,{
				"<=msec": 20.000
				,"percent": 4.17
				}
			,{
				"<=msec": 21.000
				,"percent": 4.98
				}
			,{
				"<=msec": 22.000
				,"percent": 6.07
				}
			,{
				"<=msec": 23.000
				,"percent": 6.98
				}
			,{
				"<=msec": 24.000
				,"percent": 8.15
				}
			,{
				"<=msec": 25.000
				,"percent": 10.26
				}
			,{
				"<=msec": 26.000
				,"percent": 13.27
				}
			,{
				"<=msec": 27.000
				,"percent": 16.45
				}
			,{
				"<=msec": 28.000
				,"percent": 19.48
				}
			,{
				"<=msec": 29.000
				,"percent": 22.34
				}
			,{
				"<=msec": 30.000
				,"percent": 26.06
				}
			,{
				"<=msec": 31.000
				,"percent": 31.49
				}
			,{
				"<=msec": 32.000
				,"percent": 38.81
				}
			,{
				"<=msec": 33.000
				,"percent": 46.66
				}
			,{
				"<=msec": 34.000
				,"percent": 53.07
				}
			,{
				"<=msec": 35.000
				,"percent": 58.07
				}
			,{
				"<=msec": 36.000
				,"percent": 62.36
				}
			,{
				"<=msec": 37.000
				,"percent": 66.36
				}
			,{
				"<=msec": 38.000
				,"percent": 70.32
				}
			,{
				"<=msec": 39.000
				,"percent": 74.09
				}
			,{
				"<=msec": 40.000
				,"percent": 77.03
				}
			,{
				"<=msec": 41.000
				,"percent": 79.35
				}
			,{
				"<=msec": 42.000
				,"percent": 81.23
				}
			,{
				"<=msec": 43.000
				,"percent": 82.76
				}
			,{
				"<=msec": 44.000
				,"percent": 84.20
				}
			,{
				"<=msec": 45.000
				,"percent": 85.51
				}
			,{
				"<=msec": 46.000
				,"percent": 86.54
				}
			,{
				"<=msec": 47.000
				,"percent": 87.42
				}
			,{
				"<=msec": 48.000
				,"percent": 88.28
				}
			,{
				"<=msec": 49.000
				,"percent": 89.06
				}
			,{
				"<=msec": 50.000
				,"percent": 89.82
				}
			,{
				"<=msec": 51.000
				,"percent": 90.64
				}
			,{
				"<=msec": 52.000
				,"percent": 91.43
				}
			,{
				"<=msec": 53.000
				,"percent": 92.12
				}
			,{
				"<=msec": 54.000
				,"percent": 92.71
				}
			,{
				"<=msec": 55.000
				,"percent": 93.35
				}
			,{
				"<=msec": 56.000
				,"percent": 93.98
				}
			,{
				"<=msec": 57.000
				,"percent": 94.64
				}
			,{
				"<=msec": 58.000
				,"percent": 95.18
				}
			,{
				"<=msec": 59.000
				,"percent": 95.67
				}
			,{
				"<=msec": 60.000
				,"percent": 96.17
				}
			,{
				"<=msec": 61.000
				,"percent": 96.66
				}
			,{
				"<=msec": 62.000
				,"percent": 97.09
				}
			,{
				"<=msec": 63.000
				,"percent": 97.50
				}
			,{
				"<=msec": 64.000
				,"percent": 97.78
				}
			,{
				"<=msec": 65.000
				,"percent": 98.02
				}
			,{
				"<=msec": 66.000
				,"percent": 98.28
				}
			,{
				"<=msec": 67.000
				,"percent": 98.50
				}
			,{
				"<=msec": 68.000
				,"percent": 98.73
				}
			,{
				"<=msec": 69.000
				,"percent": 98.91
				}
			,{
				"<=msec": 70.000
				,"percent": 99.05
				}
			,{
				"<=msec": 71.000
				,"percent": 99.13
				}
			,{
				"<=msec": 72.000
				,"percent": 99.19
				}
			,{
				"<=msec": 73.000
				,"percent": 99.25
				}
			,{
				"<=msec": 74.000
				,"percent": 99.33
				}
			,{
				"<=msec": 75.000
				,"percent": 99.40
				}
			,{
				"<=msec": 76.000
				,"percent": 99.45
				}
			,{
				"<=msec": 77.000
				,"percent": 99.48
				}
			,{
				"<=msec": 78.000
				,"percent": 99.51
				}
			,{
				"<=msec": 79.000
				,"percent": 99.56
				}
			,{
				"<=msec": 80.000
				,"percent": 99.59
				}
			,{
				"<=msec": 81.000
				,"percent": 99.62
				}
			,{
				"<=msec": 82.000
				,"percent": 99.65
				}
			,{
				"<=msec": 83.000
				,"percent": 99.68
				}
			,{
				"<=msec": 84.000
				,"percent": 99.73
				}
			,{
				"<=msec": 85.000
				,"percent": 99.76
				}
			,{
				"<=msec": 86.000
				,"percent": 99.77
				}
			,{
				"<=msec": 87.000
				,"percent": 99.80
				}
			,{
				"<=msec": 88.000
				,"percent": 99.83
				}
			,{
				"<=msec": 89.000
				,"percent": 99.88
				}
			,{
				"<=msec": 90.000
				,"percent": 99.89
				}
			,{
				"<=msec": 91.000
				,"percent": 99.91
				}
			,{
				"<=msec": 92.000
				,"percent": 99.92
				}
			,{
				"<=msec": 93.000
				,"percent": 99.94
				}
			,{
				"<=msec": 94.000
				,"percent": 99.94
				}
			,{
				"<=msec": 96.000
				,"percent": 99.94
				}
			,{
				"<=msec": 97.000
				,"percent": 99.95
				}
			,{
				"<=msec": 98.000
				,"percent": 99.95
				}
			,{
				"<=msec": 99.000
				,"percent": 99.95
				}
			,{
				"<=msec": 100.000
				,"percent": 99.95
				}
			,{
				"<=msec": 130.000
				,"percent": 99.96
				}
			,{
				"<=msec": 140.000
				,"percent": 100.00
				}
			,{
				"<=msec": 150.000
				,"percent": 100.00
				}
			]
		,"GET":[
		]
		,"WAIT":[
		]
		}
	}
