{
	"configuration":{
		"server": "10.0.0.8"
		,"port": 6379
		,"unix socket": "(null)"
		,"protocol": "memcache_text"
		,"out_file": "(null)"
		,"client_stats": "(null)"
		,"run_count": 1
		,"debug": 0
		,"requests": 0
		,"clients": 32
		,"threads": 1
		,"test_time": 75
		,"ratio": "1:0"
		,"pipeline": 1
		,"data_size": 1024
		,"data_offset": 0
		,"random_data": "false"
		,"data_size_range": "0:0"
		,"data_size_list": ""
		,"data_size_pattern": "R"
		,"expiry_range": "9999:10000"
		,"data_import": "(null)"
		,"data_verify": "false"
		,"verify_only": "false"
		,"generate_keys": "false"
		,"key_prefix": "memtier-"
		,"key_minimum":           0
		,"key_maximum":       10000
		,"key_pattern": "R:R"
		,"key_stddev": 0.000000
		,"key_median": 0.000000
		,"reconnect_interval": 0
		,"multi_key_get": 0
		,"authenticate": ""
		,"select-db": 0
		,"no-expiry": "false"
		,"wait-ratio": "0:0"
		,"num-slaves": "0:0"
		,"wait-timeout": "0-0"
		}
	,"run information":{
		"Threads": 1
		,"Connections per thread": 32
		,"Seconds": 75
		}
	,"ALL STATS":{
		"Sets":{
			"Ops/sec": 568.71
			,"Hits/sec": 0.00
			,"Misses/sec": 0.00
			,"Latency": 56.26
			,"KB/sec": 591.13
			}
		,"Gets":{
			"Ops/sec": 0.00
			,"Hits/sec": 0.00
			,"Misses/sec": 0.00
			,"Latency": 0.00
			,"KB/sec": 0.00
			}
		,"Waits":{
			"Ops/sec": 0.00
			,"Hits/sec": 0.00
			,"Misses/sec": 0.00
			,"Latency": 0.00
			,"KB/sec": 0.00
			}
		,"Totals":{
			"Ops/sec": 568.71
			,"Hits/sec": 0.00
			,"Misses/sec": 0.00
			,"Latency": 56.26
			,"KB/sec": 591.13
			}
		,"SET":[
			{
				"<=msec": 4.900
				,"percent": 0.00
				}
			,{
				"<=msec": 5.000
				,"percent": 0.00
				}
			,{
				"<=msec": 5.300
				,"percent": 0.01
				}
			,{
				"<=msec": 5.600
				,"percent": 0.01
				}
			,{
				"<=msec": 5.700
				,"percent": 0.01
				}
			,{
				"<=msec": 5.800
				,"percent": 0.01
				}
			,{
				"<=msec": 6.000
				,"percent": 0.02
				}
			,{
				"<=msec": 6.100
				,"percent": 0.02
				}
			,{
				"<=msec": 6.500
				,"percent": 0.02
				}
			,{
				"<=msec": 6.800
				,"percent": 0.03
				}
			,{
				"<=msec": 7.000
				,"percent": 0.03
				}
			,{
				"<=msec": 7.100
				,"percent": 0.04
				}
			,{
				"<=msec": 7.200
				,"percent": 0.05
				}
			,{
				"<=msec": 7.300
				,"percent": 0.05
				}
			,{
				"<=msec": 7.400
				,"percent": 0.07
				}
			,{
				"<=msec": 7.500
				,"percent": 0.09
				}
			,{
				"<=msec": 7.600
				,"percent": 0.10
				}
			,{
				"<=msec": 7.700
				,"percent": 0.12
				}
			,{
				"<=msec": 7.800
				,"percent": 0.12
				}
			,{
				"<=msec": 7.900
				,"percent": 0.14
				}
			,{
				"<=msec": 8.000
				,"percent": 0.15
				}
			,{
				"<=msec": 8.100
				,"percent": 0.16
				}
			,{
				"<=msec": 8.200
				,"percent": 0.17
				}
			,{
				"<=msec": 8.300
				,"percent": 0.17
				}
			,{
				"<=msec": 8.400
				,"percent": 0.18
				}
			,{
				"<=msec": 8.500
				,"percent": 0.22
				}
			,{
				"<=msec": 8.600
				,"percent": 0.26
				}
			,{
				"<=msec": 8.700
				,"percent": 0.29
				}
			,{
				"<=msec": 8.800
				,"percent": 0.34
				}
			,{
				"<=msec": 8.900
				,"percent": 0.41
				}
			,{
				"<=msec": 9.000
				,"percent": 0.45
				}
			,{
				"<=msec": 9.100
				,"percent": 0.52
				}
			,{
				"<=msec": 9.200
				,"percent": 0.61
				}
			,{
				"<=msec": 9.300
				,"percent": 0.67
				}
			,{
				"<=msec": 9.400
				,"percent": 0.71
				}
			,{
				"<=msec": 9.500
				,"percent": 0.78
				}
			,{
				"<=msec": 9.600
				,"percent": 0.85
				}
			,{
				"<=msec": 9.700
				,"percent": 0.91
				}
			,{
				"<=msec": 9.800
				,"percent": 0.96
				}
			,{
				"<=msec": 9.900
				,"percent": 1.03
				}
			,{
				"<=msec": 10.000
				,"percent": 1.51
				}
			,{
				"<=msec": 11.000
				,"percent": 2.15
				}
			,{
				"<=msec": 12.000
				,"percent": 2.54
				}
			,{
				"<=msec": 13.000
				,"percent": 2.76
				}
			,{
				"<=msec": 14.000
				,"percent": 3.10
				}
			,{
				"<=msec": 15.000
				,"percent": 3.70
				}
			,{
				"<=msec": 16.000
				,"percent": 4.43
				}
			,{
				"<=msec": 17.000
				,"percent": 5.10
				}
			,{
				"<=msec": 18.000
				,"percent": 5.85
				}
			,{
				"<=msec": 19.000
				,"percent": 6.87
				}
			,{
				"<=msec": 20.000
				,"percent": 7.79
				}
			,{
				"<=msec": 21.000
				,"percent": 8.61
				}
			,{
				"<=msec": 22.000
				,"percent": 9.13
				}
			,{
				"<=msec": 23.000
				,"percent": 9.51
				}
			,{
				"<=msec": 24.000
				,"percent": 9.88
				}
			,{
				"<=msec": 25.000
				,"percent": 10.16
				}
			,{
				"<=msec": 26.000
				,"percent": 10.50
				}
			,{
				"<=msec": 27.000
				,"percent": 10.80
				}
			,{
				"<=msec": 28.000
				,"percent": 11.13
				}
			,{
				"<=msec": 29.000
				,"percent": 11.54
				}
			,{
				"<=msec": 30.000
				,"percent": 12.03
				}
			,{
				"<=msec": 31.000
				,"percent": 12.54
				}
			,{
				"<=msec": 32.000
				,"percent": 12.93
				}
			,{
				"<=msec": 33.000
				,"percent": 13.27
				}
			,{
				"<=msec": 34.000
				,"percent": 13.59
				}
			,{
				"<=msec": 35.000
				,"percent": 13.83
				}
			,{
				"<=msec": 36.000
				,"percent": 14.05
				}
			,{
				"<=msec": 37.000
				,"percent": 14.23
				}
			,{
				"<=msec": 38.000
				,"percent": 14.62
				}
			,{
				"<=msec": 39.000
				,"percent": 15.00
				}
			,{
				"<=msec": 40.000
				,"percent": 15.27
				}
			,{
				"<=msec": 41.000
				,"percent": 15.53
				}
			,{
				"<=msec": 42.000
				,"percent": 15.88
				}
			,{
				"<=msec": 43.000
				,"percent": 16.15
				}
			,{
				"<=msec": 44.000
				,"percent": 16.39
				}
			,{
				"<=msec": 45.000
				,"percent": 16.53
				}
			,{
				"<=msec": 46.000
				,"percent": 16.67
				}
			,{
				"<=msec": 47.000
				,"percent": 16.81
				}
			,{
				"<=msec": 48.000
				,"percent": 16.93
				}
			,{
				"<=msec": 49.000
				,"percent": 17.12
				}
			,{
				"<=msec": 50.000
				,"percent": 17.27
				}
			,{
				"<=msec": 51.000
				,"percent": 17.52
				}
			,{
				"<=msec": 52.000
				,"percent": 17.86
				}
			,{
				"<=msec": 53.000
				,"percent": 19.02
				}
			,{
				"<=msec": 54.000
				,"percent": 21.39
				}
			,{
				"<=msec": 55.000
				,"percent": 25.65
				}
			,{
				"<=msec": 56.000
				,"percent": 30.78
				}
			,{
				"<=msec": 57.000
				,"percent": 36.44
				}
			,{
				"<=msec": 58.000
				,"percent": 42.84
				}
			,{
				"<=msec": 59.000
				,"percent": 49.10
				}
			,{
				"<=msec": 60.000
				,"percent": 55.25
				}
			,{
				"<=msec": 61.000
				,"percent": 60.96
				}
			,{
				"<=msec": 62.000
				,"percent": 66.29
				}
			,{
				"<=msec": 63.000
				,"percent": 70.96
				}
			,{
				"<=msec": 64.000
				,"percent": 75.27
				}
			,{
				"<=msec": 65.000
				,"percent": 78.61
				}
			,{
				"<=msec": 66.000
				,"percent": 81.94
				}
			,{
				"<=msec": 67.000
				,"percent": 84.56
				}
			,{
				"<=msec": 68.000
				,"percent": 86.68
				}
			,{
				"<=msec": 69.000
				,"percent": 88.29
				}
			,{
				"<=msec": 70.000
				,"percent": 89.63
				}
			,{
				"<=msec": 71.000
				,"percent": 90.63
				}
			,{
				"<=msec": 72.000
				,"percent": 91.72
				}
			,{
				"<=msec": 73.000
				,"percent": 92.63
				}
			,{
				"<=msec": 74.000
				,"percent": 93.40
				}
			,{
				"<=msec": 75.000
				,"percent": 94.24
				}
			,{
				"<=msec": 76.000
				,"percent": 94.97
				}
			,{
				"<=msec": 77.000
				,"percent": 95.66
				}
			,{
				"<=msec": 78.000
				,"percent": 96.26
				}
			,{
				"<=msec": 79.000
				,"percent": 96.70
				}
			,{
				"<=msec": 80.000
				,"percent": 97.17
				}
			,{
				"<=msec": 81.000
				,"percent": 97.68
				}
			,{
				"<=msec": 82.000
				,"percent": 98.10
				}
			,{
				"<=msec": 83.000
				,"percent": 98.36
				}
			,{
				"<=msec": 84.000
				,"percent": 98.52
				}
			,{
				"<=msec": 85.000
				,"percent": 98.70
				}
			,{
				"<=msec": 86.000
				,"percent": 98.88
				}
			,{
				"<=msec": 87.000
				,"percent": 99.02
				}
			,{
				"<=msec": 88.000
				,"percent": 99.20
				}
			,{
				"<=msec": 89.000
				,"percent": 99.31
				}
			,{
				"<=msec": 90.000
				,"percent": 99.40
				}
			,{
				"<=msec": 91.000
				,"percent": 99.44
				}
			,{
				"<=msec": 92.000
				,"percent": 99.49
				}
			,{
				"<=msec": 93.000
				,"percent": 99.59
				}
			,{
				"<=msec": 94.000
				,"percent": 99.67
				}
			,{
				"<=msec": 95.000
				,"percent": 99.71
				}
			,{
				"<=msec": 96.000
				,"percent": 99.71
				}
			,{
				"<=msec": 97.000
				,"percent": 99.74
				}
			,{
				"<=msec": 98.000
				,"percent": 99.77
				}
			,{
				"<=msec": 99.000
				,"percent": 99.81
				}
			,{
				"<=msec": 100.000
				,"percent": 99.85
				}
			,{
				"<=msec": 110.000
				,"percent": 99.92
				}
			,{
				"<=msec": 120.000
				,"percent": 99.93
				}
			,{
				"<=msec": 180.000
				,"percent": 99.99
				}
			,{
				"<=msec": 190.000
				,"percent": 100.00
				}
			]
		,"GET":[
		]
		,"WAIT":[
		]
		}
	}
