{
	"configuration":{
		"server": "10.0.0.8"
		,"port": 6379
		,"unix socket": "(null)"
		,"protocol": "memcache_text"
		,"out_file": "(null)"
		,"client_stats": "(null)"
		,"run_count": 1
		,"debug": 0
		,"requests": 0
		,"clients": 32
		,"threads": 1
		,"test_time": 75
		,"ratio": "1:0"
		,"pipeline": 1
		,"data_size": 1024
		,"data_offset": 0
		,"random_data": "false"
		,"data_size_range": "0:0"
		,"data_size_list": ""
		,"data_size_pattern": "R"
		,"expiry_range": "9999:10000"
		,"data_import": "(null)"
		,"data_verify": "false"
		,"verify_only": "false"
		,"generate_keys": "false"
		,"key_prefix": "memtier-"
		,"key_minimum":           0
		,"key_maximum":       10000
		,"key_pattern": "R:R"
		,"key_stddev": 0.000000
		,"key_median": 0.000000
		,"reconnect_interval": 0
		,"multi_key_get": 0
		,"authenticate": ""
		,"select-db": 0
		,"no-expiry": "false"
		,"wait-ratio": "0:0"
		,"num-slaves": "0:0"
		,"wait-timeout": "0-0"
		}
	,"run information":{
		"Threads": 1
		,"Connections per thread": 32
		,"Seconds": 75
		}
	,"ALL STATS":{
		"Sets":{
			"Ops/sec": 577.39
			,"Hits/sec": 0.00
			,"Misses/sec": 0.00
			,"Latency": 55.42
			,"KB/sec": 600.15
			}
		,"Gets":{
			"Ops/sec": 0.00
			,"Hits/sec": 0.00
			,"Misses/sec": 0.00
			,"Latency": 0.00
			,"KB/sec": 0.00
			}
		,"Waits":{
			"Ops/sec": 0.00
			,"Hits/sec": 0.00
			,"Misses/sec": 0.00
			,"Latency": 0.00
			,"KB/sec": 0.00
			}
		,"Totals":{
			"Ops/sec": 577.39
			,"Hits/sec": 0.00
			,"Misses/sec": 0.00
			,"Latency": 55.42
			,"KB/sec": 600.15
			}
		,"SET":[
			{
				"<=msec": 4.600
				,"percent": 0.00
				}
			,{
				"<=msec": 4.700
				,"percent": 0.01
				}
			,{
				"<=msec": 4.800
				,"percent": 0.01
				}
			,{
				"<=msec": 4.900
				,"percent": 0.02
				}
			,{
				"<=msec": 5.100
				,"percent": 0.02
				}
			,{
				"<=msec": 5.200
				,"percent": 0.03
				}
			,{
				"<=msec": 5.300
				,"percent": 0.03
				}
			,{
				"<=msec": 5.500
				,"percent": 0.03
				}
			,{
				"<=msec": 5.600
				,"percent": 0.05
				}
			,{
				"<=msec": 5.700
				,"percent": 0.05
				}
			,{
				"<=msec": 6.000
				,"percent": 0.06
				}
			,{
				"<=msec": 6.100
				,"percent": 0.07
				}
			,{
				"<=msec": 6.200
				,"percent": 0.07
				}
			,{
				"<=msec": 6.300
				,"percent": 0.08
				}
			,{
				"<=msec": 6.400
				,"percent": 0.08
				}
			,{
				"<=msec": 6.500
				,"percent": 0.09
				}
			,{
				"<=msec": 6.600
				,"percent": 0.10
				}
			,{
				"<=msec": 6.700
				,"percent": 0.10
				}
			,{
				"<=msec": 6.800
				,"percent": 0.11
				}
			,{
				"<=msec": 6.900
				,"percent": 0.12
				}
			,{
				"<=msec": 7.000
				,"percent": 0.13
				}
			,{
				"<=msec": 7.100
				,"percent": 0.16
				}
			,{
				"<=msec": 7.200
				,"percent": 0.17
				}
			,{
				"<=msec": 7.300
				,"percent": 0.19
				}
			,{
				"<=msec": 7.400
				,"percent": 0.21
				}
			,{
				"<=msec": 7.500
				,"percent": 0.24
				}
			,{
				"<=msec": 7.600
				,"percent": 0.26
				}
			,{
				"<=msec": 7.700
				,"percent": 0.27
				}
			,{
				"<=msec": 7.800
				,"percent": 0.30
				}
			,{
				"<=msec": 7.900
				,"percent": 0.33
				}
			,{
				"<=msec": 8.000
				,"percent": 0.36
				}
			,{
				"<=msec": 8.100
				,"percent": 0.40
				}
			,{
				"<=msec": 8.200
				,"percent": 0.47
				}
			,{
				"<=msec": 8.300
				,"percent": 0.51
				}
			,{
				"<=msec": 8.400
				,"percent": 0.58
				}
			,{
				"<=msec": 8.500
				,"percent": 0.66
				}
			,{
				"<=msec": 8.600
				,"percent": 0.74
				}
			,{
				"<=msec": 8.700
				,"percent": 0.81
				}
			,{
				"<=msec": 8.800
				,"percent": 0.90
				}
			,{
				"<=msec": 8.900
				,"percent": 1.03
				}
			,{
				"<=msec": 9.000
				,"percent": 1.18
				}
			,{
				"<=msec": 9.100
				,"percent": 1.39
				}
			,{
				"<=msec": 9.200
				,"percent": 1.54
				}
			,{
				"<=msec": 9.300
				,"percent": 1.74
				}
			,{
				"<=msec": 9.400
				,"percent": 1.93
				}
			,{
				"<=msec": 9.500
				,"percent": 2.12
				}
			,{
				"<=msec": 9.600
				,"percent": 2.34
				}
			,{
				"<=msec": 9.700
				,"percent": 2.54
				}
			,{
				"<=msec": 9.800
				,"percent": 2.83
				}
			,{
				"<=msec": 9.900
				,"percent": 3.05
				}
			,{
				"<=msec": 10.000
				,"percent": 4.43
				}
			,{
				"<=msec": 11.000
				,"percent": 6.11
				}
			,{
				"<=msec": 12.000
				,"percent": 7.02
				}
			,{
				"<=msec": 13.000
				,"percent": 7.49
				}
			,{
				"<=msec": 14.000
				,"percent": 7.79
				}
			,{
				"<=msec": 15.000
				,"percent": 8.01
				}
			,{
				"<=msec": 16.000
				,"percent": 8.36
				}
			,{
				"<=msec": 17.000
				,"percent": 8.81
				}
			,{
				"<=msec": 18.000
				,"percent": 9.59
				}
			,{
				"<=msec": 19.000
				,"percent": 10.42
				}
			,{
				"<=msec": 20.000
				,"percent": 11.10
				}
			,{
				"<=msec": 21.000
				,"percent": 11.67
				}
			,{
				"<=msec": 22.000
				,"percent": 12.05
				}
			,{
				"<=msec": 23.000
				,"percent": 12.34
				}
			,{
				"<=msec": 24.000
				,"percent": 12.51
				}
			,{
				"<=msec": 25.000
				,"percent": 12.65
				}
			,{
				"<=msec": 26.000
				,"percent": 12.79
				}
			,{
				"<=msec": 27.000
				,"percent": 13.01
				}
			,{
				"<=msec": 28.000
				,"percent": 13.40
				}
			,{
				"<=msec": 29.000
				,"percent": 13.82
				}
			,{
				"<=msec": 30.000
				,"percent": 14.27
				}
			,{
				"<=msec": 31.000
				,"percent": 14.70
				}
			,{
				"<=msec": 32.000
				,"percent": 14.98
				}
			,{
				"<=msec": 33.000
				,"percent": 15.25
				}
			,{
				"<=msec": 34.000
				,"percent": 15.42
				}
			,{
				"<=msec": 35.000
				,"percent": 15.54
				}
			,{
				"<=msec": 36.000
				,"percent": 15.71
				}
			,{
				"<=msec": 37.000
				,"percent": 15.97
				}
			,{
				"<=msec": 38.000
				,"percent": 16.27
				}
			,{
				"<=msec": 39.000
				,"percent": 16.65
				}
			,{
				"<=msec": 40.000
				,"percent": 16.99
				}
			,{
				"<=msec": 41.000
				,"percent": 17.24
				}
			,{
				"<=msec": 42.000
				,"percent": 17.49
				}
			,{
				"<=msec": 43.000
				,"percent": 17.73
				}
			,{
				"<=msec": 44.000
				,"percent": 17.96
				}
			,{
				"<=msec": 45.000
				,"percent": 18.22
				}
			,{
				"<=msec": 46.000
				,"percent": 18.51
				}
			,{
				"<=msec": 47.000
				,"percent": 18.79
				}
			,{
				"<=msec": 48.000
				,"percent": 19.03
				}
			,{
				"<=msec": 49.000
				,"percent": 19.20
				}
			,{
				"<=msec": 50.000
				,"percent": 19.37
				}
			,{
				"<=msec": 51.000
				,"percent": 19.59
				}
			,{
				"<=msec": 52.000
				,"percent": 20.20
				}
			,{
				"<=msec": 53.000
				,"percent": 21.77
				}
			,{
				"<=msec": 54.000
				,"percent": 24.58
				}
			,{
				"<=msec": 55.000
				,"percent": 28.75
				}
			,{
				"<=msec": 56.000
				,"percent": 33.69
				}
			,{
				"<=msec": 57.000
				,"percent": 39.40
				}
			,{
				"<=msec": 58.000
				,"percent": 45.22
				}
			,{
				"<=msec": 59.000
				,"percent": 50.38
				}
			,{
				"<=msec": 60.000
				,"percent": 55.10
				}
			,{
				"<=msec": 61.000
				,"percent": 59.90
				}
			,{
				"<=msec": 62.000
				,"percent": 64.44
				}
			,{
				"<=msec": 63.000
				,"percent": 68.66
				}
			,{
				"<=msec": 64.000
				,"percent": 72.84
				}
			,{
				"<=msec": 65.000
				,"percent": 76.75
				}
			,{
				"<=msec": 66.000
				,"percent": 79.87
				}
			,{
				"<=msec": 67.000
				,"percent": 82.34
				}
			,{
				"<=msec": 68.000
				,"percent": 84.74
				}
			,{
				"<=msec": 69.000
				,"percent": 86.71
				}
			,{
				"<=msec": 70.000
				,"percent": 88.33
				}
			,{
				"<=msec": 71.000
				,"percent": 89.82
				}
			,{
				"<=msec": 72.000
				,"percent": 90.89
				}
			,{
				"<=msec": 73.000
				,"percent": 91.83
				}
			,{
				"<=msec": 74.000
				,"percent": 92.72
				}
			,{
				"<=msec": 75.000
				,"percent": 93.63
				}
			,{
				"<=msec": 76.000
				,"percent": 94.27
				}
			,{
				"<=msec": 77.000
				,"percent": 94.95
				}
			,{
				"<=msec": 78.000
				,"percent": 95.47
				}
			,{
				"<=msec": 79.000
				,"percent": 96.10
				}
			,{
				"<=msec": 80.000
				,"percent": 96.61
				}
			,{
				"<=msec": 81.000
				,"percent": 97.03
				}
			,{
				"<=msec": 82.000
				,"percent": 97.40
				}
			,{
				"<=msec": 83.000
				,"percent": 97.86
				}
			,{
				"<=msec": 84.000
				,"percent": 98.25
				}
			,{
				"<=msec": 85.000
				,"percent": 98.58
				}
			,{
				"<=msec": 86.000
				,"percent": 98.73
				}
			,{
				"<=msec": 87.000
				,"percent": 98.86
				}
			,{
				"<=msec": 88.000
				,"percent": 99.03
				}
			,{
				"<=msec": 89.000
				,"percent": 99.16
				}
			,{
				"<=msec": 90.000
				,"percent": 99.24
				}
			,{
				"<=msec": 91.000
				,"percent": 99.32
				}
			,{
				"<=msec": 92.000
				,"percent": 99.36
				}
			,{
				"<=msec": 93.000
				,"percent": 99.38
				}
			,{
				"<=msec": 94.000
				,"percent": 99.44
				}
			,{
				"<=msec": 95.000
				,"percent": 99.46
				}
			,{
				"<=msec": 97.000
				,"percent": 99.46
				}
			,{
				"<=msec": 98.000
				,"percent": 99.47
				}
			,{
				"<=msec": 99.000
				,"percent": 99.48
				}
			,{
				"<=msec": 100.000
				,"percent": 99.64
				}
			,{
				"<=msec": 110.000
				,"percent": 99.73
				}
			,{
				"<=msec": 120.000
				,"percent": 99.76
				}
			,{
				"<=msec": 130.000
				,"percent": 99.82
				}
			,{
				"<=msec": 140.000
				,"percent": 99.85
				}
			,{
				"<=msec": 150.000
				,"percent": 99.86
				}
			,{
				"<=msec": 160.000
				,"percent": 99.88
				}
			,{
				"<=msec": 170.000
				,"percent": 99.91
				}
			,{
				"<=msec": 180.000
				,"percent": 99.93
				}
			,{
				"<=msec": 190.000
				,"percent": 99.93
				}
			,{
				"<=msec": 220.000
				,"percent": 99.93
				}
			,{
				"<=msec": 240.000
				,"percent": 99.94
				}
			,{
				"<=msec": 250.000
				,"percent": 99.94
				}
			,{
				"<=msec": 260.000
				,"percent": 99.97
				}
			,{
				"<=msec": 270.000
				,"percent": 100.00
				}
			]
		,"GET":[
		]
		,"WAIT":[
		]
		}
	}
