{
	"configuration":{
		"server": "10.0.0.8"
		,"port": 6379
		,"unix socket": "(null)"
		,"protocol": "memcache_text"
		,"out_file": "(null)"
		,"client_stats": "(null)"
		,"run_count": 1
		,"debug": 0
		,"requests": 0
		,"clients": 32
		,"threads": 1
		,"test_time": 75
		,"ratio": "1:0"
		,"pipeline": 1
		,"data_size": 1024
		,"data_offset": 0
		,"random_data": "false"
		,"data_size_range": "0:0"
		,"data_size_list": ""
		,"data_size_pattern": "R"
		,"expiry_range": "9999:10000"
		,"data_import": "(null)"
		,"data_verify": "false"
		,"verify_only": "false"
		,"generate_keys": "false"
		,"key_prefix": "memtier-"
		,"key_minimum":           0
		,"key_maximum":       10000
		,"key_pattern": "R:R"
		,"key_stddev": 0.000000
		,"key_median": 0.000000
		,"reconnect_interval": 0
		,"multi_key_get": 0
		,"authenticate": ""
		,"select-db": 0
		,"no-expiry": "false"
		,"wait-ratio": "0:0"
		,"num-slaves": "0:0"
		,"wait-timeout": "0-0"
		}
	,"run information":{
		"Threads": 1
		,"Connections per thread": 32
		,"Seconds": 75
		}
	,"ALL STATS":{
		"Sets":{
			"Ops/sec": 536.55
			,"Hits/sec": 0.00
			,"Misses/sec": 0.00
			,"Latency": 59.63
			,"KB/sec": 557.70
			}
		,"Gets":{
			"Ops/sec": 0.00
			,"Hits/sec": 0.00
			,"Misses/sec": 0.00
			,"Latency": 0.00
			,"KB/sec": 0.00
			}
		,"Waits":{
			"Ops/sec": 0.00
			,"Hits/sec": 0.00
			,"Misses/sec": 0.00
			,"Latency": 0.00
			,"KB/sec": 0.00
			}
		,"Totals":{
			"Ops/sec": 536.55
			,"Hits/sec": 0.00
			,"Misses/sec": 0.00
			,"Latency": 59.63
			,"KB/sec": 557.70
			}
		,"SET":[
			{
				"<=msec": 20.000
				,"percent": 0.00
				}
			,{
				"<=msec": 22.000
				,"percent": 0.03
				}
			,{
				"<=msec": 23.000
				,"percent": 0.07
				}
			,{
				"<=msec": 24.000
				,"percent": 0.11
				}
			,{
				"<=msec": 25.000
				,"percent": 0.14
				}
			,{
				"<=msec": 26.000
				,"percent": 0.25
				}
			,{
				"<=msec": 27.000
				,"percent": 0.39
				}
			,{
				"<=msec": 28.000
				,"percent": 0.71
				}
			,{
				"<=msec": 29.000
				,"percent": 1.11
				}
			,{
				"<=msec": 30.000
				,"percent": 1.54
				}
			,{
				"<=msec": 31.000
				,"percent": 1.93
				}
			,{
				"<=msec": 32.000
				,"percent": 2.25
				}
			,{
				"<=msec": 33.000
				,"percent": 2.52
				}
			,{
				"<=msec": 34.000
				,"percent": 2.76
				}
			,{
				"<=msec": 35.000
				,"percent": 3.03
				}
			,{
				"<=msec": 36.000
				,"percent": 3.37
				}
			,{
				"<=msec": 37.000
				,"percent": 4.08
				}
			,{
				"<=msec": 38.000
				,"percent": 4.74
				}
			,{
				"<=msec": 39.000
				,"percent": 5.42
				}
			,{
				"<=msec": 40.000
				,"percent": 6.04
				}
			,{
				"<=msec": 41.000
				,"percent": 6.63
				}
			,{
				"<=msec": 42.000
				,"percent": 7.21
				}
			,{
				"<=msec": 43.000
				,"percent": 7.73
				}
			,{
				"<=msec": 44.000
				,"percent": 8.15
				}
			,{
				"<=msec": 45.000
				,"percent": 8.49
				}
			,{
				"<=msec": 46.000
				,"percent": 8.75
				}
			,{
				"<=msec": 47.000
				,"percent": 9.05
				}
			,{
				"<=msec": 48.000
				,"percent": 9.41
				}
			,{
				"<=msec": 49.000
				,"percent": 9.73
				}
			,{
				"<=msec": 50.000
				,"percent": 10.01
				}
			,{
				"<=msec": 51.000
				,"percent": 10.51
				}
			,{
				"<=msec": 52.000
				,"percent": 11.52
				}
			,{
				"<=msec": 53.000
				,"percent": 13.72
				}
			,{
				"<=msec": 54.000
				,"percent": 17.34
				}
			,{
				"<=msec": 55.000
				,"percent": 23.00
				}
			,{
				"<=msec": 56.000
				,"percent": 29.65
				}
			,{
				"<=msec": 57.000
				,"percent": 36.84
				}
			,{
				"<=msec": 58.000
				,"percent": 43.57
				}
			,{
				"<=msec": 59.000
				,"percent": 50.15
				}
			,{
				"<=msec": 60.000
				,"percent": 56.81
				}
			,{
				"<=msec": 61.000
				,"percent": 62.73
				}
			,{
				"<=msec": 62.000
				,"percent": 67.73
				}
			,{
				"<=msec": 63.000
				,"percent": 72.68
				}
			,{
				"<=msec": 64.000
				,"percent": 76.58
				}
			,{
				"<=msec": 65.000
				,"percent": 79.94
				}
			,{
				"<=msec": 66.000
				,"percent": 82.92
				}
			,{
				"<=msec": 67.000
				,"percent": 85.28
				}
			,{
				"<=msec": 68.000
				,"percent": 87.13
				}
			,{
				"<=msec": 69.000
				,"percent": 88.68
				}
			,{
				"<=msec": 70.000
				,"percent": 89.90
				}
			,{
				"<=msec": 71.000
				,"percent": 90.98
				}
			,{
				"<=msec": 72.000
				,"percent": 92.08
				}
			,{
				"<=msec": 73.000
				,"percent": 92.98
				}
			,{
				"<=msec": 74.000
				,"percent": 93.75
				}
			,{
				"<=msec": 75.000
				,"percent": 94.61
				}
			,{
				"<=msec": 76.000
				,"percent": 95.33
				}
			,{
				"<=msec": 77.000
				,"percent": 95.99
				}
			,{
				"<=msec": 78.000
				,"percent": 96.52
				}
			,{
				"<=msec": 79.000
				,"percent": 96.95
				}
			,{
				"<=msec": 80.000
				,"percent": 97.41
				}
			,{
				"<=msec": 81.000
				,"percent": 97.88
				}
			,{
				"<=msec": 82.000
				,"percent": 98.23
				}
			,{
				"<=msec": 83.000
				,"percent": 98.41
				}
			,{
				"<=msec": 84.000
				,"percent": 98.57
				}
			,{
				"<=msec": 85.000
				,"percent": 98.80
				}
			,{
				"<=msec": 86.000
				,"percent": 98.95
				}
			,{
				"<=msec": 87.000
				,"percent": 99.08
				}
			,{
				"<=msec": 88.000
				,"percent": 99.23
				}
			,{
				"<=msec": 89.000
				,"percent": 99.34
				}
			,{
				"<=msec": 90.000
				,"percent": 99.38
				}
			,{
				"<=msec": 91.000
				,"percent": 99.45
				}
			,{
				"<=msec": 92.000
				,"percent": 99.58
				}
			,{
				"<=msec": 93.000
				,"percent": 99.65
				}
			,{
				"<=msec": 94.000
				,"percent": 99.68
				}
			,{
				"<=msec": 95.000
				,"percent": 99.70
				}
			,{
				"<=msec": 96.000
				,"percent": 99.72
				}
			,{
				"<=msec": 97.000
				,"percent": 99.75
				}
			,{
				"<=msec": 98.000
				,"percent": 99.80
				}
			,{
				"<=msec": 99.000
				,"percent": 99.83
				}
			,{
				"<=msec": 100.000
				,"percent": 99.84
				}
			,{
				"<=msec": 110.000
				,"percent": 99.92
				}
			,{
				"<=msec": 180.000
				,"percent": 100.00
				}
			]
		,"GET":[
		]
		,"WAIT":[
		]
		}
	}
