{
	"configuration":{
		"server": "10.0.0.8"
		,"port": 6379
		,"unix socket": "(null)"
		,"protocol": "memcache_text"
		,"out_file": "(null)"
		,"client_stats": "(null)"
		,"run_count": 1
		,"debug": 0
		,"requests": 0
		,"clients": 32
		,"threads": 1
		,"test_time": 75
		,"ratio": "1:0"
		,"pipeline": 1
		,"data_size": 1024
		,"data_offset": 0
		,"random_data": "false"
		,"data_size_range": "0:0"
		,"data_size_list": ""
		,"data_size_pattern": "R"
		,"expiry_range": "9999:10000"
		,"data_import": "(null)"
		,"data_verify": "false"
		,"verify_only": "false"
		,"generate_keys": "false"
		,"key_prefix": "memtier-"
		,"key_minimum":           0
		,"key_maximum":       10000
		,"key_pattern": "R:R"
		,"key_stddev": 0.000000
		,"key_median": 0.000000
		,"reconnect_interval": 0
		,"multi_key_get": 0
		,"authenticate": ""
		,"select-db": 0
		,"no-expiry": "false"
		,"wait-ratio": "0:0"
		,"num-slaves": "0:0"
		,"wait-timeout": "0-0"
		}
	,"run information":{
		"Threads": 1
		,"Connections per thread": 32
		,"Seconds": 75
		}
	,"ALL STATS":{
		"Sets":{
			"Ops/sec": 587.04
			,"Hits/sec": 0.00
			,"Misses/sec": 0.00
			,"Latency": 54.50
			,"KB/sec": 610.19
			}
		,"Gets":{
			"Ops/sec": 0.00
			,"Hits/sec": 0.00
			,"Misses/sec": 0.00
			,"Latency": 0.00
			,"KB/sec": 0.00
			}
		,"Waits":{
			"Ops/sec": 0.00
			,"Hits/sec": 0.00
			,"Misses/sec": 0.00
			,"Latency": 0.00
			,"KB/sec": 0.00
			}
		,"Totals":{
			"Ops/sec": 587.04
			,"Hits/sec": 0.00
			,"Misses/sec": 0.00
			,"Latency": 54.50
			,"KB/sec": 610.19
			}
		,"SET":[
			{
				"<=msec": 4.200
				,"percent": 0.00
				}
			,{
				"<=msec": 4.300
				,"percent": 0.00
				}
			,{
				"<=msec": 4.500
				,"percent": 0.01
				}
			,{
				"<=msec": 4.700
				,"percent": 0.01
				}
			,{
				"<=msec": 4.800
				,"percent": 0.01
				}
			,{
				"<=msec": 4.900
				,"percent": 0.02
				}
			,{
				"<=msec": 5.200
				,"percent": 0.02
				}
			,{
				"<=msec": 5.300
				,"percent": 0.02
				}
			,{
				"<=msec": 5.400
				,"percent": 0.03
				}
			,{
				"<=msec": 5.500
				,"percent": 0.03
				}
			,{
				"<=msec": 5.600
				,"percent": 0.04
				}
			,{
				"<=msec": 5.700
				,"percent": 0.05
				}
			,{
				"<=msec": 5.800
				,"percent": 0.05
				}
			,{
				"<=msec": 5.900
				,"percent": 0.06
				}
			,{
				"<=msec": 6.000
				,"percent": 0.06
				}
			,{
				"<=msec": 6.100
				,"percent": 0.07
				}
			,{
				"<=msec": 6.200
				,"percent": 0.08
				}
			,{
				"<=msec": 6.300
				,"percent": 0.09
				}
			,{
				"<=msec": 6.400
				,"percent": 0.09
				}
			,{
				"<=msec": 6.500
				,"percent": 0.10
				}
			,{
				"<=msec": 6.600
				,"percent": 0.12
				}
			,{
				"<=msec": 6.700
				,"percent": 0.14
				}
			,{
				"<=msec": 6.800
				,"percent": 0.16
				}
			,{
				"<=msec": 6.900
				,"percent": 0.17
				}
			,{
				"<=msec": 7.000
				,"percent": 0.19
				}
			,{
				"<=msec": 7.100
				,"percent": 0.20
				}
			,{
				"<=msec": 7.200
				,"percent": 0.20
				}
			,{
				"<=msec": 7.300
				,"percent": 0.21
				}
			,{
				"<=msec": 7.400
				,"percent": 0.24
				}
			,{
				"<=msec": 7.500
				,"percent": 0.25
				}
			,{
				"<=msec": 7.600
				,"percent": 0.27
				}
			,{
				"<=msec": 7.700
				,"percent": 0.30
				}
			,{
				"<=msec": 7.800
				,"percent": 0.36
				}
			,{
				"<=msec": 7.900
				,"percent": 0.39
				}
			,{
				"<=msec": 8.000
				,"percent": 0.43
				}
			,{
				"<=msec": 8.100
				,"percent": 0.47
				}
			,{
				"<=msec": 8.200
				,"percent": 0.52
				}
			,{
				"<=msec": 8.300
				,"percent": 0.57
				}
			,{
				"<=msec": 8.400
				,"percent": 0.63
				}
			,{
				"<=msec": 8.500
				,"percent": 0.71
				}
			,{
				"<=msec": 8.600
				,"percent": 0.80
				}
			,{
				"<=msec": 8.700
				,"percent": 0.88
				}
			,{
				"<=msec": 8.800
				,"percent": 0.97
				}
			,{
				"<=msec": 8.900
				,"percent": 1.09
				}
			,{
				"<=msec": 9.000
				,"percent": 1.24
				}
			,{
				"<=msec": 9.100
				,"percent": 1.37
				}
			,{
				"<=msec": 9.200
				,"percent": 1.54
				}
			,{
				"<=msec": 9.300
				,"percent": 1.74
				}
			,{
				"<=msec": 9.400
				,"percent": 1.89
				}
			,{
				"<=msec": 9.500
				,"percent": 2.07
				}
			,{
				"<=msec": 9.600
				,"percent": 2.26
				}
			,{
				"<=msec": 9.700
				,"percent": 2.41
				}
			,{
				"<=msec": 9.800
				,"percent": 2.56
				}
			,{
				"<=msec": 9.900
				,"percent": 2.77
				}
			,{
				"<=msec": 10.000
				,"percent": 3.83
				}
			,{
				"<=msec": 11.000
				,"percent": 5.16
				}
			,{
				"<=msec": 12.000
				,"percent": 6.14
				}
			,{
				"<=msec": 13.000
				,"percent": 6.85
				}
			,{
				"<=msec": 14.000
				,"percent": 7.34
				}
			,{
				"<=msec": 15.000
				,"percent": 7.77
				}
			,{
				"<=msec": 16.000
				,"percent": 8.17
				}
			,{
				"<=msec": 17.000
				,"percent": 8.50
				}
			,{
				"<=msec": 18.000
				,"percent": 8.93
				}
			,{
				"<=msec": 19.000
				,"percent": 9.48
				}
			,{
				"<=msec": 20.000
				,"percent": 9.98
				}
			,{
				"<=msec": 21.000
				,"percent": 10.63
				}
			,{
				"<=msec": 22.000
				,"percent": 11.25
				}
			,{
				"<=msec": 23.000
				,"percent": 11.83
				}
			,{
				"<=msec": 24.000
				,"percent": 12.25
				}
			,{
				"<=msec": 25.000
				,"percent": 12.72
				}
			,{
				"<=msec": 26.000
				,"percent": 13.21
				}
			,{
				"<=msec": 27.000
				,"percent": 13.69
				}
			,{
				"<=msec": 28.000
				,"percent": 14.15
				}
			,{
				"<=msec": 29.000
				,"percent": 14.66
				}
			,{
				"<=msec": 30.000
				,"percent": 15.06
				}
			,{
				"<=msec": 31.000
				,"percent": 15.48
				}
			,{
				"<=msec": 32.000
				,"percent": 15.93
				}
			,{
				"<=msec": 33.000
				,"percent": 16.22
				}
			,{
				"<=msec": 34.000
				,"percent": 16.53
				}
			,{
				"<=msec": 35.000
				,"percent": 16.82
				}
			,{
				"<=msec": 36.000
				,"percent": 17.11
				}
			,{
				"<=msec": 37.000
				,"percent": 17.44
				}
			,{
				"<=msec": 38.000
				,"percent": 17.81
				}
			,{
				"<=msec": 39.000
				,"percent": 18.06
				}
			,{
				"<=msec": 40.000
				,"percent": 18.34
				}
			,{
				"<=msec": 41.000
				,"percent": 18.55
				}
			,{
				"<=msec": 42.000
				,"percent": 18.74
				}
			,{
				"<=msec": 43.000
				,"percent": 18.92
				}
			,{
				"<=msec": 44.000
				,"percent": 19.09
				}
			,{
				"<=msec": 45.000
				,"percent": 19.26
				}
			,{
				"<=msec": 46.000
				,"percent": 19.42
				}
			,{
				"<=msec": 47.000
				,"percent": 19.59
				}
			,{
				"<=msec": 48.000
				,"percent": 19.79
				}
			,{
				"<=msec": 49.000
				,"percent": 20.06
				}
			,{
				"<=msec": 50.000
				,"percent": 20.25
				}
			,{
				"<=msec": 51.000
				,"percent": 20.56
				}
			,{
				"<=msec": 52.000
				,"percent": 21.26
				}
			,{
				"<=msec": 53.000
				,"percent": 22.86
				}
			,{
				"<=msec": 54.000
				,"percent": 25.75
				}
			,{
				"<=msec": 55.000
				,"percent": 30.04
				}
			,{
				"<=msec": 56.000
				,"percent": 34.89
				}
			,{
				"<=msec": 57.000
				,"percent": 40.84
				}
			,{
				"<=msec": 58.000
				,"percent": 46.96
				}
			,{
				"<=msec": 59.000
				,"percent": 52.62
				}
			,{
				"<=msec": 60.000
				,"percent": 58.22
				}
			,{
				"<=msec": 61.000
				,"percent": 63.45
				}
			,{
				"<=msec": 62.000
				,"percent": 68.08
				}
			,{
				"<=msec": 63.000
				,"percent": 72.10
				}
			,{
				"<=msec": 64.000
				,"percent": 75.73
				}
			,{
				"<=msec": 65.000
				,"percent": 78.73
				}
			,{
				"<=msec": 66.000
				,"percent": 81.57
				}
			,{
				"<=msec": 67.000
				,"percent": 84.20
				}
			,{
				"<=msec": 68.000
				,"percent": 86.48
				}
			,{
				"<=msec": 69.000
				,"percent": 88.27
				}
			,{
				"<=msec": 70.000
				,"percent": 89.76
				}
			,{
				"<=msec": 71.000
				,"percent": 90.89
				}
			,{
				"<=msec": 72.000
				,"percent": 91.85
				}
			,{
				"<=msec": 73.000
				,"percent": 92.76
				}
			,{
				"<=msec": 74.000
				,"percent": 93.65
				}
			,{
				"<=msec": 75.000
				,"percent": 94.57
				}
			,{
				"<=msec": 76.000
				,"percent": 95.41
				}
			,{
				"<=msec": 77.000
				,"percent": 96.06
				}
			,{
				"<=msec": 78.000
				,"percent": 96.66
				}
			,{
				"<=msec": 79.000
				,"percent": 97.11
				}
			,{
				"<=msec": 80.000
				,"percent": 97.40
				}
			,{
				"<=msec": 81.000
				,"percent": 97.79
				}
			,{
				"<=msec": 82.000
				,"percent": 98.16
				}
			,{
				"<=msec": 83.000
				,"percent": 98.44
				}
			,{
				"<=msec": 84.000
				,"percent": 98.59
				}
			,{
				"<=msec": 85.000
				,"percent": 98.82
				}
			,{
				"<=msec": 86.000
				,"percent": 99.00
				}
			,{
				"<=msec": 87.000
				,"percent": 99.13
				}
			,{
				"<=msec": 88.000
				,"percent": 99.27
				}
			,{
				"<=msec": 89.000
				,"percent": 99.43
				}
			,{
				"<=msec": 90.000
				,"percent": 99.56
				}
			,{
				"<=msec": 91.000
				,"percent": 99.69
				}
			,{
				"<=msec": 92.000
				,"percent": 99.76
				}
			,{
				"<=msec": 93.000
				,"percent": 99.79
				}
			,{
				"<=msec": 94.000
				,"percent": 99.82
				}
			,{
				"<=msec": 95.000
				,"percent": 99.85
				}
			,{
				"<=msec": 96.000
				,"percent": 99.86
				}
			,{
				"<=msec": 97.000
				,"percent": 99.87
				}
			,{
				"<=msec": 98.000
				,"percent": 99.89
				}
			,{
				"<=msec": 99.000
				,"percent": 99.90
				}
			,{
				"<=msec": 100.000
				,"percent": 99.93
				}
			,{
				"<=msec": 150.000
				,"percent": 99.98
				}
			,{
				"<=msec": 160.000
				,"percent": 100.00
				}
			]
		,"GET":[
		]
		,"WAIT":[
		]
		}
	}
