{
	"configuration":{
		"server": "10.0.0.8"
		,"port": 6379
		,"unix socket": "(null)"
		,"protocol": "memcache_text"
		,"out_file": "(null)"
		,"client_stats": "(null)"
		,"run_count": 1
		,"debug": 0
		,"requests": 0
		,"clients": 32
		,"threads": 1
		,"test_time": 75
		,"ratio": "0:1"
		,"pipeline": 1
		,"data_size": 1024
		,"data_offset": 0
		,"random_data": "false"
		,"data_size_range": "0:0"
		,"data_size_list": ""
		,"data_size_pattern": "R"
		,"expiry_range": "9999:10000"
		,"data_import": "(null)"
		,"data_verify": "false"
		,"verify_only": "false"
		,"generate_keys": "false"
		,"key_prefix": "memtier-"
		,"key_minimum":           0
		,"key_maximum":       10000
		,"key_pattern": "R:R"
		,"key_stddev": 0.000000
		,"key_median": 0.000000
		,"reconnect_interval": 0
		,"multi_key_get": 0
		,"authenticate": ""
		,"select-db": 0
		,"no-expiry": "false"
		,"wait-ratio": "0:0"
		,"num-slaves": "0:0"
		,"wait-timeout": "0-0"
		}
	,"run information":{
		"Threads": 1
		,"Connections per thread": 32
		,"Seconds": 75
		}
	,"ALL STATS":{
		"Sets":{
			"Ops/sec": 0.00
			,"Hits/sec": 0.00
			,"Misses/sec": 0.00
			,"Latency": 0.00
			,"KB/sec": 0.00
			}
		,"Gets":{
			"Ops/sec": 1101.04
			,"Hits/sec": 1101.04
			,"Misses/sec": 0.00
			,"Latency": 29.05
			,"KB/sec": 1156.72
			}
		,"Waits":{
			"Ops/sec": 0.00
			,"Hits/sec": 0.00
			,"Misses/sec": 0.00
			,"Latency": 0.00
			,"KB/sec": 0.00
			}
		,"Totals":{
			"Ops/sec": 1101.04
			,"Hits/sec": 1101.04
			,"Misses/sec": 0.00
			,"Latency": 29.05
			,"KB/sec": 1156.72
			}
		,"SET":[
		]
		,"GET":[
			{
				"<=msec": 3.500
				,"percent": 0.00
				}
			,{
				"<=msec": 3.700
				,"percent": 0.00
				}
			,{
				"<=msec": 3.800
				,"percent": 0.00
				}
			,{
				"<=msec": 3.900
				,"percent": 0.01
				}
			,{
				"<=msec": 4.000
				,"percent": 0.01
				}
			,{
				"<=msec": 4.100
				,"percent": 0.02
				}
			,{
				"<=msec": 4.200
				,"percent": 0.02
				}
			,{
				"<=msec": 4.300
				,"percent": 0.03
				}
			,{
				"<=msec": 4.400
				,"percent": 0.05
				}
			,{
				"<=msec": 4.500
				,"percent": 0.05
				}
			,{
				"<=msec": 4.600
				,"percent": 0.06
				}
			,{
				"<=msec": 4.700
				,"percent": 0.08
				}
			,{
				"<=msec": 4.800
				,"percent": 0.09
				}
			,{
				"<=msec": 4.900
				,"percent": 0.10
				}
			,{
				"<=msec": 5.000
				,"percent": 0.11
				}
			,{
				"<=msec": 5.100
				,"percent": 0.12
				}
			,{
				"<=msec": 5.200
				,"percent": 0.14
				}
			,{
				"<=msec": 5.300
				,"percent": 0.15
				}
			,{
				"<=msec": 5.400
				,"percent": 0.17
				}
			,{
				"<=msec": 5.500
				,"percent": 0.19
				}
			,{
				"<=msec": 5.600
				,"percent": 0.21
				}
			,{
				"<=msec": 5.700
				,"percent": 0.23
				}
			,{
				"<=msec": 5.800
				,"percent": 0.26
				}
			,{
				"<=msec": 5.900
				,"percent": 0.28
				}
			,{
				"<=msec": 6.000
				,"percent": 0.30
				}
			,{
				"<=msec": 6.100
				,"percent": 0.33
				}
			,{
				"<=msec": 6.200
				,"percent": 0.37
				}
			,{
				"<=msec": 6.300
				,"percent": 0.40
				}
			,{
				"<=msec": 6.400
				,"percent": 0.43
				}
			,{
				"<=msec": 6.500
				,"percent": 0.47
				}
			,{
				"<=msec": 6.600
				,"percent": 0.51
				}
			,{
				"<=msec": 6.700
				,"percent": 0.53
				}
			,{
				"<=msec": 6.800
				,"percent": 0.57
				}
			,{
				"<=msec": 6.900
				,"percent": 0.58
				}
			,{
				"<=msec": 7.000
				,"percent": 0.61
				}
			,{
				"<=msec": 7.100
				,"percent": 0.65
				}
			,{
				"<=msec": 7.200
				,"percent": 0.68
				}
			,{
				"<=msec": 7.300
				,"percent": 0.71
				}
			,{
				"<=msec": 7.400
				,"percent": 0.74
				}
			,{
				"<=msec": 7.500
				,"percent": 0.78
				}
			,{
				"<=msec": 7.600
				,"percent": 0.81
				}
			,{
				"<=msec": 7.700
				,"percent": 0.85
				}
			,{
				"<=msec": 7.800
				,"percent": 0.92
				}
			,{
				"<=msec": 7.900
				,"percent": 0.97
				}
			,{
				"<=msec": 8.000
				,"percent": 1.04
				}
			,{
				"<=msec": 8.100
				,"percent": 1.09
				}
			,{
				"<=msec": 8.200
				,"percent": 1.15
				}
			,{
				"<=msec": 8.300
				,"percent": 1.20
				}
			,{
				"<=msec": 8.400
				,"percent": 1.25
				}
			,{
				"<=msec": 8.500
				,"percent": 1.31
				}
			,{
				"<=msec": 8.600
				,"percent": 1.39
				}
			,{
				"<=msec": 8.700
				,"percent": 1.47
				}
			,{
				"<=msec": 8.800
				,"percent": 1.54
				}
			,{
				"<=msec": 8.900
				,"percent": 1.62
				}
			,{
				"<=msec": 9.000
				,"percent": 1.71
				}
			,{
				"<=msec": 9.100
				,"percent": 1.80
				}
			,{
				"<=msec": 9.200
				,"percent": 1.90
				}
			,{
				"<=msec": 9.300
				,"percent": 1.97
				}
			,{
				"<=msec": 9.400
				,"percent": 2.08
				}
			,{
				"<=msec": 9.500
				,"percent": 2.17
				}
			,{
				"<=msec": 9.600
				,"percent": 2.27
				}
			,{
				"<=msec": 9.700
				,"percent": 2.35
				}
			,{
				"<=msec": 9.800
				,"percent": 2.47
				}
			,{
				"<=msec": 9.900
				,"percent": 2.57
				}
			,{
				"<=msec": 10.000
				,"percent": 3.15
				}
			,{
				"<=msec": 11.000
				,"percent": 4.07
				}
			,{
				"<=msec": 12.000
				,"percent": 4.91
				}
			,{
				"<=msec": 13.000
				,"percent": 5.66
				}
			,{
				"<=msec": 14.000
				,"percent": 6.42
				}
			,{
				"<=msec": 15.000
				,"percent": 7.15
				}
			,{
				"<=msec": 16.000
				,"percent": 8.01
				}
			,{
				"<=msec": 17.000
				,"percent": 9.00
				}
			,{
				"<=msec": 18.000
				,"percent": 10.38
				}
			,{
				"<=msec": 19.000
				,"percent": 12.23
				}
			,{
				"<=msec": 20.000
				,"percent": 14.30
				}
			,{
				"<=msec": 21.000
				,"percent": 16.44
				}
			,{
				"<=msec": 22.000
				,"percent": 18.84
				}
			,{
				"<=msec": 23.000
				,"percent": 21.84
				}
			,{
				"<=msec": 24.000
				,"percent": 25.89
				}
			,{
				"<=msec": 25.000
				,"percent": 31.04
				}
			,{
				"<=msec": 26.000
				,"percent": 36.91
				}
			,{
				"<=msec": 27.000
				,"percent": 42.59
				}
			,{
				"<=msec": 28.000
				,"percent": 47.98
				}
			,{
				"<=msec": 29.000
				,"percent": 53.07
				}
			,{
				"<=msec": 30.000
				,"percent": 58.49
				}
			,{
				"<=msec": 31.000
				,"percent": 64.30
				}
			,{
				"<=msec": 32.000
				,"percent": 69.92
				}
			,{
				"<=msec": 33.000
				,"percent": 74.83
				}
			,{
				"<=msec": 34.000
				,"percent": 78.71
				}
			,{
				"<=msec": 35.000
				,"percent": 81.86
				}
			,{
				"<=msec": 36.000
				,"percent": 84.51
				}
			,{
				"<=msec": 37.000
				,"percent": 86.82
				}
			,{
				"<=msec": 38.000
				,"percent": 88.93
				}
			,{
				"<=msec": 39.000
				,"percent": 90.65
				}
			,{
				"<=msec": 40.000
				,"percent": 91.98
				}
			,{
				"<=msec": 41.000
				,"percent": 93.03
				}
			,{
				"<=msec": 42.000
				,"percent": 93.93
				}
			,{
				"<=msec": 43.000
				,"percent": 94.65
				}
			,{
				"<=msec": 44.000
				,"percent": 95.23
				}
			,{
				"<=msec": 45.000
				,"percent": 95.78
				}
			,{
				"<=msec": 46.000
				,"percent": 96.28
				}
			,{
				"<=msec": 47.000
				,"percent": 96.69
				}
			,{
				"<=msec": 48.000
				,"percent": 97.05
				}
			,{
				"<=msec": 49.000
				,"percent": 97.41
				}
			,{
				"<=msec": 50.000
				,"percent": 97.72
				}
			,{
				"<=msec": 51.000
				,"percent": 98.02
				}
			,{
				"<=msec": 52.000
				,"percent": 98.23
				}
			,{
				"<=msec": 53.000
				,"percent": 98.45
				}
			,{
				"<=msec": 54.000
				,"percent": 98.64
				}
			,{
				"<=msec": 55.000
				,"percent": 98.79
				}
			,{
				"<=msec": 56.000
				,"percent": 98.92
				}
			,{
				"<=msec": 57.000
				,"percent": 99.03
				}
			,{
				"<=msec": 58.000
				,"percent": 99.13
				}
			,{
				"<=msec": 59.000
				,"percent": 99.21
				}
			,{
				"<=msec": 60.000
				,"percent": 99.30
				}
			,{
				"<=msec": 61.000
				,"percent": 99.39
				}
			,{
				"<=msec": 62.000
				,"percent": 99.47
				}
			,{
				"<=msec": 63.000
				,"percent": 99.54
				}
			,{
				"<=msec": 64.000
				,"percent": 99.58
				}
			,{
				"<=msec": 65.000
				,"percent": 99.65
				}
			,{
				"<=msec": 66.000
				,"percent": 99.70
				}
			,{
				"<=msec": 67.000
				,"percent": 99.74
				}
			,{
				"<=msec": 68.000
				,"percent": 99.76
				}
			,{
				"<=msec": 69.000
				,"percent": 99.79
				}
			,{
				"<=msec": 70.000
				,"percent": 99.81
				}
			,{
				"<=msec": 71.000
				,"percent": 99.83
				}
			,{
				"<=msec": 72.000
				,"percent": 99.85
				}
			,{
				"<=msec": 73.000
				,"percent": 99.86
				}
			,{
				"<=msec": 74.000
				,"percent": 99.87
				}
			,{
				"<=msec": 75.000
				,"percent": 99.88
				}
			,{
				"<=msec": 76.000
				,"percent": 99.89
				}
			,{
				"<=msec": 77.000
				,"percent": 99.90
				}
			,{
				"<=msec": 78.000
				,"percent": 99.91
				}
			,{
				"<=msec": 79.000
				,"percent": 99.91
				}
			,{
				"<=msec": 80.000
				,"percent": 99.92
				}
			,{
				"<=msec": 81.000
				,"percent": 99.92
				}
			,{
				"<=msec": 82.000
				,"percent": 99.93
				}
			,{
				"<=msec": 83.000
				,"percent": 99.93
				}
			,{
				"<=msec": 84.000
				,"percent": 99.94
				}
			,{
				"<=msec": 85.000
				,"percent": 99.94
				}
			,{
				"<=msec": 86.000
				,"percent": 99.94
				}
			,{
				"<=msec": 87.000
				,"percent": 99.94
				}
			,{
				"<=msec": 88.000
				,"percent": 99.95
				}
			,{
				"<=msec": 89.000
				,"percent": 99.95
				}
			,{
				"<=msec": 90.000
				,"percent": 99.95
				}
			,{
				"<=msec": 91.000
				,"percent": 99.95
				}
			,{
				"<=msec": 92.000
				,"percent": 99.96
				}
			,{
				"<=msec": 93.000
				,"percent": 99.96
				}
			,{
				"<=msec": 100.000
				,"percent": 99.96
				}
			,{
				"<=msec": 110.000
				,"percent": 99.96
				}
			,{
				"<=msec": 120.000
				,"percent": 99.99
				}
			,{
				"<=msec": 130.000
				,"percent": 100.00
				}
			,{
				"<=msec": 140.000
				,"percent": 100.00
				}
			,{
				"<=msec": 150.000
				,"percent": 100.00
				}
			]
		,"WAIT":[
		]
		}
	}
