{
	"configuration":{
		"server": "10.0.0.8"
		,"port": 6379
		,"unix socket": "(null)"
		,"protocol": "memcache_text"
		,"out_file": "(null)"
		,"client_stats": "(null)"
		,"run_count": 1
		,"debug": 0
		,"requests": 0
		,"clients": 32
		,"threads": 1
		,"test_time": 75
		,"ratio": "0:1"
		,"pipeline": 1
		,"data_size": 1024
		,"data_offset": 0
		,"random_data": "false"
		,"data_size_range": "0:0"
		,"data_size_list": ""
		,"data_size_pattern": "R"
		,"expiry_range": "9999:10000"
		,"data_import": "(null)"
		,"data_verify": "false"
		,"verify_only": "false"
		,"generate_keys": "false"
		,"key_prefix": "memtier-"
		,"key_minimum":           0
		,"key_maximum":       10000
		,"key_pattern": "R:R"
		,"key_stddev": 0.000000
		,"key_median": 0.000000
		,"reconnect_interval": 0
		,"multi_key_get": 0
		,"authenticate": ""
		,"select-db": 0
		,"no-expiry": "false"
		,"wait-ratio": "0:0"
		,"num-slaves": "0:0"
		,"wait-timeout": "0-0"
		}
	,"run information":{
		"Threads": 1
		,"Connections per thread": 32
		,"Seconds": 75
		}
	,"ALL STATS":{
		"Sets":{
			"Ops/sec": 0.00
			,"Hits/sec": 0.00
			,"Misses/sec": 0.00
			,"Latency": 0.00
			,"KB/sec": 0.00
			}
		,"Gets":{
			"Ops/sec": 1128.82
			,"Hits/sec": 1128.82
			,"Misses/sec": 0.00
			,"Latency": 28.34
			,"KB/sec": 1185.91
			}
		,"Waits":{
			"Ops/sec": 0.00
			,"Hits/sec": 0.00
			,"Misses/sec": 0.00
			,"Latency": 0.00
			,"KB/sec": 0.00
			}
		,"Totals":{
			"Ops/sec": 1128.82
			,"Hits/sec": 1128.82
			,"Misses/sec": 0.00
			,"Latency": 28.34
			,"KB/sec": 1185.91
			}
		,"SET":[
		]
		,"GET":[
			{
				"<=msec": 3.100
				,"percent": 0.00
				}
			,{
				"<=msec": 3.200
				,"percent": 0.01
				}
			,{
				"<=msec": 3.300
				,"percent": 0.01
				}
			,{
				"<=msec": 3.400
				,"percent": 0.02
				}
			,{
				"<=msec": 3.500
				,"percent": 0.02
				}
			,{
				"<=msec": 3.600
				,"percent": 0.03
				}
			,{
				"<=msec": 3.700
				,"percent": 0.05
				}
			,{
				"<=msec": 3.800
				,"percent": 0.06
				}
			,{
				"<=msec": 3.900
				,"percent": 0.08
				}
			,{
				"<=msec": 4.000
				,"percent": 0.09
				}
			,{
				"<=msec": 4.100
				,"percent": 0.11
				}
			,{
				"<=msec": 4.200
				,"percent": 0.13
				}
			,{
				"<=msec": 4.300
				,"percent": 0.16
				}
			,{
				"<=msec": 4.400
				,"percent": 0.18
				}
			,{
				"<=msec": 4.500
				,"percent": 0.20
				}
			,{
				"<=msec": 4.600
				,"percent": 0.22
				}
			,{
				"<=msec": 4.700
				,"percent": 0.23
				}
			,{
				"<=msec": 4.800
				,"percent": 0.25
				}
			,{
				"<=msec": 4.900
				,"percent": 0.26
				}
			,{
				"<=msec": 5.000
				,"percent": 0.29
				}
			,{
				"<=msec": 5.100
				,"percent": 0.31
				}
			,{
				"<=msec": 5.200
				,"percent": 0.33
				}
			,{
				"<=msec": 5.300
				,"percent": 0.34
				}
			,{
				"<=msec": 5.400
				,"percent": 0.37
				}
			,{
				"<=msec": 5.500
				,"percent": 0.38
				}
			,{
				"<=msec": 5.600
				,"percent": 0.40
				}
			,{
				"<=msec": 5.700
				,"percent": 0.42
				}
			,{
				"<=msec": 5.800
				,"percent": 0.46
				}
			,{
				"<=msec": 5.900
				,"percent": 0.49
				}
			,{
				"<=msec": 6.000
				,"percent": 0.52
				}
			,{
				"<=msec": 6.100
				,"percent": 0.55
				}
			,{
				"<=msec": 6.200
				,"percent": 0.58
				}
			,{
				"<=msec": 6.300
				,"percent": 0.60
				}
			,{
				"<=msec": 6.400
				,"percent": 0.63
				}
			,{
				"<=msec": 6.500
				,"percent": 0.66
				}
			,{
				"<=msec": 6.600
				,"percent": 0.69
				}
			,{
				"<=msec": 6.700
				,"percent": 0.73
				}
			,{
				"<=msec": 6.800
				,"percent": 0.77
				}
			,{
				"<=msec": 6.900
				,"percent": 0.81
				}
			,{
				"<=msec": 7.000
				,"percent": 0.85
				}
			,{
				"<=msec": 7.100
				,"percent": 0.88
				}
			,{
				"<=msec": 7.200
				,"percent": 0.91
				}
			,{
				"<=msec": 7.300
				,"percent": 0.95
				}
			,{
				"<=msec": 7.400
				,"percent": 0.98
				}
			,{
				"<=msec": 7.500
				,"percent": 1.01
				}
			,{
				"<=msec": 7.600
				,"percent": 1.06
				}
			,{
				"<=msec": 7.700
				,"percent": 1.09
				}
			,{
				"<=msec": 7.800
				,"percent": 1.13
				}
			,{
				"<=msec": 7.900
				,"percent": 1.18
				}
			,{
				"<=msec": 8.000
				,"percent": 1.22
				}
			,{
				"<=msec": 8.100
				,"percent": 1.26
				}
			,{
				"<=msec": 8.200
				,"percent": 1.31
				}
			,{
				"<=msec": 8.300
				,"percent": 1.35
				}
			,{
				"<=msec": 8.400
				,"percent": 1.40
				}
			,{
				"<=msec": 8.500
				,"percent": 1.48
				}
			,{
				"<=msec": 8.600
				,"percent": 1.53
				}
			,{
				"<=msec": 8.700
				,"percent": 1.59
				}
			,{
				"<=msec": 8.800
				,"percent": 1.63
				}
			,{
				"<=msec": 8.900
				,"percent": 1.67
				}
			,{
				"<=msec": 9.000
				,"percent": 1.72
				}
			,{
				"<=msec": 9.100
				,"percent": 1.77
				}
			,{
				"<=msec": 9.200
				,"percent": 1.85
				}
			,{
				"<=msec": 9.300
				,"percent": 1.92
				}
			,{
				"<=msec": 9.400
				,"percent": 1.99
				}
			,{
				"<=msec": 9.500
				,"percent": 2.06
				}
			,{
				"<=msec": 9.600
				,"percent": 2.15
				}
			,{
				"<=msec": 9.700
				,"percent": 2.25
				}
			,{
				"<=msec": 9.800
				,"percent": 2.34
				}
			,{
				"<=msec": 9.900
				,"percent": 2.45
				}
			,{
				"<=msec": 10.000
				,"percent": 3.05
				}
			,{
				"<=msec": 11.000
				,"percent": 4.26
				}
			,{
				"<=msec": 12.000
				,"percent": 5.75
				}
			,{
				"<=msec": 13.000
				,"percent": 7.55
				}
			,{
				"<=msec": 14.000
				,"percent": 9.44
				}
			,{
				"<=msec": 15.000
				,"percent": 11.58
				}
			,{
				"<=msec": 16.000
				,"percent": 13.92
				}
			,{
				"<=msec": 17.000
				,"percent": 16.43
				}
			,{
				"<=msec": 18.000
				,"percent": 19.35
				}
			,{
				"<=msec": 19.000
				,"percent": 22.82
				}
			,{
				"<=msec": 20.000
				,"percent": 27.03
				}
			,{
				"<=msec": 21.000
				,"percent": 31.64
				}
			,{
				"<=msec": 22.000
				,"percent": 36.40
				}
			,{
				"<=msec": 23.000
				,"percent": 41.09
				}
			,{
				"<=msec": 24.000
				,"percent": 45.42
				}
			,{
				"<=msec": 25.000
				,"percent": 49.65
				}
			,{
				"<=msec": 26.000
				,"percent": 53.47
				}
			,{
				"<=msec": 27.000
				,"percent": 57.45
				}
			,{
				"<=msec": 28.000
				,"percent": 61.44
				}
			,{
				"<=msec": 29.000
				,"percent": 65.09
				}
			,{
				"<=msec": 30.000
				,"percent": 68.54
				}
			,{
				"<=msec": 31.000
				,"percent": 71.55
				}
			,{
				"<=msec": 32.000
				,"percent": 74.17
				}
			,{
				"<=msec": 33.000
				,"percent": 76.39
				}
			,{
				"<=msec": 34.000
				,"percent": 78.28
				}
			,{
				"<=msec": 35.000
				,"percent": 79.86
				}
			,{
				"<=msec": 36.000
				,"percent": 81.43
				}
			,{
				"<=msec": 37.000
				,"percent": 82.83
				}
			,{
				"<=msec": 38.000
				,"percent": 84.22
				}
			,{
				"<=msec": 39.000
				,"percent": 85.34
				}
			,{
				"<=msec": 40.000
				,"percent": 86.32
				}
			,{
				"<=msec": 41.000
				,"percent": 87.26
				}
			,{
				"<=msec": 42.000
				,"percent": 88.10
				}
			,{
				"<=msec": 43.000
				,"percent": 88.86
				}
			,{
				"<=msec": 44.000
				,"percent": 89.58
				}
			,{
				"<=msec": 45.000
				,"percent": 90.20
				}
			,{
				"<=msec": 46.000
				,"percent": 90.84
				}
			,{
				"<=msec": 47.000
				,"percent": 91.44
				}
			,{
				"<=msec": 48.000
				,"percent": 92.05
				}
			,{
				"<=msec": 49.000
				,"percent": 92.60
				}
			,{
				"<=msec": 50.000
				,"percent": 93.08
				}
			,{
				"<=msec": 51.000
				,"percent": 93.51
				}
			,{
				"<=msec": 52.000
				,"percent": 93.90
				}
			,{
				"<=msec": 53.000
				,"percent": 94.30
				}
			,{
				"<=msec": 54.000
				,"percent": 94.64
				}
			,{
				"<=msec": 55.000
				,"percent": 94.98
				}
			,{
				"<=msec": 56.000
				,"percent": 95.34
				}
			,{
				"<=msec": 57.000
				,"percent": 95.66
				}
			,{
				"<=msec": 58.000
				,"percent": 95.99
				}
			,{
				"<=msec": 59.000
				,"percent": 96.25
				}
			,{
				"<=msec": 60.000
				,"percent": 96.51
				}
			,{
				"<=msec": 61.000
				,"percent": 96.76
				}
			,{
				"<=msec": 62.000
				,"percent": 96.99
				}
			,{
				"<=msec": 63.000
				,"percent": 97.19
				}
			,{
				"<=msec": 64.000
				,"percent": 97.39
				}
			,{
				"<=msec": 65.000
				,"percent": 97.58
				}
			,{
				"<=msec": 66.000
				,"percent": 97.77
				}
			,{
				"<=msec": 67.000
				,"percent": 97.92
				}
			,{
				"<=msec": 68.000
				,"percent": 98.07
				}
			,{
				"<=msec": 69.000
				,"percent": 98.20
				}
			,{
				"<=msec": 70.000
				,"percent": 98.35
				}
			,{
				"<=msec": 71.000
				,"percent": 98.46
				}
			,{
				"<=msec": 72.000
				,"percent": 98.57
				}
			,{
				"<=msec": 73.000
				,"percent": 98.66
				}
			,{
				"<=msec": 74.000
				,"percent": 98.73
				}
			,{
				"<=msec": 75.000
				,"percent": 98.82
				}
			,{
				"<=msec": 76.000
				,"percent": 98.90
				}
			,{
				"<=msec": 77.000
				,"percent": 98.97
				}
			,{
				"<=msec": 78.000
				,"percent": 99.06
				}
			,{
				"<=msec": 79.000
				,"percent": 99.12
				}
			,{
				"<=msec": 80.000
				,"percent": 99.19
				}
			,{
				"<=msec": 81.000
				,"percent": 99.25
				}
			,{
				"<=msec": 82.000
				,"percent": 99.31
				}
			,{
				"<=msec": 83.000
				,"percent": 99.35
				}
			,{
				"<=msec": 84.000
				,"percent": 99.39
				}
			,{
				"<=msec": 85.000
				,"percent": 99.43
				}
			,{
				"<=msec": 86.000
				,"percent": 99.48
				}
			,{
				"<=msec": 87.000
				,"percent": 99.51
				}
			,{
				"<=msec": 88.000
				,"percent": 99.54
				}
			,{
				"<=msec": 89.000
				,"percent": 99.57
				}
			,{
				"<=msec": 90.000
				,"percent": 99.60
				}
			,{
				"<=msec": 91.000
				,"percent": 99.64
				}
			,{
				"<=msec": 92.000
				,"percent": 99.67
				}
			,{
				"<=msec": 93.000
				,"percent": 99.69
				}
			,{
				"<=msec": 94.000
				,"percent": 99.71
				}
			,{
				"<=msec": 95.000
				,"percent": 99.72
				}
			,{
				"<=msec": 96.000
				,"percent": 99.74
				}
			,{
				"<=msec": 97.000
				,"percent": 99.76
				}
			,{
				"<=msec": 98.000
				,"percent": 99.76
				}
			,{
				"<=msec": 99.000
				,"percent": 99.78
				}
			,{
				"<=msec": 100.000
				,"percent": 99.85
				}
			,{
				"<=msec": 110.000
				,"percent": 99.93
				}
			,{
				"<=msec": 120.000
				,"percent": 99.95
				}
			,{
				"<=msec": 130.000
				,"percent": 99.98
				}
			,{
				"<=msec": 140.000
				,"percent": 99.99
				}
			,{
				"<=msec": 150.000
				,"percent": 100.00
				}
			,{
				"<=msec": 160.000
				,"percent": 100.00
				}
			]
		,"WAIT":[
		]
		}
	}
