{
	"configuration":{
		"server": "10.0.0.8"
		,"port": 6379
		,"unix socket": "(null)"
		,"protocol": "memcache_text"
		,"out_file": "(null)"
		,"client_stats": "(null)"
		,"run_count": 1
		,"debug": 0
		,"requests": 0
		,"clients": 32
		,"threads": 1
		,"test_time": 75
		,"ratio": "0:1"
		,"pipeline": 1
		,"data_size": 1024
		,"data_offset": 0
		,"random_data": "false"
		,"data_size_range": "0:0"
		,"data_size_list": ""
		,"data_size_pattern": "R"
		,"expiry_range": "9999:10000"
		,"data_import": "(null)"
		,"data_verify": "false"
		,"verify_only": "false"
		,"generate_keys": "false"
		,"key_prefix": "memtier-"
		,"key_minimum":           0
		,"key_maximum":       10000
		,"key_pattern": "R:R"
		,"key_stddev": 0.000000
		,"key_median": 0.000000
		,"reconnect_interval": 0
		,"multi_key_get": 0
		,"authenticate": ""
		,"select-db": 0
		,"no-expiry": "false"
		,"wait-ratio": "0:0"
		,"num-slaves": "0:0"
		,"wait-timeout": "0-0"
		}
	,"run information":{
		"Threads": 1
		,"Connections per thread": 32
		,"Seconds": 75
		}
	,"ALL STATS":{
		"Sets":{
			"Ops/sec": 0.00
			,"Hits/sec": 0.00
			,"Misses/sec": 0.00
			,"Latency": 0.00
			,"KB/sec": 0.00
			}
		,"Gets":{
			"Ops/sec": 1154.52
			,"Hits/sec": 1154.52
			,"Misses/sec": 0.00
			,"Latency": 27.71
			,"KB/sec": 1212.90
			}
		,"Waits":{
			"Ops/sec": 0.00
			,"Hits/sec": 0.00
			,"Misses/sec": 0.00
			,"Latency": 0.00
			,"KB/sec": 0.00
			}
		,"Totals":{
			"Ops/sec": 1154.52
			,"Hits/sec": 1154.52
			,"Misses/sec": 0.00
			,"Latency": 27.71
			,"KB/sec": 1212.90
			}
		,"SET":[
		]
		,"GET":[
			{
				"<=msec": 3.600
				,"percent": 0.01
				}
			,{
				"<=msec": 3.700
				,"percent": 0.03
				}
			,{
				"<=msec": 3.800
				,"percent": 0.09
				}
			,{
				"<=msec": 3.900
				,"percent": 0.18
				}
			,{
				"<=msec": 4.000
				,"percent": 0.28
				}
			,{
				"<=msec": 4.100
				,"percent": 0.42
				}
			,{
				"<=msec": 4.200
				,"percent": 0.56
				}
			,{
				"<=msec": 4.300
				,"percent": 0.74
				}
			,{
				"<=msec": 4.400
				,"percent": 0.93
				}
			,{
				"<=msec": 4.500
				,"percent": 1.10
				}
			,{
				"<=msec": 4.600
				,"percent": 1.28
				}
			,{
				"<=msec": 4.700
				,"percent": 1.45
				}
			,{
				"<=msec": 4.800
				,"percent": 1.60
				}
			,{
				"<=msec": 4.900
				,"percent": 1.75
				}
			,{
				"<=msec": 5.000
				,"percent": 1.89
				}
			,{
				"<=msec": 5.100
				,"percent": 2.00
				}
			,{
				"<=msec": 5.200
				,"percent": 2.13
				}
			,{
				"<=msec": 5.300
				,"percent": 2.25
				}
			,{
				"<=msec": 5.400
				,"percent": 2.35
				}
			,{
				"<=msec": 5.500
				,"percent": 2.44
				}
			,{
				"<=msec": 5.600
				,"percent": 2.54
				}
			,{
				"<=msec": 5.700
				,"percent": 2.66
				}
			,{
				"<=msec": 5.800
				,"percent": 2.73
				}
			,{
				"<=msec": 5.900
				,"percent": 2.81
				}
			,{
				"<=msec": 6.000
				,"percent": 2.88
				}
			,{
				"<=msec": 6.100
				,"percent": 2.95
				}
			,{
				"<=msec": 6.200
				,"percent": 3.02
				}
			,{
				"<=msec": 6.300
				,"percent": 3.11
				}
			,{
				"<=msec": 6.400
				,"percent": 3.19
				}
			,{
				"<=msec": 6.500
				,"percent": 3.27
				}
			,{
				"<=msec": 6.600
				,"percent": 3.34
				}
			,{
				"<=msec": 6.700
				,"percent": 3.42
				}
			,{
				"<=msec": 6.800
				,"percent": 3.48
				}
			,{
				"<=msec": 6.900
				,"percent": 3.55
				}
			,{
				"<=msec": 7.000
				,"percent": 3.63
				}
			,{
				"<=msec": 7.100
				,"percent": 3.70
				}
			,{
				"<=msec": 7.200
				,"percent": 3.78
				}
			,{
				"<=msec": 7.300
				,"percent": 3.85
				}
			,{
				"<=msec": 7.400
				,"percent": 3.91
				}
			,{
				"<=msec": 7.500
				,"percent": 3.99
				}
			,{
				"<=msec": 7.600
				,"percent": 4.06
				}
			,{
				"<=msec": 7.700
				,"percent": 4.15
				}
			,{
				"<=msec": 7.800
				,"percent": 4.23
				}
			,{
				"<=msec": 7.900
				,"percent": 4.30
				}
			,{
				"<=msec": 8.000
				,"percent": 4.40
				}
			,{
				"<=msec": 8.100
				,"percent": 4.47
				}
			,{
				"<=msec": 8.200
				,"percent": 4.55
				}
			,{
				"<=msec": 8.300
				,"percent": 4.63
				}
			,{
				"<=msec": 8.400
				,"percent": 4.71
				}
			,{
				"<=msec": 8.500
				,"percent": 4.79
				}
			,{
				"<=msec": 8.600
				,"percent": 4.88
				}
			,{
				"<=msec": 8.700
				,"percent": 4.95
				}
			,{
				"<=msec": 8.800
				,"percent": 5.05
				}
			,{
				"<=msec": 8.900
				,"percent": 5.12
				}
			,{
				"<=msec": 9.000
				,"percent": 5.21
				}
			,{
				"<=msec": 9.100
				,"percent": 5.29
				}
			,{
				"<=msec": 9.200
				,"percent": 5.41
				}
			,{
				"<=msec": 9.300
				,"percent": 5.52
				}
			,{
				"<=msec": 9.400
				,"percent": 5.68
				}
			,{
				"<=msec": 9.500
				,"percent": 5.89
				}
			,{
				"<=msec": 9.600
				,"percent": 6.12
				}
			,{
				"<=msec": 9.700
				,"percent": 6.43
				}
			,{
				"<=msec": 9.800
				,"percent": 6.78
				}
			,{
				"<=msec": 9.900
				,"percent": 7.10
				}
			,{
				"<=msec": 10.000
				,"percent": 8.17
				}
			,{
				"<=msec": 11.000
				,"percent": 9.55
				}
			,{
				"<=msec": 12.000
				,"percent": 11.11
				}
			,{
				"<=msec": 13.000
				,"percent": 12.66
				}
			,{
				"<=msec": 14.000
				,"percent": 14.18
				}
			,{
				"<=msec": 15.000
				,"percent": 15.86
				}
			,{
				"<=msec": 16.000
				,"percent": 17.68
				}
			,{
				"<=msec": 17.000
				,"percent": 19.80
				}
			,{
				"<=msec": 18.000
				,"percent": 22.08
				}
			,{
				"<=msec": 19.000
				,"percent": 24.89
				}
			,{
				"<=msec": 20.000
				,"percent": 28.26
				}
			,{
				"<=msec": 21.000
				,"percent": 32.35
				}
			,{
				"<=msec": 22.000
				,"percent": 36.60
				}
			,{
				"<=msec": 23.000
				,"percent": 40.89
				}
			,{
				"<=msec": 24.000
				,"percent": 45.22
				}
			,{
				"<=msec": 25.000
				,"percent": 49.00
				}
			,{
				"<=msec": 26.000
				,"percent": 52.84
				}
			,{
				"<=msec": 27.000
				,"percent": 56.68
				}
			,{
				"<=msec": 28.000
				,"percent": 60.65
				}
			,{
				"<=msec": 29.000
				,"percent": 64.52
				}
			,{
				"<=msec": 30.000
				,"percent": 68.18
				}
			,{
				"<=msec": 31.000
				,"percent": 71.40
				}
			,{
				"<=msec": 32.000
				,"percent": 74.05
				}
			,{
				"<=msec": 33.000
				,"percent": 76.33
				}
			,{
				"<=msec": 34.000
				,"percent": 78.20
				}
			,{
				"<=msec": 35.000
				,"percent": 79.87
				}
			,{
				"<=msec": 36.000
				,"percent": 81.42
				}
			,{
				"<=msec": 37.000
				,"percent": 82.84
				}
			,{
				"<=msec": 38.000
				,"percent": 84.24
				}
			,{
				"<=msec": 39.000
				,"percent": 85.51
				}
			,{
				"<=msec": 40.000
				,"percent": 86.59
				}
			,{
				"<=msec": 41.000
				,"percent": 87.52
				}
			,{
				"<=msec": 42.000
				,"percent": 88.30
				}
			,{
				"<=msec": 43.000
				,"percent": 89.06
				}
			,{
				"<=msec": 44.000
				,"percent": 89.74
				}
			,{
				"<=msec": 45.000
				,"percent": 90.34
				}
			,{
				"<=msec": 46.000
				,"percent": 90.97
				}
			,{
				"<=msec": 47.000
				,"percent": 91.58
				}
			,{
				"<=msec": 48.000
				,"percent": 92.17
				}
			,{
				"<=msec": 49.000
				,"percent": 92.67
				}
			,{
				"<=msec": 50.000
				,"percent": 93.19
				}
			,{
				"<=msec": 51.000
				,"percent": 93.70
				}
			,{
				"<=msec": 52.000
				,"percent": 94.15
				}
			,{
				"<=msec": 53.000
				,"percent": 94.57
				}
			,{
				"<=msec": 54.000
				,"percent": 94.91
				}
			,{
				"<=msec": 55.000
				,"percent": 95.27
				}
			,{
				"<=msec": 56.000
				,"percent": 95.56
				}
			,{
				"<=msec": 57.000
				,"percent": 95.88
				}
			,{
				"<=msec": 58.000
				,"percent": 96.21
				}
			,{
				"<=msec": 59.000
				,"percent": 96.52
				}
			,{
				"<=msec": 60.000
				,"percent": 96.78
				}
			,{
				"<=msec": 61.000
				,"percent": 97.02
				}
			,{
				"<=msec": 62.000
				,"percent": 97.25
				}
			,{
				"<=msec": 63.000
				,"percent": 97.46
				}
			,{
				"<=msec": 64.000
				,"percent": 97.67
				}
			,{
				"<=msec": 65.000
				,"percent": 97.84
				}
			,{
				"<=msec": 66.000
				,"percent": 97.99
				}
			,{
				"<=msec": 67.000
				,"percent": 98.16
				}
			,{
				"<=msec": 68.000
				,"percent": 98.29
				}
			,{
				"<=msec": 69.000
				,"percent": 98.42
				}
			,{
				"<=msec": 70.000
				,"percent": 98.54
				}
			,{
				"<=msec": 71.000
				,"percent": 98.65
				}
			,{
				"<=msec": 72.000
				,"percent": 98.74
				}
			,{
				"<=msec": 73.000
				,"percent": 98.81
				}
			,{
				"<=msec": 74.000
				,"percent": 98.88
				}
			,{
				"<=msec": 75.000
				,"percent": 98.95
				}
			,{
				"<=msec": 76.000
				,"percent": 99.01
				}
			,{
				"<=msec": 77.000
				,"percent": 99.07
				}
			,{
				"<=msec": 78.000
				,"percent": 99.12
				}
			,{
				"<=msec": 79.000
				,"percent": 99.16
				}
			,{
				"<=msec": 80.000
				,"percent": 99.21
				}
			,{
				"<=msec": 81.000
				,"percent": 99.26
				}
			,{
				"<=msec": 82.000
				,"percent": 99.31
				}
			,{
				"<=msec": 83.000
				,"percent": 99.35
				}
			,{
				"<=msec": 84.000
				,"percent": 99.41
				}
			,{
				"<=msec": 85.000
				,"percent": 99.44
				}
			,{
				"<=msec": 86.000
				,"percent": 99.47
				}
			,{
				"<=msec": 87.000
				,"percent": 99.50
				}
			,{
				"<=msec": 88.000
				,"percent": 99.52
				}
			,{
				"<=msec": 89.000
				,"percent": 99.54
				}
			,{
				"<=msec": 90.000
				,"percent": 99.57
				}
			,{
				"<=msec": 91.000
				,"percent": 99.59
				}
			,{
				"<=msec": 92.000
				,"percent": 99.63
				}
			,{
				"<=msec": 93.000
				,"percent": 99.65
				}
			,{
				"<=msec": 94.000
				,"percent": 99.67
				}
			,{
				"<=msec": 95.000
				,"percent": 99.70
				}
			,{
				"<=msec": 96.000
				,"percent": 99.72
				}
			,{
				"<=msec": 97.000
				,"percent": 99.74
				}
			,{
				"<=msec": 98.000
				,"percent": 99.76
				}
			,{
				"<=msec": 99.000
				,"percent": 99.78
				}
			,{
				"<=msec": 100.000
				,"percent": 99.86
				}
			,{
				"<=msec": 110.000
				,"percent": 99.95
				}
			,{
				"<=msec": 120.000
				,"percent": 99.98
				}
			,{
				"<=msec": 130.000
				,"percent": 99.99
				}
			,{
				"<=msec": 140.000
				,"percent": 100.00
				}
			,{
				"<=msec": 150.000
				,"percent": 100.00
				}
			,{
				"<=msec": 180.000
				,"percent": 100.00
				}
			]
		,"WAIT":[
		]
		}
	}
