{
	"configuration":{
		"server": "10.0.0.8"
		,"port": 6379
		,"unix socket": "(null)"
		,"protocol": "memcache_text"
		,"out_file": "(null)"
		,"client_stats": "(null)"
		,"run_count": 1
		,"debug": 0
		,"requests": 0
		,"clients": 32
		,"threads": 1
		,"test_time": 75
		,"ratio": "0:1"
		,"pipeline": 1
		,"data_size": 1024
		,"data_offset": 0
		,"random_data": "false"
		,"data_size_range": "0:0"
		,"data_size_list": ""
		,"data_size_pattern": "R"
		,"expiry_range": "9999:10000"
		,"data_import": "(null)"
		,"data_verify": "false"
		,"verify_only": "false"
		,"generate_keys": "false"
		,"key_prefix": "memtier-"
		,"key_minimum":           0
		,"key_maximum":       10000
		,"key_pattern": "R:R"
		,"key_stddev": 0.000000
		,"key_median": 0.000000
		,"reconnect_interval": 0
		,"multi_key_get": 0
		,"authenticate": ""
		,"select-db": 0
		,"no-expiry": "false"
		,"wait-ratio": "0:0"
		,"num-slaves": "0:0"
		,"wait-timeout": "0-0"
		}
	,"run information":{
		"Threads": 1
		,"Connections per thread": 32
		,"Seconds": 75
		}
	,"ALL STATS":{
		"Sets":{
			"Ops/sec": 0.00
			,"Hits/sec": 0.00
			,"Misses/sec": 0.00
			,"Latency": 0.00
			,"KB/sec": 0.00
			}
		,"Gets":{
			"Ops/sec": 1129.09
			,"Hits/sec": 1129.09
			,"Misses/sec": 0.00
			,"Latency": 28.33
			,"KB/sec": 1186.18
			}
		,"Waits":{
			"Ops/sec": 0.00
			,"Hits/sec": 0.00
			,"Misses/sec": 0.00
			,"Latency": 0.00
			,"KB/sec": 0.00
			}
		,"Totals":{
			"Ops/sec": 1129.09
			,"Hits/sec": 1129.09
			,"Misses/sec": 0.00
			,"Latency": 28.33
			,"KB/sec": 1186.18
			}
		,"SET":[
		]
		,"GET":[
			{
				"<=msec": 3.300
				,"percent": 0.01
				}
			,{
				"<=msec": 3.400
				,"percent": 0.02
				}
			,{
				"<=msec": 3.500
				,"percent": 0.05
				}
			,{
				"<=msec": 3.600
				,"percent": 0.09
				}
			,{
				"<=msec": 3.700
				,"percent": 0.13
				}
			,{
				"<=msec": 3.800
				,"percent": 0.18
				}
			,{
				"<=msec": 3.900
				,"percent": 0.23
				}
			,{
				"<=msec": 4.000
				,"percent": 0.29
				}
			,{
				"<=msec": 4.100
				,"percent": 0.32
				}
			,{
				"<=msec": 4.200
				,"percent": 0.36
				}
			,{
				"<=msec": 4.300
				,"percent": 0.41
				}
			,{
				"<=msec": 4.400
				,"percent": 0.46
				}
			,{
				"<=msec": 4.500
				,"percent": 0.51
				}
			,{
				"<=msec": 4.600
				,"percent": 0.55
				}
			,{
				"<=msec": 4.700
				,"percent": 0.60
				}
			,{
				"<=msec": 4.800
				,"percent": 0.63
				}
			,{
				"<=msec": 4.900
				,"percent": 0.67
				}
			,{
				"<=msec": 5.000
				,"percent": 0.70
				}
			,{
				"<=msec": 5.100
				,"percent": 0.74
				}
			,{
				"<=msec": 5.200
				,"percent": 0.76
				}
			,{
				"<=msec": 5.300
				,"percent": 0.81
				}
			,{
				"<=msec": 5.400
				,"percent": 0.85
				}
			,{
				"<=msec": 5.500
				,"percent": 0.88
				}
			,{
				"<=msec": 5.600
				,"percent": 0.93
				}
			,{
				"<=msec": 5.700
				,"percent": 0.97
				}
			,{
				"<=msec": 5.800
				,"percent": 1.01
				}
			,{
				"<=msec": 5.900
				,"percent": 1.03
				}
			,{
				"<=msec": 6.000
				,"percent": 1.07
				}
			,{
				"<=msec": 6.100
				,"percent": 1.10
				}
			,{
				"<=msec": 6.200
				,"percent": 1.14
				}
			,{
				"<=msec": 6.300
				,"percent": 1.17
				}
			,{
				"<=msec": 6.400
				,"percent": 1.21
				}
			,{
				"<=msec": 6.500
				,"percent": 1.25
				}
			,{
				"<=msec": 6.600
				,"percent": 1.28
				}
			,{
				"<=msec": 6.700
				,"percent": 1.33
				}
			,{
				"<=msec": 6.800
				,"percent": 1.38
				}
			,{
				"<=msec": 6.900
				,"percent": 1.42
				}
			,{
				"<=msec": 7.000
				,"percent": 1.47
				}
			,{
				"<=msec": 7.100
				,"percent": 1.52
				}
			,{
				"<=msec": 7.200
				,"percent": 1.57
				}
			,{
				"<=msec": 7.300
				,"percent": 1.62
				}
			,{
				"<=msec": 7.400
				,"percent": 1.66
				}
			,{
				"<=msec": 7.500
				,"percent": 1.70
				}
			,{
				"<=msec": 7.600
				,"percent": 1.77
				}
			,{
				"<=msec": 7.700
				,"percent": 1.82
				}
			,{
				"<=msec": 7.800
				,"percent": 1.88
				}
			,{
				"<=msec": 7.900
				,"percent": 1.95
				}
			,{
				"<=msec": 8.000
				,"percent": 2.01
				}
			,{
				"<=msec": 8.100
				,"percent": 2.09
				}
			,{
				"<=msec": 8.200
				,"percent": 2.17
				}
			,{
				"<=msec": 8.300
				,"percent": 2.24
				}
			,{
				"<=msec": 8.400
				,"percent": 2.34
				}
			,{
				"<=msec": 8.500
				,"percent": 2.42
				}
			,{
				"<=msec": 8.600
				,"percent": 2.49
				}
			,{
				"<=msec": 8.700
				,"percent": 2.56
				}
			,{
				"<=msec": 8.800
				,"percent": 2.65
				}
			,{
				"<=msec": 8.900
				,"percent": 2.77
				}
			,{
				"<=msec": 9.000
				,"percent": 2.88
				}
			,{
				"<=msec": 9.100
				,"percent": 2.99
				}
			,{
				"<=msec": 9.200
				,"percent": 3.11
				}
			,{
				"<=msec": 9.300
				,"percent": 3.27
				}
			,{
				"<=msec": 9.400
				,"percent": 3.41
				}
			,{
				"<=msec": 9.500
				,"percent": 3.55
				}
			,{
				"<=msec": 9.600
				,"percent": 3.69
				}
			,{
				"<=msec": 9.700
				,"percent": 3.82
				}
			,{
				"<=msec": 9.800
				,"percent": 3.96
				}
			,{
				"<=msec": 9.900
				,"percent": 4.12
				}
			,{
				"<=msec": 10.000
				,"percent": 4.89
				}
			,{
				"<=msec": 11.000
				,"percent": 6.25
				}
			,{
				"<=msec": 12.000
				,"percent": 7.45
				}
			,{
				"<=msec": 13.000
				,"percent": 8.98
				}
			,{
				"<=msec": 14.000
				,"percent": 10.70
				}
			,{
				"<=msec": 15.000
				,"percent": 12.64
				}
			,{
				"<=msec": 16.000
				,"percent": 14.69
				}
			,{
				"<=msec": 17.000
				,"percent": 16.97
				}
			,{
				"<=msec": 18.000
				,"percent": 19.75
				}
			,{
				"<=msec": 19.000
				,"percent": 22.88
				}
			,{
				"<=msec": 20.000
				,"percent": 26.68
				}
			,{
				"<=msec": 21.000
				,"percent": 31.07
				}
			,{
				"<=msec": 22.000
				,"percent": 35.57
				}
			,{
				"<=msec": 23.000
				,"percent": 39.96
				}
			,{
				"<=msec": 24.000
				,"percent": 44.24
				}
			,{
				"<=msec": 25.000
				,"percent": 48.28
				}
			,{
				"<=msec": 26.000
				,"percent": 52.29
				}
			,{
				"<=msec": 27.000
				,"percent": 56.30
				}
			,{
				"<=msec": 28.000
				,"percent": 60.32
				}
			,{
				"<=msec": 29.000
				,"percent": 64.18
				}
			,{
				"<=msec": 30.000
				,"percent": 67.73
				}
			,{
				"<=msec": 31.000
				,"percent": 70.67
				}
			,{
				"<=msec": 32.000
				,"percent": 73.37
				}
			,{
				"<=msec": 33.000
				,"percent": 75.71
				}
			,{
				"<=msec": 34.000
				,"percent": 77.65
				}
			,{
				"<=msec": 35.000
				,"percent": 79.35
				}
			,{
				"<=msec": 36.000
				,"percent": 80.98
				}
			,{
				"<=msec": 37.000
				,"percent": 82.45
				}
			,{
				"<=msec": 38.000
				,"percent": 83.85
				}
			,{
				"<=msec": 39.000
				,"percent": 85.10
				}
			,{
				"<=msec": 40.000
				,"percent": 86.20
				}
			,{
				"<=msec": 41.000
				,"percent": 87.11
				}
			,{
				"<=msec": 42.000
				,"percent": 87.97
				}
			,{
				"<=msec": 43.000
				,"percent": 88.80
				}
			,{
				"<=msec": 44.000
				,"percent": 89.48
				}
			,{
				"<=msec": 45.000
				,"percent": 90.17
				}
			,{
				"<=msec": 46.000
				,"percent": 90.82
				}
			,{
				"<=msec": 47.000
				,"percent": 91.42
				}
			,{
				"<=msec": 48.000
				,"percent": 92.01
				}
			,{
				"<=msec": 49.000
				,"percent": 92.56
				}
			,{
				"<=msec": 50.000
				,"percent": 93.08
				}
			,{
				"<=msec": 51.000
				,"percent": 93.56
				}
			,{
				"<=msec": 52.000
				,"percent": 93.93
				}
			,{
				"<=msec": 53.000
				,"percent": 94.31
				}
			,{
				"<=msec": 54.000
				,"percent": 94.70
				}
			,{
				"<=msec": 55.000
				,"percent": 95.04
				}
			,{
				"<=msec": 56.000
				,"percent": 95.36
				}
			,{
				"<=msec": 57.000
				,"percent": 95.65
				}
			,{
				"<=msec": 58.000
				,"percent": 96.00
				}
			,{
				"<=msec": 59.000
				,"percent": 96.30
				}
			,{
				"<=msec": 60.000
				,"percent": 96.61
				}
			,{
				"<=msec": 61.000
				,"percent": 96.86
				}
			,{
				"<=msec": 62.000
				,"percent": 97.07
				}
			,{
				"<=msec": 63.000
				,"percent": 97.24
				}
			,{
				"<=msec": 64.000
				,"percent": 97.44
				}
			,{
				"<=msec": 65.000
				,"percent": 97.61
				}
			,{
				"<=msec": 66.000
				,"percent": 97.78
				}
			,{
				"<=msec": 67.000
				,"percent": 97.96
				}
			,{
				"<=msec": 68.000
				,"percent": 98.13
				}
			,{
				"<=msec": 69.000
				,"percent": 98.26
				}
			,{
				"<=msec": 70.000
				,"percent": 98.38
				}
			,{
				"<=msec": 71.000
				,"percent": 98.51
				}
			,{
				"<=msec": 72.000
				,"percent": 98.62
				}
			,{
				"<=msec": 73.000
				,"percent": 98.72
				}
			,{
				"<=msec": 74.000
				,"percent": 98.80
				}
			,{
				"<=msec": 75.000
				,"percent": 98.87
				}
			,{
				"<=msec": 76.000
				,"percent": 98.93
				}
			,{
				"<=msec": 77.000
				,"percent": 99.00
				}
			,{
				"<=msec": 78.000
				,"percent": 99.07
				}
			,{
				"<=msec": 79.000
				,"percent": 99.13
				}
			,{
				"<=msec": 80.000
				,"percent": 99.18
				}
			,{
				"<=msec": 81.000
				,"percent": 99.25
				}
			,{
				"<=msec": 82.000
				,"percent": 99.30
				}
			,{
				"<=msec": 83.000
				,"percent": 99.34
				}
			,{
				"<=msec": 84.000
				,"percent": 99.38
				}
			,{
				"<=msec": 85.000
				,"percent": 99.44
				}
			,{
				"<=msec": 86.000
				,"percent": 99.46
				}
			,{
				"<=msec": 87.000
				,"percent": 99.50
				}
			,{
				"<=msec": 88.000
				,"percent": 99.53
				}
			,{
				"<=msec": 89.000
				,"percent": 99.58
				}
			,{
				"<=msec": 90.000
				,"percent": 99.60
				}
			,{
				"<=msec": 91.000
				,"percent": 99.63
				}
			,{
				"<=msec": 92.000
				,"percent": 99.66
				}
			,{
				"<=msec": 93.000
				,"percent": 99.68
				}
			,{
				"<=msec": 94.000
				,"percent": 99.71
				}
			,{
				"<=msec": 95.000
				,"percent": 99.72
				}
			,{
				"<=msec": 96.000
				,"percent": 99.73
				}
			,{
				"<=msec": 97.000
				,"percent": 99.75
				}
			,{
				"<=msec": 98.000
				,"percent": 99.77
				}
			,{
				"<=msec": 99.000
				,"percent": 99.79
				}
			,{
				"<=msec": 100.000
				,"percent": 99.85
				}
			,{
				"<=msec": 110.000
				,"percent": 99.93
				}
			,{
				"<=msec": 120.000
				,"percent": 99.95
				}
			,{
				"<=msec": 130.000
				,"percent": 99.99
				}
			,{
				"<=msec": 140.000
				,"percent": 100.00
				}
			,{
				"<=msec": 150.000
				,"percent": 100.00
				}
			,{
				"<=msec": 170.000
				,"percent": 100.00
				}
			]
		,"WAIT":[
		]
		}
	}
