{
	"configuration":{
		"server": "10.0.0.8"
		,"port": 6379
		,"unix socket": "(null)"
		,"protocol": "memcache_text"
		,"out_file": "(null)"
		,"client_stats": "(null)"
		,"run_count": 1
		,"debug": 0
		,"requests": 0
		,"clients": 32
		,"threads": 1
		,"test_time": 75
		,"ratio": "0:1"
		,"pipeline": 1
		,"data_size": 1024
		,"data_offset": 0
		,"random_data": "false"
		,"data_size_range": "0:0"
		,"data_size_list": ""
		,"data_size_pattern": "R"
		,"expiry_range": "9999:10000"
		,"data_import": "(null)"
		,"data_verify": "false"
		,"verify_only": "false"
		,"generate_keys": "false"
		,"key_prefix": "memtier-"
		,"key_minimum":           0
		,"key_maximum":       10000
		,"key_pattern": "R:R"
		,"key_stddev": 0.000000
		,"key_median": 0.000000
		,"reconnect_interval": 0
		,"multi_key_get": 0
		,"authenticate": ""
		,"select-db": 0
		,"no-expiry": "false"
		,"wait-ratio": "0:0"
		,"num-slaves": "0:0"
		,"wait-timeout": "0-0"
		}
	,"run information":{
		"Threads": 1
		,"Connections per thread": 32
		,"Seconds": 75
		}
	,"ALL STATS":{
		"Sets":{
			"Ops/sec": 0.00
			,"Hits/sec": 0.00
			,"Misses/sec": 0.00
			,"Latency": 0.00
			,"KB/sec": 0.00
			}
		,"Gets":{
			"Ops/sec": 1146.01
			,"Hits/sec": 1146.01
			,"Misses/sec": 0.00
			,"Latency": 27.91
			,"KB/sec": 1203.96
			}
		,"Waits":{
			"Ops/sec": 0.00
			,"Hits/sec": 0.00
			,"Misses/sec": 0.00
			,"Latency": 0.00
			,"KB/sec": 0.00
			}
		,"Totals":{
			"Ops/sec": 1146.01
			,"Hits/sec": 1146.01
			,"Misses/sec": 0.00
			,"Latency": 27.91
			,"KB/sec": 1203.96
			}
		,"SET":[
		]
		,"GET":[
			{
				"<=msec": 3.600
				,"percent": 0.02
				}
			,{
				"<=msec": 3.700
				,"percent": 0.06
				}
			,{
				"<=msec": 3.800
				,"percent": 0.15
				}
			,{
				"<=msec": 3.900
				,"percent": 0.26
				}
			,{
				"<=msec": 4.000
				,"percent": 0.38
				}
			,{
				"<=msec": 4.100
				,"percent": 0.55
				}
			,{
				"<=msec": 4.200
				,"percent": 0.74
				}
			,{
				"<=msec": 4.300
				,"percent": 0.93
				}
			,{
				"<=msec": 4.400
				,"percent": 1.13
				}
			,{
				"<=msec": 4.500
				,"percent": 1.35
				}
			,{
				"<=msec": 4.600
				,"percent": 1.56
				}
			,{
				"<=msec": 4.700
				,"percent": 1.75
				}
			,{
				"<=msec": 4.800
				,"percent": 1.89
				}
			,{
				"<=msec": 4.900
				,"percent": 2.03
				}
			,{
				"<=msec": 5.000
				,"percent": 2.18
				}
			,{
				"<=msec": 5.100
				,"percent": 2.27
				}
			,{
				"<=msec": 5.200
				,"percent": 2.39
				}
			,{
				"<=msec": 5.300
				,"percent": 2.48
				}
			,{
				"<=msec": 5.400
				,"percent": 2.56
				}
			,{
				"<=msec": 5.500
				,"percent": 2.63
				}
			,{
				"<=msec": 5.600
				,"percent": 2.71
				}
			,{
				"<=msec": 5.700
				,"percent": 2.78
				}
			,{
				"<=msec": 5.800
				,"percent": 2.85
				}
			,{
				"<=msec": 5.900
				,"percent": 2.93
				}
			,{
				"<=msec": 6.000
				,"percent": 3.01
				}
			,{
				"<=msec": 6.100
				,"percent": 3.08
				}
			,{
				"<=msec": 6.200
				,"percent": 3.16
				}
			,{
				"<=msec": 6.300
				,"percent": 3.22
				}
			,{
				"<=msec": 6.400
				,"percent": 3.27
				}
			,{
				"<=msec": 6.500
				,"percent": 3.34
				}
			,{
				"<=msec": 6.600
				,"percent": 3.41
				}
			,{
				"<=msec": 6.700
				,"percent": 3.50
				}
			,{
				"<=msec": 6.800
				,"percent": 3.58
				}
			,{
				"<=msec": 6.900
				,"percent": 3.68
				}
			,{
				"<=msec": 7.000
				,"percent": 3.74
				}
			,{
				"<=msec": 7.100
				,"percent": 3.80
				}
			,{
				"<=msec": 7.200
				,"percent": 3.87
				}
			,{
				"<=msec": 7.300
				,"percent": 3.94
				}
			,{
				"<=msec": 7.400
				,"percent": 4.01
				}
			,{
				"<=msec": 7.500
				,"percent": 4.08
				}
			,{
				"<=msec": 7.600
				,"percent": 4.15
				}
			,{
				"<=msec": 7.700
				,"percent": 4.22
				}
			,{
				"<=msec": 7.800
				,"percent": 4.28
				}
			,{
				"<=msec": 7.900
				,"percent": 4.36
				}
			,{
				"<=msec": 8.000
				,"percent": 4.40
				}
			,{
				"<=msec": 8.100
				,"percent": 4.46
				}
			,{
				"<=msec": 8.200
				,"percent": 4.52
				}
			,{
				"<=msec": 8.300
				,"percent": 4.58
				}
			,{
				"<=msec": 8.400
				,"percent": 4.66
				}
			,{
				"<=msec": 8.500
				,"percent": 4.74
				}
			,{
				"<=msec": 8.600
				,"percent": 4.84
				}
			,{
				"<=msec": 8.700
				,"percent": 4.93
				}
			,{
				"<=msec": 8.800
				,"percent": 4.97
				}
			,{
				"<=msec": 8.900
				,"percent": 5.07
				}
			,{
				"<=msec": 9.000
				,"percent": 5.13
				}
			,{
				"<=msec": 9.100
				,"percent": 5.22
				}
			,{
				"<=msec": 9.200
				,"percent": 5.30
				}
			,{
				"<=msec": 9.300
				,"percent": 5.37
				}
			,{
				"<=msec": 9.400
				,"percent": 5.47
				}
			,{
				"<=msec": 9.500
				,"percent": 5.59
				}
			,{
				"<=msec": 9.600
				,"percent": 5.79
				}
			,{
				"<=msec": 9.700
				,"percent": 6.06
				}
			,{
				"<=msec": 9.800
				,"percent": 6.46
				}
			,{
				"<=msec": 9.900
				,"percent": 6.92
				}
			,{
				"<=msec": 10.000
				,"percent": 8.24
				}
			,{
				"<=msec": 11.000
				,"percent": 9.65
				}
			,{
				"<=msec": 12.000
				,"percent": 11.10
				}
			,{
				"<=msec": 13.000
				,"percent": 12.51
				}
			,{
				"<=msec": 14.000
				,"percent": 13.94
				}
			,{
				"<=msec": 15.000
				,"percent": 15.39
				}
			,{
				"<=msec": 16.000
				,"percent": 17.06
				}
			,{
				"<=msec": 17.000
				,"percent": 19.03
				}
			,{
				"<=msec": 18.000
				,"percent": 21.23
				}
			,{
				"<=msec": 19.000
				,"percent": 24.07
				}
			,{
				"<=msec": 20.000
				,"percent": 27.40
				}
			,{
				"<=msec": 21.000
				,"percent": 31.41
				}
			,{
				"<=msec": 22.000
				,"percent": 35.74
				}
			,{
				"<=msec": 23.000
				,"percent": 40.10
				}
			,{
				"<=msec": 24.000
				,"percent": 44.11
				}
			,{
				"<=msec": 25.000
				,"percent": 47.97
				}
			,{
				"<=msec": 26.000
				,"percent": 51.82
				}
			,{
				"<=msec": 27.000
				,"percent": 55.87
				}
			,{
				"<=msec": 28.000
				,"percent": 59.85
				}
			,{
				"<=msec": 29.000
				,"percent": 63.79
				}
			,{
				"<=msec": 30.000
				,"percent": 67.44
				}
			,{
				"<=msec": 31.000
				,"percent": 70.65
				}
			,{
				"<=msec": 32.000
				,"percent": 73.31
				}
			,{
				"<=msec": 33.000
				,"percent": 75.56
				}
			,{
				"<=msec": 34.000
				,"percent": 77.57
				}
			,{
				"<=msec": 35.000
				,"percent": 79.50
				}
			,{
				"<=msec": 36.000
				,"percent": 81.11
				}
			,{
				"<=msec": 37.000
				,"percent": 82.61
				}
			,{
				"<=msec": 38.000
				,"percent": 84.00
				}
			,{
				"<=msec": 39.000
				,"percent": 85.31
				}
			,{
				"<=msec": 40.000
				,"percent": 86.47
				}
			,{
				"<=msec": 41.000
				,"percent": 87.45
				}
			,{
				"<=msec": 42.000
				,"percent": 88.32
				}
			,{
				"<=msec": 43.000
				,"percent": 89.01
				}
			,{
				"<=msec": 44.000
				,"percent": 89.70
				}
			,{
				"<=msec": 45.000
				,"percent": 90.26
				}
			,{
				"<=msec": 46.000
				,"percent": 90.89
				}
			,{
				"<=msec": 47.000
				,"percent": 91.49
				}
			,{
				"<=msec": 48.000
				,"percent": 92.06
				}
			,{
				"<=msec": 49.000
				,"percent": 92.60
				}
			,{
				"<=msec": 50.000
				,"percent": 93.14
				}
			,{
				"<=msec": 51.000
				,"percent": 93.58
				}
			,{
				"<=msec": 52.000
				,"percent": 94.03
				}
			,{
				"<=msec": 53.000
				,"percent": 94.42
				}
			,{
				"<=msec": 54.000
				,"percent": 94.75
				}
			,{
				"<=msec": 55.000
				,"percent": 95.08
				}
			,{
				"<=msec": 56.000
				,"percent": 95.42
				}
			,{
				"<=msec": 57.000
				,"percent": 95.74
				}
			,{
				"<=msec": 58.000
				,"percent": 96.04
				}
			,{
				"<=msec": 59.000
				,"percent": 96.32
				}
			,{
				"<=msec": 60.000
				,"percent": 96.62
				}
			,{
				"<=msec": 61.000
				,"percent": 96.83
				}
			,{
				"<=msec": 62.000
				,"percent": 97.05
				}
			,{
				"<=msec": 63.000
				,"percent": 97.21
				}
			,{
				"<=msec": 64.000
				,"percent": 97.41
				}
			,{
				"<=msec": 65.000
				,"percent": 97.59
				}
			,{
				"<=msec": 66.000
				,"percent": 97.80
				}
			,{
				"<=msec": 67.000
				,"percent": 97.96
				}
			,{
				"<=msec": 68.000
				,"percent": 98.10
				}
			,{
				"<=msec": 69.000
				,"percent": 98.23
				}
			,{
				"<=msec": 70.000
				,"percent": 98.38
				}
			,{
				"<=msec": 71.000
				,"percent": 98.51
				}
			,{
				"<=msec": 72.000
				,"percent": 98.63
				}
			,{
				"<=msec": 73.000
				,"percent": 98.71
				}
			,{
				"<=msec": 74.000
				,"percent": 98.81
				}
			,{
				"<=msec": 75.000
				,"percent": 98.90
				}
			,{
				"<=msec": 76.000
				,"percent": 99.00
				}
			,{
				"<=msec": 77.000
				,"percent": 99.08
				}
			,{
				"<=msec": 78.000
				,"percent": 99.13
				}
			,{
				"<=msec": 79.000
				,"percent": 99.18
				}
			,{
				"<=msec": 80.000
				,"percent": 99.26
				}
			,{
				"<=msec": 81.000
				,"percent": 99.32
				}
			,{
				"<=msec": 82.000
				,"percent": 99.37
				}
			,{
				"<=msec": 83.000
				,"percent": 99.42
				}
			,{
				"<=msec": 84.000
				,"percent": 99.46
				}
			,{
				"<=msec": 85.000
				,"percent": 99.50
				}
			,{
				"<=msec": 86.000
				,"percent": 99.53
				}
			,{
				"<=msec": 87.000
				,"percent": 99.58
				}
			,{
				"<=msec": 88.000
				,"percent": 99.61
				}
			,{
				"<=msec": 89.000
				,"percent": 99.64
				}
			,{
				"<=msec": 90.000
				,"percent": 99.67
				}
			,{
				"<=msec": 91.000
				,"percent": 99.69
				}
			,{
				"<=msec": 92.000
				,"percent": 99.71
				}
			,{
				"<=msec": 93.000
				,"percent": 99.73
				}
			,{
				"<=msec": 94.000
				,"percent": 99.75
				}
			,{
				"<=msec": 95.000
				,"percent": 99.76
				}
			,{
				"<=msec": 96.000
				,"percent": 99.78
				}
			,{
				"<=msec": 97.000
				,"percent": 99.79
				}
			,{
				"<=msec": 98.000
				,"percent": 99.81
				}
			,{
				"<=msec": 99.000
				,"percent": 99.83
				}
			,{
				"<=msec": 100.000
				,"percent": 99.89
				}
			,{
				"<=msec": 110.000
				,"percent": 99.95
				}
			,{
				"<=msec": 120.000
				,"percent": 99.97
				}
			,{
				"<=msec": 130.000
				,"percent": 99.99
				}
			,{
				"<=msec": 140.000
				,"percent": 99.99
				}
			,{
				"<=msec": 150.000
				,"percent": 100.00
				}
			,{
				"<=msec": 170.000
				,"percent": 100.00
				}
			]
		,"WAIT":[
		]
		}
	}
