{
	"configuration":{
		"server": "10.0.0.8"
		,"port": 6379
		,"unix socket": "(null)"
		,"protocol": "memcache_text"
		,"out_file": "(null)"
		,"client_stats": "(null)"
		,"run_count": 1
		,"debug": 0
		,"requests": 0
		,"clients": 32
		,"threads": 1
		,"test_time": 75
		,"ratio": "0:1"
		,"pipeline": 1
		,"data_size": 1024
		,"data_offset": 0
		,"random_data": "false"
		,"data_size_range": "0:0"
		,"data_size_list": ""
		,"data_size_pattern": "R"
		,"expiry_range": "9999:10000"
		,"data_import": "(null)"
		,"data_verify": "false"
		,"verify_only": "false"
		,"generate_keys": "false"
		,"key_prefix": "memtier-"
		,"key_minimum":           0
		,"key_maximum":       10000
		,"key_pattern": "R:R"
		,"key_stddev": 0.000000
		,"key_median": 0.000000
		,"reconnect_interval": 0
		,"multi_key_get": 0
		,"authenticate": ""
		,"select-db": 0
		,"no-expiry": "false"
		,"wait-ratio": "0:0"
		,"num-slaves": "0:0"
		,"wait-timeout": "0-0"
		}
	,"run information":{
		"Threads": 1
		,"Connections per thread": 32
		,"Seconds": 75
		}
	,"ALL STATS":{
		"Sets":{
			"Ops/sec": 0.00
			,"Hits/sec": 0.00
			,"Misses/sec": 0.00
			,"Latency": 0.00
			,"KB/sec": 0.00
			}
		,"Gets":{
			"Ops/sec": 1134.16
			,"Hits/sec": 1134.16
			,"Misses/sec": 0.00
			,"Latency": 28.20
			,"KB/sec": 1191.52
			}
		,"Waits":{
			"Ops/sec": 0.00
			,"Hits/sec": 0.00
			,"Misses/sec": 0.00
			,"Latency": 0.00
			,"KB/sec": 0.00
			}
		,"Totals":{
			"Ops/sec": 1134.16
			,"Hits/sec": 1134.16
			,"Misses/sec": 0.00
			,"Latency": 28.20
			,"KB/sec": 1191.52
			}
		,"SET":[
		]
		,"GET":[
			{
				"<=msec": 3.600
				,"percent": 0.01
				}
			,{
				"<=msec": 3.700
				,"percent": 0.03
				}
			,{
				"<=msec": 3.800
				,"percent": 0.09
				}
			,{
				"<=msec": 3.900
				,"percent": 0.17
				}
			,{
				"<=msec": 4.000
				,"percent": 0.29
				}
			,{
				"<=msec": 4.100
				,"percent": 0.42
				}
			,{
				"<=msec": 4.200
				,"percent": 0.55
				}
			,{
				"<=msec": 4.300
				,"percent": 0.69
				}
			,{
				"<=msec": 4.400
				,"percent": 0.83
				}
			,{
				"<=msec": 4.500
				,"percent": 0.98
				}
			,{
				"<=msec": 4.600
				,"percent": 1.14
				}
			,{
				"<=msec": 4.700
				,"percent": 1.29
				}
			,{
				"<=msec": 4.800
				,"percent": 1.47
				}
			,{
				"<=msec": 4.900
				,"percent": 1.59
				}
			,{
				"<=msec": 5.000
				,"percent": 1.72
				}
			,{
				"<=msec": 5.100
				,"percent": 1.83
				}
			,{
				"<=msec": 5.200
				,"percent": 1.92
				}
			,{
				"<=msec": 5.300
				,"percent": 2.04
				}
			,{
				"<=msec": 5.400
				,"percent": 2.16
				}
			,{
				"<=msec": 5.500
				,"percent": 2.27
				}
			,{
				"<=msec": 5.600
				,"percent": 2.38
				}
			,{
				"<=msec": 5.700
				,"percent": 2.49
				}
			,{
				"<=msec": 5.800
				,"percent": 2.58
				}
			,{
				"<=msec": 5.900
				,"percent": 2.66
				}
			,{
				"<=msec": 6.000
				,"percent": 2.73
				}
			,{
				"<=msec": 6.100
				,"percent": 2.81
				}
			,{
				"<=msec": 6.200
				,"percent": 2.88
				}
			,{
				"<=msec": 6.300
				,"percent": 2.93
				}
			,{
				"<=msec": 6.400
				,"percent": 2.99
				}
			,{
				"<=msec": 6.500
				,"percent": 3.05
				}
			,{
				"<=msec": 6.600
				,"percent": 3.11
				}
			,{
				"<=msec": 6.700
				,"percent": 3.17
				}
			,{
				"<=msec": 6.800
				,"percent": 3.24
				}
			,{
				"<=msec": 6.900
				,"percent": 3.30
				}
			,{
				"<=msec": 7.000
				,"percent": 3.37
				}
			,{
				"<=msec": 7.100
				,"percent": 3.44
				}
			,{
				"<=msec": 7.200
				,"percent": 3.49
				}
			,{
				"<=msec": 7.300
				,"percent": 3.55
				}
			,{
				"<=msec": 7.400
				,"percent": 3.62
				}
			,{
				"<=msec": 7.500
				,"percent": 3.67
				}
			,{
				"<=msec": 7.600
				,"percent": 3.74
				}
			,{
				"<=msec": 7.700
				,"percent": 3.83
				}
			,{
				"<=msec": 7.800
				,"percent": 3.88
				}
			,{
				"<=msec": 7.900
				,"percent": 3.95
				}
			,{
				"<=msec": 8.000
				,"percent": 4.03
				}
			,{
				"<=msec": 8.100
				,"percent": 4.10
				}
			,{
				"<=msec": 8.200
				,"percent": 4.15
				}
			,{
				"<=msec": 8.300
				,"percent": 4.22
				}
			,{
				"<=msec": 8.400
				,"percent": 4.31
				}
			,{
				"<=msec": 8.500
				,"percent": 4.37
				}
			,{
				"<=msec": 8.600
				,"percent": 4.45
				}
			,{
				"<=msec": 8.700
				,"percent": 4.50
				}
			,{
				"<=msec": 8.800
				,"percent": 4.56
				}
			,{
				"<=msec": 8.900
				,"percent": 4.63
				}
			,{
				"<=msec": 9.000
				,"percent": 4.69
				}
			,{
				"<=msec": 9.100
				,"percent": 4.78
				}
			,{
				"<=msec": 9.200
				,"percent": 4.86
				}
			,{
				"<=msec": 9.300
				,"percent": 4.97
				}
			,{
				"<=msec": 9.400
				,"percent": 5.05
				}
			,{
				"<=msec": 9.500
				,"percent": 5.17
				}
			,{
				"<=msec": 9.600
				,"percent": 5.29
				}
			,{
				"<=msec": 9.700
				,"percent": 5.43
				}
			,{
				"<=msec": 9.800
				,"percent": 5.60
				}
			,{
				"<=msec": 9.900
				,"percent": 5.78
				}
			,{
				"<=msec": 10.000
				,"percent": 6.67
				}
			,{
				"<=msec": 11.000
				,"percent": 8.24
				}
			,{
				"<=msec": 12.000
				,"percent": 9.98
				}
			,{
				"<=msec": 13.000
				,"percent": 11.51
				}
			,{
				"<=msec": 14.000
				,"percent": 13.04
				}
			,{
				"<=msec": 15.000
				,"percent": 14.69
				}
			,{
				"<=msec": 16.000
				,"percent": 16.58
				}
			,{
				"<=msec": 17.000
				,"percent": 18.64
				}
			,{
				"<=msec": 18.000
				,"percent": 20.97
				}
			,{
				"<=msec": 19.000
				,"percent": 23.80
				}
			,{
				"<=msec": 20.000
				,"percent": 27.12
				}
			,{
				"<=msec": 21.000
				,"percent": 31.01
				}
			,{
				"<=msec": 22.000
				,"percent": 35.29
				}
			,{
				"<=msec": 23.000
				,"percent": 39.53
				}
			,{
				"<=msec": 24.000
				,"percent": 43.61
				}
			,{
				"<=msec": 25.000
				,"percent": 47.66
				}
			,{
				"<=msec": 26.000
				,"percent": 51.56
				}
			,{
				"<=msec": 27.000
				,"percent": 55.50
				}
			,{
				"<=msec": 28.000
				,"percent": 59.55
				}
			,{
				"<=msec": 29.000
				,"percent": 63.49
				}
			,{
				"<=msec": 30.000
				,"percent": 66.94
				}
			,{
				"<=msec": 31.000
				,"percent": 70.00
				}
			,{
				"<=msec": 32.000
				,"percent": 72.79
				}
			,{
				"<=msec": 33.000
				,"percent": 75.17
				}
			,{
				"<=msec": 34.000
				,"percent": 77.20
				}
			,{
				"<=msec": 35.000
				,"percent": 79.08
				}
			,{
				"<=msec": 36.000
				,"percent": 80.72
				}
			,{
				"<=msec": 37.000
				,"percent": 82.29
				}
			,{
				"<=msec": 38.000
				,"percent": 83.64
				}
			,{
				"<=msec": 39.000
				,"percent": 84.90
				}
			,{
				"<=msec": 40.000
				,"percent": 85.99
				}
			,{
				"<=msec": 41.000
				,"percent": 86.95
				}
			,{
				"<=msec": 42.000
				,"percent": 87.77
				}
			,{
				"<=msec": 43.000
				,"percent": 88.55
				}
			,{
				"<=msec": 44.000
				,"percent": 89.24
				}
			,{
				"<=msec": 45.000
				,"percent": 89.91
				}
			,{
				"<=msec": 46.000
				,"percent": 90.55
				}
			,{
				"<=msec": 47.000
				,"percent": 91.15
				}
			,{
				"<=msec": 48.000
				,"percent": 91.74
				}
			,{
				"<=msec": 49.000
				,"percent": 92.30
				}
			,{
				"<=msec": 50.000
				,"percent": 92.80
				}
			,{
				"<=msec": 51.000
				,"percent": 93.26
				}
			,{
				"<=msec": 52.000
				,"percent": 93.74
				}
			,{
				"<=msec": 53.000
				,"percent": 94.10
				}
			,{
				"<=msec": 54.000
				,"percent": 94.46
				}
			,{
				"<=msec": 55.000
				,"percent": 94.79
				}
			,{
				"<=msec": 56.000
				,"percent": 95.12
				}
			,{
				"<=msec": 57.000
				,"percent": 95.46
				}
			,{
				"<=msec": 58.000
				,"percent": 95.82
				}
			,{
				"<=msec": 59.000
				,"percent": 96.12
				}
			,{
				"<=msec": 60.000
				,"percent": 96.37
				}
			,{
				"<=msec": 61.000
				,"percent": 96.63
				}
			,{
				"<=msec": 62.000
				,"percent": 96.89
				}
			,{
				"<=msec": 63.000
				,"percent": 97.11
				}
			,{
				"<=msec": 64.000
				,"percent": 97.33
				}
			,{
				"<=msec": 65.000
				,"percent": 97.52
				}
			,{
				"<=msec": 66.000
				,"percent": 97.70
				}
			,{
				"<=msec": 67.000
				,"percent": 97.86
				}
			,{
				"<=msec": 68.000
				,"percent": 98.01
				}
			,{
				"<=msec": 69.000
				,"percent": 98.15
				}
			,{
				"<=msec": 70.000
				,"percent": 98.29
				}
			,{
				"<=msec": 71.000
				,"percent": 98.41
				}
			,{
				"<=msec": 72.000
				,"percent": 98.55
				}
			,{
				"<=msec": 73.000
				,"percent": 98.64
				}
			,{
				"<=msec": 74.000
				,"percent": 98.73
				}
			,{
				"<=msec": 75.000
				,"percent": 98.82
				}
			,{
				"<=msec": 76.000
				,"percent": 98.90
				}
			,{
				"<=msec": 77.000
				,"percent": 98.98
				}
			,{
				"<=msec": 78.000
				,"percent": 99.04
				}
			,{
				"<=msec": 79.000
				,"percent": 99.11
				}
			,{
				"<=msec": 80.000
				,"percent": 99.17
				}
			,{
				"<=msec": 81.000
				,"percent": 99.22
				}
			,{
				"<=msec": 82.000
				,"percent": 99.26
				}
			,{
				"<=msec": 83.000
				,"percent": 99.29
				}
			,{
				"<=msec": 84.000
				,"percent": 99.34
				}
			,{
				"<=msec": 85.000
				,"percent": 99.39
				}
			,{
				"<=msec": 86.000
				,"percent": 99.44
				}
			,{
				"<=msec": 87.000
				,"percent": 99.48
				}
			,{
				"<=msec": 88.000
				,"percent": 99.52
				}
			,{
				"<=msec": 89.000
				,"percent": 99.55
				}
			,{
				"<=msec": 90.000
				,"percent": 99.60
				}
			,{
				"<=msec": 91.000
				,"percent": 99.62
				}
			,{
				"<=msec": 92.000
				,"percent": 99.65
				}
			,{
				"<=msec": 93.000
				,"percent": 99.67
				}
			,{
				"<=msec": 94.000
				,"percent": 99.69
				}
			,{
				"<=msec": 95.000
				,"percent": 99.71
				}
			,{
				"<=msec": 96.000
				,"percent": 99.73
				}
			,{
				"<=msec": 97.000
				,"percent": 99.76
				}
			,{
				"<=msec": 98.000
				,"percent": 99.77
				}
			,{
				"<=msec": 99.000
				,"percent": 99.78
				}
			,{
				"<=msec": 100.000
				,"percent": 99.86
				}
			,{
				"<=msec": 110.000
				,"percent": 99.95
				}
			,{
				"<=msec": 120.000
				,"percent": 99.97
				}
			,{
				"<=msec": 130.000
				,"percent": 99.98
				}
			,{
				"<=msec": 140.000
				,"percent": 100.00
				}
			,{
				"<=msec": 150.000
				,"percent": 100.00
				}
			]
		,"WAIT":[
		]
		}
	}
