{
	"configuration":{
		"server": "10.0.0.8"
		,"port": 6379
		,"unix socket": "(null)"
		,"protocol": "memcache_text"
		,"out_file": "(null)"
		,"client_stats": "(null)"
		,"run_count": 1
		,"debug": 0
		,"requests": 0
		,"clients": 32
		,"threads": 1
		,"test_time": 75
		,"ratio": "0:1"
		,"pipeline": 1
		,"data_size": 1024
		,"data_offset": 0
		,"random_data": "false"
		,"data_size_range": "0:0"
		,"data_size_list": ""
		,"data_size_pattern": "R"
		,"expiry_range": "9999:10000"
		,"data_import": "(null)"
		,"data_verify": "false"
		,"verify_only": "false"
		,"generate_keys": "false"
		,"key_prefix": "memtier-"
		,"key_minimum":           0
		,"key_maximum":       10000
		,"key_pattern": "R:R"
		,"key_stddev": 0.000000
		,"key_median": 0.000000
		,"reconnect_interval": 0
		,"multi_key_get": 0
		,"authenticate": ""
		,"select-db": 0
		,"no-expiry": "false"
		,"wait-ratio": "0:0"
		,"num-slaves": "0:0"
		,"wait-timeout": "0-0"
		}
	,"run information":{
		"Threads": 1
		,"Connections per thread": 32
		,"Seconds": 75
		}
	,"ALL STATS":{
		"Sets":{
			"Ops/sec": 0.00
			,"Hits/sec": 0.00
			,"Misses/sec": 0.00
			,"Latency": 0.00
			,"KB/sec": 0.00
			}
		,"Gets":{
			"Ops/sec": 1143.57
			,"Hits/sec": 1143.57
			,"Misses/sec": 0.00
			,"Latency": 27.97
			,"KB/sec": 1201.39
			}
		,"Waits":{
			"Ops/sec": 0.00
			,"Hits/sec": 0.00
			,"Misses/sec": 0.00
			,"Latency": 0.00
			,"KB/sec": 0.00
			}
		,"Totals":{
			"Ops/sec": 1143.57
			,"Hits/sec": 1143.57
			,"Misses/sec": 0.00
			,"Latency": 27.97
			,"KB/sec": 1201.39
			}
		,"SET":[
		]
		,"GET":[
			{
				"<=msec": 3.100
				,"percent": 0.00
				}
			,{
				"<=msec": 3.200
				,"percent": 0.01
				}
			,{
				"<=msec": 3.300
				,"percent": 0.02
				}
			,{
				"<=msec": 3.400
				,"percent": 0.03
				}
			,{
				"<=msec": 3.500
				,"percent": 0.05
				}
			,{
				"<=msec": 3.600
				,"percent": 0.06
				}
			,{
				"<=msec": 3.700
				,"percent": 0.07
				}
			,{
				"<=msec": 3.800
				,"percent": 0.08
				}
			,{
				"<=msec": 3.900
				,"percent": 0.10
				}
			,{
				"<=msec": 4.000
				,"percent": 0.12
				}
			,{
				"<=msec": 4.100
				,"percent": 0.14
				}
			,{
				"<=msec": 4.200
				,"percent": 0.16
				}
			,{
				"<=msec": 4.300
				,"percent": 0.19
				}
			,{
				"<=msec": 4.400
				,"percent": 0.21
				}
			,{
				"<=msec": 4.500
				,"percent": 0.24
				}
			,{
				"<=msec": 4.600
				,"percent": 0.26
				}
			,{
				"<=msec": 4.700
				,"percent": 0.29
				}
			,{
				"<=msec": 4.800
				,"percent": 0.32
				}
			,{
				"<=msec": 4.900
				,"percent": 0.34
				}
			,{
				"<=msec": 5.000
				,"percent": 0.36
				}
			,{
				"<=msec": 5.100
				,"percent": 0.38
				}
			,{
				"<=msec": 5.200
				,"percent": 0.40
				}
			,{
				"<=msec": 5.300
				,"percent": 0.43
				}
			,{
				"<=msec": 5.400
				,"percent": 0.45
				}
			,{
				"<=msec": 5.500
				,"percent": 0.48
				}
			,{
				"<=msec": 5.600
				,"percent": 0.51
				}
			,{
				"<=msec": 5.700
				,"percent": 0.55
				}
			,{
				"<=msec": 5.800
				,"percent": 0.58
				}
			,{
				"<=msec": 5.900
				,"percent": 0.62
				}
			,{
				"<=msec": 6.000
				,"percent": 0.65
				}
			,{
				"<=msec": 6.100
				,"percent": 0.70
				}
			,{
				"<=msec": 6.200
				,"percent": 0.73
				}
			,{
				"<=msec": 6.300
				,"percent": 0.76
				}
			,{
				"<=msec": 6.400
				,"percent": 0.79
				}
			,{
				"<=msec": 6.500
				,"percent": 0.82
				}
			,{
				"<=msec": 6.600
				,"percent": 0.86
				}
			,{
				"<=msec": 6.700
				,"percent": 0.89
				}
			,{
				"<=msec": 6.800
				,"percent": 0.93
				}
			,{
				"<=msec": 6.900
				,"percent": 0.96
				}
			,{
				"<=msec": 7.000
				,"percent": 0.99
				}
			,{
				"<=msec": 7.100
				,"percent": 1.03
				}
			,{
				"<=msec": 7.200
				,"percent": 1.06
				}
			,{
				"<=msec": 7.300
				,"percent": 1.09
				}
			,{
				"<=msec": 7.400
				,"percent": 1.12
				}
			,{
				"<=msec": 7.500
				,"percent": 1.16
				}
			,{
				"<=msec": 7.600
				,"percent": 1.20
				}
			,{
				"<=msec": 7.700
				,"percent": 1.24
				}
			,{
				"<=msec": 7.800
				,"percent": 1.29
				}
			,{
				"<=msec": 7.900
				,"percent": 1.34
				}
			,{
				"<=msec": 8.000
				,"percent": 1.38
				}
			,{
				"<=msec": 8.100
				,"percent": 1.43
				}
			,{
				"<=msec": 8.200
				,"percent": 1.47
				}
			,{
				"<=msec": 8.300
				,"percent": 1.52
				}
			,{
				"<=msec": 8.400
				,"percent": 1.57
				}
			,{
				"<=msec": 8.500
				,"percent": 1.63
				}
			,{
				"<=msec": 8.600
				,"percent": 1.68
				}
			,{
				"<=msec": 8.700
				,"percent": 1.74
				}
			,{
				"<=msec": 8.800
				,"percent": 1.84
				}
			,{
				"<=msec": 8.900
				,"percent": 1.91
				}
			,{
				"<=msec": 9.000
				,"percent": 2.00
				}
			,{
				"<=msec": 9.100
				,"percent": 2.06
				}
			,{
				"<=msec": 9.200
				,"percent": 2.13
				}
			,{
				"<=msec": 9.300
				,"percent": 2.21
				}
			,{
				"<=msec": 9.400
				,"percent": 2.29
				}
			,{
				"<=msec": 9.500
				,"percent": 2.39
				}
			,{
				"<=msec": 9.600
				,"percent": 2.47
				}
			,{
				"<=msec": 9.700
				,"percent": 2.55
				}
			,{
				"<=msec": 9.800
				,"percent": 2.65
				}
			,{
				"<=msec": 9.900
				,"percent": 2.76
				}
			,{
				"<=msec": 10.000
				,"percent": 3.31
				}
			,{
				"<=msec": 11.000
				,"percent": 4.58
				}
			,{
				"<=msec": 12.000
				,"percent": 6.13
				}
			,{
				"<=msec": 13.000
				,"percent": 7.95
				}
			,{
				"<=msec": 14.000
				,"percent": 9.99
				}
			,{
				"<=msec": 15.000
				,"percent": 12.21
				}
			,{
				"<=msec": 16.000
				,"percent": 14.58
				}
			,{
				"<=msec": 17.000
				,"percent": 17.18
				}
			,{
				"<=msec": 18.000
				,"percent": 20.07
				}
			,{
				"<=msec": 19.000
				,"percent": 23.66
				}
			,{
				"<=msec": 20.000
				,"percent": 27.98
				}
			,{
				"<=msec": 21.000
				,"percent": 32.93
				}
			,{
				"<=msec": 22.000
				,"percent": 37.92
				}
			,{
				"<=msec": 23.000
				,"percent": 42.70
				}
			,{
				"<=msec": 24.000
				,"percent": 47.03
				}
			,{
				"<=msec": 25.000
				,"percent": 50.97
				}
			,{
				"<=msec": 26.000
				,"percent": 54.84
				}
			,{
				"<=msec": 27.000
				,"percent": 58.79
				}
			,{
				"<=msec": 28.000
				,"percent": 62.65
				}
			,{
				"<=msec": 29.000
				,"percent": 66.35
				}
			,{
				"<=msec": 30.000
				,"percent": 69.78
				}
			,{
				"<=msec": 31.000
				,"percent": 72.79
				}
			,{
				"<=msec": 32.000
				,"percent": 75.20
				}
			,{
				"<=msec": 33.000
				,"percent": 77.16
				}
			,{
				"<=msec": 34.000
				,"percent": 78.99
				}
			,{
				"<=msec": 35.000
				,"percent": 80.52
				}
			,{
				"<=msec": 36.000
				,"percent": 82.00
				}
			,{
				"<=msec": 37.000
				,"percent": 83.39
				}
			,{
				"<=msec": 38.000
				,"percent": 84.70
				}
			,{
				"<=msec": 39.000
				,"percent": 85.86
				}
			,{
				"<=msec": 40.000
				,"percent": 86.82
				}
			,{
				"<=msec": 41.000
				,"percent": 87.72
				}
			,{
				"<=msec": 42.000
				,"percent": 88.46
				}
			,{
				"<=msec": 43.000
				,"percent": 89.16
				}
			,{
				"<=msec": 44.000
				,"percent": 89.79
				}
			,{
				"<=msec": 45.000
				,"percent": 90.41
				}
			,{
				"<=msec": 46.000
				,"percent": 91.02
				}
			,{
				"<=msec": 47.000
				,"percent": 91.58
				}
			,{
				"<=msec": 48.000
				,"percent": 92.11
				}
			,{
				"<=msec": 49.000
				,"percent": 92.65
				}
			,{
				"<=msec": 50.000
				,"percent": 93.17
				}
			,{
				"<=msec": 51.000
				,"percent": 93.66
				}
			,{
				"<=msec": 52.000
				,"percent": 94.10
				}
			,{
				"<=msec": 53.000
				,"percent": 94.48
				}
			,{
				"<=msec": 54.000
				,"percent": 94.87
				}
			,{
				"<=msec": 55.000
				,"percent": 95.19
				}
			,{
				"<=msec": 56.000
				,"percent": 95.52
				}
			,{
				"<=msec": 57.000
				,"percent": 95.92
				}
			,{
				"<=msec": 58.000
				,"percent": 96.24
				}
			,{
				"<=msec": 59.000
				,"percent": 96.56
				}
			,{
				"<=msec": 60.000
				,"percent": 96.83
				}
			,{
				"<=msec": 61.000
				,"percent": 97.05
				}
			,{
				"<=msec": 62.000
				,"percent": 97.28
				}
			,{
				"<=msec": 63.000
				,"percent": 97.47
				}
			,{
				"<=msec": 64.000
				,"percent": 97.66
				}
			,{
				"<=msec": 65.000
				,"percent": 97.84
				}
			,{
				"<=msec": 66.000
				,"percent": 97.99
				}
			,{
				"<=msec": 67.000
				,"percent": 98.18
				}
			,{
				"<=msec": 68.000
				,"percent": 98.31
				}
			,{
				"<=msec": 69.000
				,"percent": 98.44
				}
			,{
				"<=msec": 70.000
				,"percent": 98.54
				}
			,{
				"<=msec": 71.000
				,"percent": 98.63
				}
			,{
				"<=msec": 72.000
				,"percent": 98.71
				}
			,{
				"<=msec": 73.000
				,"percent": 98.79
				}
			,{
				"<=msec": 74.000
				,"percent": 98.87
				}
			,{
				"<=msec": 75.000
				,"percent": 98.94
				}
			,{
				"<=msec": 76.000
				,"percent": 98.99
				}
			,{
				"<=msec": 77.000
				,"percent": 99.07
				}
			,{
				"<=msec": 78.000
				,"percent": 99.13
				}
			,{
				"<=msec": 79.000
				,"percent": 99.17
				}
			,{
				"<=msec": 80.000
				,"percent": 99.21
				}
			,{
				"<=msec": 81.000
				,"percent": 99.26
				}
			,{
				"<=msec": 82.000
				,"percent": 99.30
				}
			,{
				"<=msec": 83.000
				,"percent": 99.35
				}
			,{
				"<=msec": 84.000
				,"percent": 99.38
				}
			,{
				"<=msec": 85.000
				,"percent": 99.42
				}
			,{
				"<=msec": 86.000
				,"percent": 99.46
				}
			,{
				"<=msec": 87.000
				,"percent": 99.49
				}
			,{
				"<=msec": 88.000
				,"percent": 99.52
				}
			,{
				"<=msec": 89.000
				,"percent": 99.55
				}
			,{
				"<=msec": 90.000
				,"percent": 99.59
				}
			,{
				"<=msec": 91.000
				,"percent": 99.62
				}
			,{
				"<=msec": 92.000
				,"percent": 99.64
				}
			,{
				"<=msec": 93.000
				,"percent": 99.67
				}
			,{
				"<=msec": 94.000
				,"percent": 99.68
				}
			,{
				"<=msec": 95.000
				,"percent": 99.71
				}
			,{
				"<=msec": 96.000
				,"percent": 99.74
				}
			,{
				"<=msec": 97.000
				,"percent": 99.76
				}
			,{
				"<=msec": 98.000
				,"percent": 99.78
				}
			,{
				"<=msec": 99.000
				,"percent": 99.79
				}
			,{
				"<=msec": 100.000
				,"percent": 99.87
				}
			,{
				"<=msec": 110.000
				,"percent": 99.94
				}
			,{
				"<=msec": 120.000
				,"percent": 99.98
				}
			,{
				"<=msec": 130.000
				,"percent": 99.99
				}
			,{
				"<=msec": 140.000
				,"percent": 100.00
				}
			,{
				"<=msec": 150.000
				,"percent": 100.00
				}
			,{
				"<=msec": 160.000
				,"percent": 100.00
				}
			]
		,"WAIT":[
		]
		}
	}
