{
	"configuration":{
		"server": "10.0.0.8"
		,"port": 6379
		,"unix socket": "(null)"
		,"protocol": "memcache_text"
		,"out_file": "(null)"
		,"client_stats": "(null)"
		,"run_count": 1
		,"debug": 0
		,"requests": 0
		,"clients": 32
		,"threads": 1
		,"test_time": 75
		,"ratio": "1:0"
		,"pipeline": 1
		,"data_size": 1024
		,"data_offset": 0
		,"random_data": "false"
		,"data_size_range": "0:0"
		,"data_size_list": ""
		,"data_size_pattern": "R"
		,"expiry_range": "9999:10000"
		,"data_import": "(null)"
		,"data_verify": "false"
		,"verify_only": "false"
		,"generate_keys": "false"
		,"key_prefix": "memtier-"
		,"key_minimum":           0
		,"key_maximum":       10000
		,"key_pattern": "R:R"
		,"key_stddev": 0.000000
		,"key_median": 0.000000
		,"reconnect_interval": 0
		,"multi_key_get": 0
		,"authenticate": ""
		,"select-db": 0
		,"no-expiry": "false"
		,"wait-ratio": "0:0"
		,"num-slaves": "0:0"
		,"wait-timeout": "0-0"
		}
	,"run information":{
		"Threads": 1
		,"Connections per thread": 32
		,"Seconds": 75
		}
	,"ALL STATS":{
		"Sets":{
			"Ops/sec": 792.64
			,"Hits/sec": 0.00
			,"Misses/sec": 0.00
			,"Latency": 40.37
			,"KB/sec": 823.89
			}
		,"Gets":{
			"Ops/sec": 0.00
			,"Hits/sec": 0.00
			,"Misses/sec": 0.00
			,"Latency": 0.00
			,"KB/sec": 0.00
			}
		,"Waits":{
			"Ops/sec": 0.00
			,"Hits/sec": 0.00
			,"Misses/sec": 0.00
			,"Latency": 0.00
			,"KB/sec": 0.00
			}
		,"Totals":{
			"Ops/sec": 792.64
			,"Hits/sec": 0.00
			,"Misses/sec": 0.00
			,"Latency": 40.37
			,"KB/sec": 823.89
			}
		,"SET":[
			{
				"<=msec": 4.700
				,"percent": 0.00
				}
			,{
				"<=msec": 4.900
				,"percent": 0.01
				}
			,{
				"<=msec": 5.000
				,"percent": 0.02
				}
			,{
				"<=msec": 5.100
				,"percent": 0.02
				}
			,{
				"<=msec": 5.200
				,"percent": 0.02
				}
			,{
				"<=msec": 5.300
				,"percent": 0.03
				}
			,{
				"<=msec": 5.400
				,"percent": 0.04
				}
			,{
				"<=msec": 5.500
				,"percent": 0.05
				}
			,{
				"<=msec": 5.600
				,"percent": 0.06
				}
			,{
				"<=msec": 5.700
				,"percent": 0.06
				}
			,{
				"<=msec": 5.800
				,"percent": 0.07
				}
			,{
				"<=msec": 5.900
				,"percent": 0.08
				}
			,{
				"<=msec": 6.000
				,"percent": 0.09
				}
			,{
				"<=msec": 6.100
				,"percent": 0.10
				}
			,{
				"<=msec": 6.200
				,"percent": 0.12
				}
			,{
				"<=msec": 6.300
				,"percent": 0.13
				}
			,{
				"<=msec": 6.400
				,"percent": 0.14
				}
			,{
				"<=msec": 6.500
				,"percent": 0.15
				}
			,{
				"<=msec": 6.600
				,"percent": 0.16
				}
			,{
				"<=msec": 6.700
				,"percent": 0.17
				}
			,{
				"<=msec": 6.800
				,"percent": 0.19
				}
			,{
				"<=msec": 6.900
				,"percent": 0.20
				}
			,{
				"<=msec": 7.000
				,"percent": 0.21
				}
			,{
				"<=msec": 7.100
				,"percent": 0.23
				}
			,{
				"<=msec": 7.200
				,"percent": 0.26
				}
			,{
				"<=msec": 7.300
				,"percent": 0.28
				}
			,{
				"<=msec": 7.400
				,"percent": 0.30
				}
			,{
				"<=msec": 7.500
				,"percent": 0.33
				}
			,{
				"<=msec": 7.600
				,"percent": 0.36
				}
			,{
				"<=msec": 7.700
				,"percent": 0.38
				}
			,{
				"<=msec": 7.800
				,"percent": 0.40
				}
			,{
				"<=msec": 7.900
				,"percent": 0.42
				}
			,{
				"<=msec": 8.000
				,"percent": 0.43
				}
			,{
				"<=msec": 8.100
				,"percent": 0.46
				}
			,{
				"<=msec": 8.200
				,"percent": 0.49
				}
			,{
				"<=msec": 8.300
				,"percent": 0.52
				}
			,{
				"<=msec": 8.400
				,"percent": 0.55
				}
			,{
				"<=msec": 8.500
				,"percent": 0.58
				}
			,{
				"<=msec": 8.600
				,"percent": 0.60
				}
			,{
				"<=msec": 8.700
				,"percent": 0.63
				}
			,{
				"<=msec": 8.800
				,"percent": 0.66
				}
			,{
				"<=msec": 8.900
				,"percent": 0.70
				}
			,{
				"<=msec": 9.000
				,"percent": 0.73
				}
			,{
				"<=msec": 9.100
				,"percent": 0.78
				}
			,{
				"<=msec": 9.200
				,"percent": 0.84
				}
			,{
				"<=msec": 9.300
				,"percent": 0.89
				}
			,{
				"<=msec": 9.400
				,"percent": 0.94
				}
			,{
				"<=msec": 9.500
				,"percent": 0.99
				}
			,{
				"<=msec": 9.600
				,"percent": 1.04
				}
			,{
				"<=msec": 9.700
				,"percent": 1.09
				}
			,{
				"<=msec": 9.800
				,"percent": 1.15
				}
			,{
				"<=msec": 9.900
				,"percent": 1.21
				}
			,{
				"<=msec": 10.000
				,"percent": 1.55
				}
			,{
				"<=msec": 11.000
				,"percent": 2.12
				}
			,{
				"<=msec": 12.000
				,"percent": 2.70
				}
			,{
				"<=msec": 13.000
				,"percent": 3.24
				}
			,{
				"<=msec": 14.000
				,"percent": 3.78
				}
			,{
				"<=msec": 15.000
				,"percent": 4.31
				}
			,{
				"<=msec": 16.000
				,"percent": 4.82
				}
			,{
				"<=msec": 17.000
				,"percent": 5.33
				}
			,{
				"<=msec": 18.000
				,"percent": 5.82
				}
			,{
				"<=msec": 19.000
				,"percent": 6.28
				}
			,{
				"<=msec": 20.000
				,"percent": 6.73
				}
			,{
				"<=msec": 21.000
				,"percent": 7.10
				}
			,{
				"<=msec": 22.000
				,"percent": 7.49
				}
			,{
				"<=msec": 23.000
				,"percent": 7.89
				}
			,{
				"<=msec": 24.000
				,"percent": 8.30
				}
			,{
				"<=msec": 25.000
				,"percent": 8.75
				}
			,{
				"<=msec": 26.000
				,"percent": 9.35
				}
			,{
				"<=msec": 27.000
				,"percent": 10.18
				}
			,{
				"<=msec": 28.000
				,"percent": 11.16
				}
			,{
				"<=msec": 29.000
				,"percent": 12.37
				}
			,{
				"<=msec": 30.000
				,"percent": 13.79
				}
			,{
				"<=msec": 31.000
				,"percent": 15.74
				}
			,{
				"<=msec": 32.000
				,"percent": 18.52
				}
			,{
				"<=msec": 33.000
				,"percent": 23.02
				}
			,{
				"<=msec": 34.000
				,"percent": 28.13
				}
			,{
				"<=msec": 35.000
				,"percent": 32.99
				}
			,{
				"<=msec": 36.000
				,"percent": 37.78
				}
			,{
				"<=msec": 37.000
				,"percent": 42.60
				}
			,{
				"<=msec": 38.000
				,"percent": 47.75
				}
			,{
				"<=msec": 39.000
				,"percent": 53.39
				}
			,{
				"<=msec": 40.000
				,"percent": 58.65
				}
			,{
				"<=msec": 41.000
				,"percent": 63.09
				}
			,{
				"<=msec": 42.000
				,"percent": 66.90
				}
			,{
				"<=msec": 43.000
				,"percent": 69.81
				}
			,{
				"<=msec": 44.000
				,"percent": 72.38
				}
			,{
				"<=msec": 45.000
				,"percent": 74.59
				}
			,{
				"<=msec": 46.000
				,"percent": 76.47
				}
			,{
				"<=msec": 47.000
				,"percent": 78.21
				}
			,{
				"<=msec": 48.000
				,"percent": 79.71
				}
			,{
				"<=msec": 49.000
				,"percent": 81.10
				}
			,{
				"<=msec": 50.000
				,"percent": 82.37
				}
			,{
				"<=msec": 51.000
				,"percent": 83.61
				}
			,{
				"<=msec": 52.000
				,"percent": 84.93
				}
			,{
				"<=msec": 53.000
				,"percent": 86.39
				}
			,{
				"<=msec": 54.000
				,"percent": 87.65
				}
			,{
				"<=msec": 55.000
				,"percent": 88.67
				}
			,{
				"<=msec": 56.000
				,"percent": 89.61
				}
			,{
				"<=msec": 57.000
				,"percent": 90.44
				}
			,{
				"<=msec": 58.000
				,"percent": 91.18
				}
			,{
				"<=msec": 59.000
				,"percent": 91.94
				}
			,{
				"<=msec": 60.000
				,"percent": 92.65
				}
			,{
				"<=msec": 61.000
				,"percent": 93.33
				}
			,{
				"<=msec": 62.000
				,"percent": 94.02
				}
			,{
				"<=msec": 63.000
				,"percent": 94.61
				}
			,{
				"<=msec": 64.000
				,"percent": 95.26
				}
			,{
				"<=msec": 65.000
				,"percent": 95.77
				}
			,{
				"<=msec": 66.000
				,"percent": 96.24
				}
			,{
				"<=msec": 67.000
				,"percent": 96.61
				}
			,{
				"<=msec": 68.000
				,"percent": 96.99
				}
			,{
				"<=msec": 69.000
				,"percent": 97.32
				}
			,{
				"<=msec": 70.000
				,"percent": 97.60
				}
			,{
				"<=msec": 71.000
				,"percent": 97.88
				}
			,{
				"<=msec": 72.000
				,"percent": 98.10
				}
			,{
				"<=msec": 73.000
				,"percent": 98.29
				}
			,{
				"<=msec": 74.000
				,"percent": 98.42
				}
			,{
				"<=msec": 75.000
				,"percent": 98.54
				}
			,{
				"<=msec": 76.000
				,"percent": 98.63
				}
			,{
				"<=msec": 77.000
				,"percent": 98.74
				}
			,{
				"<=msec": 78.000
				,"percent": 98.86
				}
			,{
				"<=msec": 79.000
				,"percent": 98.94
				}
			,{
				"<=msec": 80.000
				,"percent": 99.06
				}
			,{
				"<=msec": 81.000
				,"percent": 99.14
				}
			,{
				"<=msec": 82.000
				,"percent": 99.20
				}
			,{
				"<=msec": 83.000
				,"percent": 99.24
				}
			,{
				"<=msec": 84.000
				,"percent": 99.30
				}
			,{
				"<=msec": 85.000
				,"percent": 99.33
				}
			,{
				"<=msec": 86.000
				,"percent": 99.36
				}
			,{
				"<=msec": 87.000
				,"percent": 99.37
				}
			,{
				"<=msec": 88.000
				,"percent": 99.39
				}
			,{
				"<=msec": 89.000
				,"percent": 99.41
				}
			,{
				"<=msec": 90.000
				,"percent": 99.43
				}
			,{
				"<=msec": 91.000
				,"percent": 99.47
				}
			,{
				"<=msec": 92.000
				,"percent": 99.50
				}
			,{
				"<=msec": 93.000
				,"percent": 99.54
				}
			,{
				"<=msec": 94.000
				,"percent": 99.61
				}
			,{
				"<=msec": 95.000
				,"percent": 99.65
				}
			,{
				"<=msec": 96.000
				,"percent": 99.68
				}
			,{
				"<=msec": 97.000
				,"percent": 99.71
				}
			,{
				"<=msec": 98.000
				,"percent": 99.74
				}
			,{
				"<=msec": 99.000
				,"percent": 99.76
				}
			,{
				"<=msec": 100.000
				,"percent": 99.83
				}
			,{
				"<=msec": 110.000
				,"percent": 99.89
				}
			,{
				"<=msec": 120.000
				,"percent": 99.90
				}
			,{
				"<=msec": 130.000
				,"percent": 99.93
				}
			,{
				"<=msec": 140.000
				,"percent": 99.96
				}
			,{
				"<=msec": 150.000
				,"percent": 99.99
				}
			,{
				"<=msec": 160.000
				,"percent": 100.00
				}
			]
		,"GET":[
		]
		,"WAIT":[
		]
		}
	}
