{
	"configuration":{
		"server": "10.0.0.8"
		,"port": 6379
		,"unix socket": "(null)"
		,"protocol": "memcache_text"
		,"out_file": "(null)"
		,"client_stats": "(null)"
		,"run_count": 1
		,"debug": 0
		,"requests": 0
		,"clients": 32
		,"threads": 1
		,"test_time": 75
		,"ratio": "1:0"
		,"pipeline": 1
		,"data_size": 1024
		,"data_offset": 0
		,"random_data": "false"
		,"data_size_range": "0:0"
		,"data_size_list": ""
		,"data_size_pattern": "R"
		,"expiry_range": "9999:10000"
		,"data_import": "(null)"
		,"data_verify": "false"
		,"verify_only": "false"
		,"generate_keys": "false"
		,"key_prefix": "memtier-"
		,"key_minimum":           0
		,"key_maximum":       10000
		,"key_pattern": "R:R"
		,"key_stddev": 0.000000
		,"key_median": 0.000000
		,"reconnect_interval": 0
		,"multi_key_get": 0
		,"authenticate": ""
		,"select-db": 0
		,"no-expiry": "false"
		,"wait-ratio": "0:0"
		,"num-slaves": "0:0"
		,"wait-timeout": "0-0"
		}
	,"run information":{
		"Threads": 1
		,"Connections per thread": 32
		,"Seconds": 75
		}
	,"ALL STATS":{
		"Sets":{
			"Ops/sec": 763.56
			,"Hits/sec": 0.00
			,"Misses/sec": 0.00
			,"Latency": 41.90
			,"KB/sec": 793.66
			}
		,"Gets":{
			"Ops/sec": 0.00
			,"Hits/sec": 0.00
			,"Misses/sec": 0.00
			,"Latency": 0.00
			,"KB/sec": 0.00
			}
		,"Waits":{
			"Ops/sec": 0.00
			,"Hits/sec": 0.00
			,"Misses/sec": 0.00
			,"Latency": 0.00
			,"KB/sec": 0.00
			}
		,"Totals":{
			"Ops/sec": 763.56
			,"Hits/sec": 0.00
			,"Misses/sec": 0.00
			,"Latency": 41.90
			,"KB/sec": 793.66
			}
		,"SET":[
			{
				"<=msec": 4.500
				,"percent": 0.00
				}
			,{
				"<=msec": 4.600
				,"percent": 0.01
				}
			,{
				"<=msec": 4.700
				,"percent": 0.01
				}
			,{
				"<=msec": 4.800
				,"percent": 0.03
				}
			,{
				"<=msec": 4.900
				,"percent": 0.04
				}
			,{
				"<=msec": 5.000
				,"percent": 0.06
				}
			,{
				"<=msec": 5.100
				,"percent": 0.07
				}
			,{
				"<=msec": 5.200
				,"percent": 0.08
				}
			,{
				"<=msec": 5.300
				,"percent": 0.08
				}
			,{
				"<=msec": 5.400
				,"percent": 0.09
				}
			,{
				"<=msec": 5.500
				,"percent": 0.11
				}
			,{
				"<=msec": 5.600
				,"percent": 0.12
				}
			,{
				"<=msec": 5.700
				,"percent": 0.14
				}
			,{
				"<=msec": 5.800
				,"percent": 0.15
				}
			,{
				"<=msec": 5.900
				,"percent": 0.17
				}
			,{
				"<=msec": 6.000
				,"percent": 0.17
				}
			,{
				"<=msec": 6.100
				,"percent": 0.19
				}
			,{
				"<=msec": 6.200
				,"percent": 0.20
				}
			,{
				"<=msec": 6.300
				,"percent": 0.20
				}
			,{
				"<=msec": 6.400
				,"percent": 0.21
				}
			,{
				"<=msec": 6.500
				,"percent": 0.22
				}
			,{
				"<=msec": 6.600
				,"percent": 0.23
				}
			,{
				"<=msec": 6.700
				,"percent": 0.23
				}
			,{
				"<=msec": 6.800
				,"percent": 0.25
				}
			,{
				"<=msec": 6.900
				,"percent": 0.26
				}
			,{
				"<=msec": 7.000
				,"percent": 0.26
				}
			,{
				"<=msec": 7.100
				,"percent": 0.27
				}
			,{
				"<=msec": 7.200
				,"percent": 0.27
				}
			,{
				"<=msec": 7.300
				,"percent": 0.28
				}
			,{
				"<=msec": 7.400
				,"percent": 0.28
				}
			,{
				"<=msec": 7.500
				,"percent": 0.29
				}
			,{
				"<=msec": 7.600
				,"percent": 0.30
				}
			,{
				"<=msec": 7.700
				,"percent": 0.31
				}
			,{
				"<=msec": 7.800
				,"percent": 0.31
				}
			,{
				"<=msec": 7.900
				,"percent": 0.32
				}
			,{
				"<=msec": 8.000
				,"percent": 0.33
				}
			,{
				"<=msec": 8.100
				,"percent": 0.34
				}
			,{
				"<=msec": 8.200
				,"percent": 0.34
				}
			,{
				"<=msec": 8.300
				,"percent": 0.35
				}
			,{
				"<=msec": 8.400
				,"percent": 0.35
				}
			,{
				"<=msec": 8.500
				,"percent": 0.35
				}
			,{
				"<=msec": 8.600
				,"percent": 0.36
				}
			,{
				"<=msec": 8.700
				,"percent": 0.37
				}
			,{
				"<=msec": 8.800
				,"percent": 0.39
				}
			,{
				"<=msec": 8.900
				,"percent": 0.40
				}
			,{
				"<=msec": 9.000
				,"percent": 0.44
				}
			,{
				"<=msec": 9.100
				,"percent": 0.45
				}
			,{
				"<=msec": 9.200
				,"percent": 0.46
				}
			,{
				"<=msec": 9.300
				,"percent": 0.47
				}
			,{
				"<=msec": 9.400
				,"percent": 0.49
				}
			,{
				"<=msec": 9.500
				,"percent": 0.52
				}
			,{
				"<=msec": 9.600
				,"percent": 0.54
				}
			,{
				"<=msec": 9.700
				,"percent": 0.57
				}
			,{
				"<=msec": 9.800
				,"percent": 0.60
				}
			,{
				"<=msec": 9.900
				,"percent": 0.63
				}
			,{
				"<=msec": 10.000
				,"percent": 0.88
				}
			,{
				"<=msec": 11.000
				,"percent": 1.48
				}
			,{
				"<=msec": 12.000
				,"percent": 2.18
				}
			,{
				"<=msec": 13.000
				,"percent": 3.05
				}
			,{
				"<=msec": 14.000
				,"percent": 3.70
				}
			,{
				"<=msec": 15.000
				,"percent": 4.20
				}
			,{
				"<=msec": 16.000
				,"percent": 4.61
				}
			,{
				"<=msec": 17.000
				,"percent": 5.05
				}
			,{
				"<=msec": 18.000
				,"percent": 5.60
				}
			,{
				"<=msec": 19.000
				,"percent": 6.17
				}
			,{
				"<=msec": 20.000
				,"percent": 6.82
				}
			,{
				"<=msec": 21.000
				,"percent": 7.39
				}
			,{
				"<=msec": 22.000
				,"percent": 7.96
				}
			,{
				"<=msec": 23.000
				,"percent": 8.48
				}
			,{
				"<=msec": 24.000
				,"percent": 9.01
				}
			,{
				"<=msec": 25.000
				,"percent": 9.61
				}
			,{
				"<=msec": 26.000
				,"percent": 10.20
				}
			,{
				"<=msec": 27.000
				,"percent": 10.89
				}
			,{
				"<=msec": 28.000
				,"percent": 11.64
				}
			,{
				"<=msec": 29.000
				,"percent": 12.50
				}
			,{
				"<=msec": 30.000
				,"percent": 13.61
				}
			,{
				"<=msec": 31.000
				,"percent": 14.88
				}
			,{
				"<=msec": 32.000
				,"percent": 17.14
				}
			,{
				"<=msec": 33.000
				,"percent": 20.86
				}
			,{
				"<=msec": 34.000
				,"percent": 25.21
				}
			,{
				"<=msec": 35.000
				,"percent": 29.79
				}
			,{
				"<=msec": 36.000
				,"percent": 34.08
				}
			,{
				"<=msec": 37.000
				,"percent": 38.64
				}
			,{
				"<=msec": 38.000
				,"percent": 43.92
				}
			,{
				"<=msec": 39.000
				,"percent": 49.45
				}
			,{
				"<=msec": 40.000
				,"percent": 54.53
				}
			,{
				"<=msec": 41.000
				,"percent": 59.25
				}
			,{
				"<=msec": 42.000
				,"percent": 63.00
				}
			,{
				"<=msec": 43.000
				,"percent": 66.26
				}
			,{
				"<=msec": 44.000
				,"percent": 68.91
				}
			,{
				"<=msec": 45.000
				,"percent": 71.06
				}
			,{
				"<=msec": 46.000
				,"percent": 72.91
				}
			,{
				"<=msec": 47.000
				,"percent": 74.50
				}
			,{
				"<=msec": 48.000
				,"percent": 76.04
				}
			,{
				"<=msec": 49.000
				,"percent": 77.54
				}
			,{
				"<=msec": 50.000
				,"percent": 78.92
				}
			,{
				"<=msec": 51.000
				,"percent": 80.25
				}
			,{
				"<=msec": 52.000
				,"percent": 81.61
				}
			,{
				"<=msec": 53.000
				,"percent": 83.08
				}
			,{
				"<=msec": 54.000
				,"percent": 84.54
				}
			,{
				"<=msec": 55.000
				,"percent": 85.82
				}
			,{
				"<=msec": 56.000
				,"percent": 86.99
				}
			,{
				"<=msec": 57.000
				,"percent": 88.00
				}
			,{
				"<=msec": 58.000
				,"percent": 88.91
				}
			,{
				"<=msec": 59.000
				,"percent": 89.81
				}
			,{
				"<=msec": 60.000
				,"percent": 90.68
				}
			,{
				"<=msec": 61.000
				,"percent": 91.54
				}
			,{
				"<=msec": 62.000
				,"percent": 92.37
				}
			,{
				"<=msec": 63.000
				,"percent": 93.08
				}
			,{
				"<=msec": 64.000
				,"percent": 93.70
				}
			,{
				"<=msec": 65.000
				,"percent": 94.24
				}
			,{
				"<=msec": 66.000
				,"percent": 94.70
				}
			,{
				"<=msec": 67.000
				,"percent": 95.17
				}
			,{
				"<=msec": 68.000
				,"percent": 95.63
				}
			,{
				"<=msec": 69.000
				,"percent": 96.06
				}
			,{
				"<=msec": 70.000
				,"percent": 96.49
				}
			,{
				"<=msec": 71.000
				,"percent": 96.83
				}
			,{
				"<=msec": 72.000
				,"percent": 97.09
				}
			,{
				"<=msec": 73.000
				,"percent": 97.35
				}
			,{
				"<=msec": 74.000
				,"percent": 97.63
				}
			,{
				"<=msec": 75.000
				,"percent": 97.84
				}
			,{
				"<=msec": 76.000
				,"percent": 97.98
				}
			,{
				"<=msec": 77.000
				,"percent": 98.11
				}
			,{
				"<=msec": 78.000
				,"percent": 98.26
				}
			,{
				"<=msec": 79.000
				,"percent": 98.38
				}
			,{
				"<=msec": 80.000
				,"percent": 98.48
				}
			,{
				"<=msec": 81.000
				,"percent": 98.58
				}
			,{
				"<=msec": 82.000
				,"percent": 98.66
				}
			,{
				"<=msec": 83.000
				,"percent": 98.74
				}
			,{
				"<=msec": 84.000
				,"percent": 98.81
				}
			,{
				"<=msec": 85.000
				,"percent": 98.86
				}
			,{
				"<=msec": 86.000
				,"percent": 98.94
				}
			,{
				"<=msec": 87.000
				,"percent": 99.00
				}
			,{
				"<=msec": 88.000
				,"percent": 99.03
				}
			,{
				"<=msec": 89.000
				,"percent": 99.07
				}
			,{
				"<=msec": 90.000
				,"percent": 99.13
				}
			,{
				"<=msec": 91.000
				,"percent": 99.16
				}
			,{
				"<=msec": 92.000
				,"percent": 99.20
				}
			,{
				"<=msec": 93.000
				,"percent": 99.24
				}
			,{
				"<=msec": 94.000
				,"percent": 99.25
				}
			,{
				"<=msec": 95.000
				,"percent": 99.29
				}
			,{
				"<=msec": 96.000
				,"percent": 99.30
				}
			,{
				"<=msec": 97.000
				,"percent": 99.32
				}
			,{
				"<=msec": 98.000
				,"percent": 99.34
				}
			,{
				"<=msec": 99.000
				,"percent": 99.37
				}
			,{
				"<=msec": 100.000
				,"percent": 99.46
				}
			,{
				"<=msec": 110.000
				,"percent": 99.64
				}
			,{
				"<=msec": 120.000
				,"percent": 99.70
				}
			,{
				"<=msec": 130.000
				,"percent": 99.75
				}
			,{
				"<=msec": 140.000
				,"percent": 99.76
				}
			,{
				"<=msec": 150.000
				,"percent": 99.77
				}
			,{
				"<=msec": 180.000
				,"percent": 99.84
				}
			,{
				"<=msec": 190.000
				,"percent": 99.88
				}
			,{
				"<=msec": 200.000
				,"percent": 99.89
				}
			,{
				"<=msec": 210.000
				,"percent": 99.91
				}
			,{
				"<=msec": 220.000
				,"percent": 99.94
				}
			,{
				"<=msec": 230.000
				,"percent": 99.94
				}
			,{
				"<=msec": 250.000
				,"percent": 99.96
				}
			,{
				"<=msec": 380.000
				,"percent": 99.97
				}
			,{
				"<=msec": 390.000
				,"percent": 100.00
				}
			]
		,"GET":[
		]
		,"WAIT":[
		]
		}
	}
