{
	"configuration":{
		"server": "10.0.0.8"
		,"port": 6379
		,"unix socket": "(null)"
		,"protocol": "memcache_text"
		,"out_file": "(null)"
		,"client_stats": "(null)"
		,"run_count": 1
		,"debug": 0
		,"requests": 0
		,"clients": 32
		,"threads": 1
		,"test_time": 75
		,"ratio": "1:0"
		,"pipeline": 1
		,"data_size": 1024
		,"data_offset": 0
		,"random_data": "false"
		,"data_size_range": "0:0"
		,"data_size_list": ""
		,"data_size_pattern": "R"
		,"expiry_range": "9999:10000"
		,"data_import": "(null)"
		,"data_verify": "false"
		,"verify_only": "false"
		,"generate_keys": "false"
		,"key_prefix": "memtier-"
		,"key_minimum":           0
		,"key_maximum":       10000
		,"key_pattern": "R:R"
		,"key_stddev": 0.000000
		,"key_median": 0.000000
		,"reconnect_interval": 0
		,"multi_key_get": 0
		,"authenticate": ""
		,"select-db": 0
		,"no-expiry": "false"
		,"wait-ratio": "0:0"
		,"num-slaves": "0:0"
		,"wait-timeout": "0-0"
		}
	,"run information":{
		"Threads": 1
		,"Connections per thread": 32
		,"Seconds": 75
		}
	,"ALL STATS":{
		"Sets":{
			"Ops/sec": 767.15
			,"Hits/sec": 0.00
			,"Misses/sec": 0.00
			,"Latency": 41.71
			,"KB/sec": 797.39
			}
		,"Gets":{
			"Ops/sec": 0.00
			,"Hits/sec": 0.00
			,"Misses/sec": 0.00
			,"Latency": 0.00
			,"KB/sec": 0.00
			}
		,"Waits":{
			"Ops/sec": 0.00
			,"Hits/sec": 0.00
			,"Misses/sec": 0.00
			,"Latency": 0.00
			,"KB/sec": 0.00
			}
		,"Totals":{
			"Ops/sec": 767.15
			,"Hits/sec": 0.00
			,"Misses/sec": 0.00
			,"Latency": 41.71
			,"KB/sec": 797.39
			}
		,"SET":[
			{
				"<=msec": 4.600
				,"percent": 0.00
				}
			,{
				"<=msec": 4.700
				,"percent": 0.01
				}
			,{
				"<=msec": 4.800
				,"percent": 0.01
				}
			,{
				"<=msec": 4.900
				,"percent": 0.02
				}
			,{
				"<=msec": 5.000
				,"percent": 0.02
				}
			,{
				"<=msec": 5.100
				,"percent": 0.03
				}
			,{
				"<=msec": 5.200
				,"percent": 0.04
				}
			,{
				"<=msec": 5.300
				,"percent": 0.05
				}
			,{
				"<=msec": 5.400
				,"percent": 0.05
				}
			,{
				"<=msec": 5.500
				,"percent": 0.06
				}
			,{
				"<=msec": 5.600
				,"percent": 0.07
				}
			,{
				"<=msec": 5.700
				,"percent": 0.08
				}
			,{
				"<=msec": 5.800
				,"percent": 0.09
				}
			,{
				"<=msec": 5.900
				,"percent": 0.10
				}
			,{
				"<=msec": 6.000
				,"percent": 0.11
				}
			,{
				"<=msec": 6.100
				,"percent": 0.11
				}
			,{
				"<=msec": 6.200
				,"percent": 0.12
				}
			,{
				"<=msec": 6.300
				,"percent": 0.12
				}
			,{
				"<=msec": 6.400
				,"percent": 0.13
				}
			,{
				"<=msec": 6.500
				,"percent": 0.14
				}
			,{
				"<=msec": 6.600
				,"percent": 0.15
				}
			,{
				"<=msec": 6.700
				,"percent": 0.16
				}
			,{
				"<=msec": 6.800
				,"percent": 0.16
				}
			,{
				"<=msec": 6.900
				,"percent": 0.16
				}
			,{
				"<=msec": 7.100
				,"percent": 0.18
				}
			,{
				"<=msec": 7.200
				,"percent": 0.18
				}
			,{
				"<=msec": 7.300
				,"percent": 0.19
				}
			,{
				"<=msec": 7.600
				,"percent": 0.19
				}
			,{
				"<=msec": 7.700
				,"percent": 0.20
				}
			,{
				"<=msec": 7.800
				,"percent": 0.20
				}
			,{
				"<=msec": 7.900
				,"percent": 0.20
				}
			,{
				"<=msec": 8.000
				,"percent": 0.21
				}
			,{
				"<=msec": 8.100
				,"percent": 0.22
				}
			,{
				"<=msec": 8.200
				,"percent": 0.23
				}
			,{
				"<=msec": 8.300
				,"percent": 0.24
				}
			,{
				"<=msec": 8.400
				,"percent": 0.25
				}
			,{
				"<=msec": 8.500
				,"percent": 0.26
				}
			,{
				"<=msec": 8.600
				,"percent": 0.26
				}
			,{
				"<=msec": 8.700
				,"percent": 0.27
				}
			,{
				"<=msec": 8.800
				,"percent": 0.27
				}
			,{
				"<=msec": 8.900
				,"percent": 0.28
				}
			,{
				"<=msec": 9.000
				,"percent": 0.29
				}
			,{
				"<=msec": 9.100
				,"percent": 0.30
				}
			,{
				"<=msec": 9.200
				,"percent": 0.31
				}
			,{
				"<=msec": 9.300
				,"percent": 0.31
				}
			,{
				"<=msec": 9.400
				,"percent": 0.31
				}
			,{
				"<=msec": 9.500
				,"percent": 0.32
				}
			,{
				"<=msec": 9.600
				,"percent": 0.34
				}
			,{
				"<=msec": 9.700
				,"percent": 0.35
				}
			,{
				"<=msec": 9.800
				,"percent": 0.35
				}
			,{
				"<=msec": 9.900
				,"percent": 0.36
				}
			,{
				"<=msec": 10.000
				,"percent": 0.49
				}
			,{
				"<=msec": 11.000
				,"percent": 0.79
				}
			,{
				"<=msec": 12.000
				,"percent": 1.31
				}
			,{
				"<=msec": 13.000
				,"percent": 1.89
				}
			,{
				"<=msec": 14.000
				,"percent": 2.29
				}
			,{
				"<=msec": 15.000
				,"percent": 2.63
				}
			,{
				"<=msec": 16.000
				,"percent": 2.99
				}
			,{
				"<=msec": 17.000
				,"percent": 3.38
				}
			,{
				"<=msec": 18.000
				,"percent": 3.79
				}
			,{
				"<=msec": 19.000
				,"percent": 4.19
				}
			,{
				"<=msec": 20.000
				,"percent": 4.70
				}
			,{
				"<=msec": 21.000
				,"percent": 5.25
				}
			,{
				"<=msec": 22.000
				,"percent": 5.72
				}
			,{
				"<=msec": 23.000
				,"percent": 6.26
				}
			,{
				"<=msec": 24.000
				,"percent": 6.88
				}
			,{
				"<=msec": 25.000
				,"percent": 7.46
				}
			,{
				"<=msec": 26.000
				,"percent": 8.03
				}
			,{
				"<=msec": 27.000
				,"percent": 8.75
				}
			,{
				"<=msec": 28.000
				,"percent": 9.48
				}
			,{
				"<=msec": 29.000
				,"percent": 10.37
				}
			,{
				"<=msec": 30.000
				,"percent": 11.51
				}
			,{
				"<=msec": 31.000
				,"percent": 12.84
				}
			,{
				"<=msec": 32.000
				,"percent": 14.85
				}
			,{
				"<=msec": 33.000
				,"percent": 18.01
				}
			,{
				"<=msec": 34.000
				,"percent": 22.53
				}
			,{
				"<=msec": 35.000
				,"percent": 27.22
				}
			,{
				"<=msec": 36.000
				,"percent": 31.82
				}
			,{
				"<=msec": 37.000
				,"percent": 36.55
				}
			,{
				"<=msec": 38.000
				,"percent": 41.44
				}
			,{
				"<=msec": 39.000
				,"percent": 47.09
				}
			,{
				"<=msec": 40.000
				,"percent": 52.88
				}
			,{
				"<=msec": 41.000
				,"percent": 58.24
				}
			,{
				"<=msec": 42.000
				,"percent": 62.65
				}
			,{
				"<=msec": 43.000
				,"percent": 66.24
				}
			,{
				"<=msec": 44.000
				,"percent": 69.05
				}
			,{
				"<=msec": 45.000
				,"percent": 71.63
				}
			,{
				"<=msec": 46.000
				,"percent": 74.04
				}
			,{
				"<=msec": 47.000
				,"percent": 75.95
				}
			,{
				"<=msec": 48.000
				,"percent": 77.54
				}
			,{
				"<=msec": 49.000
				,"percent": 79.11
				}
			,{
				"<=msec": 50.000
				,"percent": 80.54
				}
			,{
				"<=msec": 51.000
				,"percent": 81.90
				}
			,{
				"<=msec": 52.000
				,"percent": 83.25
				}
			,{
				"<=msec": 53.000
				,"percent": 84.78
				}
			,{
				"<=msec": 54.000
				,"percent": 86.10
				}
			,{
				"<=msec": 55.000
				,"percent": 87.27
				}
			,{
				"<=msec": 56.000
				,"percent": 88.50
				}
			,{
				"<=msec": 57.000
				,"percent": 89.45
				}
			,{
				"<=msec": 58.000
				,"percent": 90.26
				}
			,{
				"<=msec": 59.000
				,"percent": 90.97
				}
			,{
				"<=msec": 60.000
				,"percent": 91.76
				}
			,{
				"<=msec": 61.000
				,"percent": 92.49
				}
			,{
				"<=msec": 62.000
				,"percent": 93.23
				}
			,{
				"<=msec": 63.000
				,"percent": 93.89
				}
			,{
				"<=msec": 64.000
				,"percent": 94.57
				}
			,{
				"<=msec": 65.000
				,"percent": 95.12
				}
			,{
				"<=msec": 66.000
				,"percent": 95.69
				}
			,{
				"<=msec": 67.000
				,"percent": 96.16
				}
			,{
				"<=msec": 68.000
				,"percent": 96.61
				}
			,{
				"<=msec": 69.000
				,"percent": 96.98
				}
			,{
				"<=msec": 70.000
				,"percent": 97.35
				}
			,{
				"<=msec": 71.000
				,"percent": 97.69
				}
			,{
				"<=msec": 72.000
				,"percent": 97.94
				}
			,{
				"<=msec": 73.000
				,"percent": 98.16
				}
			,{
				"<=msec": 74.000
				,"percent": 98.36
				}
			,{
				"<=msec": 75.000
				,"percent": 98.49
				}
			,{
				"<=msec": 76.000
				,"percent": 98.58
				}
			,{
				"<=msec": 77.000
				,"percent": 98.67
				}
			,{
				"<=msec": 78.000
				,"percent": 98.78
				}
			,{
				"<=msec": 79.000
				,"percent": 98.89
				}
			,{
				"<=msec": 80.000
				,"percent": 99.01
				}
			,{
				"<=msec": 81.000
				,"percent": 99.11
				}
			,{
				"<=msec": 82.000
				,"percent": 99.22
				}
			,{
				"<=msec": 83.000
				,"percent": 99.28
				}
			,{
				"<=msec": 84.000
				,"percent": 99.33
				}
			,{
				"<=msec": 85.000
				,"percent": 99.38
				}
			,{
				"<=msec": 86.000
				,"percent": 99.41
				}
			,{
				"<=msec": 87.000
				,"percent": 99.45
				}
			,{
				"<=msec": 88.000
				,"percent": 99.48
				}
			,{
				"<=msec": 89.000
				,"percent": 99.51
				}
			,{
				"<=msec": 90.000
				,"percent": 99.55
				}
			,{
				"<=msec": 91.000
				,"percent": 99.60
				}
			,{
				"<=msec": 92.000
				,"percent": 99.64
				}
			,{
				"<=msec": 93.000
				,"percent": 99.68
				}
			,{
				"<=msec": 94.000
				,"percent": 99.71
				}
			,{
				"<=msec": 95.000
				,"percent": 99.74
				}
			,{
				"<=msec": 96.000
				,"percent": 99.78
				}
			,{
				"<=msec": 97.000
				,"percent": 99.80
				}
			,{
				"<=msec": 98.000
				,"percent": 99.84
				}
			,{
				"<=msec": 99.000
				,"percent": 99.85
				}
			,{
				"<=msec": 100.000
				,"percent": 99.91
				}
			,{
				"<=msec": 110.000
				,"percent": 99.94
				}
			,{
				"<=msec": 120.000
				,"percent": 99.94
				}
			,{
				"<=msec": 130.000
				,"percent": 99.99
				}
			,{
				"<=msec": 140.000
				,"percent": 100.00
				}
			]
		,"GET":[
		]
		,"WAIT":[
		]
		}
	}
