{
	"configuration":{
		"server": "10.0.0.8"
		,"port": 6379
		,"unix socket": "(null)"
		,"protocol": "memcache_text"
		,"out_file": "(null)"
		,"client_stats": "(null)"
		,"run_count": 1
		,"debug": 0
		,"requests": 0
		,"clients": 32
		,"threads": 1
		,"test_time": 75
		,"ratio": "1:0"
		,"pipeline": 1
		,"data_size": 1024
		,"data_offset": 0
		,"random_data": "false"
		,"data_size_range": "0:0"
		,"data_size_list": ""
		,"data_size_pattern": "R"
		,"expiry_range": "9999:10000"
		,"data_import": "(null)"
		,"data_verify": "false"
		,"verify_only": "false"
		,"generate_keys": "false"
		,"key_prefix": "memtier-"
		,"key_minimum":           0
		,"key_maximum":       10000
		,"key_pattern": "R:R"
		,"key_stddev": 0.000000
		,"key_median": 0.000000
		,"reconnect_interval": 0
		,"multi_key_get": 0
		,"authenticate": ""
		,"select-db": 0
		,"no-expiry": "false"
		,"wait-ratio": "0:0"
		,"num-slaves": "0:0"
		,"wait-timeout": "0-0"
		}
	,"run information":{
		"Threads": 1
		,"Connections per thread": 32
		,"Seconds": 75
		}
	,"ALL STATS":{
		"Sets":{
			"Ops/sec": 533.91
			,"Hits/sec": 0.00
			,"Misses/sec": 0.00
			,"Latency": 59.93
			,"KB/sec": 554.96
			}
		,"Gets":{
			"Ops/sec": 0.00
			,"Hits/sec": 0.00
			,"Misses/sec": 0.00
			,"Latency": 0.00
			,"KB/sec": 0.00
			}
		,"Waits":{
			"Ops/sec": 0.00
			,"Hits/sec": 0.00
			,"Misses/sec": 0.00
			,"Latency": 0.00
			,"KB/sec": 0.00
			}
		,"Totals":{
			"Ops/sec": 533.91
			,"Hits/sec": 0.00
			,"Misses/sec": 0.00
			,"Latency": 59.93
			,"KB/sec": 554.96
			}
		,"SET":[
			{
				"<=msec": 22.000
				,"percent": 0.03
				}
			,{
				"<=msec": 23.000
				,"percent": 0.03
				}
			,{
				"<=msec": 24.000
				,"percent": 0.08
				}
			,{
				"<=msec": 25.000
				,"percent": 0.14
				}
			,{
				"<=msec": 26.000
				,"percent": 0.16
				}
			,{
				"<=msec": 27.000
				,"percent": 0.20
				}
			,{
				"<=msec": 28.000
				,"percent": 0.30
				}
			,{
				"<=msec": 29.000
				,"percent": 0.41
				}
			,{
				"<=msec": 30.000
				,"percent": 0.55
				}
			,{
				"<=msec": 31.000
				,"percent": 0.76
				}
			,{
				"<=msec": 32.000
				,"percent": 1.03
				}
			,{
				"<=msec": 33.000
				,"percent": 1.46
				}
			,{
				"<=msec": 34.000
				,"percent": 2.37
				}
			,{
				"<=msec": 35.000
				,"percent": 3.14
				}
			,{
				"<=msec": 36.000
				,"percent": 3.77
				}
			,{
				"<=msec": 37.000
				,"percent": 4.25
				}
			,{
				"<=msec": 38.000
				,"percent": 4.86
				}
			,{
				"<=msec": 39.000
				,"percent": 5.48
				}
			,{
				"<=msec": 40.000
				,"percent": 6.21
				}
			,{
				"<=msec": 41.000
				,"percent": 6.79
				}
			,{
				"<=msec": 42.000
				,"percent": 7.41
				}
			,{
				"<=msec": 43.000
				,"percent": 8.24
				}
			,{
				"<=msec": 44.000
				,"percent": 9.07
				}
			,{
				"<=msec": 45.000
				,"percent": 9.96
				}
			,{
				"<=msec": 46.000
				,"percent": 10.99
				}
			,{
				"<=msec": 47.000
				,"percent": 12.51
				}
			,{
				"<=msec": 48.000
				,"percent": 15.06
				}
			,{
				"<=msec": 49.000
				,"percent": 18.44
				}
			,{
				"<=msec": 50.000
				,"percent": 22.20
				}
			,{
				"<=msec": 51.000
				,"percent": 25.47
				}
			,{
				"<=msec": 52.000
				,"percent": 29.01
				}
			,{
				"<=msec": 53.000
				,"percent": 32.97
				}
			,{
				"<=msec": 54.000
				,"percent": 37.76
				}
			,{
				"<=msec": 55.000
				,"percent": 43.00
				}
			,{
				"<=msec": 56.000
				,"percent": 48.22
				}
			,{
				"<=msec": 57.000
				,"percent": 52.63
				}
			,{
				"<=msec": 58.000
				,"percent": 56.18
				}
			,{
				"<=msec": 59.000
				,"percent": 59.49
				}
			,{
				"<=msec": 60.000
				,"percent": 62.54
				}
			,{
				"<=msec": 61.000
				,"percent": 65.39
				}
			,{
				"<=msec": 62.000
				,"percent": 67.83
				}
			,{
				"<=msec": 63.000
				,"percent": 69.53
				}
			,{
				"<=msec": 64.000
				,"percent": 71.01
				}
			,{
				"<=msec": 65.000
				,"percent": 72.39
				}
			,{
				"<=msec": 66.000
				,"percent": 73.82
				}
			,{
				"<=msec": 67.000
				,"percent": 75.40
				}
			,{
				"<=msec": 68.000
				,"percent": 76.87
				}
			,{
				"<=msec": 69.000
				,"percent": 78.34
				}
			,{
				"<=msec": 70.000
				,"percent": 79.63
				}
			,{
				"<=msec": 71.000
				,"percent": 80.69
				}
			,{
				"<=msec": 72.000
				,"percent": 81.84
				}
			,{
				"<=msec": 73.000
				,"percent": 82.97
				}
			,{
				"<=msec": 74.000
				,"percent": 84.06
				}
			,{
				"<=msec": 75.000
				,"percent": 85.37
				}
			,{
				"<=msec": 76.000
				,"percent": 86.61
				}
			,{
				"<=msec": 77.000
				,"percent": 87.78
				}
			,{
				"<=msec": 78.000
				,"percent": 88.95
				}
			,{
				"<=msec": 79.000
				,"percent": 89.90
				}
			,{
				"<=msec": 80.000
				,"percent": 90.74
				}
			,{
				"<=msec": 81.000
				,"percent": 91.56
				}
			,{
				"<=msec": 82.000
				,"percent": 92.26
				}
			,{
				"<=msec": 83.000
				,"percent": 92.95
				}
			,{
				"<=msec": 84.000
				,"percent": 93.68
				}
			,{
				"<=msec": 85.000
				,"percent": 94.28
				}
			,{
				"<=msec": 86.000
				,"percent": 94.83
				}
			,{
				"<=msec": 87.000
				,"percent": 95.32
				}
			,{
				"<=msec": 88.000
				,"percent": 95.73
				}
			,{
				"<=msec": 89.000
				,"percent": 96.09
				}
			,{
				"<=msec": 90.000
				,"percent": 96.47
				}
			,{
				"<=msec": 91.000
				,"percent": 96.81
				}
			,{
				"<=msec": 92.000
				,"percent": 97.14
				}
			,{
				"<=msec": 93.000
				,"percent": 97.38
				}
			,{
				"<=msec": 94.000
				,"percent": 97.58
				}
			,{
				"<=msec": 95.000
				,"percent": 97.82
				}
			,{
				"<=msec": 96.000
				,"percent": 98.03
				}
			,{
				"<=msec": 97.000
				,"percent": 98.23
				}
			,{
				"<=msec": 98.000
				,"percent": 98.42
				}
			,{
				"<=msec": 99.000
				,"percent": 98.62
				}
			,{
				"<=msec": 100.000
				,"percent": 99.42
				}
			,{
				"<=msec": 110.000
				,"percent": 99.87
				}
			,{
				"<=msec": 120.000
				,"percent": 99.97
				}
			,{
				"<=msec": 130.000
				,"percent": 100.00
				}
			,{
				"<=msec": 140.000
				,"percent": 100.00
				}
			]
		,"GET":[
		]
		,"WAIT":[
		]
		}
	}
