{
	"configuration":{
		"server": "10.0.0.9"
		,"port": 6379
		,"unix socket": "(null)"
		,"protocol": "memcache_text"
		,"out_file": "(null)"
		,"client_stats": "(null)"
		,"run_count": 1
		,"debug": 0
		,"requests": 0
		,"clients": 32
		,"threads": 1
		,"test_time": 75
		,"ratio": "1:1"
		,"pipeline": 1
		,"data_size": 1024
		,"data_offset": 0
		,"random_data": "false"
		,"data_size_range": "0:0"
		,"data_size_list": ""
		,"data_size_pattern": "R"
		,"expiry_range": "9999:10000"
		,"data_import": "(null)"
		,"data_verify": "false"
		,"verify_only": "false"
		,"generate_keys": "false"
		,"key_prefix": "memtier-"
		,"key_minimum":           0
		,"key_maximum":       10000
		,"key_pattern": "R:R"
		,"key_stddev": 0.000000
		,"key_median": 0.000000
		,"reconnect_interval": 0
		,"multi_key_get": 0
		,"authenticate": ""
		,"select-db": 0
		,"no-expiry": "false"
		,"wait-ratio": "0:0"
		,"num-slaves": "0:0"
		,"wait-timeout": "0-0"
		}
	,"run information":{
		"Threads": 1
		,"Connections per thread": 32
		,"Seconds": 75
		}
	,"ALL STATS":{
		"Sets":{
			"Ops/sec": 594.48
			,"Hits/sec": 0.00
			,"Misses/sec": 0.00
			,"Latency": 30.24
			,"KB/sec": 617.93
			}
		,"Gets":{
			"Ops/sec": 594.24
			,"Hits/sec": 594.24
			,"Misses/sec": 0.00
			,"Latency": 23.94
			,"KB/sec": 624.29
			}
		,"Waits":{
			"Ops/sec": 0.00
			,"Hits/sec": 0.00
			,"Misses/sec": 0.00
			,"Latency": 0.00
			,"KB/sec": 0.00
			}
		,"Totals":{
			"Ops/sec": 1188.72
			,"Hits/sec": 594.24
			,"Misses/sec": 0.00
			,"Latency": 27.09
			,"KB/sec": 1242.21
			}
		,"SET":[
			{
				"<=msec": 1.400
				,"percent": 0.00
				}
			,{
				"<=msec": 1.500
				,"percent": 0.00
				}
			,{
				"<=msec": 1.600
				,"percent": 0.01
				}
			,{
				"<=msec": 1.700
				,"percent": 0.03
				}
			,{
				"<=msec": 1.800
				,"percent": 0.04
				}
			,{
				"<=msec": 1.900
				,"percent": 0.05
				}
			,{
				"<=msec": 2.000
				,"percent": 0.06
				}
			,{
				"<=msec": 2.100
				,"percent": 0.08
				}
			,{
				"<=msec": 2.200
				,"percent": 0.10
				}
			,{
				"<=msec": 2.300
				,"percent": 0.14
				}
			,{
				"<=msec": 2.400
				,"percent": 0.15
				}
			,{
				"<=msec": 2.500
				,"percent": 0.16
				}
			,{
				"<=msec": 2.600
				,"percent": 0.18
				}
			,{
				"<=msec": 2.700
				,"percent": 0.19
				}
			,{
				"<=msec": 2.800
				,"percent": 0.21
				}
			,{
				"<=msec": 2.900
				,"percent": 0.22
				}
			,{
				"<=msec": 3.000
				,"percent": 0.24
				}
			,{
				"<=msec": 3.100
				,"percent": 0.25
				}
			,{
				"<=msec": 3.200
				,"percent": 0.26
				}
			,{
				"<=msec": 3.300
				,"percent": 0.27
				}
			,{
				"<=msec": 3.400
				,"percent": 0.28
				}
			,{
				"<=msec": 3.500
				,"percent": 0.30
				}
			,{
				"<=msec": 3.600
				,"percent": 0.33
				}
			,{
				"<=msec": 3.700
				,"percent": 0.36
				}
			,{
				"<=msec": 3.800
				,"percent": 0.38
				}
			,{
				"<=msec": 3.900
				,"percent": 0.42
				}
			,{
				"<=msec": 4.000
				,"percent": 0.46
				}
			,{
				"<=msec": 4.100
				,"percent": 0.47
				}
			,{
				"<=msec": 4.200
				,"percent": 0.48
				}
			,{
				"<=msec": 4.300
				,"percent": 0.50
				}
			,{
				"<=msec": 4.400
				,"percent": 0.52
				}
			,{
				"<=msec": 4.500
				,"percent": 0.54
				}
			,{
				"<=msec": 4.600
				,"percent": 0.57
				}
			,{
				"<=msec": 4.700
				,"percent": 0.59
				}
			,{
				"<=msec": 4.800
				,"percent": 0.61
				}
			,{
				"<=msec": 4.900
				,"percent": 0.64
				}
			,{
				"<=msec": 5.000
				,"percent": 0.66
				}
			,{
				"<=msec": 5.100
				,"percent": 0.68
				}
			,{
				"<=msec": 5.200
				,"percent": 0.70
				}
			,{
				"<=msec": 5.300
				,"percent": 0.73
				}
			,{
				"<=msec": 5.400
				,"percent": 0.75
				}
			,{
				"<=msec": 5.500
				,"percent": 0.79
				}
			,{
				"<=msec": 5.600
				,"percent": 0.81
				}
			,{
				"<=msec": 5.700
				,"percent": 0.84
				}
			,{
				"<=msec": 5.800
				,"percent": 0.85
				}
			,{
				"<=msec": 5.900
				,"percent": 0.88
				}
			,{
				"<=msec": 6.000
				,"percent": 0.89
				}
			,{
				"<=msec": 6.100
				,"percent": 0.92
				}
			,{
				"<=msec": 6.200
				,"percent": 0.95
				}
			,{
				"<=msec": 6.300
				,"percent": 0.98
				}
			,{
				"<=msec": 6.400
				,"percent": 1.00
				}
			,{
				"<=msec": 6.500
				,"percent": 1.02
				}
			,{
				"<=msec": 6.600
				,"percent": 1.06
				}
			,{
				"<=msec": 6.700
				,"percent": 1.10
				}
			,{
				"<=msec": 6.800
				,"percent": 1.13
				}
			,{
				"<=msec": 6.900
				,"percent": 1.18
				}
			,{
				"<=msec": 7.000
				,"percent": 1.24
				}
			,{
				"<=msec": 7.100
				,"percent": 1.27
				}
			,{
				"<=msec": 7.200
				,"percent": 1.30
				}
			,{
				"<=msec": 7.300
				,"percent": 1.33
				}
			,{
				"<=msec": 7.400
				,"percent": 1.37
				}
			,{
				"<=msec": 7.500
				,"percent": 1.44
				}
			,{
				"<=msec": 7.600
				,"percent": 1.49
				}
			,{
				"<=msec": 7.700
				,"percent": 1.53
				}
			,{
				"<=msec": 7.800
				,"percent": 1.59
				}
			,{
				"<=msec": 7.900
				,"percent": 1.66
				}
			,{
				"<=msec": 8.000
				,"percent": 1.71
				}
			,{
				"<=msec": 8.100
				,"percent": 1.76
				}
			,{
				"<=msec": 8.200
				,"percent": 1.84
				}
			,{
				"<=msec": 8.300
				,"percent": 1.86
				}
			,{
				"<=msec": 8.400
				,"percent": 1.91
				}
			,{
				"<=msec": 8.500
				,"percent": 1.98
				}
			,{
				"<=msec": 8.600
				,"percent": 2.04
				}
			,{
				"<=msec": 8.700
				,"percent": 2.10
				}
			,{
				"<=msec": 8.800
				,"percent": 2.16
				}
			,{
				"<=msec": 8.900
				,"percent": 2.23
				}
			,{
				"<=msec": 9.000
				,"percent": 2.30
				}
			,{
				"<=msec": 9.100
				,"percent": 2.35
				}
			,{
				"<=msec": 9.200
				,"percent": 2.41
				}
			,{
				"<=msec": 9.300
				,"percent": 2.51
				}
			,{
				"<=msec": 9.400
				,"percent": 2.56
				}
			,{
				"<=msec": 9.500
				,"percent": 2.65
				}
			,{
				"<=msec": 9.600
				,"percent": 2.72
				}
			,{
				"<=msec": 9.700
				,"percent": 2.76
				}
			,{
				"<=msec": 9.800
				,"percent": 2.80
				}
			,{
				"<=msec": 9.900
				,"percent": 2.85
				}
			,{
				"<=msec": 10.000
				,"percent": 3.23
				}
			,{
				"<=msec": 11.000
				,"percent": 4.12
				}
			,{
				"<=msec": 12.000
				,"percent": 4.98
				}
			,{
				"<=msec": 13.000
				,"percent": 5.94
				}
			,{
				"<=msec": 14.000
				,"percent": 7.03
				}
			,{
				"<=msec": 15.000
				,"percent": 8.03
				}
			,{
				"<=msec": 16.000
				,"percent": 9.34
				}
			,{
				"<=msec": 17.000
				,"percent": 10.99
				}
			,{
				"<=msec": 18.000
				,"percent": 13.46
				}
			,{
				"<=msec": 19.000
				,"percent": 17.17
				}
			,{
				"<=msec": 20.000
				,"percent": 21.48
				}
			,{
				"<=msec": 21.000
				,"percent": 25.94
				}
			,{
				"<=msec": 22.000
				,"percent": 30.46
				}
			,{
				"<=msec": 23.000
				,"percent": 34.66
				}
			,{
				"<=msec": 24.000
				,"percent": 38.53
				}
			,{
				"<=msec": 25.000
				,"percent": 42.18
				}
			,{
				"<=msec": 26.000
				,"percent": 46.26
				}
			,{
				"<=msec": 27.000
				,"percent": 50.57
				}
			,{
				"<=msec": 28.000
				,"percent": 54.92
				}
			,{
				"<=msec": 29.000
				,"percent": 58.88
				}
			,{
				"<=msec": 30.000
				,"percent": 62.34
				}
			,{
				"<=msec": 31.000
				,"percent": 65.13
				}
			,{
				"<=msec": 32.000
				,"percent": 67.58
				}
			,{
				"<=msec": 33.000
				,"percent": 69.59
				}
			,{
				"<=msec": 34.000
				,"percent": 71.45
				}
			,{
				"<=msec": 35.000
				,"percent": 73.16
				}
			,{
				"<=msec": 36.000
				,"percent": 74.91
				}
			,{
				"<=msec": 37.000
				,"percent": 76.67
				}
			,{
				"<=msec": 38.000
				,"percent": 78.35
				}
			,{
				"<=msec": 39.000
				,"percent": 80.01
				}
			,{
				"<=msec": 40.000
				,"percent": 81.48
				}
			,{
				"<=msec": 41.000
				,"percent": 82.87
				}
			,{
				"<=msec": 42.000
				,"percent": 83.98
				}
			,{
				"<=msec": 43.000
				,"percent": 85.01
				}
			,{
				"<=msec": 44.000
				,"percent": 85.98
				}
			,{
				"<=msec": 45.000
				,"percent": 86.92
				}
			,{
				"<=msec": 46.000
				,"percent": 87.79
				}
			,{
				"<=msec": 47.000
				,"percent": 88.77
				}
			,{
				"<=msec": 48.000
				,"percent": 89.79
				}
			,{
				"<=msec": 49.000
				,"percent": 90.66
				}
			,{
				"<=msec": 50.000
				,"percent": 91.52
				}
			,{
				"<=msec": 51.000
				,"percent": 92.27
				}
			,{
				"<=msec": 52.000
				,"percent": 92.91
				}
			,{
				"<=msec": 53.000
				,"percent": 93.39
				}
			,{
				"<=msec": 54.000
				,"percent": 93.93
				}
			,{
				"<=msec": 55.000
				,"percent": 94.43
				}
			,{
				"<=msec": 56.000
				,"percent": 94.87
				}
			,{
				"<=msec": 57.000
				,"percent": 95.25
				}
			,{
				"<=msec": 58.000
				,"percent": 95.62
				}
			,{
				"<=msec": 59.000
				,"percent": 96.00
				}
			,{
				"<=msec": 60.000
				,"percent": 96.37
				}
			,{
				"<=msec": 61.000
				,"percent": 96.69
				}
			,{
				"<=msec": 62.000
				,"percent": 97.02
				}
			,{
				"<=msec": 63.000
				,"percent": 97.28
				}
			,{
				"<=msec": 64.000
				,"percent": 97.48
				}
			,{
				"<=msec": 65.000
				,"percent": 97.69
				}
			,{
				"<=msec": 66.000
				,"percent": 97.87
				}
			,{
				"<=msec": 67.000
				,"percent": 98.04
				}
			,{
				"<=msec": 68.000
				,"percent": 98.22
				}
			,{
				"<=msec": 69.000
				,"percent": 98.34
				}
			,{
				"<=msec": 70.000
				,"percent": 98.46
				}
			,{
				"<=msec": 71.000
				,"percent": 98.60
				}
			,{
				"<=msec": 72.000
				,"percent": 98.71
				}
			,{
				"<=msec": 73.000
				,"percent": 98.79
				}
			,{
				"<=msec": 74.000
				,"percent": 98.88
				}
			,{
				"<=msec": 75.000
				,"percent": 98.95
				}
			,{
				"<=msec": 76.000
				,"percent": 99.01
				}
			,{
				"<=msec": 77.000
				,"percent": 99.08
				}
			,{
				"<=msec": 78.000
				,"percent": 99.14
				}
			,{
				"<=msec": 79.000
				,"percent": 99.22
				}
			,{
				"<=msec": 80.000
				,"percent": 99.30
				}
			,{
				"<=msec": 81.000
				,"percent": 99.36
				}
			,{
				"<=msec": 82.000
				,"percent": 99.42
				}
			,{
				"<=msec": 83.000
				,"percent": 99.46
				}
			,{
				"<=msec": 84.000
				,"percent": 99.51
				}
			,{
				"<=msec": 85.000
				,"percent": 99.56
				}
			,{
				"<=msec": 86.000
				,"percent": 99.59
				}
			,{
				"<=msec": 87.000
				,"percent": 99.62
				}
			,{
				"<=msec": 88.000
				,"percent": 99.65
				}
			,{
				"<=msec": 89.000
				,"percent": 99.68
				}
			,{
				"<=msec": 90.000
				,"percent": 99.72
				}
			,{
				"<=msec": 91.000
				,"percent": 99.74
				}
			,{
				"<=msec": 92.000
				,"percent": 99.76
				}
			,{
				"<=msec": 93.000
				,"percent": 99.78
				}
			,{
				"<=msec": 94.000
				,"percent": 99.82
				}
			,{
				"<=msec": 95.000
				,"percent": 99.83
				}
			,{
				"<=msec": 96.000
				,"percent": 99.85
				}
			,{
				"<=msec": 97.000
				,"percent": 99.87
				}
			,{
				"<=msec": 98.000
				,"percent": 99.88
				}
			,{
				"<=msec": 99.000
				,"percent": 99.88
				}
			,{
				"<=msec": 100.000
				,"percent": 99.94
				}
			,{
				"<=msec": 110.000
				,"percent": 99.98
				}
			,{
				"<=msec": 120.000
				,"percent": 99.99
				}
			,{
				"<=msec": 140.000
				,"percent": 100.00
				}
			]
		,"GET":[
			{
				"<=msec": 0.970
				,"percent": 0.00
				}
			,{
				"<=msec": 1.000
				,"percent": 0.00
				}
			,{
				"<=msec": 1.100
				,"percent": 0.01
				}
			,{
				"<=msec": 1.200
				,"percent": 0.02
				}
			,{
				"<=msec": 1.300
				,"percent": 0.05
				}
			,{
				"<=msec": 1.400
				,"percent": 0.10
				}
			,{
				"<=msec": 1.500
				,"percent": 0.16
				}
			,{
				"<=msec": 1.600
				,"percent": 0.23
				}
			,{
				"<=msec": 1.700
				,"percent": 0.32
				}
			,{
				"<=msec": 1.800
				,"percent": 0.46
				}
			,{
				"<=msec": 1.900
				,"percent": 0.56
				}
			,{
				"<=msec": 2.000
				,"percent": 0.65
				}
			,{
				"<=msec": 2.100
				,"percent": 0.75
				}
			,{
				"<=msec": 2.200
				,"percent": 0.86
				}
			,{
				"<=msec": 2.300
				,"percent": 1.00
				}
			,{
				"<=msec": 2.400
				,"percent": 1.09
				}
			,{
				"<=msec": 2.500
				,"percent": 1.18
				}
			,{
				"<=msec": 2.600
				,"percent": 1.25
				}
			,{
				"<=msec": 2.700
				,"percent": 1.33
				}
			,{
				"<=msec": 2.800
				,"percent": 1.40
				}
			,{
				"<=msec": 2.900
				,"percent": 1.48
				}
			,{
				"<=msec": 3.000
				,"percent": 1.57
				}
			,{
				"<=msec": 3.100
				,"percent": 1.64
				}
			,{
				"<=msec": 3.200
				,"percent": 1.72
				}
			,{
				"<=msec": 3.300
				,"percent": 1.78
				}
			,{
				"<=msec": 3.400
				,"percent": 1.83
				}
			,{
				"<=msec": 3.500
				,"percent": 1.90
				}
			,{
				"<=msec": 3.600
				,"percent": 1.94
				}
			,{
				"<=msec": 3.700
				,"percent": 1.99
				}
			,{
				"<=msec": 3.800
				,"percent": 2.09
				}
			,{
				"<=msec": 3.900
				,"percent": 2.16
				}
			,{
				"<=msec": 4.000
				,"percent": 2.21
				}
			,{
				"<=msec": 4.100
				,"percent": 2.26
				}
			,{
				"<=msec": 4.200
				,"percent": 2.31
				}
			,{
				"<=msec": 4.300
				,"percent": 2.35
				}
			,{
				"<=msec": 4.400
				,"percent": 2.38
				}
			,{
				"<=msec": 4.500
				,"percent": 2.42
				}
			,{
				"<=msec": 4.600
				,"percent": 2.46
				}
			,{
				"<=msec": 4.700
				,"percent": 2.50
				}
			,{
				"<=msec": 4.800
				,"percent": 2.56
				}
			,{
				"<=msec": 4.900
				,"percent": 2.58
				}
			,{
				"<=msec": 5.000
				,"percent": 2.63
				}
			,{
				"<=msec": 5.100
				,"percent": 2.69
				}
			,{
				"<=msec": 5.200
				,"percent": 2.73
				}
			,{
				"<=msec": 5.300
				,"percent": 2.78
				}
			,{
				"<=msec": 5.400
				,"percent": 2.83
				}
			,{
				"<=msec": 5.500
				,"percent": 2.86
				}
			,{
				"<=msec": 5.600
				,"percent": 2.91
				}
			,{
				"<=msec": 5.700
				,"percent": 2.94
				}
			,{
				"<=msec": 5.800
				,"percent": 2.98
				}
			,{
				"<=msec": 5.900
				,"percent": 3.02
				}
			,{
				"<=msec": 6.000
				,"percent": 3.08
				}
			,{
				"<=msec": 6.100
				,"percent": 3.12
				}
			,{
				"<=msec": 6.200
				,"percent": 3.18
				}
			,{
				"<=msec": 6.300
				,"percent": 3.21
				}
			,{
				"<=msec": 6.400
				,"percent": 3.25
				}
			,{
				"<=msec": 6.500
				,"percent": 3.31
				}
			,{
				"<=msec": 6.600
				,"percent": 3.35
				}
			,{
				"<=msec": 6.700
				,"percent": 3.38
				}
			,{
				"<=msec": 6.800
				,"percent": 3.44
				}
			,{
				"<=msec": 6.900
				,"percent": 3.48
				}
			,{
				"<=msec": 7.000
				,"percent": 3.55
				}
			,{
				"<=msec": 7.100
				,"percent": 3.62
				}
			,{
				"<=msec": 7.200
				,"percent": 3.67
				}
			,{
				"<=msec": 7.300
				,"percent": 3.73
				}
			,{
				"<=msec": 7.400
				,"percent": 3.80
				}
			,{
				"<=msec": 7.500
				,"percent": 3.87
				}
			,{
				"<=msec": 7.600
				,"percent": 3.93
				}
			,{
				"<=msec": 7.700
				,"percent": 4.00
				}
			,{
				"<=msec": 7.800
				,"percent": 4.07
				}
			,{
				"<=msec": 7.900
				,"percent": 4.14
				}
			,{
				"<=msec": 8.000
				,"percent": 4.19
				}
			,{
				"<=msec": 8.100
				,"percent": 4.28
				}
			,{
				"<=msec": 8.200
				,"percent": 4.38
				}
			,{
				"<=msec": 8.300
				,"percent": 4.44
				}
			,{
				"<=msec": 8.400
				,"percent": 4.51
				}
			,{
				"<=msec": 8.500
				,"percent": 4.59
				}
			,{
				"<=msec": 8.600
				,"percent": 4.67
				}
			,{
				"<=msec": 8.700
				,"percent": 4.75
				}
			,{
				"<=msec": 8.800
				,"percent": 4.83
				}
			,{
				"<=msec": 8.900
				,"percent": 4.90
				}
			,{
				"<=msec": 9.000
				,"percent": 4.97
				}
			,{
				"<=msec": 9.100
				,"percent": 5.07
				}
			,{
				"<=msec": 9.200
				,"percent": 5.15
				}
			,{
				"<=msec": 9.300
				,"percent": 5.25
				}
			,{
				"<=msec": 9.400
				,"percent": 5.31
				}
			,{
				"<=msec": 9.500
				,"percent": 5.39
				}
			,{
				"<=msec": 9.600
				,"percent": 5.50
				}
			,{
				"<=msec": 9.700
				,"percent": 5.63
				}
			,{
				"<=msec": 9.800
				,"percent": 5.77
				}
			,{
				"<=msec": 9.900
				,"percent": 5.93
				}
			,{
				"<=msec": 10.000
				,"percent": 6.67
				}
			,{
				"<=msec": 11.000
				,"percent": 8.59
				}
			,{
				"<=msec": 12.000
				,"percent": 10.94
				}
			,{
				"<=msec": 13.000
				,"percent": 13.62
				}
			,{
				"<=msec": 14.000
				,"percent": 16.13
				}
			,{
				"<=msec": 15.000
				,"percent": 18.59
				}
			,{
				"<=msec": 16.000
				,"percent": 21.30
				}
			,{
				"<=msec": 17.000
				,"percent": 24.72
				}
			,{
				"<=msec": 18.000
				,"percent": 29.32
				}
			,{
				"<=msec": 19.000
				,"percent": 35.45
				}
			,{
				"<=msec": 20.000
				,"percent": 42.51
				}
			,{
				"<=msec": 21.000
				,"percent": 49.28
				}
			,{
				"<=msec": 22.000
				,"percent": 54.83
				}
			,{
				"<=msec": 23.000
				,"percent": 59.45
				}
			,{
				"<=msec": 24.000
				,"percent": 63.29
				}
			,{
				"<=msec": 25.000
				,"percent": 66.78
				}
			,{
				"<=msec": 26.000
				,"percent": 69.87
				}
			,{
				"<=msec": 27.000
				,"percent": 73.24
				}
			,{
				"<=msec": 28.000
				,"percent": 76.18
				}
			,{
				"<=msec": 29.000
				,"percent": 78.75
				}
			,{
				"<=msec": 30.000
				,"percent": 80.94
				}
			,{
				"<=msec": 31.000
				,"percent": 82.59
				}
			,{
				"<=msec": 32.000
				,"percent": 84.12
				}
			,{
				"<=msec": 33.000
				,"percent": 85.40
				}
			,{
				"<=msec": 34.000
				,"percent": 86.46
				}
			,{
				"<=msec": 35.000
				,"percent": 87.38
				}
			,{
				"<=msec": 36.000
				,"percent": 88.27
				}
			,{
				"<=msec": 37.000
				,"percent": 89.04
				}
			,{
				"<=msec": 38.000
				,"percent": 89.88
				}
			,{
				"<=msec": 39.000
				,"percent": 90.65
				}
			,{
				"<=msec": 40.000
				,"percent": 91.44
				}
			,{
				"<=msec": 41.000
				,"percent": 92.14
				}
			,{
				"<=msec": 42.000
				,"percent": 92.77
				}
			,{
				"<=msec": 43.000
				,"percent": 93.32
				}
			,{
				"<=msec": 44.000
				,"percent": 93.86
				}
			,{
				"<=msec": 45.000
				,"percent": 94.28
				}
			,{
				"<=msec": 46.000
				,"percent": 94.73
				}
			,{
				"<=msec": 47.000
				,"percent": 95.11
				}
			,{
				"<=msec": 48.000
				,"percent": 95.63
				}
			,{
				"<=msec": 49.000
				,"percent": 96.03
				}
			,{
				"<=msec": 50.000
				,"percent": 96.40
				}
			,{
				"<=msec": 51.000
				,"percent": 96.79
				}
			,{
				"<=msec": 52.000
				,"percent": 97.10
				}
			,{
				"<=msec": 53.000
				,"percent": 97.34
				}
			,{
				"<=msec": 54.000
				,"percent": 97.56
				}
			,{
				"<=msec": 55.000
				,"percent": 97.76
				}
			,{
				"<=msec": 56.000
				,"percent": 97.95
				}
			,{
				"<=msec": 57.000
				,"percent": 98.09
				}
			,{
				"<=msec": 58.000
				,"percent": 98.24
				}
			,{
				"<=msec": 59.000
				,"percent": 98.38
				}
			,{
				"<=msec": 60.000
				,"percent": 98.51
				}
			,{
				"<=msec": 61.000
				,"percent": 98.63
				}
			,{
				"<=msec": 62.000
				,"percent": 98.73
				}
			,{
				"<=msec": 63.000
				,"percent": 98.84
				}
			,{
				"<=msec": 64.000
				,"percent": 98.91
				}
			,{
				"<=msec": 65.000
				,"percent": 99.00
				}
			,{
				"<=msec": 66.000
				,"percent": 99.09
				}
			,{
				"<=msec": 67.000
				,"percent": 99.17
				}
			,{
				"<=msec": 68.000
				,"percent": 99.24
				}
			,{
				"<=msec": 69.000
				,"percent": 99.30
				}
			,{
				"<=msec": 70.000
				,"percent": 99.35
				}
			,{
				"<=msec": 71.000
				,"percent": 99.42
				}
			,{
				"<=msec": 72.000
				,"percent": 99.48
				}
			,{
				"<=msec": 73.000
				,"percent": 99.51
				}
			,{
				"<=msec": 74.000
				,"percent": 99.54
				}
			,{
				"<=msec": 75.000
				,"percent": 99.58
				}
			,{
				"<=msec": 76.000
				,"percent": 99.61
				}
			,{
				"<=msec": 77.000
				,"percent": 99.64
				}
			,{
				"<=msec": 78.000
				,"percent": 99.67
				}
			,{
				"<=msec": 79.000
				,"percent": 99.69
				}
			,{
				"<=msec": 80.000
				,"percent": 99.71
				}
			,{
				"<=msec": 81.000
				,"percent": 99.73
				}
			,{
				"<=msec": 82.000
				,"percent": 99.77
				}
			,{
				"<=msec": 83.000
				,"percent": 99.79
				}
			,{
				"<=msec": 84.000
				,"percent": 99.81
				}
			,{
				"<=msec": 85.000
				,"percent": 99.82
				}
			,{
				"<=msec": 86.000
				,"percent": 99.84
				}
			,{
				"<=msec": 87.000
				,"percent": 99.85
				}
			,{
				"<=msec": 88.000
				,"percent": 99.86
				}
			,{
				"<=msec": 89.000
				,"percent": 99.87
				}
			,{
				"<=msec": 90.000
				,"percent": 99.89
				}
			,{
				"<=msec": 91.000
				,"percent": 99.91
				}
			,{
				"<=msec": 92.000
				,"percent": 99.92
				}
			,{
				"<=msec": 93.000
				,"percent": 99.93
				}
			,{
				"<=msec": 94.000
				,"percent": 99.95
				}
			,{
				"<=msec": 95.000
				,"percent": 99.95
				}
			,{
				"<=msec": 96.000
				,"percent": 99.95
				}
			,{
				"<=msec": 97.000
				,"percent": 99.96
				}
			,{
				"<=msec": 98.000
				,"percent": 99.96
				}
			,{
				"<=msec": 99.000
				,"percent": 99.97
				}
			,{
				"<=msec": 100.000
				,"percent": 99.98
				}
			,{
				"<=msec": 110.000
				,"percent": 99.98
				}
			,{
				"<=msec": 120.000
				,"percent": 99.99
				}
			,{
				"<=msec": 140.000
				,"percent": 100.00
				}
			]
		,"WAIT":[
		]
		}
	}
