{
	"configuration":{
		"server": "10.0.0.9"
		,"port": 6379
		,"unix socket": "(null)"
		,"protocol": "memcache_text"
		,"out_file": "(null)"
		,"client_stats": "(null)"
		,"run_count": 1
		,"debug": 0
		,"requests": 0
		,"clients": 32
		,"threads": 1
		,"test_time": 75
		,"ratio": "1:1"
		,"pipeline": 1
		,"data_size": 1024
		,"data_offset": 0
		,"random_data": "false"
		,"data_size_range": "0:0"
		,"data_size_list": ""
		,"data_size_pattern": "R"
		,"expiry_range": "9999:10000"
		,"data_import": "(null)"
		,"data_verify": "false"
		,"verify_only": "false"
		,"generate_keys": "false"
		,"key_prefix": "memtier-"
		,"key_minimum":           0
		,"key_maximum":       10000
		,"key_pattern": "R:R"
		,"key_stddev": 0.000000
		,"key_median": 0.000000
		,"reconnect_interval": 0
		,"multi_key_get": 0
		,"authenticate": ""
		,"select-db": 0
		,"no-expiry": "false"
		,"wait-ratio": "0:0"
		,"num-slaves": "0:0"
		,"wait-timeout": "0-0"
		}
	,"run information":{
		"Threads": 1
		,"Connections per thread": 32
		,"Seconds": 75
		}
	,"ALL STATS":{
		"Sets":{
			"Ops/sec": 599.13
			,"Hits/sec": 0.00
			,"Misses/sec": 0.00
			,"Latency": 29.60
			,"KB/sec": 622.76
			}
		,"Gets":{
			"Ops/sec": 599.00
			,"Hits/sec": 599.00
			,"Misses/sec": 0.00
			,"Latency": 23.80
			,"KB/sec": 629.29
			}
		,"Waits":{
			"Ops/sec": 0.00
			,"Hits/sec": 0.00
			,"Misses/sec": 0.00
			,"Latency": 0.00
			,"KB/sec": 0.00
			}
		,"Totals":{
			"Ops/sec": 1198.13
			,"Hits/sec": 599.00
			,"Misses/sec": 0.00
			,"Latency": 26.70
			,"KB/sec": 1252.05
			}
		,"SET":[
			{
				"<=msec": 1.600
				,"percent": 0.01
				}
			,{
				"<=msec": 1.700
				,"percent": 0.02
				}
			,{
				"<=msec": 1.800
				,"percent": 0.03
				}
			,{
				"<=msec": 1.900
				,"percent": 0.07
				}
			,{
				"<=msec": 2.000
				,"percent": 0.09
				}
			,{
				"<=msec": 2.100
				,"percent": 0.12
				}
			,{
				"<=msec": 2.200
				,"percent": 0.18
				}
			,{
				"<=msec": 2.300
				,"percent": 0.21
				}
			,{
				"<=msec": 2.400
				,"percent": 0.24
				}
			,{
				"<=msec": 2.500
				,"percent": 0.28
				}
			,{
				"<=msec": 2.600
				,"percent": 0.34
				}
			,{
				"<=msec": 2.700
				,"percent": 0.41
				}
			,{
				"<=msec": 2.800
				,"percent": 0.47
				}
			,{
				"<=msec": 2.900
				,"percent": 0.54
				}
			,{
				"<=msec": 3.000
				,"percent": 0.58
				}
			,{
				"<=msec": 3.100
				,"percent": 0.65
				}
			,{
				"<=msec": 3.200
				,"percent": 0.70
				}
			,{
				"<=msec": 3.300
				,"percent": 0.75
				}
			,{
				"<=msec": 3.400
				,"percent": 0.79
				}
			,{
				"<=msec": 3.500
				,"percent": 0.85
				}
			,{
				"<=msec": 3.600
				,"percent": 0.91
				}
			,{
				"<=msec": 3.700
				,"percent": 0.97
				}
			,{
				"<=msec": 3.800
				,"percent": 1.02
				}
			,{
				"<=msec": 3.900
				,"percent": 1.07
				}
			,{
				"<=msec": 4.000
				,"percent": 1.13
				}
			,{
				"<=msec": 4.100
				,"percent": 1.18
				}
			,{
				"<=msec": 4.200
				,"percent": 1.23
				}
			,{
				"<=msec": 4.300
				,"percent": 1.28
				}
			,{
				"<=msec": 4.400
				,"percent": 1.33
				}
			,{
				"<=msec": 4.500
				,"percent": 1.38
				}
			,{
				"<=msec": 4.600
				,"percent": 1.44
				}
			,{
				"<=msec": 4.700
				,"percent": 1.49
				}
			,{
				"<=msec": 4.800
				,"percent": 1.54
				}
			,{
				"<=msec": 4.900
				,"percent": 1.58
				}
			,{
				"<=msec": 5.000
				,"percent": 1.63
				}
			,{
				"<=msec": 5.100
				,"percent": 1.68
				}
			,{
				"<=msec": 5.200
				,"percent": 1.74
				}
			,{
				"<=msec": 5.300
				,"percent": 1.78
				}
			,{
				"<=msec": 5.400
				,"percent": 1.84
				}
			,{
				"<=msec": 5.500
				,"percent": 1.88
				}
			,{
				"<=msec": 5.600
				,"percent": 1.92
				}
			,{
				"<=msec": 5.700
				,"percent": 1.97
				}
			,{
				"<=msec": 5.800
				,"percent": 2.03
				}
			,{
				"<=msec": 5.900
				,"percent": 2.06
				}
			,{
				"<=msec": 6.000
				,"percent": 2.12
				}
			,{
				"<=msec": 6.100
				,"percent": 2.17
				}
			,{
				"<=msec": 6.200
				,"percent": 2.25
				}
			,{
				"<=msec": 6.300
				,"percent": 2.29
				}
			,{
				"<=msec": 6.400
				,"percent": 2.37
				}
			,{
				"<=msec": 6.500
				,"percent": 2.46
				}
			,{
				"<=msec": 6.600
				,"percent": 2.54
				}
			,{
				"<=msec": 6.700
				,"percent": 2.61
				}
			,{
				"<=msec": 6.800
				,"percent": 2.70
				}
			,{
				"<=msec": 6.900
				,"percent": 2.81
				}
			,{
				"<=msec": 7.000
				,"percent": 2.89
				}
			,{
				"<=msec": 7.100
				,"percent": 3.00
				}
			,{
				"<=msec": 7.200
				,"percent": 3.09
				}
			,{
				"<=msec": 7.300
				,"percent": 3.19
				}
			,{
				"<=msec": 7.400
				,"percent": 3.30
				}
			,{
				"<=msec": 7.500
				,"percent": 3.40
				}
			,{
				"<=msec": 7.600
				,"percent": 3.49
				}
			,{
				"<=msec": 7.700
				,"percent": 3.65
				}
			,{
				"<=msec": 7.800
				,"percent": 3.79
				}
			,{
				"<=msec": 7.900
				,"percent": 3.91
				}
			,{
				"<=msec": 8.000
				,"percent": 4.04
				}
			,{
				"<=msec": 8.100
				,"percent": 4.12
				}
			,{
				"<=msec": 8.200
				,"percent": 4.23
				}
			,{
				"<=msec": 8.300
				,"percent": 4.38
				}
			,{
				"<=msec": 8.400
				,"percent": 4.51
				}
			,{
				"<=msec": 8.500
				,"percent": 4.65
				}
			,{
				"<=msec": 8.600
				,"percent": 4.76
				}
			,{
				"<=msec": 8.700
				,"percent": 4.90
				}
			,{
				"<=msec": 8.800
				,"percent": 5.00
				}
			,{
				"<=msec": 8.900
				,"percent": 5.11
				}
			,{
				"<=msec": 9.000
				,"percent": 5.21
				}
			,{
				"<=msec": 9.100
				,"percent": 5.32
				}
			,{
				"<=msec": 9.200
				,"percent": 5.43
				}
			,{
				"<=msec": 9.300
				,"percent": 5.53
				}
			,{
				"<=msec": 9.400
				,"percent": 5.63
				}
			,{
				"<=msec": 9.500
				,"percent": 5.70
				}
			,{
				"<=msec": 9.600
				,"percent": 5.84
				}
			,{
				"<=msec": 9.700
				,"percent": 5.92
				}
			,{
				"<=msec": 9.800
				,"percent": 6.03
				}
			,{
				"<=msec": 9.900
				,"percent": 6.13
				}
			,{
				"<=msec": 10.000
				,"percent": 6.62
				}
			,{
				"<=msec": 11.000
				,"percent": 7.51
				}
			,{
				"<=msec": 12.000
				,"percent": 8.40
				}
			,{
				"<=msec": 13.000
				,"percent": 9.35
				}
			,{
				"<=msec": 14.000
				,"percent": 10.33
				}
			,{
				"<=msec": 15.000
				,"percent": 11.37
				}
			,{
				"<=msec": 16.000
				,"percent": 12.62
				}
			,{
				"<=msec": 17.000
				,"percent": 14.12
				}
			,{
				"<=msec": 18.000
				,"percent": 16.17
				}
			,{
				"<=msec": 19.000
				,"percent": 19.42
				}
			,{
				"<=msec": 20.000
				,"percent": 23.34
				}
			,{
				"<=msec": 21.000
				,"percent": 27.73
				}
			,{
				"<=msec": 22.000
				,"percent": 32.04
				}
			,{
				"<=msec": 23.000
				,"percent": 35.84
				}
			,{
				"<=msec": 24.000
				,"percent": 39.46
				}
			,{
				"<=msec": 25.000
				,"percent": 43.06
				}
			,{
				"<=msec": 26.000
				,"percent": 46.98
				}
			,{
				"<=msec": 27.000
				,"percent": 51.25
				}
			,{
				"<=msec": 28.000
				,"percent": 55.77
				}
			,{
				"<=msec": 29.000
				,"percent": 59.81
				}
			,{
				"<=msec": 30.000
				,"percent": 63.04
				}
			,{
				"<=msec": 31.000
				,"percent": 66.02
				}
			,{
				"<=msec": 32.000
				,"percent": 68.36
				}
			,{
				"<=msec": 33.000
				,"percent": 70.29
				}
			,{
				"<=msec": 34.000
				,"percent": 72.07
				}
			,{
				"<=msec": 35.000
				,"percent": 73.85
				}
			,{
				"<=msec": 36.000
				,"percent": 75.45
				}
			,{
				"<=msec": 37.000
				,"percent": 77.05
				}
			,{
				"<=msec": 38.000
				,"percent": 78.79
				}
			,{
				"<=msec": 39.000
				,"percent": 80.36
				}
			,{
				"<=msec": 40.000
				,"percent": 81.79
				}
			,{
				"<=msec": 41.000
				,"percent": 83.13
				}
			,{
				"<=msec": 42.000
				,"percent": 84.26
				}
			,{
				"<=msec": 43.000
				,"percent": 85.39
				}
			,{
				"<=msec": 44.000
				,"percent": 86.39
				}
			,{
				"<=msec": 45.000
				,"percent": 87.31
				}
			,{
				"<=msec": 46.000
				,"percent": 88.19
				}
			,{
				"<=msec": 47.000
				,"percent": 89.06
				}
			,{
				"<=msec": 48.000
				,"percent": 89.96
				}
			,{
				"<=msec": 49.000
				,"percent": 90.84
				}
			,{
				"<=msec": 50.000
				,"percent": 91.72
				}
			,{
				"<=msec": 51.000
				,"percent": 92.46
				}
			,{
				"<=msec": 52.000
				,"percent": 93.17
				}
			,{
				"<=msec": 53.000
				,"percent": 93.68
				}
			,{
				"<=msec": 54.000
				,"percent": 94.19
				}
			,{
				"<=msec": 55.000
				,"percent": 94.69
				}
			,{
				"<=msec": 56.000
				,"percent": 95.15
				}
			,{
				"<=msec": 57.000
				,"percent": 95.52
				}
			,{
				"<=msec": 58.000
				,"percent": 95.93
				}
			,{
				"<=msec": 59.000
				,"percent": 96.27
				}
			,{
				"<=msec": 60.000
				,"percent": 96.57
				}
			,{
				"<=msec": 61.000
				,"percent": 96.94
				}
			,{
				"<=msec": 62.000
				,"percent": 97.20
				}
			,{
				"<=msec": 63.000
				,"percent": 97.47
				}
			,{
				"<=msec": 64.000
				,"percent": 97.67
				}
			,{
				"<=msec": 65.000
				,"percent": 97.86
				}
			,{
				"<=msec": 66.000
				,"percent": 98.05
				}
			,{
				"<=msec": 67.000
				,"percent": 98.18
				}
			,{
				"<=msec": 68.000
				,"percent": 98.35
				}
			,{
				"<=msec": 69.000
				,"percent": 98.47
				}
			,{
				"<=msec": 70.000
				,"percent": 98.59
				}
			,{
				"<=msec": 71.000
				,"percent": 98.69
				}
			,{
				"<=msec": 72.000
				,"percent": 98.81
				}
			,{
				"<=msec": 73.000
				,"percent": 98.88
				}
			,{
				"<=msec": 74.000
				,"percent": 98.96
				}
			,{
				"<=msec": 75.000
				,"percent": 99.03
				}
			,{
				"<=msec": 76.000
				,"percent": 99.11
				}
			,{
				"<=msec": 77.000
				,"percent": 99.16
				}
			,{
				"<=msec": 78.000
				,"percent": 99.23
				}
			,{
				"<=msec": 79.000
				,"percent": 99.30
				}
			,{
				"<=msec": 80.000
				,"percent": 99.36
				}
			,{
				"<=msec": 81.000
				,"percent": 99.42
				}
			,{
				"<=msec": 82.000
				,"percent": 99.45
				}
			,{
				"<=msec": 83.000
				,"percent": 99.51
				}
			,{
				"<=msec": 84.000
				,"percent": 99.53
				}
			,{
				"<=msec": 85.000
				,"percent": 99.58
				}
			,{
				"<=msec": 86.000
				,"percent": 99.60
				}
			,{
				"<=msec": 87.000
				,"percent": 99.63
				}
			,{
				"<=msec": 88.000
				,"percent": 99.65
				}
			,{
				"<=msec": 89.000
				,"percent": 99.70
				}
			,{
				"<=msec": 90.000
				,"percent": 99.72
				}
			,{
				"<=msec": 91.000
				,"percent": 99.75
				}
			,{
				"<=msec": 92.000
				,"percent": 99.77
				}
			,{
				"<=msec": 93.000
				,"percent": 99.80
				}
			,{
				"<=msec": 94.000
				,"percent": 99.82
				}
			,{
				"<=msec": 95.000
				,"percent": 99.83
				}
			,{
				"<=msec": 96.000
				,"percent": 99.85
				}
			,{
				"<=msec": 97.000
				,"percent": 99.86
				}
			,{
				"<=msec": 98.000
				,"percent": 99.88
				}
			,{
				"<=msec": 99.000
				,"percent": 99.89
				}
			,{
				"<=msec": 100.000
				,"percent": 99.92
				}
			,{
				"<=msec": 110.000
				,"percent": 99.96
				}
			,{
				"<=msec": 120.000
				,"percent": 99.97
				}
			,{
				"<=msec": 270.000
				,"percent": 99.99
				}
			,{
				"<=msec": 290.000
				,"percent": 99.99
				}
			,{
				"<=msec": 330.000
				,"percent": 100.00
				}
			]
		,"GET":[
			{
				"<=msec": 1.200
				,"percent": 0.00
				}
			,{
				"<=msec": 1.300
				,"percent": 0.01
				}
			,{
				"<=msec": 1.400
				,"percent": 0.03
				}
			,{
				"<=msec": 1.500
				,"percent": 0.06
				}
			,{
				"<=msec": 1.600
				,"percent": 0.12
				}
			,{
				"<=msec": 1.700
				,"percent": 0.19
				}
			,{
				"<=msec": 1.800
				,"percent": 0.27
				}
			,{
				"<=msec": 1.900
				,"percent": 0.37
				}
			,{
				"<=msec": 2.000
				,"percent": 0.54
				}
			,{
				"<=msec": 2.100
				,"percent": 0.65
				}
			,{
				"<=msec": 2.200
				,"percent": 0.82
				}
			,{
				"<=msec": 2.300
				,"percent": 0.98
				}
			,{
				"<=msec": 2.400
				,"percent": 1.11
				}
			,{
				"<=msec": 2.500
				,"percent": 1.26
				}
			,{
				"<=msec": 2.600
				,"percent": 1.41
				}
			,{
				"<=msec": 2.700
				,"percent": 1.54
				}
			,{
				"<=msec": 2.800
				,"percent": 1.69
				}
			,{
				"<=msec": 2.900
				,"percent": 1.87
				}
			,{
				"<=msec": 3.000
				,"percent": 2.01
				}
			,{
				"<=msec": 3.100
				,"percent": 2.18
				}
			,{
				"<=msec": 3.200
				,"percent": 2.28
				}
			,{
				"<=msec": 3.300
				,"percent": 2.38
				}
			,{
				"<=msec": 3.400
				,"percent": 2.52
				}
			,{
				"<=msec": 3.500
				,"percent": 2.64
				}
			,{
				"<=msec": 3.600
				,"percent": 2.76
				}
			,{
				"<=msec": 3.700
				,"percent": 2.86
				}
			,{
				"<=msec": 3.800
				,"percent": 2.96
				}
			,{
				"<=msec": 3.900
				,"percent": 3.04
				}
			,{
				"<=msec": 4.000
				,"percent": 3.14
				}
			,{
				"<=msec": 4.100
				,"percent": 3.25
				}
			,{
				"<=msec": 4.200
				,"percent": 3.35
				}
			,{
				"<=msec": 4.300
				,"percent": 3.42
				}
			,{
				"<=msec": 4.400
				,"percent": 3.52
				}
			,{
				"<=msec": 4.500
				,"percent": 3.62
				}
			,{
				"<=msec": 4.600
				,"percent": 3.69
				}
			,{
				"<=msec": 4.700
				,"percent": 3.77
				}
			,{
				"<=msec": 4.800
				,"percent": 3.86
				}
			,{
				"<=msec": 4.900
				,"percent": 3.97
				}
			,{
				"<=msec": 5.000
				,"percent": 4.09
				}
			,{
				"<=msec": 5.100
				,"percent": 4.17
				}
			,{
				"<=msec": 5.200
				,"percent": 4.25
				}
			,{
				"<=msec": 5.300
				,"percent": 4.32
				}
			,{
				"<=msec": 5.400
				,"percent": 4.40
				}
			,{
				"<=msec": 5.500
				,"percent": 4.45
				}
			,{
				"<=msec": 5.600
				,"percent": 4.51
				}
			,{
				"<=msec": 5.700
				,"percent": 4.58
				}
			,{
				"<=msec": 5.800
				,"percent": 4.66
				}
			,{
				"<=msec": 5.900
				,"percent": 4.76
				}
			,{
				"<=msec": 6.000
				,"percent": 4.83
				}
			,{
				"<=msec": 6.100
				,"percent": 4.89
				}
			,{
				"<=msec": 6.200
				,"percent": 4.95
				}
			,{
				"<=msec": 6.300
				,"percent": 5.01
				}
			,{
				"<=msec": 6.400
				,"percent": 5.09
				}
			,{
				"<=msec": 6.500
				,"percent": 5.19
				}
			,{
				"<=msec": 6.600
				,"percent": 5.29
				}
			,{
				"<=msec": 6.700
				,"percent": 5.36
				}
			,{
				"<=msec": 6.800
				,"percent": 5.42
				}
			,{
				"<=msec": 6.900
				,"percent": 5.52
				}
			,{
				"<=msec": 7.000
				,"percent": 5.63
				}
			,{
				"<=msec": 7.100
				,"percent": 5.76
				}
			,{
				"<=msec": 7.200
				,"percent": 5.84
				}
			,{
				"<=msec": 7.300
				,"percent": 5.95
				}
			,{
				"<=msec": 7.400
				,"percent": 6.05
				}
			,{
				"<=msec": 7.500
				,"percent": 6.17
				}
			,{
				"<=msec": 7.600
				,"percent": 6.27
				}
			,{
				"<=msec": 7.700
				,"percent": 6.42
				}
			,{
				"<=msec": 7.800
				,"percent": 6.55
				}
			,{
				"<=msec": 7.900
				,"percent": 6.67
				}
			,{
				"<=msec": 8.000
				,"percent": 6.81
				}
			,{
				"<=msec": 8.100
				,"percent": 6.96
				}
			,{
				"<=msec": 8.200
				,"percent": 7.10
				}
			,{
				"<=msec": 8.300
				,"percent": 7.22
				}
			,{
				"<=msec": 8.400
				,"percent": 7.36
				}
			,{
				"<=msec": 8.500
				,"percent": 7.48
				}
			,{
				"<=msec": 8.600
				,"percent": 7.60
				}
			,{
				"<=msec": 8.700
				,"percent": 7.74
				}
			,{
				"<=msec": 8.800
				,"percent": 7.86
				}
			,{
				"<=msec": 8.900
				,"percent": 7.97
				}
			,{
				"<=msec": 9.000
				,"percent": 8.06
				}
			,{
				"<=msec": 9.100
				,"percent": 8.18
				}
			,{
				"<=msec": 9.200
				,"percent": 8.30
				}
			,{
				"<=msec": 9.300
				,"percent": 8.43
				}
			,{
				"<=msec": 9.400
				,"percent": 8.55
				}
			,{
				"<=msec": 9.500
				,"percent": 8.69
				}
			,{
				"<=msec": 9.600
				,"percent": 8.80
				}
			,{
				"<=msec": 9.700
				,"percent": 8.89
				}
			,{
				"<=msec": 9.800
				,"percent": 8.99
				}
			,{
				"<=msec": 9.900
				,"percent": 9.13
				}
			,{
				"<=msec": 10.000
				,"percent": 9.84
				}
			,{
				"<=msec": 11.000
				,"percent": 11.41
				}
			,{
				"<=msec": 12.000
				,"percent": 13.32
				}
			,{
				"<=msec": 13.000
				,"percent": 15.64
				}
			,{
				"<=msec": 14.000
				,"percent": 17.98
				}
			,{
				"<=msec": 15.000
				,"percent": 20.18
				}
			,{
				"<=msec": 16.000
				,"percent": 22.79
				}
			,{
				"<=msec": 17.000
				,"percent": 25.94
				}
			,{
				"<=msec": 18.000
				,"percent": 30.31
				}
			,{
				"<=msec": 19.000
				,"percent": 36.11
				}
			,{
				"<=msec": 20.000
				,"percent": 42.91
				}
			,{
				"<=msec": 21.000
				,"percent": 49.29
				}
			,{
				"<=msec": 22.000
				,"percent": 54.61
				}
			,{
				"<=msec": 23.000
				,"percent": 59.18
				}
			,{
				"<=msec": 24.000
				,"percent": 62.88
				}
			,{
				"<=msec": 25.000
				,"percent": 66.18
				}
			,{
				"<=msec": 26.000
				,"percent": 69.40
				}
			,{
				"<=msec": 27.000
				,"percent": 72.72
				}
			,{
				"<=msec": 28.000
				,"percent": 75.73
				}
			,{
				"<=msec": 29.000
				,"percent": 78.42
				}
			,{
				"<=msec": 30.000
				,"percent": 80.64
				}
			,{
				"<=msec": 31.000
				,"percent": 82.54
				}
			,{
				"<=msec": 32.000
				,"percent": 84.09
				}
			,{
				"<=msec": 33.000
				,"percent": 85.33
				}
			,{
				"<=msec": 34.000
				,"percent": 86.37
				}
			,{
				"<=msec": 35.000
				,"percent": 87.27
				}
			,{
				"<=msec": 36.000
				,"percent": 88.13
				}
			,{
				"<=msec": 37.000
				,"percent": 88.89
				}
			,{
				"<=msec": 38.000
				,"percent": 89.69
				}
			,{
				"<=msec": 39.000
				,"percent": 90.58
				}
			,{
				"<=msec": 40.000
				,"percent": 91.32
				}
			,{
				"<=msec": 41.000
				,"percent": 91.95
				}
			,{
				"<=msec": 42.000
				,"percent": 92.59
				}
			,{
				"<=msec": 43.000
				,"percent": 93.08
				}
			,{
				"<=msec": 44.000
				,"percent": 93.57
				}
			,{
				"<=msec": 45.000
				,"percent": 94.06
				}
			,{
				"<=msec": 46.000
				,"percent": 94.50
				}
			,{
				"<=msec": 47.000
				,"percent": 95.01
				}
			,{
				"<=msec": 48.000
				,"percent": 95.43
				}
			,{
				"<=msec": 49.000
				,"percent": 95.88
				}
			,{
				"<=msec": 50.000
				,"percent": 96.27
				}
			,{
				"<=msec": 51.000
				,"percent": 96.61
				}
			,{
				"<=msec": 52.000
				,"percent": 96.90
				}
			,{
				"<=msec": 53.000
				,"percent": 97.20
				}
			,{
				"<=msec": 54.000
				,"percent": 97.40
				}
			,{
				"<=msec": 55.000
				,"percent": 97.60
				}
			,{
				"<=msec": 56.000
				,"percent": 97.79
				}
			,{
				"<=msec": 57.000
				,"percent": 97.98
				}
			,{
				"<=msec": 58.000
				,"percent": 98.15
				}
			,{
				"<=msec": 59.000
				,"percent": 98.28
				}
			,{
				"<=msec": 60.000
				,"percent": 98.41
				}
			,{
				"<=msec": 61.000
				,"percent": 98.53
				}
			,{
				"<=msec": 62.000
				,"percent": 98.64
				}
			,{
				"<=msec": 63.000
				,"percent": 98.75
				}
			,{
				"<=msec": 64.000
				,"percent": 98.86
				}
			,{
				"<=msec": 65.000
				,"percent": 98.95
				}
			,{
				"<=msec": 66.000
				,"percent": 99.02
				}
			,{
				"<=msec": 67.000
				,"percent": 99.08
				}
			,{
				"<=msec": 68.000
				,"percent": 99.15
				}
			,{
				"<=msec": 69.000
				,"percent": 99.21
				}
			,{
				"<=msec": 70.000
				,"percent": 99.28
				}
			,{
				"<=msec": 71.000
				,"percent": 99.31
				}
			,{
				"<=msec": 72.000
				,"percent": 99.37
				}
			,{
				"<=msec": 73.000
				,"percent": 99.42
				}
			,{
				"<=msec": 74.000
				,"percent": 99.45
				}
			,{
				"<=msec": 75.000
				,"percent": 99.49
				}
			,{
				"<=msec": 76.000
				,"percent": 99.53
				}
			,{
				"<=msec": 77.000
				,"percent": 99.56
				}
			,{
				"<=msec": 78.000
				,"percent": 99.58
				}
			,{
				"<=msec": 79.000
				,"percent": 99.62
				}
			,{
				"<=msec": 80.000
				,"percent": 99.64
				}
			,{
				"<=msec": 81.000
				,"percent": 99.67
				}
			,{
				"<=msec": 82.000
				,"percent": 99.69
				}
			,{
				"<=msec": 83.000
				,"percent": 99.72
				}
			,{
				"<=msec": 84.000
				,"percent": 99.74
				}
			,{
				"<=msec": 85.000
				,"percent": 99.76
				}
			,{
				"<=msec": 86.000
				,"percent": 99.78
				}
			,{
				"<=msec": 87.000
				,"percent": 99.79
				}
			,{
				"<=msec": 88.000
				,"percent": 99.80
				}
			,{
				"<=msec": 89.000
				,"percent": 99.81
				}
			,{
				"<=msec": 90.000
				,"percent": 99.82
				}
			,{
				"<=msec": 91.000
				,"percent": 99.83
				}
			,{
				"<=msec": 92.000
				,"percent": 99.85
				}
			,{
				"<=msec": 93.000
				,"percent": 99.86
				}
			,{
				"<=msec": 94.000
				,"percent": 99.87
				}
			,{
				"<=msec": 95.000
				,"percent": 99.87
				}
			,{
				"<=msec": 96.000
				,"percent": 99.88
				}
			,{
				"<=msec": 97.000
				,"percent": 99.88
				}
			,{
				"<=msec": 98.000
				,"percent": 99.89
				}
			,{
				"<=msec": 99.000
				,"percent": 99.90
				}
			,{
				"<=msec": 100.000
				,"percent": 99.92
				}
			,{
				"<=msec": 110.000
				,"percent": 99.94
				}
			,{
				"<=msec": 120.000
				,"percent": 99.95
				}
			,{
				"<=msec": 130.000
				,"percent": 99.96
				}
			,{
				"<=msec": 270.000
				,"percent": 99.98
				}
			,{
				"<=msec": 290.000
				,"percent": 99.99
				}
			,{
				"<=msec": 300.000
				,"percent": 100.00
				}
			,{
				"<=msec": 330.000
				,"percent": 100.00
				}
			]
		,"WAIT":[
		]
		}
	}
