{
	"configuration":{
		"server": "10.0.0.8"
		,"port": 6379
		,"unix socket": "(null)"
		,"protocol": "memcache_text"
		,"out_file": "(null)"
		,"client_stats": "(null)"
		,"run_count": 1
		,"debug": 0
		,"requests": 0
		,"clients": 32
		,"threads": 1
		,"test_time": 75
		,"ratio": "1:1"
		,"pipeline": 1
		,"data_size": 1024
		,"data_offset": 0
		,"random_data": "false"
		,"data_size_range": "0:0"
		,"data_size_list": ""
		,"data_size_pattern": "R"
		,"expiry_range": "9999:10000"
		,"data_import": "(null)"
		,"data_verify": "false"
		,"verify_only": "false"
		,"generate_keys": "false"
		,"key_prefix": "memtier-"
		,"key_minimum":           0
		,"key_maximum":       10000
		,"key_pattern": "R:R"
		,"key_stddev": 0.000000
		,"key_median": 0.000000
		,"reconnect_interval": 0
		,"multi_key_get": 0
		,"authenticate": ""
		,"select-db": 0
		,"no-expiry": "false"
		,"wait-ratio": "0:0"
		,"num-slaves": "0:0"
		,"wait-timeout": "0-0"
		}
	,"run information":{
		"Threads": 1
		,"Connections per thread": 32
		,"Seconds": 75
		}
	,"ALL STATS":{
		"Sets":{
			"Ops/sec": 472.88
			,"Hits/sec": 0.00
			,"Misses/sec": 0.00
			,"Latency": 37.48
			,"KB/sec": 491.53
			}
		,"Gets":{
			"Ops/sec": 472.61
			,"Hits/sec": 472.61
			,"Misses/sec": 0.00
			,"Latency": 30.19
			,"KB/sec": 496.52
			}
		,"Waits":{
			"Ops/sec": 0.00
			,"Hits/sec": 0.00
			,"Misses/sec": 0.00
			,"Latency": 0.00
			,"KB/sec": 0.00
			}
		,"Totals":{
			"Ops/sec": 945.49
			,"Hits/sec": 472.61
			,"Misses/sec": 0.00
			,"Latency": 33.84
			,"KB/sec": 988.05
			}
		,"SET":[
			{
				"<=msec": 4.300
				,"percent": 0.00
				}
			,{
				"<=msec": 4.500
				,"percent": 0.01
				}
			,{
				"<=msec": 5.000
				,"percent": 0.01
				}
			,{
				"<=msec": 5.500
				,"percent": 0.01
				}
			,{
				"<=msec": 5.700
				,"percent": 0.01
				}
			,{
				"<=msec": 5.800
				,"percent": 0.02
				}
			,{
				"<=msec": 6.000
				,"percent": 0.02
				}
			,{
				"<=msec": 6.500
				,"percent": 0.03
				}
			,{
				"<=msec": 6.600
				,"percent": 0.03
				}
			,{
				"<=msec": 6.900
				,"percent": 0.03
				}
			,{
				"<=msec": 7.000
				,"percent": 0.04
				}
			,{
				"<=msec": 7.300
				,"percent": 0.04
				}
			,{
				"<=msec": 7.500
				,"percent": 0.04
				}
			,{
				"<=msec": 7.600
				,"percent": 0.05
				}
			,{
				"<=msec": 7.800
				,"percent": 0.06
				}
			,{
				"<=msec": 7.900
				,"percent": 0.06
				}
			,{
				"<=msec": 8.000
				,"percent": 0.07
				}
			,{
				"<=msec": 8.100
				,"percent": 0.07
				}
			,{
				"<=msec": 8.300
				,"percent": 0.08
				}
			,{
				"<=msec": 8.400
				,"percent": 0.08
				}
			,{
				"<=msec": 8.500
				,"percent": 0.09
				}
			,{
				"<=msec": 8.600
				,"percent": 0.10
				}
			,{
				"<=msec": 8.700
				,"percent": 0.10
				}
			,{
				"<=msec": 8.800
				,"percent": 0.11
				}
			,{
				"<=msec": 8.900
				,"percent": 0.11
				}
			,{
				"<=msec": 9.000
				,"percent": 0.12
				}
			,{
				"<=msec": 9.100
				,"percent": 0.12
				}
			,{
				"<=msec": 9.200
				,"percent": 0.13
				}
			,{
				"<=msec": 9.300
				,"percent": 0.13
				}
			,{
				"<=msec": 9.400
				,"percent": 0.15
				}
			,{
				"<=msec": 9.500
				,"percent": 0.16
				}
			,{
				"<=msec": 9.600
				,"percent": 0.17
				}
			,{
				"<=msec": 9.700
				,"percent": 0.18
				}
			,{
				"<=msec": 9.800
				,"percent": 0.19
				}
			,{
				"<=msec": 9.900
				,"percent": 0.21
				}
			,{
				"<=msec": 10.000
				,"percent": 0.33
				}
			,{
				"<=msec": 11.000
				,"percent": 0.52
				}
			,{
				"<=msec": 12.000
				,"percent": 0.89
				}
			,{
				"<=msec": 13.000
				,"percent": 1.24
				}
			,{
				"<=msec": 14.000
				,"percent": 1.56
				}
			,{
				"<=msec": 15.000
				,"percent": 1.96
				}
			,{
				"<=msec": 16.000
				,"percent": 2.40
				}
			,{
				"<=msec": 17.000
				,"percent": 2.99
				}
			,{
				"<=msec": 18.000
				,"percent": 3.80
				}
			,{
				"<=msec": 19.000
				,"percent": 4.97
				}
			,{
				"<=msec": 20.000
				,"percent": 6.68
				}
			,{
				"<=msec": 21.000
				,"percent": 8.60
				}
			,{
				"<=msec": 22.000
				,"percent": 10.75
				}
			,{
				"<=msec": 23.000
				,"percent": 12.98
				}
			,{
				"<=msec": 24.000
				,"percent": 15.21
				}
			,{
				"<=msec": 25.000
				,"percent": 17.51
				}
			,{
				"<=msec": 26.000
				,"percent": 20.33
				}
			,{
				"<=msec": 27.000
				,"percent": 23.69
				}
			,{
				"<=msec": 28.000
				,"percent": 27.89
				}
			,{
				"<=msec": 29.000
				,"percent": 32.36
				}
			,{
				"<=msec": 30.000
				,"percent": 36.73
				}
			,{
				"<=msec": 31.000
				,"percent": 40.84
				}
			,{
				"<=msec": 32.000
				,"percent": 44.47
				}
			,{
				"<=msec": 33.000
				,"percent": 47.79
				}
			,{
				"<=msec": 34.000
				,"percent": 50.68
				}
			,{
				"<=msec": 35.000
				,"percent": 53.58
				}
			,{
				"<=msec": 36.000
				,"percent": 56.40
				}
			,{
				"<=msec": 37.000
				,"percent": 59.14
				}
			,{
				"<=msec": 38.000
				,"percent": 62.04
				}
			,{
				"<=msec": 39.000
				,"percent": 64.72
				}
			,{
				"<=msec": 40.000
				,"percent": 67.05
				}
			,{
				"<=msec": 41.000
				,"percent": 69.21
				}
			,{
				"<=msec": 42.000
				,"percent": 71.10
				}
			,{
				"<=msec": 43.000
				,"percent": 72.76
				}
			,{
				"<=msec": 44.000
				,"percent": 74.39
				}
			,{
				"<=msec": 45.000
				,"percent": 75.97
				}
			,{
				"<=msec": 46.000
				,"percent": 77.50
				}
			,{
				"<=msec": 47.000
				,"percent": 78.96
				}
			,{
				"<=msec": 48.000
				,"percent": 80.52
				}
			,{
				"<=msec": 49.000
				,"percent": 82.03
				}
			,{
				"<=msec": 50.000
				,"percent": 83.53
				}
			,{
				"<=msec": 51.000
				,"percent": 84.89
				}
			,{
				"<=msec": 52.000
				,"percent": 85.92
				}
			,{
				"<=msec": 53.000
				,"percent": 86.87
				}
			,{
				"<=msec": 54.000
				,"percent": 87.69
				}
			,{
				"<=msec": 55.000
				,"percent": 88.56
				}
			,{
				"<=msec": 56.000
				,"percent": 89.52
				}
			,{
				"<=msec": 57.000
				,"percent": 90.47
				}
			,{
				"<=msec": 58.000
				,"percent": 91.23
				}
			,{
				"<=msec": 59.000
				,"percent": 92.01
				}
			,{
				"<=msec": 60.000
				,"percent": 92.66
				}
			,{
				"<=msec": 61.000
				,"percent": 93.29
				}
			,{
				"<=msec": 62.000
				,"percent": 93.97
				}
			,{
				"<=msec": 63.000
				,"percent": 94.45
				}
			,{
				"<=msec": 64.000
				,"percent": 94.85
				}
			,{
				"<=msec": 65.000
				,"percent": 95.25
				}
			,{
				"<=msec": 66.000
				,"percent": 95.59
				}
			,{
				"<=msec": 67.000
				,"percent": 95.92
				}
			,{
				"<=msec": 68.000
				,"percent": 96.30
				}
			,{
				"<=msec": 69.000
				,"percent": 96.57
				}
			,{
				"<=msec": 70.000
				,"percent": 96.87
				}
			,{
				"<=msec": 71.000
				,"percent": 97.15
				}
			,{
				"<=msec": 72.000
				,"percent": 97.40
				}
			,{
				"<=msec": 73.000
				,"percent": 97.61
				}
			,{
				"<=msec": 74.000
				,"percent": 97.76
				}
			,{
				"<=msec": 75.000
				,"percent": 97.94
				}
			,{
				"<=msec": 76.000
				,"percent": 98.09
				}
			,{
				"<=msec": 77.000
				,"percent": 98.25
				}
			,{
				"<=msec": 78.000
				,"percent": 98.38
				}
			,{
				"<=msec": 79.000
				,"percent": 98.51
				}
			,{
				"<=msec": 80.000
				,"percent": 98.67
				}
			,{
				"<=msec": 81.000
				,"percent": 98.78
				}
			,{
				"<=msec": 82.000
				,"percent": 98.86
				}
			,{
				"<=msec": 83.000
				,"percent": 98.94
				}
			,{
				"<=msec": 84.000
				,"percent": 99.02
				}
			,{
				"<=msec": 85.000
				,"percent": 99.11
				}
			,{
				"<=msec": 86.000
				,"percent": 99.15
				}
			,{
				"<=msec": 87.000
				,"percent": 99.21
				}
			,{
				"<=msec": 88.000
				,"percent": 99.27
				}
			,{
				"<=msec": 89.000
				,"percent": 99.32
				}
			,{
				"<=msec": 90.000
				,"percent": 99.40
				}
			,{
				"<=msec": 91.000
				,"percent": 99.44
				}
			,{
				"<=msec": 92.000
				,"percent": 99.47
				}
			,{
				"<=msec": 93.000
				,"percent": 99.50
				}
			,{
				"<=msec": 94.000
				,"percent": 99.54
				}
			,{
				"<=msec": 95.000
				,"percent": 99.59
				}
			,{
				"<=msec": 96.000
				,"percent": 99.62
				}
			,{
				"<=msec": 97.000
				,"percent": 99.65
				}
			,{
				"<=msec": 98.000
				,"percent": 99.68
				}
			,{
				"<=msec": 99.000
				,"percent": 99.73
				}
			,{
				"<=msec": 100.000
				,"percent": 99.81
				}
			,{
				"<=msec": 110.000
				,"percent": 99.88
				}
			,{
				"<=msec": 120.000
				,"percent": 99.94
				}
			,{
				"<=msec": 130.000
				,"percent": 99.96
				}
			,{
				"<=msec": 140.000
				,"percent": 99.97
				}
			,{
				"<=msec": 150.000
				,"percent": 99.98
				}
			,{
				"<=msec": 160.000
				,"percent": 99.99
				}
			,{
				"<=msec": 170.000
				,"percent": 99.99
				}
			,{
				"<=msec": 180.000
				,"percent": 100.00
				}
			,{
				"<=msec": 200.000
				,"percent": 100.00
				}
			]
		,"GET":[
			{
				"<=msec": 3.200
				,"percent": 0.00
				}
			,{
				"<=msec": 3.300
				,"percent": 0.01
				}
			,{
				"<=msec": 3.400
				,"percent": 0.02
				}
			,{
				"<=msec": 3.500
				,"percent": 0.03
				}
			,{
				"<=msec": 3.600
				,"percent": 0.03
				}
			,{
				"<=msec": 3.700
				,"percent": 0.04
				}
			,{
				"<=msec": 3.800
				,"percent": 0.05
				}
			,{
				"<=msec": 3.900
				,"percent": 0.05
				}
			,{
				"<=msec": 4.000
				,"percent": 0.07
				}
			,{
				"<=msec": 4.100
				,"percent": 0.08
				}
			,{
				"<=msec": 4.200
				,"percent": 0.10
				}
			,{
				"<=msec": 4.300
				,"percent": 0.12
				}
			,{
				"<=msec": 4.400
				,"percent": 0.13
				}
			,{
				"<=msec": 4.600
				,"percent": 0.15
				}
			,{
				"<=msec": 4.700
				,"percent": 0.16
				}
			,{
				"<=msec": 4.800
				,"percent": 0.17
				}
			,{
				"<=msec": 4.900
				,"percent": 0.17
				}
			,{
				"<=msec": 5.000
				,"percent": 0.17
				}
			,{
				"<=msec": 5.100
				,"percent": 0.18
				}
			,{
				"<=msec": 5.200
				,"percent": 0.19
				}
			,{
				"<=msec": 5.300
				,"percent": 0.20
				}
			,{
				"<=msec": 5.400
				,"percent": 0.22
				}
			,{
				"<=msec": 5.500
				,"percent": 0.24
				}
			,{
				"<=msec": 5.600
				,"percent": 0.25
				}
			,{
				"<=msec": 5.700
				,"percent": 0.26
				}
			,{
				"<=msec": 5.800
				,"percent": 0.27
				}
			,{
				"<=msec": 5.900
				,"percent": 0.27
				}
			,{
				"<=msec": 6.000
				,"percent": 0.28
				}
			,{
				"<=msec": 6.100
				,"percent": 0.30
				}
			,{
				"<=msec": 6.200
				,"percent": 0.31
				}
			,{
				"<=msec": 6.300
				,"percent": 0.32
				}
			,{
				"<=msec": 6.400
				,"percent": 0.32
				}
			,{
				"<=msec": 6.500
				,"percent": 0.33
				}
			,{
				"<=msec": 6.700
				,"percent": 0.33
				}
			,{
				"<=msec": 6.900
				,"percent": 0.34
				}
			,{
				"<=msec": 7.100
				,"percent": 0.34
				}
			,{
				"<=msec": 7.200
				,"percent": 0.35
				}
			,{
				"<=msec": 7.300
				,"percent": 0.36
				}
			,{
				"<=msec": 7.400
				,"percent": 0.37
				}
			,{
				"<=msec": 7.500
				,"percent": 0.38
				}
			,{
				"<=msec": 7.600
				,"percent": 0.39
				}
			,{
				"<=msec": 7.700
				,"percent": 0.40
				}
			,{
				"<=msec": 7.800
				,"percent": 0.41
				}
			,{
				"<=msec": 8.000
				,"percent": 0.41
				}
			,{
				"<=msec": 8.100
				,"percent": 0.42
				}
			,{
				"<=msec": 8.200
				,"percent": 0.43
				}
			,{
				"<=msec": 8.300
				,"percent": 0.45
				}
			,{
				"<=msec": 8.400
				,"percent": 0.47
				}
			,{
				"<=msec": 8.500
				,"percent": 0.49
				}
			,{
				"<=msec": 8.600
				,"percent": 0.50
				}
			,{
				"<=msec": 8.700
				,"percent": 0.52
				}
			,{
				"<=msec": 8.800
				,"percent": 0.55
				}
			,{
				"<=msec": 8.900
				,"percent": 0.58
				}
			,{
				"<=msec": 9.000
				,"percent": 0.61
				}
			,{
				"<=msec": 9.100
				,"percent": 0.63
				}
			,{
				"<=msec": 9.200
				,"percent": 0.65
				}
			,{
				"<=msec": 9.300
				,"percent": 0.68
				}
			,{
				"<=msec": 9.400
				,"percent": 0.71
				}
			,{
				"<=msec": 9.500
				,"percent": 0.77
				}
			,{
				"<=msec": 9.600
				,"percent": 0.83
				}
			,{
				"<=msec": 9.700
				,"percent": 0.87
				}
			,{
				"<=msec": 9.800
				,"percent": 0.91
				}
			,{
				"<=msec": 9.900
				,"percent": 0.97
				}
			,{
				"<=msec": 10.000
				,"percent": 1.29
				}
			,{
				"<=msec": 11.000
				,"percent": 2.10
				}
			,{
				"<=msec": 12.000
				,"percent": 3.07
				}
			,{
				"<=msec": 13.000
				,"percent": 4.12
				}
			,{
				"<=msec": 14.000
				,"percent": 5.24
				}
			,{
				"<=msec": 15.000
				,"percent": 6.46
				}
			,{
				"<=msec": 16.000
				,"percent": 7.74
				}
			,{
				"<=msec": 17.000
				,"percent": 9.08
				}
			,{
				"<=msec": 18.000
				,"percent": 10.86
				}
			,{
				"<=msec": 19.000
				,"percent": 13.56
				}
			,{
				"<=msec": 20.000
				,"percent": 17.34
				}
			,{
				"<=msec": 21.000
				,"percent": 21.93
				}
			,{
				"<=msec": 22.000
				,"percent": 26.76
				}
			,{
				"<=msec": 23.000
				,"percent": 31.53
				}
			,{
				"<=msec": 24.000
				,"percent": 36.02
				}
			,{
				"<=msec": 25.000
				,"percent": 40.02
				}
			,{
				"<=msec": 26.000
				,"percent": 44.02
				}
			,{
				"<=msec": 27.000
				,"percent": 48.04
				}
			,{
				"<=msec": 28.000
				,"percent": 52.57
				}
			,{
				"<=msec": 29.000
				,"percent": 57.56
				}
			,{
				"<=msec": 30.000
				,"percent": 61.96
				}
			,{
				"<=msec": 31.000
				,"percent": 65.77
				}
			,{
				"<=msec": 32.000
				,"percent": 68.91
				}
			,{
				"<=msec": 33.000
				,"percent": 71.57
				}
			,{
				"<=msec": 34.000
				,"percent": 73.91
				}
			,{
				"<=msec": 35.000
				,"percent": 75.80
				}
			,{
				"<=msec": 36.000
				,"percent": 77.64
				}
			,{
				"<=msec": 37.000
				,"percent": 79.60
				}
			,{
				"<=msec": 38.000
				,"percent": 81.31
				}
			,{
				"<=msec": 39.000
				,"percent": 83.01
				}
			,{
				"<=msec": 40.000
				,"percent": 84.47
				}
			,{
				"<=msec": 41.000
				,"percent": 85.79
				}
			,{
				"<=msec": 42.000
				,"percent": 86.81
				}
			,{
				"<=msec": 43.000
				,"percent": 87.74
				}
			,{
				"<=msec": 44.000
				,"percent": 88.58
				}
			,{
				"<=msec": 45.000
				,"percent": 89.43
				}
			,{
				"<=msec": 46.000
				,"percent": 90.07
				}
			,{
				"<=msec": 47.000
				,"percent": 90.81
				}
			,{
				"<=msec": 48.000
				,"percent": 91.57
				}
			,{
				"<=msec": 49.000
				,"percent": 92.34
				}
			,{
				"<=msec": 50.000
				,"percent": 93.04
				}
			,{
				"<=msec": 51.000
				,"percent": 93.67
				}
			,{
				"<=msec": 52.000
				,"percent": 94.16
				}
			,{
				"<=msec": 53.000
				,"percent": 94.56
				}
			,{
				"<=msec": 54.000
				,"percent": 94.91
				}
			,{
				"<=msec": 55.000
				,"percent": 95.30
				}
			,{
				"<=msec": 56.000
				,"percent": 95.70
				}
			,{
				"<=msec": 57.000
				,"percent": 96.08
				}
			,{
				"<=msec": 58.000
				,"percent": 96.45
				}
			,{
				"<=msec": 59.000
				,"percent": 96.77
				}
			,{
				"<=msec": 60.000
				,"percent": 97.02
				}
			,{
				"<=msec": 61.000
				,"percent": 97.26
				}
			,{
				"<=msec": 62.000
				,"percent": 97.52
				}
			,{
				"<=msec": 63.000
				,"percent": 97.70
				}
			,{
				"<=msec": 64.000
				,"percent": 97.91
				}
			,{
				"<=msec": 65.000
				,"percent": 98.03
				}
			,{
				"<=msec": 66.000
				,"percent": 98.17
				}
			,{
				"<=msec": 67.000
				,"percent": 98.31
				}
			,{
				"<=msec": 68.000
				,"percent": 98.50
				}
			,{
				"<=msec": 69.000
				,"percent": 98.62
				}
			,{
				"<=msec": 70.000
				,"percent": 98.73
				}
			,{
				"<=msec": 71.000
				,"percent": 98.81
				}
			,{
				"<=msec": 72.000
				,"percent": 98.90
				}
			,{
				"<=msec": 73.000
				,"percent": 99.00
				}
			,{
				"<=msec": 74.000
				,"percent": 99.07
				}
			,{
				"<=msec": 75.000
				,"percent": 99.16
				}
			,{
				"<=msec": 76.000
				,"percent": 99.22
				}
			,{
				"<=msec": 77.000
				,"percent": 99.27
				}
			,{
				"<=msec": 78.000
				,"percent": 99.31
				}
			,{
				"<=msec": 79.000
				,"percent": 99.35
				}
			,{
				"<=msec": 80.000
				,"percent": 99.41
				}
			,{
				"<=msec": 81.000
				,"percent": 99.45
				}
			,{
				"<=msec": 82.000
				,"percent": 99.48
				}
			,{
				"<=msec": 83.000
				,"percent": 99.50
				}
			,{
				"<=msec": 84.000
				,"percent": 99.55
				}
			,{
				"<=msec": 85.000
				,"percent": 99.57
				}
			,{
				"<=msec": 86.000
				,"percent": 99.60
				}
			,{
				"<=msec": 87.000
				,"percent": 99.62
				}
			,{
				"<=msec": 88.000
				,"percent": 99.64
				}
			,{
				"<=msec": 89.000
				,"percent": 99.67
				}
			,{
				"<=msec": 90.000
				,"percent": 99.71
				}
			,{
				"<=msec": 91.000
				,"percent": 99.73
				}
			,{
				"<=msec": 92.000
				,"percent": 99.76
				}
			,{
				"<=msec": 93.000
				,"percent": 99.78
				}
			,{
				"<=msec": 94.000
				,"percent": 99.81
				}
			,{
				"<=msec": 95.000
				,"percent": 99.83
				}
			,{
				"<=msec": 96.000
				,"percent": 99.84
				}
			,{
				"<=msec": 97.000
				,"percent": 99.86
				}
			,{
				"<=msec": 98.000
				,"percent": 99.86
				}
			,{
				"<=msec": 99.000
				,"percent": 99.87
				}
			,{
				"<=msec": 100.000
				,"percent": 99.92
				}
			,{
				"<=msec": 110.000
				,"percent": 99.97
				}
			,{
				"<=msec": 120.000
				,"percent": 99.98
				}
			,{
				"<=msec": 130.000
				,"percent": 99.98
				}
			,{
				"<=msec": 140.000
				,"percent": 99.99
				}
			,{
				"<=msec": 150.000
				,"percent": 99.99
				}
			,{
				"<=msec": 160.000
				,"percent": 100.00
				}
			,{
				"<=msec": 170.000
				,"percent": 100.00
				}
			]
		,"WAIT":[
		]
		}
	}
