{
	"configuration":{
		"server": "10.0.0.9"
		,"port": 6379
		,"unix socket": "(null)"
		,"protocol": "memcache_text"
		,"out_file": "(null)"
		,"client_stats": "(null)"
		,"run_count": 1
		,"debug": 0
		,"requests": 0
		,"clients": 32
		,"threads": 1
		,"test_time": 75
		,"ratio": "1:1"
		,"pipeline": 1
		,"data_size": 1024
		,"data_offset": 0
		,"random_data": "false"
		,"data_size_range": "0:0"
		,"data_size_list": ""
		,"data_size_pattern": "R"
		,"expiry_range": "9999:10000"
		,"data_import": "(null)"
		,"data_verify": "false"
		,"verify_only": "false"
		,"generate_keys": "false"
		,"key_prefix": "memtier-"
		,"key_minimum":           0
		,"key_maximum":       10000
		,"key_pattern": "R:R"
		,"key_stddev": 0.000000
		,"key_median": 0.000000
		,"reconnect_interval": 0
		,"multi_key_get": 0
		,"authenticate": ""
		,"select-db": 0
		,"no-expiry": "false"
		,"wait-ratio": "0:0"
		,"num-slaves": "0:0"
		,"wait-timeout": "0-0"
		}
	,"run information":{
		"Threads": 1
		,"Connections per thread": 32
		,"Seconds": 75
		}
	,"ALL STATS":{
		"Sets":{
			"Ops/sec": 581.94
			,"Hits/sec": 0.00
			,"Misses/sec": 0.00
			,"Latency": 30.64
			,"KB/sec": 604.89
			}
		,"Gets":{
			"Ops/sec": 581.76
			,"Hits/sec": 581.76
			,"Misses/sec": 0.00
			,"Latency": 24.34
			,"KB/sec": 611.18
			}
		,"Waits":{
			"Ops/sec": 0.00
			,"Hits/sec": 0.00
			,"Misses/sec": 0.00
			,"Latency": 0.00
			,"KB/sec": 0.00
			}
		,"Totals":{
			"Ops/sec": 1163.70
			,"Hits/sec": 581.76
			,"Misses/sec": 0.00
			,"Latency": 27.49
			,"KB/sec": 1216.07
			}
		,"SET":[
			{
				"<=msec": 2.100
				,"percent": 0.00
				}
			,{
				"<=msec": 2.800
				,"percent": 0.01
				}
			,{
				"<=msec": 3.100
				,"percent": 0.01
				}
			,{
				"<=msec": 3.200
				,"percent": 0.01
				}
			,{
				"<=msec": 3.400
				,"percent": 0.02
				}
			,{
				"<=msec": 3.800
				,"percent": 0.02
				}
			,{
				"<=msec": 3.900
				,"percent": 0.02
				}
			,{
				"<=msec": 4.000
				,"percent": 0.03
				}
			,{
				"<=msec": 4.100
				,"percent": 0.04
				}
			,{
				"<=msec": 4.200
				,"percent": 0.04
				}
			,{
				"<=msec": 4.400
				,"percent": 0.04
				}
			,{
				"<=msec": 4.500
				,"percent": 0.04
				}
			,{
				"<=msec": 4.700
				,"percent": 0.05
				}
			,{
				"<=msec": 4.900
				,"percent": 0.05
				}
			,{
				"<=msec": 5.200
				,"percent": 0.05
				}
			,{
				"<=msec": 5.300
				,"percent": 0.05
				}
			,{
				"<=msec": 5.500
				,"percent": 0.05
				}
			,{
				"<=msec": 5.600
				,"percent": 0.06
				}
			,{
				"<=msec": 5.700
				,"percent": 0.06
				}
			,{
				"<=msec": 5.800
				,"percent": 0.07
				}
			,{
				"<=msec": 6.000
				,"percent": 0.08
				}
			,{
				"<=msec": 6.100
				,"percent": 0.08
				}
			,{
				"<=msec": 6.200
				,"percent": 0.09
				}
			,{
				"<=msec": 6.300
				,"percent": 0.09
				}
			,{
				"<=msec": 6.400
				,"percent": 0.10
				}
			,{
				"<=msec": 6.500
				,"percent": 0.10
				}
			,{
				"<=msec": 6.600
				,"percent": 0.11
				}
			,{
				"<=msec": 6.700
				,"percent": 0.11
				}
			,{
				"<=msec": 6.800
				,"percent": 0.12
				}
			,{
				"<=msec": 6.900
				,"percent": 0.13
				}
			,{
				"<=msec": 7.000
				,"percent": 0.14
				}
			,{
				"<=msec": 7.100
				,"percent": 0.14
				}
			,{
				"<=msec": 7.200
				,"percent": 0.15
				}
			,{
				"<=msec": 7.300
				,"percent": 0.15
				}
			,{
				"<=msec": 7.400
				,"percent": 0.17
				}
			,{
				"<=msec": 7.500
				,"percent": 0.18
				}
			,{
				"<=msec": 7.700
				,"percent": 0.19
				}
			,{
				"<=msec": 7.800
				,"percent": 0.20
				}
			,{
				"<=msec": 7.900
				,"percent": 0.21
				}
			,{
				"<=msec": 8.000
				,"percent": 0.22
				}
			,{
				"<=msec": 8.100
				,"percent": 0.24
				}
			,{
				"<=msec": 8.200
				,"percent": 0.25
				}
			,{
				"<=msec": 8.300
				,"percent": 0.26
				}
			,{
				"<=msec": 8.400
				,"percent": 0.28
				}
			,{
				"<=msec": 8.500
				,"percent": 0.29
				}
			,{
				"<=msec": 8.600
				,"percent": 0.32
				}
			,{
				"<=msec": 8.700
				,"percent": 0.34
				}
			,{
				"<=msec": 8.800
				,"percent": 0.37
				}
			,{
				"<=msec": 8.900
				,"percent": 0.41
				}
			,{
				"<=msec": 9.000
				,"percent": 0.45
				}
			,{
				"<=msec": 9.100
				,"percent": 0.50
				}
			,{
				"<=msec": 9.200
				,"percent": 0.55
				}
			,{
				"<=msec": 9.300
				,"percent": 0.59
				}
			,{
				"<=msec": 9.400
				,"percent": 0.62
				}
			,{
				"<=msec": 9.500
				,"percent": 0.66
				}
			,{
				"<=msec": 9.600
				,"percent": 0.71
				}
			,{
				"<=msec": 9.700
				,"percent": 0.75
				}
			,{
				"<=msec": 9.800
				,"percent": 0.79
				}
			,{
				"<=msec": 9.900
				,"percent": 0.86
				}
			,{
				"<=msec": 10.000
				,"percent": 1.26
				}
			,{
				"<=msec": 11.000
				,"percent": 2.10
				}
			,{
				"<=msec": 12.000
				,"percent": 2.96
				}
			,{
				"<=msec": 13.000
				,"percent": 3.90
				}
			,{
				"<=msec": 14.000
				,"percent": 5.01
				}
			,{
				"<=msec": 15.000
				,"percent": 6.16
				}
			,{
				"<=msec": 16.000
				,"percent": 7.55
				}
			,{
				"<=msec": 17.000
				,"percent": 9.29
				}
			,{
				"<=msec": 18.000
				,"percent": 11.77
				}
			,{
				"<=msec": 19.000
				,"percent": 15.49
				}
			,{
				"<=msec": 20.000
				,"percent": 20.20
				}
			,{
				"<=msec": 21.000
				,"percent": 25.06
				}
			,{
				"<=msec": 22.000
				,"percent": 29.55
				}
			,{
				"<=msec": 23.000
				,"percent": 33.65
				}
			,{
				"<=msec": 24.000
				,"percent": 37.49
				}
			,{
				"<=msec": 25.000
				,"percent": 41.31
				}
			,{
				"<=msec": 26.000
				,"percent": 45.21
				}
			,{
				"<=msec": 27.000
				,"percent": 49.43
				}
			,{
				"<=msec": 28.000
				,"percent": 53.57
				}
			,{
				"<=msec": 29.000
				,"percent": 57.51
				}
			,{
				"<=msec": 30.000
				,"percent": 61.06
				}
			,{
				"<=msec": 31.000
				,"percent": 63.98
				}
			,{
				"<=msec": 32.000
				,"percent": 66.55
				}
			,{
				"<=msec": 33.000
				,"percent": 68.77
				}
			,{
				"<=msec": 34.000
				,"percent": 70.60
				}
			,{
				"<=msec": 35.000
				,"percent": 72.35
				}
			,{
				"<=msec": 36.000
				,"percent": 74.08
				}
			,{
				"<=msec": 37.000
				,"percent": 75.87
				}
			,{
				"<=msec": 38.000
				,"percent": 77.66
				}
			,{
				"<=msec": 39.000
				,"percent": 79.47
				}
			,{
				"<=msec": 40.000
				,"percent": 81.15
				}
			,{
				"<=msec": 41.000
				,"percent": 82.44
				}
			,{
				"<=msec": 42.000
				,"percent": 83.75
				}
			,{
				"<=msec": 43.000
				,"percent": 84.87
				}
			,{
				"<=msec": 44.000
				,"percent": 85.87
				}
			,{
				"<=msec": 45.000
				,"percent": 86.81
				}
			,{
				"<=msec": 46.000
				,"percent": 87.79
				}
			,{
				"<=msec": 47.000
				,"percent": 88.91
				}
			,{
				"<=msec": 48.000
				,"percent": 89.96
				}
			,{
				"<=msec": 49.000
				,"percent": 90.99
				}
			,{
				"<=msec": 50.000
				,"percent": 91.88
				}
			,{
				"<=msec": 51.000
				,"percent": 92.67
				}
			,{
				"<=msec": 52.000
				,"percent": 93.32
				}
			,{
				"<=msec": 53.000
				,"percent": 93.88
				}
			,{
				"<=msec": 54.000
				,"percent": 94.32
				}
			,{
				"<=msec": 55.000
				,"percent": 94.74
				}
			,{
				"<=msec": 56.000
				,"percent": 95.13
				}
			,{
				"<=msec": 57.000
				,"percent": 95.57
				}
			,{
				"<=msec": 58.000
				,"percent": 95.94
				}
			,{
				"<=msec": 59.000
				,"percent": 96.33
				}
			,{
				"<=msec": 60.000
				,"percent": 96.65
				}
			,{
				"<=msec": 61.000
				,"percent": 96.95
				}
			,{
				"<=msec": 62.000
				,"percent": 97.25
				}
			,{
				"<=msec": 63.000
				,"percent": 97.48
				}
			,{
				"<=msec": 64.000
				,"percent": 97.67
				}
			,{
				"<=msec": 65.000
				,"percent": 97.85
				}
			,{
				"<=msec": 66.000
				,"percent": 98.03
				}
			,{
				"<=msec": 67.000
				,"percent": 98.16
				}
			,{
				"<=msec": 68.000
				,"percent": 98.33
				}
			,{
				"<=msec": 69.000
				,"percent": 98.49
				}
			,{
				"<=msec": 70.000
				,"percent": 98.64
				}
			,{
				"<=msec": 71.000
				,"percent": 98.76
				}
			,{
				"<=msec": 72.000
				,"percent": 98.86
				}
			,{
				"<=msec": 73.000
				,"percent": 98.94
				}
			,{
				"<=msec": 74.000
				,"percent": 99.03
				}
			,{
				"<=msec": 75.000
				,"percent": 99.11
				}
			,{
				"<=msec": 76.000
				,"percent": 99.18
				}
			,{
				"<=msec": 77.000
				,"percent": 99.23
				}
			,{
				"<=msec": 78.000
				,"percent": 99.31
				}
			,{
				"<=msec": 79.000
				,"percent": 99.36
				}
			,{
				"<=msec": 80.000
				,"percent": 99.42
				}
			,{
				"<=msec": 81.000
				,"percent": 99.45
				}
			,{
				"<=msec": 82.000
				,"percent": 99.49
				}
			,{
				"<=msec": 83.000
				,"percent": 99.54
				}
			,{
				"<=msec": 84.000
				,"percent": 99.56
				}
			,{
				"<=msec": 85.000
				,"percent": 99.59
				}
			,{
				"<=msec": 86.000
				,"percent": 99.63
				}
			,{
				"<=msec": 87.000
				,"percent": 99.66
				}
			,{
				"<=msec": 88.000
				,"percent": 99.69
				}
			,{
				"<=msec": 89.000
				,"percent": 99.71
				}
			,{
				"<=msec": 90.000
				,"percent": 99.74
				}
			,{
				"<=msec": 91.000
				,"percent": 99.75
				}
			,{
				"<=msec": 92.000
				,"percent": 99.78
				}
			,{
				"<=msec": 93.000
				,"percent": 99.81
				}
			,{
				"<=msec": 94.000
				,"percent": 99.83
				}
			,{
				"<=msec": 95.000
				,"percent": 99.84
				}
			,{
				"<=msec": 96.000
				,"percent": 99.85
				}
			,{
				"<=msec": 97.000
				,"percent": 99.87
				}
			,{
				"<=msec": 98.000
				,"percent": 99.88
				}
			,{
				"<=msec": 99.000
				,"percent": 99.89
				}
			,{
				"<=msec": 100.000
				,"percent": 99.92
				}
			,{
				"<=msec": 110.000
				,"percent": 99.95
				}
			,{
				"<=msec": 120.000
				,"percent": 99.98
				}
			,{
				"<=msec": 130.000
				,"percent": 100.00
				}
			,{
				"<=msec": 170.000
				,"percent": 100.00
				}
			]
		,"GET":[
			{
				"<=msec": 2.000
				,"percent": 0.00
				}
			,{
				"<=msec": 2.100
				,"percent": 0.01
				}
			,{
				"<=msec": 2.200
				,"percent": 0.01
				}
			,{
				"<=msec": 2.400
				,"percent": 0.03
				}
			,{
				"<=msec": 2.500
				,"percent": 0.03
				}
			,{
				"<=msec": 2.600
				,"percent": 0.04
				}
			,{
				"<=msec": 2.700
				,"percent": 0.05
				}
			,{
				"<=msec": 2.800
				,"percent": 0.07
				}
			,{
				"<=msec": 2.900
				,"percent": 0.09
				}
			,{
				"<=msec": 3.000
				,"percent": 0.11
				}
			,{
				"<=msec": 3.100
				,"percent": 0.14
				}
			,{
				"<=msec": 3.200
				,"percent": 0.17
				}
			,{
				"<=msec": 3.300
				,"percent": 0.19
				}
			,{
				"<=msec": 3.400
				,"percent": 0.21
				}
			,{
				"<=msec": 3.500
				,"percent": 0.23
				}
			,{
				"<=msec": 3.600
				,"percent": 0.25
				}
			,{
				"<=msec": 3.700
				,"percent": 0.27
				}
			,{
				"<=msec": 3.800
				,"percent": 0.30
				}
			,{
				"<=msec": 3.900
				,"percent": 0.34
				}
			,{
				"<=msec": 4.000
				,"percent": 0.37
				}
			,{
				"<=msec": 4.100
				,"percent": 0.40
				}
			,{
				"<=msec": 4.200
				,"percent": 0.43
				}
			,{
				"<=msec": 4.300
				,"percent": 0.45
				}
			,{
				"<=msec": 4.400
				,"percent": 0.47
				}
			,{
				"<=msec": 4.500
				,"percent": 0.49
				}
			,{
				"<=msec": 4.600
				,"percent": 0.52
				}
			,{
				"<=msec": 4.700
				,"percent": 0.53
				}
			,{
				"<=msec": 4.800
				,"percent": 0.56
				}
			,{
				"<=msec": 4.900
				,"percent": 0.60
				}
			,{
				"<=msec": 5.000
				,"percent": 0.62
				}
			,{
				"<=msec": 5.100
				,"percent": 0.64
				}
			,{
				"<=msec": 5.200
				,"percent": 0.66
				}
			,{
				"<=msec": 5.300
				,"percent": 0.68
				}
			,{
				"<=msec": 5.400
				,"percent": 0.69
				}
			,{
				"<=msec": 5.500
				,"percent": 0.73
				}
			,{
				"<=msec": 5.600
				,"percent": 0.76
				}
			,{
				"<=msec": 5.700
				,"percent": 0.79
				}
			,{
				"<=msec": 5.800
				,"percent": 0.81
				}
			,{
				"<=msec": 5.900
				,"percent": 0.84
				}
			,{
				"<=msec": 6.000
				,"percent": 0.87
				}
			,{
				"<=msec": 6.100
				,"percent": 0.91
				}
			,{
				"<=msec": 6.200
				,"percent": 0.93
				}
			,{
				"<=msec": 6.300
				,"percent": 0.95
				}
			,{
				"<=msec": 6.400
				,"percent": 0.97
				}
			,{
				"<=msec": 6.500
				,"percent": 1.01
				}
			,{
				"<=msec": 6.600
				,"percent": 1.02
				}
			,{
				"<=msec": 6.700
				,"percent": 1.04
				}
			,{
				"<=msec": 6.800
				,"percent": 1.07
				}
			,{
				"<=msec": 6.900
				,"percent": 1.10
				}
			,{
				"<=msec": 7.000
				,"percent": 1.14
				}
			,{
				"<=msec": 7.100
				,"percent": 1.18
				}
			,{
				"<=msec": 7.200
				,"percent": 1.22
				}
			,{
				"<=msec": 7.300
				,"percent": 1.24
				}
			,{
				"<=msec": 7.400
				,"percent": 1.27
				}
			,{
				"<=msec": 7.500
				,"percent": 1.30
				}
			,{
				"<=msec": 7.600
				,"percent": 1.34
				}
			,{
				"<=msec": 7.700
				,"percent": 1.38
				}
			,{
				"<=msec": 7.800
				,"percent": 1.43
				}
			,{
				"<=msec": 7.900
				,"percent": 1.47
				}
			,{
				"<=msec": 8.000
				,"percent": 1.50
				}
			,{
				"<=msec": 8.100
				,"percent": 1.55
				}
			,{
				"<=msec": 8.200
				,"percent": 1.60
				}
			,{
				"<=msec": 8.300
				,"percent": 1.66
				}
			,{
				"<=msec": 8.400
				,"percent": 1.74
				}
			,{
				"<=msec": 8.500
				,"percent": 1.80
				}
			,{
				"<=msec": 8.600
				,"percent": 1.87
				}
			,{
				"<=msec": 8.700
				,"percent": 1.94
				}
			,{
				"<=msec": 8.800
				,"percent": 2.03
				}
			,{
				"<=msec": 8.900
				,"percent": 2.11
				}
			,{
				"<=msec": 9.000
				,"percent": 2.19
				}
			,{
				"<=msec": 9.100
				,"percent": 2.30
				}
			,{
				"<=msec": 9.200
				,"percent": 2.42
				}
			,{
				"<=msec": 9.300
				,"percent": 2.53
				}
			,{
				"<=msec": 9.400
				,"percent": 2.64
				}
			,{
				"<=msec": 9.500
				,"percent": 2.75
				}
			,{
				"<=msec": 9.600
				,"percent": 2.88
				}
			,{
				"<=msec": 9.700
				,"percent": 3.00
				}
			,{
				"<=msec": 9.800
				,"percent": 3.15
				}
			,{
				"<=msec": 9.900
				,"percent": 3.28
				}
			,{
				"<=msec": 10.000
				,"percent": 4.15
				}
			,{
				"<=msec": 11.000
				,"percent": 6.17
				}
			,{
				"<=msec": 12.000
				,"percent": 8.80
				}
			,{
				"<=msec": 13.000
				,"percent": 11.86
				}
			,{
				"<=msec": 14.000
				,"percent": 14.80
				}
			,{
				"<=msec": 15.000
				,"percent": 17.55
				}
			,{
				"<=msec": 16.000
				,"percent": 20.33
				}
			,{
				"<=msec": 17.000
				,"percent": 23.78
				}
			,{
				"<=msec": 18.000
				,"percent": 28.75
				}
			,{
				"<=msec": 19.000
				,"percent": 35.13
				}
			,{
				"<=msec": 20.000
				,"percent": 42.17
				}
			,{
				"<=msec": 21.000
				,"percent": 49.04
				}
			,{
				"<=msec": 22.000
				,"percent": 54.67
				}
			,{
				"<=msec": 23.000
				,"percent": 59.36
				}
			,{
				"<=msec": 24.000
				,"percent": 63.04
				}
			,{
				"<=msec": 25.000
				,"percent": 66.24
				}
			,{
				"<=msec": 26.000
				,"percent": 69.25
				}
			,{
				"<=msec": 27.000
				,"percent": 72.42
				}
			,{
				"<=msec": 28.000
				,"percent": 75.30
				}
			,{
				"<=msec": 29.000
				,"percent": 77.97
				}
			,{
				"<=msec": 30.000
				,"percent": 80.24
				}
			,{
				"<=msec": 31.000
				,"percent": 82.18
				}
			,{
				"<=msec": 32.000
				,"percent": 83.67
				}
			,{
				"<=msec": 33.000
				,"percent": 84.86
				}
			,{
				"<=msec": 34.000
				,"percent": 85.88
				}
			,{
				"<=msec": 35.000
				,"percent": 86.80
				}
			,{
				"<=msec": 36.000
				,"percent": 87.78
				}
			,{
				"<=msec": 37.000
				,"percent": 88.63
				}
			,{
				"<=msec": 38.000
				,"percent": 89.54
				}
			,{
				"<=msec": 39.000
				,"percent": 90.42
				}
			,{
				"<=msec": 40.000
				,"percent": 91.27
				}
			,{
				"<=msec": 41.000
				,"percent": 92.02
				}
			,{
				"<=msec": 42.000
				,"percent": 92.68
				}
			,{
				"<=msec": 43.000
				,"percent": 93.31
				}
			,{
				"<=msec": 44.000
				,"percent": 93.82
				}
			,{
				"<=msec": 45.000
				,"percent": 94.29
				}
			,{
				"<=msec": 46.000
				,"percent": 94.73
				}
			,{
				"<=msec": 47.000
				,"percent": 95.25
				}
			,{
				"<=msec": 48.000
				,"percent": 95.69
				}
			,{
				"<=msec": 49.000
				,"percent": 96.16
				}
			,{
				"<=msec": 50.000
				,"percent": 96.53
				}
			,{
				"<=msec": 51.000
				,"percent": 96.77
				}
			,{
				"<=msec": 52.000
				,"percent": 97.04
				}
			,{
				"<=msec": 53.000
				,"percent": 97.29
				}
			,{
				"<=msec": 54.000
				,"percent": 97.50
				}
			,{
				"<=msec": 55.000
				,"percent": 97.69
				}
			,{
				"<=msec": 56.000
				,"percent": 97.86
				}
			,{
				"<=msec": 57.000
				,"percent": 98.06
				}
			,{
				"<=msec": 58.000
				,"percent": 98.24
				}
			,{
				"<=msec": 59.000
				,"percent": 98.39
				}
			,{
				"<=msec": 60.000
				,"percent": 98.53
				}
			,{
				"<=msec": 61.000
				,"percent": 98.64
				}
			,{
				"<=msec": 62.000
				,"percent": 98.75
				}
			,{
				"<=msec": 63.000
				,"percent": 98.87
				}
			,{
				"<=msec": 64.000
				,"percent": 98.97
				}
			,{
				"<=msec": 65.000
				,"percent": 99.05
				}
			,{
				"<=msec": 66.000
				,"percent": 99.12
				}
			,{
				"<=msec": 67.000
				,"percent": 99.18
				}
			,{
				"<=msec": 68.000
				,"percent": 99.23
				}
			,{
				"<=msec": 69.000
				,"percent": 99.30
				}
			,{
				"<=msec": 70.000
				,"percent": 99.37
				}
			,{
				"<=msec": 71.000
				,"percent": 99.43
				}
			,{
				"<=msec": 72.000
				,"percent": 99.48
				}
			,{
				"<=msec": 73.000
				,"percent": 99.55
				}
			,{
				"<=msec": 74.000
				,"percent": 99.60
				}
			,{
				"<=msec": 75.000
				,"percent": 99.64
				}
			,{
				"<=msec": 76.000
				,"percent": 99.67
				}
			,{
				"<=msec": 77.000
				,"percent": 99.69
				}
			,{
				"<=msec": 78.000
				,"percent": 99.71
				}
			,{
				"<=msec": 79.000
				,"percent": 99.73
				}
			,{
				"<=msec": 80.000
				,"percent": 99.74
				}
			,{
				"<=msec": 81.000
				,"percent": 99.75
				}
			,{
				"<=msec": 82.000
				,"percent": 99.77
				}
			,{
				"<=msec": 83.000
				,"percent": 99.78
				}
			,{
				"<=msec": 84.000
				,"percent": 99.80
				}
			,{
				"<=msec": 85.000
				,"percent": 99.81
				}
			,{
				"<=msec": 86.000
				,"percent": 99.82
				}
			,{
				"<=msec": 87.000
				,"percent": 99.84
				}
			,{
				"<=msec": 88.000
				,"percent": 99.86
				}
			,{
				"<=msec": 89.000
				,"percent": 99.87
				}
			,{
				"<=msec": 90.000
				,"percent": 99.87
				}
			,{
				"<=msec": 91.000
				,"percent": 99.88
				}
			,{
				"<=msec": 92.000
				,"percent": 99.90
				}
			,{
				"<=msec": 93.000
				,"percent": 99.90
				}
			,{
				"<=msec": 94.000
				,"percent": 99.92
				}
			,{
				"<=msec": 95.000
				,"percent": 99.93
				}
			,{
				"<=msec": 96.000
				,"percent": 99.94
				}
			,{
				"<=msec": 97.000
				,"percent": 99.95
				}
			,{
				"<=msec": 98.000
				,"percent": 99.95
				}
			,{
				"<=msec": 99.000
				,"percent": 99.95
				}
			,{
				"<=msec": 100.000
				,"percent": 99.97
				}
			,{
				"<=msec": 110.000
				,"percent": 99.98
				}
			,{
				"<=msec": 120.000
				,"percent": 99.99
				}
			,{
				"<=msec": 130.000
				,"percent": 100.00
				}
			,{
				"<=msec": 150.000
				,"percent": 100.00
				}
			]
		,"WAIT":[
		]
		}
	}
