{
	"configuration":{
		"server": "10.0.0.8"
		,"port": 6379
		,"unix socket": "(null)"
		,"protocol": "memcache_text"
		,"out_file": "(null)"
		,"client_stats": "(null)"
		,"run_count": 1
		,"debug": 0
		,"requests": 0
		,"clients": 32
		,"threads": 1
		,"test_time": 75
		,"ratio": "1:1"
		,"pipeline": 1
		,"data_size": 1024
		,"data_offset": 0
		,"random_data": "false"
		,"data_size_range": "0:0"
		,"data_size_list": ""
		,"data_size_pattern": "R"
		,"expiry_range": "9999:10000"
		,"data_import": "(null)"
		,"data_verify": "false"
		,"verify_only": "false"
		,"generate_keys": "false"
		,"key_prefix": "memtier-"
		,"key_minimum":           0
		,"key_maximum":       10000
		,"key_pattern": "R:R"
		,"key_stddev": 0.000000
		,"key_median": 0.000000
		,"reconnect_interval": 0
		,"multi_key_get": 0
		,"authenticate": ""
		,"select-db": 0
		,"no-expiry": "false"
		,"wait-ratio": "0:0"
		,"num-slaves": "0:0"
		,"wait-timeout": "0-0"
		}
	,"run information":{
		"Threads": 1
		,"Connections per thread": 32
		,"Seconds": 75
		}
	,"ALL STATS":{
		"Sets":{
			"Ops/sec": 478.96
			,"Hits/sec": 0.00
			,"Misses/sec": 0.00
			,"Latency": 36.69
			,"KB/sec": 497.85
			}
		,"Gets":{
			"Ops/sec": 478.68
			,"Hits/sec": 478.68
			,"Misses/sec": 0.00
			,"Latency": 30.11
			,"KB/sec": 502.89
			}
		,"Waits":{
			"Ops/sec": 0.00
			,"Hits/sec": 0.00
			,"Misses/sec": 0.00
			,"Latency": 0.00
			,"KB/sec": 0.00
			}
		,"Totals":{
			"Ops/sec": 957.64
			,"Hits/sec": 478.68
			,"Misses/sec": 0.00
			,"Latency": 33.40
			,"KB/sec": 1000.75
			}
		,"SET":[
			{
				"<=msec": 4.300
				,"percent": 0.01
				}
			,{
				"<=msec": 4.400
				,"percent": 0.03
				}
			,{
				"<=msec": 4.500
				,"percent": 0.08
				}
			,{
				"<=msec": 4.600
				,"percent": 0.11
				}
			,{
				"<=msec": 4.700
				,"percent": 0.17
				}
			,{
				"<=msec": 4.800
				,"percent": 0.20
				}
			,{
				"<=msec": 4.900
				,"percent": 0.26
				}
			,{
				"<=msec": 5.000
				,"percent": 0.29
				}
			,{
				"<=msec": 5.100
				,"percent": 0.34
				}
			,{
				"<=msec": 5.200
				,"percent": 0.38
				}
			,{
				"<=msec": 5.300
				,"percent": 0.43
				}
			,{
				"<=msec": 5.400
				,"percent": 0.45
				}
			,{
				"<=msec": 5.500
				,"percent": 0.51
				}
			,{
				"<=msec": 5.600
				,"percent": 0.54
				}
			,{
				"<=msec": 5.700
				,"percent": 0.58
				}
			,{
				"<=msec": 5.800
				,"percent": 0.64
				}
			,{
				"<=msec": 5.900
				,"percent": 0.67
				}
			,{
				"<=msec": 6.000
				,"percent": 0.74
				}
			,{
				"<=msec": 6.100
				,"percent": 0.79
				}
			,{
				"<=msec": 6.200
				,"percent": 0.83
				}
			,{
				"<=msec": 6.300
				,"percent": 0.88
				}
			,{
				"<=msec": 6.400
				,"percent": 0.93
				}
			,{
				"<=msec": 6.500
				,"percent": 0.99
				}
			,{
				"<=msec": 6.600
				,"percent": 1.05
				}
			,{
				"<=msec": 6.700
				,"percent": 1.10
				}
			,{
				"<=msec": 6.800
				,"percent": 1.16
				}
			,{
				"<=msec": 6.900
				,"percent": 1.21
				}
			,{
				"<=msec": 7.000
				,"percent": 1.27
				}
			,{
				"<=msec": 7.100
				,"percent": 1.32
				}
			,{
				"<=msec": 7.200
				,"percent": 1.37
				}
			,{
				"<=msec": 7.300
				,"percent": 1.41
				}
			,{
				"<=msec": 7.400
				,"percent": 1.47
				}
			,{
				"<=msec": 7.500
				,"percent": 1.52
				}
			,{
				"<=msec": 7.600
				,"percent": 1.56
				}
			,{
				"<=msec": 7.700
				,"percent": 1.60
				}
			,{
				"<=msec": 7.800
				,"percent": 1.65
				}
			,{
				"<=msec": 7.900
				,"percent": 1.71
				}
			,{
				"<=msec": 8.000
				,"percent": 1.78
				}
			,{
				"<=msec": 8.100
				,"percent": 1.86
				}
			,{
				"<=msec": 8.200
				,"percent": 1.90
				}
			,{
				"<=msec": 8.300
				,"percent": 1.96
				}
			,{
				"<=msec": 8.400
				,"percent": 2.01
				}
			,{
				"<=msec": 8.500
				,"percent": 2.06
				}
			,{
				"<=msec": 8.600
				,"percent": 2.10
				}
			,{
				"<=msec": 8.700
				,"percent": 2.13
				}
			,{
				"<=msec": 8.800
				,"percent": 2.19
				}
			,{
				"<=msec": 8.900
				,"percent": 2.25
				}
			,{
				"<=msec": 9.000
				,"percent": 2.30
				}
			,{
				"<=msec": 9.100
				,"percent": 2.35
				}
			,{
				"<=msec": 9.200
				,"percent": 2.41
				}
			,{
				"<=msec": 9.300
				,"percent": 2.50
				}
			,{
				"<=msec": 9.400
				,"percent": 2.62
				}
			,{
				"<=msec": 9.500
				,"percent": 2.73
				}
			,{
				"<=msec": 9.600
				,"percent": 2.93
				}
			,{
				"<=msec": 9.700
				,"percent": 3.15
				}
			,{
				"<=msec": 9.800
				,"percent": 3.43
				}
			,{
				"<=msec": 9.900
				,"percent": 3.74
				}
			,{
				"<=msec": 10.000
				,"percent": 4.78
				}
			,{
				"<=msec": 11.000
				,"percent": 5.84
				}
			,{
				"<=msec": 12.000
				,"percent": 7.01
				}
			,{
				"<=msec": 13.000
				,"percent": 7.88
				}
			,{
				"<=msec": 14.000
				,"percent": 8.50
				}
			,{
				"<=msec": 15.000
				,"percent": 9.06
				}
			,{
				"<=msec": 16.000
				,"percent": 9.64
				}
			,{
				"<=msec": 17.000
				,"percent": 10.13
				}
			,{
				"<=msec": 18.000
				,"percent": 10.88
				}
			,{
				"<=msec": 19.000
				,"percent": 11.90
				}
			,{
				"<=msec": 20.000
				,"percent": 12.99
				}
			,{
				"<=msec": 21.000
				,"percent": 14.24
				}
			,{
				"<=msec": 22.000
				,"percent": 15.68
				}
			,{
				"<=msec": 23.000
				,"percent": 17.24
				}
			,{
				"<=msec": 24.000
				,"percent": 18.93
				}
			,{
				"<=msec": 25.000
				,"percent": 20.70
				}
			,{
				"<=msec": 26.000
				,"percent": 23.13
				}
			,{
				"<=msec": 27.000
				,"percent": 25.80
				}
			,{
				"<=msec": 28.000
				,"percent": 29.25
				}
			,{
				"<=msec": 29.000
				,"percent": 33.06
				}
			,{
				"<=msec": 30.000
				,"percent": 37.01
				}
			,{
				"<=msec": 31.000
				,"percent": 40.85
				}
			,{
				"<=msec": 32.000
				,"percent": 44.07
				}
			,{
				"<=msec": 33.000
				,"percent": 47.13
				}
			,{
				"<=msec": 34.000
				,"percent": 50.03
				}
			,{
				"<=msec": 35.000
				,"percent": 52.77
				}
			,{
				"<=msec": 36.000
				,"percent": 55.64
				}
			,{
				"<=msec": 37.000
				,"percent": 58.39
				}
			,{
				"<=msec": 38.000
				,"percent": 61.16
				}
			,{
				"<=msec": 39.000
				,"percent": 63.77
				}
			,{
				"<=msec": 40.000
				,"percent": 66.06
				}
			,{
				"<=msec": 41.000
				,"percent": 68.35
				}
			,{
				"<=msec": 42.000
				,"percent": 70.18
				}
			,{
				"<=msec": 43.000
				,"percent": 72.10
				}
			,{
				"<=msec": 44.000
				,"percent": 73.84
				}
			,{
				"<=msec": 45.000
				,"percent": 75.24
				}
			,{
				"<=msec": 46.000
				,"percent": 76.74
				}
			,{
				"<=msec": 47.000
				,"percent": 78.17
				}
			,{
				"<=msec": 48.000
				,"percent": 79.72
				}
			,{
				"<=msec": 49.000
				,"percent": 81.21
				}
			,{
				"<=msec": 50.000
				,"percent": 82.54
				}
			,{
				"<=msec": 51.000
				,"percent": 83.88
				}
			,{
				"<=msec": 52.000
				,"percent": 85.19
				}
			,{
				"<=msec": 53.000
				,"percent": 86.29
				}
			,{
				"<=msec": 54.000
				,"percent": 87.30
				}
			,{
				"<=msec": 55.000
				,"percent": 88.17
				}
			,{
				"<=msec": 56.000
				,"percent": 89.00
				}
			,{
				"<=msec": 57.000
				,"percent": 89.81
				}
			,{
				"<=msec": 58.000
				,"percent": 90.65
				}
			,{
				"<=msec": 59.000
				,"percent": 91.44
				}
			,{
				"<=msec": 60.000
				,"percent": 92.22
				}
			,{
				"<=msec": 61.000
				,"percent": 92.85
				}
			,{
				"<=msec": 62.000
				,"percent": 93.40
				}
			,{
				"<=msec": 63.000
				,"percent": 93.88
				}
			,{
				"<=msec": 64.000
				,"percent": 94.32
				}
			,{
				"<=msec": 65.000
				,"percent": 94.73
				}
			,{
				"<=msec": 66.000
				,"percent": 95.13
				}
			,{
				"<=msec": 67.000
				,"percent": 95.56
				}
			,{
				"<=msec": 68.000
				,"percent": 95.90
				}
			,{
				"<=msec": 69.000
				,"percent": 96.26
				}
			,{
				"<=msec": 70.000
				,"percent": 96.63
				}
			,{
				"<=msec": 71.000
				,"percent": 96.93
				}
			,{
				"<=msec": 72.000
				,"percent": 97.14
				}
			,{
				"<=msec": 73.000
				,"percent": 97.31
				}
			,{
				"<=msec": 74.000
				,"percent": 97.47
				}
			,{
				"<=msec": 75.000
				,"percent": 97.64
				}
			,{
				"<=msec": 76.000
				,"percent": 97.79
				}
			,{
				"<=msec": 77.000
				,"percent": 97.97
				}
			,{
				"<=msec": 78.000
				,"percent": 98.13
				}
			,{
				"<=msec": 79.000
				,"percent": 98.27
				}
			,{
				"<=msec": 80.000
				,"percent": 98.37
				}
			,{
				"<=msec": 81.000
				,"percent": 98.49
				}
			,{
				"<=msec": 82.000
				,"percent": 98.62
				}
			,{
				"<=msec": 83.000
				,"percent": 98.71
				}
			,{
				"<=msec": 84.000
				,"percent": 98.81
				}
			,{
				"<=msec": 85.000
				,"percent": 98.90
				}
			,{
				"<=msec": 86.000
				,"percent": 98.96
				}
			,{
				"<=msec": 87.000
				,"percent": 99.04
				}
			,{
				"<=msec": 88.000
				,"percent": 99.12
				}
			,{
				"<=msec": 89.000
				,"percent": 99.19
				}
			,{
				"<=msec": 90.000
				,"percent": 99.28
				}
			,{
				"<=msec": 91.000
				,"percent": 99.34
				}
			,{
				"<=msec": 92.000
				,"percent": 99.41
				}
			,{
				"<=msec": 93.000
				,"percent": 99.47
				}
			,{
				"<=msec": 94.000
				,"percent": 99.51
				}
			,{
				"<=msec": 95.000
				,"percent": 99.55
				}
			,{
				"<=msec": 96.000
				,"percent": 99.58
				}
			,{
				"<=msec": 97.000
				,"percent": 99.62
				}
			,{
				"<=msec": 98.000
				,"percent": 99.65
				}
			,{
				"<=msec": 99.000
				,"percent": 99.67
				}
			,{
				"<=msec": 100.000
				,"percent": 99.80
				}
			,{
				"<=msec": 110.000
				,"percent": 99.91
				}
			,{
				"<=msec": 120.000
				,"percent": 99.98
				}
			,{
				"<=msec": 130.000
				,"percent": 99.99
				}
			,{
				"<=msec": 140.000
				,"percent": 100.00
				}
			,{
				"<=msec": 160.000
				,"percent": 100.00
				}
			]
		,"GET":[
			{
				"<=msec": 3.700
				,"percent": 0.01
				}
			,{
				"<=msec": 3.800
				,"percent": 0.04
				}
			,{
				"<=msec": 3.900
				,"percent": 0.09
				}
			,{
				"<=msec": 4.000
				,"percent": 0.15
				}
			,{
				"<=msec": 4.100
				,"percent": 0.22
				}
			,{
				"<=msec": 4.200
				,"percent": 0.30
				}
			,{
				"<=msec": 4.300
				,"percent": 0.40
				}
			,{
				"<=msec": 4.400
				,"percent": 0.54
				}
			,{
				"<=msec": 4.500
				,"percent": 0.66
				}
			,{
				"<=msec": 4.600
				,"percent": 0.80
				}
			,{
				"<=msec": 4.700
				,"percent": 0.90
				}
			,{
				"<=msec": 4.800
				,"percent": 1.03
				}
			,{
				"<=msec": 4.900
				,"percent": 1.15
				}
			,{
				"<=msec": 5.000
				,"percent": 1.26
				}
			,{
				"<=msec": 5.100
				,"percent": 1.35
				}
			,{
				"<=msec": 5.200
				,"percent": 1.45
				}
			,{
				"<=msec": 5.300
				,"percent": 1.53
				}
			,{
				"<=msec": 5.400
				,"percent": 1.62
				}
			,{
				"<=msec": 5.500
				,"percent": 1.68
				}
			,{
				"<=msec": 5.600
				,"percent": 1.77
				}
			,{
				"<=msec": 5.700
				,"percent": 1.85
				}
			,{
				"<=msec": 5.800
				,"percent": 1.90
				}
			,{
				"<=msec": 5.900
				,"percent": 1.99
				}
			,{
				"<=msec": 6.000
				,"percent": 2.08
				}
			,{
				"<=msec": 6.100
				,"percent": 2.13
				}
			,{
				"<=msec": 6.200
				,"percent": 2.20
				}
			,{
				"<=msec": 6.300
				,"percent": 2.29
				}
			,{
				"<=msec": 6.400
				,"percent": 2.38
				}
			,{
				"<=msec": 6.500
				,"percent": 2.44
				}
			,{
				"<=msec": 6.600
				,"percent": 2.50
				}
			,{
				"<=msec": 6.700
				,"percent": 2.54
				}
			,{
				"<=msec": 6.800
				,"percent": 2.61
				}
			,{
				"<=msec": 6.900
				,"percent": 2.66
				}
			,{
				"<=msec": 7.000
				,"percent": 2.71
				}
			,{
				"<=msec": 7.100
				,"percent": 2.75
				}
			,{
				"<=msec": 7.200
				,"percent": 2.82
				}
			,{
				"<=msec": 7.300
				,"percent": 2.88
				}
			,{
				"<=msec": 7.400
				,"percent": 2.93
				}
			,{
				"<=msec": 7.500
				,"percent": 2.98
				}
			,{
				"<=msec": 7.600
				,"percent": 3.05
				}
			,{
				"<=msec": 7.700
				,"percent": 3.11
				}
			,{
				"<=msec": 7.800
				,"percent": 3.16
				}
			,{
				"<=msec": 7.900
				,"percent": 3.21
				}
			,{
				"<=msec": 8.000
				,"percent": 3.26
				}
			,{
				"<=msec": 8.100
				,"percent": 3.29
				}
			,{
				"<=msec": 8.200
				,"percent": 3.34
				}
			,{
				"<=msec": 8.300
				,"percent": 3.37
				}
			,{
				"<=msec": 8.400
				,"percent": 3.43
				}
			,{
				"<=msec": 8.500
				,"percent": 3.49
				}
			,{
				"<=msec": 8.600
				,"percent": 3.54
				}
			,{
				"<=msec": 8.700
				,"percent": 3.60
				}
			,{
				"<=msec": 8.800
				,"percent": 3.65
				}
			,{
				"<=msec": 8.900
				,"percent": 3.69
				}
			,{
				"<=msec": 9.000
				,"percent": 3.77
				}
			,{
				"<=msec": 9.100
				,"percent": 3.84
				}
			,{
				"<=msec": 9.200
				,"percent": 3.92
				}
			,{
				"<=msec": 9.300
				,"percent": 4.03
				}
			,{
				"<=msec": 9.400
				,"percent": 4.19
				}
			,{
				"<=msec": 9.500
				,"percent": 4.37
				}
			,{
				"<=msec": 9.600
				,"percent": 4.59
				}
			,{
				"<=msec": 9.700
				,"percent": 4.93
				}
			,{
				"<=msec": 9.800
				,"percent": 5.26
				}
			,{
				"<=msec": 9.900
				,"percent": 5.56
				}
			,{
				"<=msec": 10.000
				,"percent": 6.69
				}
			,{
				"<=msec": 11.000
				,"percent": 8.09
				}
			,{
				"<=msec": 12.000
				,"percent": 9.60
				}
			,{
				"<=msec": 13.000
				,"percent": 10.64
				}
			,{
				"<=msec": 14.000
				,"percent": 11.52
				}
			,{
				"<=msec": 15.000
				,"percent": 12.45
				}
			,{
				"<=msec": 16.000
				,"percent": 13.38
				}
			,{
				"<=msec": 17.000
				,"percent": 14.28
				}
			,{
				"<=msec": 18.000
				,"percent": 15.50
				}
			,{
				"<=msec": 19.000
				,"percent": 17.20
				}
			,{
				"<=msec": 20.000
				,"percent": 19.69
				}
			,{
				"<=msec": 21.000
				,"percent": 23.01
				}
			,{
				"<=msec": 22.000
				,"percent": 26.75
				}
			,{
				"<=msec": 23.000
				,"percent": 30.50
				}
			,{
				"<=msec": 24.000
				,"percent": 34.13
				}
			,{
				"<=msec": 25.000
				,"percent": 37.69
				}
			,{
				"<=msec": 26.000
				,"percent": 41.30
				}
			,{
				"<=msec": 27.000
				,"percent": 45.26
				}
			,{
				"<=msec": 28.000
				,"percent": 49.53
				}
			,{
				"<=msec": 29.000
				,"percent": 54.50
				}
			,{
				"<=msec": 30.000
				,"percent": 59.18
				}
			,{
				"<=msec": 31.000
				,"percent": 63.28
				}
			,{
				"<=msec": 32.000
				,"percent": 66.44
				}
			,{
				"<=msec": 33.000
				,"percent": 69.29
				}
			,{
				"<=msec": 34.000
				,"percent": 71.64
				}
			,{
				"<=msec": 35.000
				,"percent": 73.68
				}
			,{
				"<=msec": 36.000
				,"percent": 75.61
				}
			,{
				"<=msec": 37.000
				,"percent": 77.48
				}
			,{
				"<=msec": 38.000
				,"percent": 79.23
				}
			,{
				"<=msec": 39.000
				,"percent": 81.03
				}
			,{
				"<=msec": 40.000
				,"percent": 82.63
				}
			,{
				"<=msec": 41.000
				,"percent": 84.10
				}
			,{
				"<=msec": 42.000
				,"percent": 85.31
				}
			,{
				"<=msec": 43.000
				,"percent": 86.29
				}
			,{
				"<=msec": 44.000
				,"percent": 87.19
				}
			,{
				"<=msec": 45.000
				,"percent": 88.03
				}
			,{
				"<=msec": 46.000
				,"percent": 88.91
				}
			,{
				"<=msec": 47.000
				,"percent": 89.61
				}
			,{
				"<=msec": 48.000
				,"percent": 90.42
				}
			,{
				"<=msec": 49.000
				,"percent": 91.29
				}
			,{
				"<=msec": 50.000
				,"percent": 92.01
				}
			,{
				"<=msec": 51.000
				,"percent": 92.68
				}
			,{
				"<=msec": 52.000
				,"percent": 93.35
				}
			,{
				"<=msec": 53.000
				,"percent": 93.94
				}
			,{
				"<=msec": 54.000
				,"percent": 94.41
				}
			,{
				"<=msec": 55.000
				,"percent": 94.79
				}
			,{
				"<=msec": 56.000
				,"percent": 95.14
				}
			,{
				"<=msec": 57.000
				,"percent": 95.51
				}
			,{
				"<=msec": 58.000
				,"percent": 95.88
				}
			,{
				"<=msec": 59.000
				,"percent": 96.29
				}
			,{
				"<=msec": 60.000
				,"percent": 96.58
				}
			,{
				"<=msec": 61.000
				,"percent": 96.89
				}
			,{
				"<=msec": 62.000
				,"percent": 97.15
				}
			,{
				"<=msec": 63.000
				,"percent": 97.36
				}
			,{
				"<=msec": 64.000
				,"percent": 97.53
				}
			,{
				"<=msec": 65.000
				,"percent": 97.72
				}
			,{
				"<=msec": 66.000
				,"percent": 97.88
				}
			,{
				"<=msec": 67.000
				,"percent": 98.06
				}
			,{
				"<=msec": 68.000
				,"percent": 98.22
				}
			,{
				"<=msec": 69.000
				,"percent": 98.37
				}
			,{
				"<=msec": 70.000
				,"percent": 98.51
				}
			,{
				"<=msec": 71.000
				,"percent": 98.67
				}
			,{
				"<=msec": 72.000
				,"percent": 98.80
				}
			,{
				"<=msec": 73.000
				,"percent": 98.86
				}
			,{
				"<=msec": 74.000
				,"percent": 98.98
				}
			,{
				"<=msec": 75.000
				,"percent": 99.05
				}
			,{
				"<=msec": 76.000
				,"percent": 99.11
				}
			,{
				"<=msec": 77.000
				,"percent": 99.19
				}
			,{
				"<=msec": 78.000
				,"percent": 99.25
				}
			,{
				"<=msec": 79.000
				,"percent": 99.33
				}
			,{
				"<=msec": 80.000
				,"percent": 99.39
				}
			,{
				"<=msec": 81.000
				,"percent": 99.42
				}
			,{
				"<=msec": 82.000
				,"percent": 99.48
				}
			,{
				"<=msec": 83.000
				,"percent": 99.51
				}
			,{
				"<=msec": 84.000
				,"percent": 99.54
				}
			,{
				"<=msec": 85.000
				,"percent": 99.57
				}
			,{
				"<=msec": 86.000
				,"percent": 99.60
				}
			,{
				"<=msec": 87.000
				,"percent": 99.62
				}
			,{
				"<=msec": 88.000
				,"percent": 99.64
				}
			,{
				"<=msec": 89.000
				,"percent": 99.67
				}
			,{
				"<=msec": 90.000
				,"percent": 99.70
				}
			,{
				"<=msec": 91.000
				,"percent": 99.72
				}
			,{
				"<=msec": 92.000
				,"percent": 99.74
				}
			,{
				"<=msec": 93.000
				,"percent": 99.76
				}
			,{
				"<=msec": 94.000
				,"percent": 99.78
				}
			,{
				"<=msec": 95.000
				,"percent": 99.79
				}
			,{
				"<=msec": 96.000
				,"percent": 99.81
				}
			,{
				"<=msec": 97.000
				,"percent": 99.82
				}
			,{
				"<=msec": 98.000
				,"percent": 99.83
				}
			,{
				"<=msec": 99.000
				,"percent": 99.84
				}
			,{
				"<=msec": 100.000
				,"percent": 99.88
				}
			,{
				"<=msec": 110.000
				,"percent": 99.96
				}
			,{
				"<=msec": 120.000
				,"percent": 99.99
				}
			,{
				"<=msec": 130.000
				,"percent": 100.00
				}
			,{
				"<=msec": 140.000
				,"percent": 100.00
				}
			]
		,"WAIT":[
		]
		}
	}
