{
	"configuration":{
		"server": "10.0.0.9"
		,"port": 6379
		,"unix socket": "(null)"
		,"protocol": "memcache_text"
		,"out_file": "(null)"
		,"client_stats": "(null)"
		,"run_count": 1
		,"debug": 0
		,"requests": 0
		,"clients": 32
		,"threads": 1
		,"test_time": 75
		,"ratio": "1:1"
		,"pipeline": 1
		,"data_size": 1024
		,"data_offset": 0
		,"random_data": "false"
		,"data_size_range": "0:0"
		,"data_size_list": ""
		,"data_size_pattern": "R"
		,"expiry_range": "9999:10000"
		,"data_import": "(null)"
		,"data_verify": "false"
		,"verify_only": "false"
		,"generate_keys": "false"
		,"key_prefix": "memtier-"
		,"key_minimum":           0
		,"key_maximum":       10000
		,"key_pattern": "R:R"
		,"key_stddev": 0.000000
		,"key_median": 0.000000
		,"reconnect_interval": 0
		,"multi_key_get": 0
		,"authenticate": ""
		,"select-db": 0
		,"no-expiry": "false"
		,"wait-ratio": "0:0"
		,"num-slaves": "0:0"
		,"wait-timeout": "0-0"
		}
	,"run information":{
		"Threads": 1
		,"Connections per thread": 32
		,"Seconds": 75
		}
	,"ALL STATS":{
		"Sets":{
			"Ops/sec": 573.31
			,"Hits/sec": 0.00
			,"Misses/sec": 0.00
			,"Latency": 29.86
			,"KB/sec": 595.93
			}
		,"Gets":{
			"Ops/sec": 573.01
			,"Hits/sec": 573.01
			,"Misses/sec": 0.00
			,"Latency": 25.96
			,"KB/sec": 601.98
			}
		,"Waits":{
			"Ops/sec": 0.00
			,"Hits/sec": 0.00
			,"Misses/sec": 0.00
			,"Latency": 0.00
			,"KB/sec": 0.00
			}
		,"Totals":{
			"Ops/sec": 1146.32
			,"Hits/sec": 573.01
			,"Misses/sec": 0.00
			,"Latency": 27.91
			,"KB/sec": 1197.91
			}
		,"SET":[
			{
				"<=msec": 1.500
				,"percent": 0.00
				}
			,{
				"<=msec": 1.600
				,"percent": 0.02
				}
			,{
				"<=msec": 1.700
				,"percent": 0.04
				}
			,{
				"<=msec": 1.800
				,"percent": 0.10
				}
			,{
				"<=msec": 1.900
				,"percent": 0.15
				}
			,{
				"<=msec": 2.000
				,"percent": 0.23
				}
			,{
				"<=msec": 2.100
				,"percent": 0.32
				}
			,{
				"<=msec": 2.200
				,"percent": 0.39
				}
			,{
				"<=msec": 2.300
				,"percent": 0.46
				}
			,{
				"<=msec": 2.400
				,"percent": 0.54
				}
			,{
				"<=msec": 2.500
				,"percent": 0.62
				}
			,{
				"<=msec": 2.600
				,"percent": 0.69
				}
			,{
				"<=msec": 2.700
				,"percent": 0.79
				}
			,{
				"<=msec": 2.800
				,"percent": 0.86
				}
			,{
				"<=msec": 2.900
				,"percent": 0.93
				}
			,{
				"<=msec": 3.000
				,"percent": 1.01
				}
			,{
				"<=msec": 3.100
				,"percent": 1.09
				}
			,{
				"<=msec": 3.200
				,"percent": 1.17
				}
			,{
				"<=msec": 3.300
				,"percent": 1.23
				}
			,{
				"<=msec": 3.400
				,"percent": 1.28
				}
			,{
				"<=msec": 3.500
				,"percent": 1.33
				}
			,{
				"<=msec": 3.600
				,"percent": 1.39
				}
			,{
				"<=msec": 3.700
				,"percent": 1.47
				}
			,{
				"<=msec": 3.800
				,"percent": 1.54
				}
			,{
				"<=msec": 3.900
				,"percent": 1.60
				}
			,{
				"<=msec": 4.000
				,"percent": 1.67
				}
			,{
				"<=msec": 4.100
				,"percent": 1.73
				}
			,{
				"<=msec": 4.200
				,"percent": 1.79
				}
			,{
				"<=msec": 4.300
				,"percent": 1.86
				}
			,{
				"<=msec": 4.400
				,"percent": 1.92
				}
			,{
				"<=msec": 4.500
				,"percent": 1.98
				}
			,{
				"<=msec": 4.600
				,"percent": 2.04
				}
			,{
				"<=msec": 4.700
				,"percent": 2.09
				}
			,{
				"<=msec": 4.800
				,"percent": 2.13
				}
			,{
				"<=msec": 4.900
				,"percent": 2.18
				}
			,{
				"<=msec": 5.000
				,"percent": 2.24
				}
			,{
				"<=msec": 5.100
				,"percent": 2.28
				}
			,{
				"<=msec": 5.200
				,"percent": 2.33
				}
			,{
				"<=msec": 5.300
				,"percent": 2.38
				}
			,{
				"<=msec": 5.400
				,"percent": 2.42
				}
			,{
				"<=msec": 5.500
				,"percent": 2.48
				}
			,{
				"<=msec": 5.600
				,"percent": 2.52
				}
			,{
				"<=msec": 5.700
				,"percent": 2.57
				}
			,{
				"<=msec": 5.800
				,"percent": 2.63
				}
			,{
				"<=msec": 5.900
				,"percent": 2.71
				}
			,{
				"<=msec": 6.000
				,"percent": 2.79
				}
			,{
				"<=msec": 6.100
				,"percent": 2.86
				}
			,{
				"<=msec": 6.200
				,"percent": 2.93
				}
			,{
				"<=msec": 6.300
				,"percent": 2.99
				}
			,{
				"<=msec": 6.400
				,"percent": 3.07
				}
			,{
				"<=msec": 6.500
				,"percent": 3.14
				}
			,{
				"<=msec": 6.600
				,"percent": 3.21
				}
			,{
				"<=msec": 6.700
				,"percent": 3.30
				}
			,{
				"<=msec": 6.800
				,"percent": 3.40
				}
			,{
				"<=msec": 6.900
				,"percent": 3.52
				}
			,{
				"<=msec": 7.000
				,"percent": 3.61
				}
			,{
				"<=msec": 7.100
				,"percent": 3.71
				}
			,{
				"<=msec": 7.200
				,"percent": 3.84
				}
			,{
				"<=msec": 7.300
				,"percent": 3.97
				}
			,{
				"<=msec": 7.400
				,"percent": 4.09
				}
			,{
				"<=msec": 7.500
				,"percent": 4.21
				}
			,{
				"<=msec": 7.600
				,"percent": 4.34
				}
			,{
				"<=msec": 7.700
				,"percent": 4.47
				}
			,{
				"<=msec": 7.800
				,"percent": 4.62
				}
			,{
				"<=msec": 7.900
				,"percent": 4.72
				}
			,{
				"<=msec": 8.000
				,"percent": 4.85
				}
			,{
				"<=msec": 8.100
				,"percent": 4.98
				}
			,{
				"<=msec": 8.200
				,"percent": 5.08
				}
			,{
				"<=msec": 8.300
				,"percent": 5.18
				}
			,{
				"<=msec": 8.400
				,"percent": 5.33
				}
			,{
				"<=msec": 8.500
				,"percent": 5.47
				}
			,{
				"<=msec": 8.600
				,"percent": 5.64
				}
			,{
				"<=msec": 8.700
				,"percent": 5.75
				}
			,{
				"<=msec": 8.800
				,"percent": 5.86
				}
			,{
				"<=msec": 8.900
				,"percent": 5.97
				}
			,{
				"<=msec": 9.000
				,"percent": 6.09
				}
			,{
				"<=msec": 9.100
				,"percent": 6.20
				}
			,{
				"<=msec": 9.200
				,"percent": 6.30
				}
			,{
				"<=msec": 9.300
				,"percent": 6.40
				}
			,{
				"<=msec": 9.400
				,"percent": 6.47
				}
			,{
				"<=msec": 9.500
				,"percent": 6.58
				}
			,{
				"<=msec": 9.600
				,"percent": 6.67
				}
			,{
				"<=msec": 9.700
				,"percent": 6.80
				}
			,{
				"<=msec": 9.800
				,"percent": 6.88
				}
			,{
				"<=msec": 9.900
				,"percent": 6.98
				}
			,{
				"<=msec": 10.000
				,"percent": 7.59
				}
			,{
				"<=msec": 11.000
				,"percent": 8.72
				}
			,{
				"<=msec": 12.000
				,"percent": 9.92
				}
			,{
				"<=msec": 13.000
				,"percent": 11.34
				}
			,{
				"<=msec": 14.000
				,"percent": 12.46
				}
			,{
				"<=msec": 15.000
				,"percent": 13.48
				}
			,{
				"<=msec": 16.000
				,"percent": 14.56
				}
			,{
				"<=msec": 17.000
				,"percent": 15.99
				}
			,{
				"<=msec": 18.000
				,"percent": 17.88
				}
			,{
				"<=msec": 19.000
				,"percent": 20.77
				}
			,{
				"<=msec": 20.000
				,"percent": 24.96
				}
			,{
				"<=msec": 21.000
				,"percent": 29.22
				}
			,{
				"<=msec": 22.000
				,"percent": 33.09
				}
			,{
				"<=msec": 23.000
				,"percent": 36.25
				}
			,{
				"<=msec": 24.000
				,"percent": 38.91
				}
			,{
				"<=msec": 25.000
				,"percent": 41.60
				}
			,{
				"<=msec": 26.000
				,"percent": 44.73
				}
			,{
				"<=msec": 27.000
				,"percent": 48.62
				}
			,{
				"<=msec": 28.000
				,"percent": 53.18
				}
			,{
				"<=msec": 29.000
				,"percent": 58.00
				}
			,{
				"<=msec": 30.000
				,"percent": 62.08
				}
			,{
				"<=msec": 31.000
				,"percent": 65.28
				}
			,{
				"<=msec": 32.000
				,"percent": 67.76
				}
			,{
				"<=msec": 33.000
				,"percent": 69.83
				}
			,{
				"<=msec": 34.000
				,"percent": 71.68
				}
			,{
				"<=msec": 35.000
				,"percent": 73.25
				}
			,{
				"<=msec": 36.000
				,"percent": 75.06
				}
			,{
				"<=msec": 37.000
				,"percent": 76.82
				}
			,{
				"<=msec": 38.000
				,"percent": 78.50
				}
			,{
				"<=msec": 39.000
				,"percent": 80.14
				}
			,{
				"<=msec": 40.000
				,"percent": 81.67
				}
			,{
				"<=msec": 41.000
				,"percent": 82.84
				}
			,{
				"<=msec": 42.000
				,"percent": 83.80
				}
			,{
				"<=msec": 43.000
				,"percent": 84.66
				}
			,{
				"<=msec": 44.000
				,"percent": 85.49
				}
			,{
				"<=msec": 45.000
				,"percent": 86.21
				}
			,{
				"<=msec": 46.000
				,"percent": 86.93
				}
			,{
				"<=msec": 47.000
				,"percent": 87.69
				}
			,{
				"<=msec": 48.000
				,"percent": 88.52
				}
			,{
				"<=msec": 49.000
				,"percent": 89.42
				}
			,{
				"<=msec": 50.000
				,"percent": 90.22
				}
			,{
				"<=msec": 51.000
				,"percent": 91.03
				}
			,{
				"<=msec": 52.000
				,"percent": 91.56
				}
			,{
				"<=msec": 53.000
				,"percent": 92.14
				}
			,{
				"<=msec": 54.000
				,"percent": 92.62
				}
			,{
				"<=msec": 55.000
				,"percent": 93.13
				}
			,{
				"<=msec": 56.000
				,"percent": 93.65
				}
			,{
				"<=msec": 57.000
				,"percent": 94.19
				}
			,{
				"<=msec": 58.000
				,"percent": 94.70
				}
			,{
				"<=msec": 59.000
				,"percent": 95.21
				}
			,{
				"<=msec": 60.000
				,"percent": 95.60
				}
			,{
				"<=msec": 61.000
				,"percent": 95.94
				}
			,{
				"<=msec": 62.000
				,"percent": 96.23
				}
			,{
				"<=msec": 63.000
				,"percent": 96.50
				}
			,{
				"<=msec": 64.000
				,"percent": 96.78
				}
			,{
				"<=msec": 65.000
				,"percent": 97.01
				}
			,{
				"<=msec": 66.000
				,"percent": 97.23
				}
			,{
				"<=msec": 67.000
				,"percent": 97.45
				}
			,{
				"<=msec": 68.000
				,"percent": 97.63
				}
			,{
				"<=msec": 69.000
				,"percent": 97.78
				}
			,{
				"<=msec": 70.000
				,"percent": 97.96
				}
			,{
				"<=msec": 71.000
				,"percent": 98.10
				}
			,{
				"<=msec": 72.000
				,"percent": 98.22
				}
			,{
				"<=msec": 73.000
				,"percent": 98.38
				}
			,{
				"<=msec": 74.000
				,"percent": 98.49
				}
			,{
				"<=msec": 75.000
				,"percent": 98.55
				}
			,{
				"<=msec": 76.000
				,"percent": 98.66
				}
			,{
				"<=msec": 77.000
				,"percent": 98.78
				}
			,{
				"<=msec": 78.000
				,"percent": 98.90
				}
			,{
				"<=msec": 79.000
				,"percent": 98.99
				}
			,{
				"<=msec": 80.000
				,"percent": 99.08
				}
			,{
				"<=msec": 81.000
				,"percent": 99.15
				}
			,{
				"<=msec": 82.000
				,"percent": 99.22
				}
			,{
				"<=msec": 83.000
				,"percent": 99.28
				}
			,{
				"<=msec": 84.000
				,"percent": 99.34
				}
			,{
				"<=msec": 85.000
				,"percent": 99.39
				}
			,{
				"<=msec": 86.000
				,"percent": 99.45
				}
			,{
				"<=msec": 87.000
				,"percent": 99.50
				}
			,{
				"<=msec": 88.000
				,"percent": 99.54
				}
			,{
				"<=msec": 89.000
				,"percent": 99.58
				}
			,{
				"<=msec": 90.000
				,"percent": 99.64
				}
			,{
				"<=msec": 91.000
				,"percent": 99.67
				}
			,{
				"<=msec": 92.000
				,"percent": 99.69
				}
			,{
				"<=msec": 93.000
				,"percent": 99.71
				}
			,{
				"<=msec": 94.000
				,"percent": 99.73
				}
			,{
				"<=msec": 95.000
				,"percent": 99.76
				}
			,{
				"<=msec": 96.000
				,"percent": 99.77
				}
			,{
				"<=msec": 97.000
				,"percent": 99.79
				}
			,{
				"<=msec": 98.000
				,"percent": 99.80
				}
			,{
				"<=msec": 99.000
				,"percent": 99.84
				}
			,{
				"<=msec": 100.000
				,"percent": 99.87
				}
			,{
				"<=msec": 110.000
				,"percent": 99.93
				}
			,{
				"<=msec": 120.000
				,"percent": 99.96
				}
			,{
				"<=msec": 130.000
				,"percent": 99.98
				}
			,{
				"<=msec": 140.000
				,"percent": 100.00
				}
			,{
				"<=msec": 150.000
				,"percent": 100.00
				}
			]
		,"GET":[
			{
				"<=msec": 1.000
				,"percent": 0.00
				}
			,{
				"<=msec": 1.100
				,"percent": 0.01
				}
			,{
				"<=msec": 1.200
				,"percent": 0.02
				}
			,{
				"<=msec": 1.300
				,"percent": 0.03
				}
			,{
				"<=msec": 1.400
				,"percent": 0.05
				}
			,{
				"<=msec": 1.500
				,"percent": 0.10
				}
			,{
				"<=msec": 1.600
				,"percent": 0.16
				}
			,{
				"<=msec": 1.700
				,"percent": 0.26
				}
			,{
				"<=msec": 1.800
				,"percent": 0.37
				}
			,{
				"<=msec": 1.900
				,"percent": 0.50
				}
			,{
				"<=msec": 2.000
				,"percent": 0.69
				}
			,{
				"<=msec": 2.100
				,"percent": 0.85
				}
			,{
				"<=msec": 2.200
				,"percent": 0.99
				}
			,{
				"<=msec": 2.300
				,"percent": 1.14
				}
			,{
				"<=msec": 2.400
				,"percent": 1.28
				}
			,{
				"<=msec": 2.500
				,"percent": 1.43
				}
			,{
				"<=msec": 2.600
				,"percent": 1.58
				}
			,{
				"<=msec": 2.700
				,"percent": 1.69
				}
			,{
				"<=msec": 2.800
				,"percent": 1.82
				}
			,{
				"<=msec": 2.900
				,"percent": 1.96
				}
			,{
				"<=msec": 3.000
				,"percent": 2.09
				}
			,{
				"<=msec": 3.100
				,"percent": 2.22
				}
			,{
				"<=msec": 3.200
				,"percent": 2.36
				}
			,{
				"<=msec": 3.300
				,"percent": 2.49
				}
			,{
				"<=msec": 3.400
				,"percent": 2.62
				}
			,{
				"<=msec": 3.500
				,"percent": 2.70
				}
			,{
				"<=msec": 3.600
				,"percent": 2.79
				}
			,{
				"<=msec": 3.700
				,"percent": 2.87
				}
			,{
				"<=msec": 3.800
				,"percent": 2.96
				}
			,{
				"<=msec": 3.900
				,"percent": 3.06
				}
			,{
				"<=msec": 4.000
				,"percent": 3.13
				}
			,{
				"<=msec": 4.100
				,"percent": 3.23
				}
			,{
				"<=msec": 4.200
				,"percent": 3.32
				}
			,{
				"<=msec": 4.300
				,"percent": 3.39
				}
			,{
				"<=msec": 4.400
				,"percent": 3.50
				}
			,{
				"<=msec": 4.500
				,"percent": 3.56
				}
			,{
				"<=msec": 4.600
				,"percent": 3.65
				}
			,{
				"<=msec": 4.700
				,"percent": 3.72
				}
			,{
				"<=msec": 4.800
				,"percent": 3.78
				}
			,{
				"<=msec": 4.900
				,"percent": 3.87
				}
			,{
				"<=msec": 5.000
				,"percent": 3.94
				}
			,{
				"<=msec": 5.100
				,"percent": 3.99
				}
			,{
				"<=msec": 5.200
				,"percent": 4.05
				}
			,{
				"<=msec": 5.300
				,"percent": 4.13
				}
			,{
				"<=msec": 5.400
				,"percent": 4.20
				}
			,{
				"<=msec": 5.500
				,"percent": 4.27
				}
			,{
				"<=msec": 5.600
				,"percent": 4.34
				}
			,{
				"<=msec": 5.700
				,"percent": 4.43
				}
			,{
				"<=msec": 5.800
				,"percent": 4.52
				}
			,{
				"<=msec": 5.900
				,"percent": 4.59
				}
			,{
				"<=msec": 6.000
				,"percent": 4.65
				}
			,{
				"<=msec": 6.100
				,"percent": 4.72
				}
			,{
				"<=msec": 6.200
				,"percent": 4.82
				}
			,{
				"<=msec": 6.300
				,"percent": 4.91
				}
			,{
				"<=msec": 6.400
				,"percent": 5.00
				}
			,{
				"<=msec": 6.500
				,"percent": 5.08
				}
			,{
				"<=msec": 6.600
				,"percent": 5.18
				}
			,{
				"<=msec": 6.700
				,"percent": 5.24
				}
			,{
				"<=msec": 6.800
				,"percent": 5.35
				}
			,{
				"<=msec": 6.900
				,"percent": 5.44
				}
			,{
				"<=msec": 7.000
				,"percent": 5.57
				}
			,{
				"<=msec": 7.100
				,"percent": 5.68
				}
			,{
				"<=msec": 7.200
				,"percent": 5.81
				}
			,{
				"<=msec": 7.300
				,"percent": 5.92
				}
			,{
				"<=msec": 7.400
				,"percent": 6.05
				}
			,{
				"<=msec": 7.500
				,"percent": 6.21
				}
			,{
				"<=msec": 7.600
				,"percent": 6.36
				}
			,{
				"<=msec": 7.700
				,"percent": 6.52
				}
			,{
				"<=msec": 7.800
				,"percent": 6.62
				}
			,{
				"<=msec": 7.900
				,"percent": 6.75
				}
			,{
				"<=msec": 8.000
				,"percent": 6.87
				}
			,{
				"<=msec": 8.100
				,"percent": 7.02
				}
			,{
				"<=msec": 8.200
				,"percent": 7.14
				}
			,{
				"<=msec": 8.300
				,"percent": 7.27
				}
			,{
				"<=msec": 8.400
				,"percent": 7.37
				}
			,{
				"<=msec": 8.500
				,"percent": 7.45
				}
			,{
				"<=msec": 8.600
				,"percent": 7.56
				}
			,{
				"<=msec": 8.700
				,"percent": 7.66
				}
			,{
				"<=msec": 8.800
				,"percent": 7.79
				}
			,{
				"<=msec": 8.900
				,"percent": 7.88
				}
			,{
				"<=msec": 9.000
				,"percent": 8.01
				}
			,{
				"<=msec": 9.100
				,"percent": 8.13
				}
			,{
				"<=msec": 9.200
				,"percent": 8.23
				}
			,{
				"<=msec": 9.300
				,"percent": 8.34
				}
			,{
				"<=msec": 9.400
				,"percent": 8.48
				}
			,{
				"<=msec": 9.500
				,"percent": 8.59
				}
			,{
				"<=msec": 9.600
				,"percent": 8.74
				}
			,{
				"<=msec": 9.700
				,"percent": 8.88
				}
			,{
				"<=msec": 9.800
				,"percent": 9.04
				}
			,{
				"<=msec": 9.900
				,"percent": 9.18
				}
			,{
				"<=msec": 10.000
				,"percent": 10.00
				}
			,{
				"<=msec": 11.000
				,"percent": 11.65
				}
			,{
				"<=msec": 12.000
				,"percent": 13.77
				}
			,{
				"<=msec": 13.000
				,"percent": 15.95
				}
			,{
				"<=msec": 14.000
				,"percent": 17.78
				}
			,{
				"<=msec": 15.000
				,"percent": 19.12
				}
			,{
				"<=msec": 16.000
				,"percent": 20.55
				}
			,{
				"<=msec": 17.000
				,"percent": 22.29
				}
			,{
				"<=msec": 18.000
				,"percent": 24.82
				}
			,{
				"<=msec": 19.000
				,"percent": 28.94
				}
			,{
				"<=msec": 20.000
				,"percent": 34.85
				}
			,{
				"<=msec": 21.000
				,"percent": 40.86
				}
			,{
				"<=msec": 22.000
				,"percent": 45.74
				}
			,{
				"<=msec": 23.000
				,"percent": 49.54
				}
			,{
				"<=msec": 24.000
				,"percent": 52.58
				}
			,{
				"<=msec": 25.000
				,"percent": 55.31
				}
			,{
				"<=msec": 26.000
				,"percent": 58.42
				}
			,{
				"<=msec": 27.000
				,"percent": 61.87
				}
			,{
				"<=msec": 28.000
				,"percent": 66.13
				}
			,{
				"<=msec": 29.000
				,"percent": 70.27
				}
			,{
				"<=msec": 30.000
				,"percent": 73.89
				}
			,{
				"<=msec": 31.000
				,"percent": 76.64
				}
			,{
				"<=msec": 32.000
				,"percent": 78.75
				}
			,{
				"<=msec": 33.000
				,"percent": 80.36
				}
			,{
				"<=msec": 34.000
				,"percent": 81.60
				}
			,{
				"<=msec": 35.000
				,"percent": 82.70
				}
			,{
				"<=msec": 36.000
				,"percent": 83.83
				}
			,{
				"<=msec": 37.000
				,"percent": 85.00
				}
			,{
				"<=msec": 38.000
				,"percent": 86.15
				}
			,{
				"<=msec": 39.000
				,"percent": 87.22
				}
			,{
				"<=msec": 40.000
				,"percent": 88.16
				}
			,{
				"<=msec": 41.000
				,"percent": 89.03
				}
			,{
				"<=msec": 42.000
				,"percent": 89.64
				}
			,{
				"<=msec": 43.000
				,"percent": 90.18
				}
			,{
				"<=msec": 44.000
				,"percent": 90.72
				}
			,{
				"<=msec": 45.000
				,"percent": 91.20
				}
			,{
				"<=msec": 46.000
				,"percent": 91.68
				}
			,{
				"<=msec": 47.000
				,"percent": 92.22
				}
			,{
				"<=msec": 48.000
				,"percent": 92.80
				}
			,{
				"<=msec": 49.000
				,"percent": 93.42
				}
			,{
				"<=msec": 50.000
				,"percent": 93.94
				}
			,{
				"<=msec": 51.000
				,"percent": 94.43
				}
			,{
				"<=msec": 52.000
				,"percent": 94.83
				}
			,{
				"<=msec": 53.000
				,"percent": 95.18
				}
			,{
				"<=msec": 54.000
				,"percent": 95.53
				}
			,{
				"<=msec": 55.000
				,"percent": 95.81
				}
			,{
				"<=msec": 56.000
				,"percent": 96.16
				}
			,{
				"<=msec": 57.000
				,"percent": 96.47
				}
			,{
				"<=msec": 58.000
				,"percent": 96.80
				}
			,{
				"<=msec": 59.000
				,"percent": 97.07
				}
			,{
				"<=msec": 60.000
				,"percent": 97.30
				}
			,{
				"<=msec": 61.000
				,"percent": 97.51
				}
			,{
				"<=msec": 62.000
				,"percent": 97.70
				}
			,{
				"<=msec": 63.000
				,"percent": 97.91
				}
			,{
				"<=msec": 64.000
				,"percent": 98.03
				}
			,{
				"<=msec": 65.000
				,"percent": 98.14
				}
			,{
				"<=msec": 66.000
				,"percent": 98.28
				}
			,{
				"<=msec": 67.000
				,"percent": 98.45
				}
			,{
				"<=msec": 68.000
				,"percent": 98.56
				}
			,{
				"<=msec": 69.000
				,"percent": 98.65
				}
			,{
				"<=msec": 70.000
				,"percent": 98.76
				}
			,{
				"<=msec": 71.000
				,"percent": 98.86
				}
			,{
				"<=msec": 72.000
				,"percent": 98.93
				}
			,{
				"<=msec": 73.000
				,"percent": 99.00
				}
			,{
				"<=msec": 74.000
				,"percent": 99.06
				}
			,{
				"<=msec": 75.000
				,"percent": 99.12
				}
			,{
				"<=msec": 76.000
				,"percent": 99.15
				}
			,{
				"<=msec": 77.000
				,"percent": 99.21
				}
			,{
				"<=msec": 78.000
				,"percent": 99.25
				}
			,{
				"<=msec": 79.000
				,"percent": 99.33
				}
			,{
				"<=msec": 80.000
				,"percent": 99.40
				}
			,{
				"<=msec": 81.000
				,"percent": 99.45
				}
			,{
				"<=msec": 82.000
				,"percent": 99.48
				}
			,{
				"<=msec": 83.000
				,"percent": 99.52
				}
			,{
				"<=msec": 84.000
				,"percent": 99.56
				}
			,{
				"<=msec": 85.000
				,"percent": 99.59
				}
			,{
				"<=msec": 86.000
				,"percent": 99.62
				}
			,{
				"<=msec": 87.000
				,"percent": 99.65
				}
			,{
				"<=msec": 88.000
				,"percent": 99.68
				}
			,{
				"<=msec": 89.000
				,"percent": 99.71
				}
			,{
				"<=msec": 90.000
				,"percent": 99.73
				}
			,{
				"<=msec": 91.000
				,"percent": 99.75
				}
			,{
				"<=msec": 92.000
				,"percent": 99.78
				}
			,{
				"<=msec": 93.000
				,"percent": 99.80
				}
			,{
				"<=msec": 94.000
				,"percent": 99.81
				}
			,{
				"<=msec": 95.000
				,"percent": 99.83
				}
			,{
				"<=msec": 96.000
				,"percent": 99.85
				}
			,{
				"<=msec": 97.000
				,"percent": 99.86
				}
			,{
				"<=msec": 98.000
				,"percent": 99.87
				}
			,{
				"<=msec": 99.000
				,"percent": 99.88
				}
			,{
				"<=msec": 100.000
				,"percent": 99.92
				}
			,{
				"<=msec": 110.000
				,"percent": 99.97
				}
			,{
				"<=msec": 120.000
				,"percent": 99.98
				}
			,{
				"<=msec": 130.000
				,"percent": 99.99
				}
			,{
				"<=msec": 140.000
				,"percent": 99.99
				}
			,{
				"<=msec": 150.000
				,"percent": 100.00
				}
			,{
				"<=msec": 160.000
				,"percent": 100.00
				}
			]
		,"WAIT":[
		]
		}
	}
