{
	"configuration":{
		"server": "10.0.0.9"
		,"port": 6379
		,"unix socket": "(null)"
		,"protocol": "memcache_text"
		,"out_file": "(null)"
		,"client_stats": "(null)"
		,"run_count": 1
		,"debug": 0
		,"requests": 0
		,"clients": 32
		,"threads": 1
		,"test_time": 75
		,"ratio": "1:1"
		,"pipeline": 1
		,"data_size": 1024
		,"data_offset": 0
		,"random_data": "false"
		,"data_size_range": "0:0"
		,"data_size_list": ""
		,"data_size_pattern": "R"
		,"expiry_range": "9999:10000"
		,"data_import": "(null)"
		,"data_verify": "false"
		,"verify_only": "false"
		,"generate_keys": "false"
		,"key_prefix": "memtier-"
		,"key_minimum":           0
		,"key_maximum":       10000
		,"key_pattern": "R:R"
		,"key_stddev": 0.000000
		,"key_median": 0.000000
		,"reconnect_interval": 0
		,"multi_key_get": 0
		,"authenticate": ""
		,"select-db": 0
		,"no-expiry": "false"
		,"wait-ratio": "0:0"
		,"num-slaves": "0:0"
		,"wait-timeout": "0-0"
		}
	,"run information":{
		"Threads": 1
		,"Connections per thread": 32
		,"Seconds": 75
		}
	,"ALL STATS":{
		"Sets":{
			"Ops/sec": 571.05
			,"Hits/sec": 0.00
			,"Misses/sec": 0.00
			,"Latency": 29.95
			,"KB/sec": 593.58
			}
		,"Gets":{
			"Ops/sec": 570.80
			,"Hits/sec": 570.80
			,"Misses/sec": 0.00
			,"Latency": 26.08
			,"KB/sec": 599.66
			}
		,"Waits":{
			"Ops/sec": 0.00
			,"Hits/sec": 0.00
			,"Misses/sec": 0.00
			,"Latency": 0.00
			,"KB/sec": 0.00
			}
		,"Totals":{
			"Ops/sec": 1141.85
			,"Hits/sec": 570.80
			,"Misses/sec": 0.00
			,"Latency": 28.02
			,"KB/sec": 1193.24
			}
		,"SET":[
			{
				"<=msec": 1.400
				,"percent": 0.00
				}
			,{
				"<=msec": 1.600
				,"percent": 0.01
				}
			,{
				"<=msec": 1.700
				,"percent": 0.05
				}
			,{
				"<=msec": 1.800
				,"percent": 0.09
				}
			,{
				"<=msec": 1.900
				,"percent": 0.18
				}
			,{
				"<=msec": 2.000
				,"percent": 0.29
				}
			,{
				"<=msec": 2.100
				,"percent": 0.39
				}
			,{
				"<=msec": 2.200
				,"percent": 0.49
				}
			,{
				"<=msec": 2.300
				,"percent": 0.62
				}
			,{
				"<=msec": 2.400
				,"percent": 0.73
				}
			,{
				"<=msec": 2.500
				,"percent": 0.84
				}
			,{
				"<=msec": 2.600
				,"percent": 0.97
				}
			,{
				"<=msec": 2.700
				,"percent": 1.06
				}
			,{
				"<=msec": 2.800
				,"percent": 1.16
				}
			,{
				"<=msec": 2.900
				,"percent": 1.25
				}
			,{
				"<=msec": 3.000
				,"percent": 1.34
				}
			,{
				"<=msec": 3.100
				,"percent": 1.44
				}
			,{
				"<=msec": 3.200
				,"percent": 1.56
				}
			,{
				"<=msec": 3.300
				,"percent": 1.66
				}
			,{
				"<=msec": 3.400
				,"percent": 1.74
				}
			,{
				"<=msec": 3.500
				,"percent": 1.81
				}
			,{
				"<=msec": 3.600
				,"percent": 1.87
				}
			,{
				"<=msec": 3.700
				,"percent": 1.91
				}
			,{
				"<=msec": 3.800
				,"percent": 1.97
				}
			,{
				"<=msec": 3.900
				,"percent": 2.03
				}
			,{
				"<=msec": 4.000
				,"percent": 2.08
				}
			,{
				"<=msec": 4.100
				,"percent": 2.15
				}
			,{
				"<=msec": 4.200
				,"percent": 2.19
				}
			,{
				"<=msec": 4.300
				,"percent": 2.26
				}
			,{
				"<=msec": 4.400
				,"percent": 2.35
				}
			,{
				"<=msec": 4.500
				,"percent": 2.40
				}
			,{
				"<=msec": 4.600
				,"percent": 2.46
				}
			,{
				"<=msec": 4.700
				,"percent": 2.50
				}
			,{
				"<=msec": 4.800
				,"percent": 2.54
				}
			,{
				"<=msec": 4.900
				,"percent": 2.59
				}
			,{
				"<=msec": 5.000
				,"percent": 2.64
				}
			,{
				"<=msec": 5.100
				,"percent": 2.67
				}
			,{
				"<=msec": 5.200
				,"percent": 2.72
				}
			,{
				"<=msec": 5.300
				,"percent": 2.77
				}
			,{
				"<=msec": 5.400
				,"percent": 2.82
				}
			,{
				"<=msec": 5.500
				,"percent": 2.90
				}
			,{
				"<=msec": 5.600
				,"percent": 2.94
				}
			,{
				"<=msec": 5.700
				,"percent": 2.97
				}
			,{
				"<=msec": 5.800
				,"percent": 3.00
				}
			,{
				"<=msec": 5.900
				,"percent": 3.08
				}
			,{
				"<=msec": 6.000
				,"percent": 3.14
				}
			,{
				"<=msec": 6.100
				,"percent": 3.20
				}
			,{
				"<=msec": 6.200
				,"percent": 3.26
				}
			,{
				"<=msec": 6.300
				,"percent": 3.32
				}
			,{
				"<=msec": 6.400
				,"percent": 3.42
				}
			,{
				"<=msec": 6.500
				,"percent": 3.46
				}
			,{
				"<=msec": 6.600
				,"percent": 3.55
				}
			,{
				"<=msec": 6.700
				,"percent": 3.64
				}
			,{
				"<=msec": 6.800
				,"percent": 3.74
				}
			,{
				"<=msec": 6.900
				,"percent": 3.85
				}
			,{
				"<=msec": 7.000
				,"percent": 3.98
				}
			,{
				"<=msec": 7.100
				,"percent": 4.06
				}
			,{
				"<=msec": 7.200
				,"percent": 4.15
				}
			,{
				"<=msec": 7.300
				,"percent": 4.26
				}
			,{
				"<=msec": 7.400
				,"percent": 4.38
				}
			,{
				"<=msec": 7.500
				,"percent": 4.50
				}
			,{
				"<=msec": 7.600
				,"percent": 4.64
				}
			,{
				"<=msec": 7.700
				,"percent": 4.78
				}
			,{
				"<=msec": 7.800
				,"percent": 4.92
				}
			,{
				"<=msec": 7.900
				,"percent": 5.07
				}
			,{
				"<=msec": 8.000
				,"percent": 5.24
				}
			,{
				"<=msec": 8.100
				,"percent": 5.39
				}
			,{
				"<=msec": 8.200
				,"percent": 5.53
				}
			,{
				"<=msec": 8.300
				,"percent": 5.69
				}
			,{
				"<=msec": 8.400
				,"percent": 5.82
				}
			,{
				"<=msec": 8.500
				,"percent": 5.96
				}
			,{
				"<=msec": 8.600
				,"percent": 6.15
				}
			,{
				"<=msec": 8.700
				,"percent": 6.29
				}
			,{
				"<=msec": 8.800
				,"percent": 6.42
				}
			,{
				"<=msec": 8.900
				,"percent": 6.52
				}
			,{
				"<=msec": 9.000
				,"percent": 6.64
				}
			,{
				"<=msec": 9.100
				,"percent": 6.76
				}
			,{
				"<=msec": 9.200
				,"percent": 6.84
				}
			,{
				"<=msec": 9.300
				,"percent": 6.92
				}
			,{
				"<=msec": 9.400
				,"percent": 7.03
				}
			,{
				"<=msec": 9.500
				,"percent": 7.13
				}
			,{
				"<=msec": 9.600
				,"percent": 7.25
				}
			,{
				"<=msec": 9.700
				,"percent": 7.36
				}
			,{
				"<=msec": 9.800
				,"percent": 7.46
				}
			,{
				"<=msec": 9.900
				,"percent": 7.57
				}
			,{
				"<=msec": 10.000
				,"percent": 8.22
				}
			,{
				"<=msec": 11.000
				,"percent": 9.26
				}
			,{
				"<=msec": 12.000
				,"percent": 10.42
				}
			,{
				"<=msec": 13.000
				,"percent": 11.74
				}
			,{
				"<=msec": 14.000
				,"percent": 12.94
				}
			,{
				"<=msec": 15.000
				,"percent": 13.99
				}
			,{
				"<=msec": 16.000
				,"percent": 15.14
				}
			,{
				"<=msec": 17.000
				,"percent": 16.44
				}
			,{
				"<=msec": 18.000
				,"percent": 18.26
				}
			,{
				"<=msec": 19.000
				,"percent": 21.27
				}
			,{
				"<=msec": 20.000
				,"percent": 24.99
				}
			,{
				"<=msec": 21.000
				,"percent": 29.10
				}
			,{
				"<=msec": 22.000
				,"percent": 32.92
				}
			,{
				"<=msec": 23.000
				,"percent": 36.06
				}
			,{
				"<=msec": 24.000
				,"percent": 38.70
				}
			,{
				"<=msec": 25.000
				,"percent": 41.19
				}
			,{
				"<=msec": 26.000
				,"percent": 44.11
				}
			,{
				"<=msec": 27.000
				,"percent": 47.82
				}
			,{
				"<=msec": 28.000
				,"percent": 52.48
				}
			,{
				"<=msec": 29.000
				,"percent": 57.22
				}
			,{
				"<=msec": 30.000
				,"percent": 61.44
				}
			,{
				"<=msec": 31.000
				,"percent": 64.65
				}
			,{
				"<=msec": 32.000
				,"percent": 67.19
				}
			,{
				"<=msec": 33.000
				,"percent": 69.36
				}
			,{
				"<=msec": 34.000
				,"percent": 71.23
				}
			,{
				"<=msec": 35.000
				,"percent": 72.89
				}
			,{
				"<=msec": 36.000
				,"percent": 74.63
				}
			,{
				"<=msec": 37.000
				,"percent": 76.39
				}
			,{
				"<=msec": 38.000
				,"percent": 78.27
				}
			,{
				"<=msec": 39.000
				,"percent": 79.94
				}
			,{
				"<=msec": 40.000
				,"percent": 81.34
				}
			,{
				"<=msec": 41.000
				,"percent": 82.68
				}
			,{
				"<=msec": 42.000
				,"percent": 83.76
				}
			,{
				"<=msec": 43.000
				,"percent": 84.63
				}
			,{
				"<=msec": 44.000
				,"percent": 85.33
				}
			,{
				"<=msec": 45.000
				,"percent": 86.03
				}
			,{
				"<=msec": 46.000
				,"percent": 86.90
				}
			,{
				"<=msec": 47.000
				,"percent": 87.65
				}
			,{
				"<=msec": 48.000
				,"percent": 88.52
				}
			,{
				"<=msec": 49.000
				,"percent": 89.40
				}
			,{
				"<=msec": 50.000
				,"percent": 90.17
				}
			,{
				"<=msec": 51.000
				,"percent": 90.90
				}
			,{
				"<=msec": 52.000
				,"percent": 91.49
				}
			,{
				"<=msec": 53.000
				,"percent": 91.96
				}
			,{
				"<=msec": 54.000
				,"percent": 92.41
				}
			,{
				"<=msec": 55.000
				,"percent": 92.77
				}
			,{
				"<=msec": 56.000
				,"percent": 93.26
				}
			,{
				"<=msec": 57.000
				,"percent": 93.77
				}
			,{
				"<=msec": 58.000
				,"percent": 94.33
				}
			,{
				"<=msec": 59.000
				,"percent": 94.92
				}
			,{
				"<=msec": 60.000
				,"percent": 95.36
				}
			,{
				"<=msec": 61.000
				,"percent": 95.73
				}
			,{
				"<=msec": 62.000
				,"percent": 96.03
				}
			,{
				"<=msec": 63.000
				,"percent": 96.29
				}
			,{
				"<=msec": 64.000
				,"percent": 96.52
				}
			,{
				"<=msec": 65.000
				,"percent": 96.72
				}
			,{
				"<=msec": 66.000
				,"percent": 96.94
				}
			,{
				"<=msec": 67.000
				,"percent": 97.25
				}
			,{
				"<=msec": 68.000
				,"percent": 97.49
				}
			,{
				"<=msec": 69.000
				,"percent": 97.65
				}
			,{
				"<=msec": 70.000
				,"percent": 97.82
				}
			,{
				"<=msec": 71.000
				,"percent": 97.97
				}
			,{
				"<=msec": 72.000
				,"percent": 98.11
				}
			,{
				"<=msec": 73.000
				,"percent": 98.23
				}
			,{
				"<=msec": 74.000
				,"percent": 98.32
				}
			,{
				"<=msec": 75.000
				,"percent": 98.45
				}
			,{
				"<=msec": 76.000
				,"percent": 98.57
				}
			,{
				"<=msec": 77.000
				,"percent": 98.70
				}
			,{
				"<=msec": 78.000
				,"percent": 98.79
				}
			,{
				"<=msec": 79.000
				,"percent": 98.90
				}
			,{
				"<=msec": 80.000
				,"percent": 98.99
				}
			,{
				"<=msec": 81.000
				,"percent": 99.08
				}
			,{
				"<=msec": 82.000
				,"percent": 99.15
				}
			,{
				"<=msec": 83.000
				,"percent": 99.19
				}
			,{
				"<=msec": 84.000
				,"percent": 99.24
				}
			,{
				"<=msec": 85.000
				,"percent": 99.27
				}
			,{
				"<=msec": 86.000
				,"percent": 99.33
				}
			,{
				"<=msec": 87.000
				,"percent": 99.39
				}
			,{
				"<=msec": 88.000
				,"percent": 99.46
				}
			,{
				"<=msec": 89.000
				,"percent": 99.50
				}
			,{
				"<=msec": 90.000
				,"percent": 99.53
				}
			,{
				"<=msec": 91.000
				,"percent": 99.55
				}
			,{
				"<=msec": 92.000
				,"percent": 99.59
				}
			,{
				"<=msec": 93.000
				,"percent": 99.63
				}
			,{
				"<=msec": 94.000
				,"percent": 99.66
				}
			,{
				"<=msec": 95.000
				,"percent": 99.69
				}
			,{
				"<=msec": 96.000
				,"percent": 99.72
				}
			,{
				"<=msec": 97.000
				,"percent": 99.75
				}
			,{
				"<=msec": 98.000
				,"percent": 99.77
				}
			,{
				"<=msec": 99.000
				,"percent": 99.78
				}
			,{
				"<=msec": 100.000
				,"percent": 99.84
				}
			,{
				"<=msec": 110.000
				,"percent": 99.92
				}
			,{
				"<=msec": 120.000
				,"percent": 99.97
				}
			,{
				"<=msec": 130.000
				,"percent": 99.98
				}
			,{
				"<=msec": 140.000
				,"percent": 99.99
				}
			,{
				"<=msec": 150.000
				,"percent": 99.99
				}
			,{
				"<=msec": 160.000
				,"percent": 100.00
				}
			,{
				"<=msec": 170.000
				,"percent": 100.00
				}
			]
		,"GET":[
			{
				"<=msec": 1.200
				,"percent": 0.00
				}
			,{
				"<=msec": 1.300
				,"percent": 0.01
				}
			,{
				"<=msec": 1.400
				,"percent": 0.05
				}
			,{
				"<=msec": 1.500
				,"percent": 0.09
				}
			,{
				"<=msec": 1.600
				,"percent": 0.18
				}
			,{
				"<=msec": 1.700
				,"percent": 0.28
				}
			,{
				"<=msec": 1.800
				,"percent": 0.41
				}
			,{
				"<=msec": 1.900
				,"percent": 0.55
				}
			,{
				"<=msec": 2.000
				,"percent": 0.74
				}
			,{
				"<=msec": 2.100
				,"percent": 0.89
				}
			,{
				"<=msec": 2.200
				,"percent": 1.05
				}
			,{
				"<=msec": 2.300
				,"percent": 1.23
				}
			,{
				"<=msec": 2.400
				,"percent": 1.39
				}
			,{
				"<=msec": 2.500
				,"percent": 1.56
				}
			,{
				"<=msec": 2.600
				,"percent": 1.76
				}
			,{
				"<=msec": 2.700
				,"percent": 1.92
				}
			,{
				"<=msec": 2.800
				,"percent": 2.06
				}
			,{
				"<=msec": 2.900
				,"percent": 2.17
				}
			,{
				"<=msec": 3.000
				,"percent": 2.27
				}
			,{
				"<=msec": 3.100
				,"percent": 2.40
				}
			,{
				"<=msec": 3.200
				,"percent": 2.49
				}
			,{
				"<=msec": 3.300
				,"percent": 2.60
				}
			,{
				"<=msec": 3.400
				,"percent": 2.70
				}
			,{
				"<=msec": 3.500
				,"percent": 2.81
				}
			,{
				"<=msec": 3.600
				,"percent": 2.92
				}
			,{
				"<=msec": 3.700
				,"percent": 2.99
				}
			,{
				"<=msec": 3.800
				,"percent": 3.06
				}
			,{
				"<=msec": 3.900
				,"percent": 3.13
				}
			,{
				"<=msec": 4.000
				,"percent": 3.21
				}
			,{
				"<=msec": 4.100
				,"percent": 3.29
				}
			,{
				"<=msec": 4.200
				,"percent": 3.35
				}
			,{
				"<=msec": 4.300
				,"percent": 3.41
				}
			,{
				"<=msec": 4.400
				,"percent": 3.52
				}
			,{
				"<=msec": 4.500
				,"percent": 3.60
				}
			,{
				"<=msec": 4.600
				,"percent": 3.69
				}
			,{
				"<=msec": 4.700
				,"percent": 3.77
				}
			,{
				"<=msec": 4.800
				,"percent": 3.84
				}
			,{
				"<=msec": 4.900
				,"percent": 3.90
				}
			,{
				"<=msec": 5.000
				,"percent": 3.96
				}
			,{
				"<=msec": 5.100
				,"percent": 4.06
				}
			,{
				"<=msec": 5.200
				,"percent": 4.13
				}
			,{
				"<=msec": 5.300
				,"percent": 4.20
				}
			,{
				"<=msec": 5.400
				,"percent": 4.30
				}
			,{
				"<=msec": 5.500
				,"percent": 4.38
				}
			,{
				"<=msec": 5.600
				,"percent": 4.43
				}
			,{
				"<=msec": 5.700
				,"percent": 4.49
				}
			,{
				"<=msec": 5.800
				,"percent": 4.56
				}
			,{
				"<=msec": 5.900
				,"percent": 4.64
				}
			,{
				"<=msec": 6.000
				,"percent": 4.73
				}
			,{
				"<=msec": 6.100
				,"percent": 4.81
				}
			,{
				"<=msec": 6.200
				,"percent": 4.89
				}
			,{
				"<=msec": 6.300
				,"percent": 4.99
				}
			,{
				"<=msec": 6.400
				,"percent": 5.09
				}
			,{
				"<=msec": 6.500
				,"percent": 5.21
				}
			,{
				"<=msec": 6.600
				,"percent": 5.30
				}
			,{
				"<=msec": 6.700
				,"percent": 5.42
				}
			,{
				"<=msec": 6.800
				,"percent": 5.51
				}
			,{
				"<=msec": 6.900
				,"percent": 5.64
				}
			,{
				"<=msec": 7.000
				,"percent": 5.77
				}
			,{
				"<=msec": 7.100
				,"percent": 5.89
				}
			,{
				"<=msec": 7.200
				,"percent": 5.99
				}
			,{
				"<=msec": 7.300
				,"percent": 6.12
				}
			,{
				"<=msec": 7.400
				,"percent": 6.25
				}
			,{
				"<=msec": 7.500
				,"percent": 6.42
				}
			,{
				"<=msec": 7.600
				,"percent": 6.56
				}
			,{
				"<=msec": 7.700
				,"percent": 6.69
				}
			,{
				"<=msec": 7.800
				,"percent": 6.84
				}
			,{
				"<=msec": 7.900
				,"percent": 6.97
				}
			,{
				"<=msec": 8.000
				,"percent": 7.12
				}
			,{
				"<=msec": 8.100
				,"percent": 7.27
				}
			,{
				"<=msec": 8.200
				,"percent": 7.40
				}
			,{
				"<=msec": 8.300
				,"percent": 7.55
				}
			,{
				"<=msec": 8.400
				,"percent": 7.72
				}
			,{
				"<=msec": 8.500
				,"percent": 7.85
				}
			,{
				"<=msec": 8.600
				,"percent": 8.01
				}
			,{
				"<=msec": 8.700
				,"percent": 8.12
				}
			,{
				"<=msec": 8.800
				,"percent": 8.25
				}
			,{
				"<=msec": 8.900
				,"percent": 8.37
				}
			,{
				"<=msec": 9.000
				,"percent": 8.50
				}
			,{
				"<=msec": 9.100
				,"percent": 8.60
				}
			,{
				"<=msec": 9.200
				,"percent": 8.69
				}
			,{
				"<=msec": 9.300
				,"percent": 8.79
				}
			,{
				"<=msec": 9.400
				,"percent": 8.93
				}
			,{
				"<=msec": 9.500
				,"percent": 9.05
				}
			,{
				"<=msec": 9.600
				,"percent": 9.16
				}
			,{
				"<=msec": 9.700
				,"percent": 9.29
				}
			,{
				"<=msec": 9.800
				,"percent": 9.42
				}
			,{
				"<=msec": 9.900
				,"percent": 9.55
				}
			,{
				"<=msec": 10.000
				,"percent": 10.36
				}
			,{
				"<=msec": 11.000
				,"percent": 12.02
				}
			,{
				"<=msec": 12.000
				,"percent": 14.02
				}
			,{
				"<=msec": 13.000
				,"percent": 16.29
				}
			,{
				"<=msec": 14.000
				,"percent": 18.11
				}
			,{
				"<=msec": 15.000
				,"percent": 19.54
				}
			,{
				"<=msec": 16.000
				,"percent": 21.02
				}
			,{
				"<=msec": 17.000
				,"percent": 22.82
				}
			,{
				"<=msec": 18.000
				,"percent": 25.26
				}
			,{
				"<=msec": 19.000
				,"percent": 29.16
				}
			,{
				"<=msec": 20.000
				,"percent": 34.43
				}
			,{
				"<=msec": 21.000
				,"percent": 39.97
				}
			,{
				"<=msec": 22.000
				,"percent": 44.69
				}
			,{
				"<=msec": 23.000
				,"percent": 48.58
				}
			,{
				"<=msec": 24.000
				,"percent": 51.70
				}
			,{
				"<=msec": 25.000
				,"percent": 54.58
				}
			,{
				"<=msec": 26.000
				,"percent": 57.65
				}
			,{
				"<=msec": 27.000
				,"percent": 61.34
				}
			,{
				"<=msec": 28.000
				,"percent": 65.47
				}
			,{
				"<=msec": 29.000
				,"percent": 69.68
				}
			,{
				"<=msec": 30.000
				,"percent": 73.33
				}
			,{
				"<=msec": 31.000
				,"percent": 76.17
				}
			,{
				"<=msec": 32.000
				,"percent": 78.36
				}
			,{
				"<=msec": 33.000
				,"percent": 79.93
				}
			,{
				"<=msec": 34.000
				,"percent": 81.28
				}
			,{
				"<=msec": 35.000
				,"percent": 82.36
				}
			,{
				"<=msec": 36.000
				,"percent": 83.47
				}
			,{
				"<=msec": 37.000
				,"percent": 84.65
				}
			,{
				"<=msec": 38.000
				,"percent": 85.85
				}
			,{
				"<=msec": 39.000
				,"percent": 86.92
				}
			,{
				"<=msec": 40.000
				,"percent": 87.90
				}
			,{
				"<=msec": 41.000
				,"percent": 88.80
				}
			,{
				"<=msec": 42.000
				,"percent": 89.49
				}
			,{
				"<=msec": 43.000
				,"percent": 90.03
				}
			,{
				"<=msec": 44.000
				,"percent": 90.53
				}
			,{
				"<=msec": 45.000
				,"percent": 91.04
				}
			,{
				"<=msec": 46.000
				,"percent": 91.52
				}
			,{
				"<=msec": 47.000
				,"percent": 92.02
				}
			,{
				"<=msec": 48.000
				,"percent": 92.60
				}
			,{
				"<=msec": 49.000
				,"percent": 93.17
				}
			,{
				"<=msec": 50.000
				,"percent": 93.73
				}
			,{
				"<=msec": 51.000
				,"percent": 94.22
				}
			,{
				"<=msec": 52.000
				,"percent": 94.65
				}
			,{
				"<=msec": 53.000
				,"percent": 95.02
				}
			,{
				"<=msec": 54.000
				,"percent": 95.32
				}
			,{
				"<=msec": 55.000
				,"percent": 95.63
				}
			,{
				"<=msec": 56.000
				,"percent": 95.94
				}
			,{
				"<=msec": 57.000
				,"percent": 96.26
				}
			,{
				"<=msec": 58.000
				,"percent": 96.62
				}
			,{
				"<=msec": 59.000
				,"percent": 96.96
				}
			,{
				"<=msec": 60.000
				,"percent": 97.26
				}
			,{
				"<=msec": 61.000
				,"percent": 97.50
				}
			,{
				"<=msec": 62.000
				,"percent": 97.72
				}
			,{
				"<=msec": 63.000
				,"percent": 97.84
				}
			,{
				"<=msec": 64.000
				,"percent": 97.93
				}
			,{
				"<=msec": 65.000
				,"percent": 98.06
				}
			,{
				"<=msec": 66.000
				,"percent": 98.13
				}
			,{
				"<=msec": 67.000
				,"percent": 98.26
				}
			,{
				"<=msec": 68.000
				,"percent": 98.38
				}
			,{
				"<=msec": 69.000
				,"percent": 98.51
				}
			,{
				"<=msec": 70.000
				,"percent": 98.62
				}
			,{
				"<=msec": 71.000
				,"percent": 98.71
				}
			,{
				"<=msec": 72.000
				,"percent": 98.80
				}
			,{
				"<=msec": 73.000
				,"percent": 98.85
				}
			,{
				"<=msec": 74.000
				,"percent": 98.92
				}
			,{
				"<=msec": 75.000
				,"percent": 98.99
				}
			,{
				"<=msec": 76.000
				,"percent": 99.07
				}
			,{
				"<=msec": 77.000
				,"percent": 99.15
				}
			,{
				"<=msec": 78.000
				,"percent": 99.21
				}
			,{
				"<=msec": 79.000
				,"percent": 99.28
				}
			,{
				"<=msec": 80.000
				,"percent": 99.36
				}
			,{
				"<=msec": 81.000
				,"percent": 99.41
				}
			,{
				"<=msec": 82.000
				,"percent": 99.46
				}
			,{
				"<=msec": 83.000
				,"percent": 99.50
				}
			,{
				"<=msec": 84.000
				,"percent": 99.51
				}
			,{
				"<=msec": 85.000
				,"percent": 99.54
				}
			,{
				"<=msec": 86.000
				,"percent": 99.57
				}
			,{
				"<=msec": 87.000
				,"percent": 99.61
				}
			,{
				"<=msec": 88.000
				,"percent": 99.65
				}
			,{
				"<=msec": 89.000
				,"percent": 99.68
				}
			,{
				"<=msec": 90.000
				,"percent": 99.70
				}
			,{
				"<=msec": 91.000
				,"percent": 99.72
				}
			,{
				"<=msec": 92.000
				,"percent": 99.75
				}
			,{
				"<=msec": 93.000
				,"percent": 99.75
				}
			,{
				"<=msec": 94.000
				,"percent": 99.78
				}
			,{
				"<=msec": 95.000
				,"percent": 99.79
				}
			,{
				"<=msec": 96.000
				,"percent": 99.83
				}
			,{
				"<=msec": 97.000
				,"percent": 99.84
				}
			,{
				"<=msec": 98.000
				,"percent": 99.85
				}
			,{
				"<=msec": 99.000
				,"percent": 99.86
				}
			,{
				"<=msec": 100.000
				,"percent": 99.92
				}
			,{
				"<=msec": 110.000
				,"percent": 99.96
				}
			,{
				"<=msec": 120.000
				,"percent": 99.98
				}
			,{
				"<=msec": 130.000
				,"percent": 100.00
				}
			,{
				"<=msec": 140.000
				,"percent": 100.00
				}
			,{
				"<=msec": 160.000
				,"percent": 100.00
				}
			]
		,"WAIT":[
		]
		}
	}
