{
	"configuration":{
		"server": "10.0.0.9"
		,"port": 6379
		,"unix socket": "(null)"
		,"protocol": "memcache_text"
		,"out_file": "(null)"
		,"client_stats": "(null)"
		,"run_count": 1
		,"debug": 0
		,"requests": 0
		,"clients": 32
		,"threads": 1
		,"test_time": 75
		,"ratio": "1:1"
		,"pipeline": 1
		,"data_size": 1024
		,"data_offset": 0
		,"random_data": "false"
		,"data_size_range": "0:0"
		,"data_size_list": ""
		,"data_size_pattern": "R"
		,"expiry_range": "9999:10000"
		,"data_import": "(null)"
		,"data_verify": "false"
		,"verify_only": "false"
		,"generate_keys": "false"
		,"key_prefix": "memtier-"
		,"key_minimum":           0
		,"key_maximum":       10000
		,"key_pattern": "R:R"
		,"key_stddev": 0.000000
		,"key_median": 0.000000
		,"reconnect_interval": 0
		,"multi_key_get": 0
		,"authenticate": ""
		,"select-db": 0
		,"no-expiry": "false"
		,"wait-ratio": "0:0"
		,"num-slaves": "0:0"
		,"wait-timeout": "0-0"
		}
	,"run information":{
		"Threads": 1
		,"Connections per thread": 32
		,"Seconds": 75
		}
	,"ALL STATS":{
		"Sets":{
			"Ops/sec": 587.71
			,"Hits/sec": 0.00
			,"Misses/sec": 0.00
			,"Latency": 29.06
			,"KB/sec": 610.90
			}
		,"Gets":{
			"Ops/sec": 587.49
			,"Hits/sec": 587.49
			,"Misses/sec": 0.00
			,"Latency": 25.38
			,"KB/sec": 617.19
			}
		,"Waits":{
			"Ops/sec": 0.00
			,"Hits/sec": 0.00
			,"Misses/sec": 0.00
			,"Latency": 0.00
			,"KB/sec": 0.00
			}
		,"Totals":{
			"Ops/sec": 1175.20
			,"Hits/sec": 587.49
			,"Misses/sec": 0.00
			,"Latency": 27.22
			,"KB/sec": 1228.09
			}
		,"SET":[
			{
				"<=msec": 1.400
				,"percent": 0.00
				}
			,{
				"<=msec": 1.500
				,"percent": 0.02
				}
			,{
				"<=msec": 1.600
				,"percent": 0.05
				}
			,{
				"<=msec": 1.700
				,"percent": 0.07
				}
			,{
				"<=msec": 1.800
				,"percent": 0.12
				}
			,{
				"<=msec": 1.900
				,"percent": 0.19
				}
			,{
				"<=msec": 2.000
				,"percent": 0.28
				}
			,{
				"<=msec": 2.100
				,"percent": 0.37
				}
			,{
				"<=msec": 2.200
				,"percent": 0.45
				}
			,{
				"<=msec": 2.300
				,"percent": 0.56
				}
			,{
				"<=msec": 2.400
				,"percent": 0.68
				}
			,{
				"<=msec": 2.500
				,"percent": 0.77
				}
			,{
				"<=msec": 2.600
				,"percent": 0.88
				}
			,{
				"<=msec": 2.700
				,"percent": 0.98
				}
			,{
				"<=msec": 2.800
				,"percent": 1.10
				}
			,{
				"<=msec": 2.900
				,"percent": 1.20
				}
			,{
				"<=msec": 3.000
				,"percent": 1.29
				}
			,{
				"<=msec": 3.100
				,"percent": 1.38
				}
			,{
				"<=msec": 3.200
				,"percent": 1.46
				}
			,{
				"<=msec": 3.300
				,"percent": 1.53
				}
			,{
				"<=msec": 3.400
				,"percent": 1.62
				}
			,{
				"<=msec": 3.500
				,"percent": 1.69
				}
			,{
				"<=msec": 3.600
				,"percent": 1.75
				}
			,{
				"<=msec": 3.700
				,"percent": 1.82
				}
			,{
				"<=msec": 3.800
				,"percent": 1.88
				}
			,{
				"<=msec": 3.900
				,"percent": 1.94
				}
			,{
				"<=msec": 4.000
				,"percent": 2.01
				}
			,{
				"<=msec": 4.100
				,"percent": 2.08
				}
			,{
				"<=msec": 4.200
				,"percent": 2.15
				}
			,{
				"<=msec": 4.300
				,"percent": 2.23
				}
			,{
				"<=msec": 4.400
				,"percent": 2.30
				}
			,{
				"<=msec": 4.500
				,"percent": 2.39
				}
			,{
				"<=msec": 4.600
				,"percent": 2.45
				}
			,{
				"<=msec": 4.700
				,"percent": 2.50
				}
			,{
				"<=msec": 4.800
				,"percent": 2.56
				}
			,{
				"<=msec": 4.900
				,"percent": 2.62
				}
			,{
				"<=msec": 5.000
				,"percent": 2.67
				}
			,{
				"<=msec": 5.100
				,"percent": 2.72
				}
			,{
				"<=msec": 5.200
				,"percent": 2.77
				}
			,{
				"<=msec": 5.300
				,"percent": 2.84
				}
			,{
				"<=msec": 5.400
				,"percent": 2.91
				}
			,{
				"<=msec": 5.500
				,"percent": 3.00
				}
			,{
				"<=msec": 5.600
				,"percent": 3.05
				}
			,{
				"<=msec": 5.700
				,"percent": 3.11
				}
			,{
				"<=msec": 5.800
				,"percent": 3.16
				}
			,{
				"<=msec": 5.900
				,"percent": 3.21
				}
			,{
				"<=msec": 6.000
				,"percent": 3.27
				}
			,{
				"<=msec": 6.100
				,"percent": 3.36
				}
			,{
				"<=msec": 6.200
				,"percent": 3.42
				}
			,{
				"<=msec": 6.300
				,"percent": 3.52
				}
			,{
				"<=msec": 6.400
				,"percent": 3.61
				}
			,{
				"<=msec": 6.500
				,"percent": 3.71
				}
			,{
				"<=msec": 6.600
				,"percent": 3.78
				}
			,{
				"<=msec": 6.700
				,"percent": 3.86
				}
			,{
				"<=msec": 6.800
				,"percent": 3.96
				}
			,{
				"<=msec": 6.900
				,"percent": 4.08
				}
			,{
				"<=msec": 7.000
				,"percent": 4.20
				}
			,{
				"<=msec": 7.100
				,"percent": 4.31
				}
			,{
				"<=msec": 7.200
				,"percent": 4.42
				}
			,{
				"<=msec": 7.300
				,"percent": 4.53
				}
			,{
				"<=msec": 7.400
				,"percent": 4.64
				}
			,{
				"<=msec": 7.500
				,"percent": 4.75
				}
			,{
				"<=msec": 7.600
				,"percent": 4.87
				}
			,{
				"<=msec": 7.700
				,"percent": 5.02
				}
			,{
				"<=msec": 7.800
				,"percent": 5.15
				}
			,{
				"<=msec": 7.900
				,"percent": 5.30
				}
			,{
				"<=msec": 8.000
				,"percent": 5.46
				}
			,{
				"<=msec": 8.100
				,"percent": 5.58
				}
			,{
				"<=msec": 8.200
				,"percent": 5.72
				}
			,{
				"<=msec": 8.300
				,"percent": 5.86
				}
			,{
				"<=msec": 8.400
				,"percent": 6.05
				}
			,{
				"<=msec": 8.500
				,"percent": 6.14
				}
			,{
				"<=msec": 8.600
				,"percent": 6.27
				}
			,{
				"<=msec": 8.700
				,"percent": 6.37
				}
			,{
				"<=msec": 8.800
				,"percent": 6.50
				}
			,{
				"<=msec": 8.900
				,"percent": 6.60
				}
			,{
				"<=msec": 9.000
				,"percent": 6.72
				}
			,{
				"<=msec": 9.100
				,"percent": 6.86
				}
			,{
				"<=msec": 9.200
				,"percent": 6.97
				}
			,{
				"<=msec": 9.300
				,"percent": 7.09
				}
			,{
				"<=msec": 9.400
				,"percent": 7.23
				}
			,{
				"<=msec": 9.500
				,"percent": 7.35
				}
			,{
				"<=msec": 9.600
				,"percent": 7.46
				}
			,{
				"<=msec": 9.700
				,"percent": 7.58
				}
			,{
				"<=msec": 9.800
				,"percent": 7.70
				}
			,{
				"<=msec": 9.900
				,"percent": 7.84
				}
			,{
				"<=msec": 10.000
				,"percent": 8.40
				}
			,{
				"<=msec": 11.000
				,"percent": 9.72
				}
			,{
				"<=msec": 12.000
				,"percent": 11.09
				}
			,{
				"<=msec": 13.000
				,"percent": 12.34
				}
			,{
				"<=msec": 14.000
				,"percent": 13.60
				}
			,{
				"<=msec": 15.000
				,"percent": 14.65
				}
			,{
				"<=msec": 16.000
				,"percent": 15.81
				}
			,{
				"<=msec": 17.000
				,"percent": 17.24
				}
			,{
				"<=msec": 18.000
				,"percent": 19.21
				}
			,{
				"<=msec": 19.000
				,"percent": 22.21
				}
			,{
				"<=msec": 20.000
				,"percent": 26.17
				}
			,{
				"<=msec": 21.000
				,"percent": 30.34
				}
			,{
				"<=msec": 22.000
				,"percent": 34.22
				}
			,{
				"<=msec": 23.000
				,"percent": 37.47
				}
			,{
				"<=msec": 24.000
				,"percent": 40.26
				}
			,{
				"<=msec": 25.000
				,"percent": 43.15
				}
			,{
				"<=msec": 26.000
				,"percent": 46.41
				}
			,{
				"<=msec": 27.000
				,"percent": 50.48
				}
			,{
				"<=msec": 28.000
				,"percent": 55.01
				}
			,{
				"<=msec": 29.000
				,"percent": 59.65
				}
			,{
				"<=msec": 30.000
				,"percent": 63.66
				}
			,{
				"<=msec": 31.000
				,"percent": 66.94
				}
			,{
				"<=msec": 32.000
				,"percent": 69.53
				}
			,{
				"<=msec": 33.000
				,"percent": 71.65
				}
			,{
				"<=msec": 34.000
				,"percent": 73.46
				}
			,{
				"<=msec": 35.000
				,"percent": 75.01
				}
			,{
				"<=msec": 36.000
				,"percent": 76.76
				}
			,{
				"<=msec": 37.000
				,"percent": 78.62
				}
			,{
				"<=msec": 38.000
				,"percent": 80.27
				}
			,{
				"<=msec": 39.000
				,"percent": 81.80
				}
			,{
				"<=msec": 40.000
				,"percent": 83.13
				}
			,{
				"<=msec": 41.000
				,"percent": 84.32
				}
			,{
				"<=msec": 42.000
				,"percent": 85.32
				}
			,{
				"<=msec": 43.000
				,"percent": 86.07
				}
			,{
				"<=msec": 44.000
				,"percent": 86.82
				}
			,{
				"<=msec": 45.000
				,"percent": 87.48
				}
			,{
				"<=msec": 46.000
				,"percent": 88.20
				}
			,{
				"<=msec": 47.000
				,"percent": 88.95
				}
			,{
				"<=msec": 48.000
				,"percent": 89.77
				}
			,{
				"<=msec": 49.000
				,"percent": 90.55
				}
			,{
				"<=msec": 50.000
				,"percent": 91.32
				}
			,{
				"<=msec": 51.000
				,"percent": 91.96
				}
			,{
				"<=msec": 52.000
				,"percent": 92.49
				}
			,{
				"<=msec": 53.000
				,"percent": 92.99
				}
			,{
				"<=msec": 54.000
				,"percent": 93.39
				}
			,{
				"<=msec": 55.000
				,"percent": 93.86
				}
			,{
				"<=msec": 56.000
				,"percent": 94.34
				}
			,{
				"<=msec": 57.000
				,"percent": 94.82
				}
			,{
				"<=msec": 58.000
				,"percent": 95.29
				}
			,{
				"<=msec": 59.000
				,"percent": 95.77
				}
			,{
				"<=msec": 60.000
				,"percent": 96.14
				}
			,{
				"<=msec": 61.000
				,"percent": 96.46
				}
			,{
				"<=msec": 62.000
				,"percent": 96.77
				}
			,{
				"<=msec": 63.000
				,"percent": 96.96
				}
			,{
				"<=msec": 64.000
				,"percent": 97.18
				}
			,{
				"<=msec": 65.000
				,"percent": 97.36
				}
			,{
				"<=msec": 66.000
				,"percent": 97.56
				}
			,{
				"<=msec": 67.000
				,"percent": 97.75
				}
			,{
				"<=msec": 68.000
				,"percent": 97.97
				}
			,{
				"<=msec": 69.000
				,"percent": 98.15
				}
			,{
				"<=msec": 70.000
				,"percent": 98.38
				}
			,{
				"<=msec": 71.000
				,"percent": 98.51
				}
			,{
				"<=msec": 72.000
				,"percent": 98.63
				}
			,{
				"<=msec": 73.000
				,"percent": 98.72
				}
			,{
				"<=msec": 74.000
				,"percent": 98.82
				}
			,{
				"<=msec": 75.000
				,"percent": 98.91
				}
			,{
				"<=msec": 76.000
				,"percent": 99.01
				}
			,{
				"<=msec": 77.000
				,"percent": 99.13
				}
			,{
				"<=msec": 78.000
				,"percent": 99.24
				}
			,{
				"<=msec": 79.000
				,"percent": 99.30
				}
			,{
				"<=msec": 80.000
				,"percent": 99.35
				}
			,{
				"<=msec": 81.000
				,"percent": 99.37
				}
			,{
				"<=msec": 82.000
				,"percent": 99.40
				}
			,{
				"<=msec": 83.000
				,"percent": 99.45
				}
			,{
				"<=msec": 84.000
				,"percent": 99.50
				}
			,{
				"<=msec": 85.000
				,"percent": 99.53
				}
			,{
				"<=msec": 86.000
				,"percent": 99.58
				}
			,{
				"<=msec": 87.000
				,"percent": 99.62
				}
			,{
				"<=msec": 88.000
				,"percent": 99.64
				}
			,{
				"<=msec": 89.000
				,"percent": 99.68
				}
			,{
				"<=msec": 90.000
				,"percent": 99.70
				}
			,{
				"<=msec": 91.000
				,"percent": 99.73
				}
			,{
				"<=msec": 92.000
				,"percent": 99.77
				}
			,{
				"<=msec": 93.000
				,"percent": 99.78
				}
			,{
				"<=msec": 94.000
				,"percent": 99.79
				}
			,{
				"<=msec": 95.000
				,"percent": 99.81
				}
			,{
				"<=msec": 96.000
				,"percent": 99.82
				}
			,{
				"<=msec": 97.000
				,"percent": 99.83
				}
			,{
				"<=msec": 98.000
				,"percent": 99.84
				}
			,{
				"<=msec": 99.000
				,"percent": 99.86
				}
			,{
				"<=msec": 100.000
				,"percent": 99.91
				}
			,{
				"<=msec": 110.000
				,"percent": 99.97
				}
			,{
				"<=msec": 120.000
				,"percent": 99.99
				}
			,{
				"<=msec": 130.000
				,"percent": 100.00
				}
			,{
				"<=msec": 140.000
				,"percent": 100.00
				}
			]
		,"GET":[
			{
				"<=msec": 1.200
				,"percent": 0.00
				}
			,{
				"<=msec": 1.300
				,"percent": 0.01
				}
			,{
				"<=msec": 1.400
				,"percent": 0.04
				}
			,{
				"<=msec": 1.500
				,"percent": 0.09
				}
			,{
				"<=msec": 1.600
				,"percent": 0.16
				}
			,{
				"<=msec": 1.700
				,"percent": 0.29
				}
			,{
				"<=msec": 1.800
				,"percent": 0.41
				}
			,{
				"<=msec": 1.900
				,"percent": 0.58
				}
			,{
				"<=msec": 2.000
				,"percent": 0.75
				}
			,{
				"<=msec": 2.100
				,"percent": 0.94
				}
			,{
				"<=msec": 2.200
				,"percent": 1.08
				}
			,{
				"<=msec": 2.300
				,"percent": 1.28
				}
			,{
				"<=msec": 2.400
				,"percent": 1.43
				}
			,{
				"<=msec": 2.500
				,"percent": 1.60
				}
			,{
				"<=msec": 2.600
				,"percent": 1.78
				}
			,{
				"<=msec": 2.700
				,"percent": 1.94
				}
			,{
				"<=msec": 2.800
				,"percent": 2.09
				}
			,{
				"<=msec": 2.900
				,"percent": 2.28
				}
			,{
				"<=msec": 3.000
				,"percent": 2.40
				}
			,{
				"<=msec": 3.100
				,"percent": 2.53
				}
			,{
				"<=msec": 3.200
				,"percent": 2.64
				}
			,{
				"<=msec": 3.300
				,"percent": 2.78
				}
			,{
				"<=msec": 3.400
				,"percent": 2.90
				}
			,{
				"<=msec": 3.500
				,"percent": 3.00
				}
			,{
				"<=msec": 3.600
				,"percent": 3.12
				}
			,{
				"<=msec": 3.700
				,"percent": 3.22
				}
			,{
				"<=msec": 3.800
				,"percent": 3.30
				}
			,{
				"<=msec": 3.900
				,"percent": 3.39
				}
			,{
				"<=msec": 4.000
				,"percent": 3.49
				}
			,{
				"<=msec": 4.100
				,"percent": 3.59
				}
			,{
				"<=msec": 4.200
				,"percent": 3.71
				}
			,{
				"<=msec": 4.300
				,"percent": 3.79
				}
			,{
				"<=msec": 4.400
				,"percent": 3.89
				}
			,{
				"<=msec": 4.500
				,"percent": 4.01
				}
			,{
				"<=msec": 4.600
				,"percent": 4.09
				}
			,{
				"<=msec": 4.700
				,"percent": 4.19
				}
			,{
				"<=msec": 4.800
				,"percent": 4.27
				}
			,{
				"<=msec": 4.900
				,"percent": 4.36
				}
			,{
				"<=msec": 5.000
				,"percent": 4.45
				}
			,{
				"<=msec": 5.100
				,"percent": 4.57
				}
			,{
				"<=msec": 5.200
				,"percent": 4.63
				}
			,{
				"<=msec": 5.300
				,"percent": 4.70
				}
			,{
				"<=msec": 5.400
				,"percent": 4.76
				}
			,{
				"<=msec": 5.500
				,"percent": 4.83
				}
			,{
				"<=msec": 5.600
				,"percent": 4.93
				}
			,{
				"<=msec": 5.700
				,"percent": 5.02
				}
			,{
				"<=msec": 5.800
				,"percent": 5.11
				}
			,{
				"<=msec": 5.900
				,"percent": 5.22
				}
			,{
				"<=msec": 6.000
				,"percent": 5.32
				}
			,{
				"<=msec": 6.100
				,"percent": 5.39
				}
			,{
				"<=msec": 6.200
				,"percent": 5.45
				}
			,{
				"<=msec": 6.300
				,"percent": 5.56
				}
			,{
				"<=msec": 6.400
				,"percent": 5.65
				}
			,{
				"<=msec": 6.500
				,"percent": 5.74
				}
			,{
				"<=msec": 6.600
				,"percent": 5.88
				}
			,{
				"<=msec": 6.700
				,"percent": 5.97
				}
			,{
				"<=msec": 6.800
				,"percent": 6.07
				}
			,{
				"<=msec": 6.900
				,"percent": 6.19
				}
			,{
				"<=msec": 7.000
				,"percent": 6.30
				}
			,{
				"<=msec": 7.100
				,"percent": 6.42
				}
			,{
				"<=msec": 7.200
				,"percent": 6.56
				}
			,{
				"<=msec": 7.300
				,"percent": 6.69
				}
			,{
				"<=msec": 7.400
				,"percent": 6.83
				}
			,{
				"<=msec": 7.500
				,"percent": 6.92
				}
			,{
				"<=msec": 7.600
				,"percent": 7.08
				}
			,{
				"<=msec": 7.700
				,"percent": 7.21
				}
			,{
				"<=msec": 7.800
				,"percent": 7.36
				}
			,{
				"<=msec": 7.900
				,"percent": 7.51
				}
			,{
				"<=msec": 8.000
				,"percent": 7.68
				}
			,{
				"<=msec": 8.100
				,"percent": 7.84
				}
			,{
				"<=msec": 8.200
				,"percent": 7.99
				}
			,{
				"<=msec": 8.300
				,"percent": 8.13
				}
			,{
				"<=msec": 8.400
				,"percent": 8.25
				}
			,{
				"<=msec": 8.500
				,"percent": 8.36
				}
			,{
				"<=msec": 8.600
				,"percent": 8.48
				}
			,{
				"<=msec": 8.700
				,"percent": 8.61
				}
			,{
				"<=msec": 8.800
				,"percent": 8.73
				}
			,{
				"<=msec": 8.900
				,"percent": 8.87
				}
			,{
				"<=msec": 9.000
				,"percent": 9.00
				}
			,{
				"<=msec": 9.100
				,"percent": 9.16
				}
			,{
				"<=msec": 9.200
				,"percent": 9.26
				}
			,{
				"<=msec": 9.300
				,"percent": 9.40
				}
			,{
				"<=msec": 9.400
				,"percent": 9.53
				}
			,{
				"<=msec": 9.500
				,"percent": 9.66
				}
			,{
				"<=msec": 9.600
				,"percent": 9.82
				}
			,{
				"<=msec": 9.700
				,"percent": 9.96
				}
			,{
				"<=msec": 9.800
				,"percent": 10.09
				}
			,{
				"<=msec": 9.900
				,"percent": 10.22
				}
			,{
				"<=msec": 10.000
				,"percent": 11.06
				}
			,{
				"<=msec": 11.000
				,"percent": 12.93
				}
			,{
				"<=msec": 12.000
				,"percent": 14.98
				}
			,{
				"<=msec": 13.000
				,"percent": 17.13
				}
			,{
				"<=msec": 14.000
				,"percent": 18.93
				}
			,{
				"<=msec": 15.000
				,"percent": 20.45
				}
			,{
				"<=msec": 16.000
				,"percent": 21.96
				}
			,{
				"<=msec": 17.000
				,"percent": 23.75
				}
			,{
				"<=msec": 18.000
				,"percent": 26.55
				}
			,{
				"<=msec": 19.000
				,"percent": 30.54
				}
			,{
				"<=msec": 20.000
				,"percent": 36.00
				}
			,{
				"<=msec": 21.000
				,"percent": 41.88
				}
			,{
				"<=msec": 22.000
				,"percent": 46.68
				}
			,{
				"<=msec": 23.000
				,"percent": 50.48
				}
			,{
				"<=msec": 24.000
				,"percent": 53.58
				}
			,{
				"<=msec": 25.000
				,"percent": 56.62
				}
			,{
				"<=msec": 26.000
				,"percent": 59.76
				}
			,{
				"<=msec": 27.000
				,"percent": 63.49
				}
			,{
				"<=msec": 28.000
				,"percent": 67.54
				}
			,{
				"<=msec": 29.000
				,"percent": 71.62
				}
			,{
				"<=msec": 30.000
				,"percent": 75.22
				}
			,{
				"<=msec": 31.000
				,"percent": 77.90
				}
			,{
				"<=msec": 32.000
				,"percent": 79.85
				}
			,{
				"<=msec": 33.000
				,"percent": 81.46
				}
			,{
				"<=msec": 34.000
				,"percent": 82.73
				}
			,{
				"<=msec": 35.000
				,"percent": 83.89
				}
			,{
				"<=msec": 36.000
				,"percent": 84.99
				}
			,{
				"<=msec": 37.000
				,"percent": 86.20
				}
			,{
				"<=msec": 38.000
				,"percent": 87.26
				}
			,{
				"<=msec": 39.000
				,"percent": 88.28
				}
			,{
				"<=msec": 40.000
				,"percent": 89.16
				}
			,{
				"<=msec": 41.000
				,"percent": 89.92
				}
			,{
				"<=msec": 42.000
				,"percent": 90.51
				}
			,{
				"<=msec": 43.000
				,"percent": 91.07
				}
			,{
				"<=msec": 44.000
				,"percent": 91.54
				}
			,{
				"<=msec": 45.000
				,"percent": 91.98
				}
			,{
				"<=msec": 46.000
				,"percent": 92.44
				}
			,{
				"<=msec": 47.000
				,"percent": 92.95
				}
			,{
				"<=msec": 48.000
				,"percent": 93.49
				}
			,{
				"<=msec": 49.000
				,"percent": 94.01
				}
			,{
				"<=msec": 50.000
				,"percent": 94.48
				}
			,{
				"<=msec": 51.000
				,"percent": 94.88
				}
			,{
				"<=msec": 52.000
				,"percent": 95.18
				}
			,{
				"<=msec": 53.000
				,"percent": 95.50
				}
			,{
				"<=msec": 54.000
				,"percent": 95.82
				}
			,{
				"<=msec": 55.000
				,"percent": 96.11
				}
			,{
				"<=msec": 56.000
				,"percent": 96.41
				}
			,{
				"<=msec": 57.000
				,"percent": 96.64
				}
			,{
				"<=msec": 58.000
				,"percent": 96.92
				}
			,{
				"<=msec": 59.000
				,"percent": 97.26
				}
			,{
				"<=msec": 60.000
				,"percent": 97.55
				}
			,{
				"<=msec": 61.000
				,"percent": 97.74
				}
			,{
				"<=msec": 62.000
				,"percent": 97.86
				}
			,{
				"<=msec": 63.000
				,"percent": 98.01
				}
			,{
				"<=msec": 64.000
				,"percent": 98.15
				}
			,{
				"<=msec": 65.000
				,"percent": 98.25
				}
			,{
				"<=msec": 66.000
				,"percent": 98.38
				}
			,{
				"<=msec": 67.000
				,"percent": 98.49
				}
			,{
				"<=msec": 68.000
				,"percent": 98.59
				}
			,{
				"<=msec": 69.000
				,"percent": 98.71
				}
			,{
				"<=msec": 70.000
				,"percent": 98.83
				}
			,{
				"<=msec": 71.000
				,"percent": 98.93
				}
			,{
				"<=msec": 72.000
				,"percent": 99.03
				}
			,{
				"<=msec": 73.000
				,"percent": 99.11
				}
			,{
				"<=msec": 74.000
				,"percent": 99.16
				}
			,{
				"<=msec": 75.000
				,"percent": 99.24
				}
			,{
				"<=msec": 76.000
				,"percent": 99.31
				}
			,{
				"<=msec": 77.000
				,"percent": 99.35
				}
			,{
				"<=msec": 78.000
				,"percent": 99.41
				}
			,{
				"<=msec": 79.000
				,"percent": 99.47
				}
			,{
				"<=msec": 80.000
				,"percent": 99.52
				}
			,{
				"<=msec": 81.000
				,"percent": 99.54
				}
			,{
				"<=msec": 82.000
				,"percent": 99.58
				}
			,{
				"<=msec": 83.000
				,"percent": 99.61
				}
			,{
				"<=msec": 84.000
				,"percent": 99.63
				}
			,{
				"<=msec": 85.000
				,"percent": 99.65
				}
			,{
				"<=msec": 86.000
				,"percent": 99.67
				}
			,{
				"<=msec": 87.000
				,"percent": 99.70
				}
			,{
				"<=msec": 88.000
				,"percent": 99.73
				}
			,{
				"<=msec": 89.000
				,"percent": 99.77
				}
			,{
				"<=msec": 90.000
				,"percent": 99.79
				}
			,{
				"<=msec": 91.000
				,"percent": 99.81
				}
			,{
				"<=msec": 92.000
				,"percent": 99.84
				}
			,{
				"<=msec": 93.000
				,"percent": 99.85
				}
			,{
				"<=msec": 94.000
				,"percent": 99.86
				}
			,{
				"<=msec": 95.000
				,"percent": 99.87
				}
			,{
				"<=msec": 96.000
				,"percent": 99.88
				}
			,{
				"<=msec": 97.000
				,"percent": 99.90
				}
			,{
				"<=msec": 98.000
				,"percent": 99.90
				}
			,{
				"<=msec": 99.000
				,"percent": 99.91
				}
			,{
				"<=msec": 100.000
				,"percent": 99.94
				}
			,{
				"<=msec": 110.000
				,"percent": 99.98
				}
			,{
				"<=msec": 120.000
				,"percent": 99.99
				}
			,{
				"<=msec": 130.000
				,"percent": 100.00
				}
			]
		,"WAIT":[
		]
		}
	}
