{
	"configuration":{
		"server": "10.0.0.9"
		,"port": 6379
		,"unix socket": "(null)"
		,"protocol": "memcache_text"
		,"out_file": "(null)"
		,"client_stats": "(null)"
		,"run_count": 1
		,"debug": 0
		,"requests": 0
		,"clients": 32
		,"threads": 1
		,"test_time": 75
		,"ratio": "1:1"
		,"pipeline": 1
		,"data_size": 1024
		,"data_offset": 0
		,"random_data": "false"
		,"data_size_range": "0:0"
		,"data_size_list": ""
		,"data_size_pattern": "R"
		,"expiry_range": "9999:10000"
		,"data_import": "(null)"
		,"data_verify": "false"
		,"verify_only": "false"
		,"generate_keys": "false"
		,"key_prefix": "memtier-"
		,"key_minimum":           0
		,"key_maximum":       10000
		,"key_pattern": "R:R"
		,"key_stddev": 0.000000
		,"key_median": 0.000000
		,"reconnect_interval": 0
		,"multi_key_get": 0
		,"authenticate": ""
		,"select-db": 0
		,"no-expiry": "false"
		,"wait-ratio": "0:0"
		,"num-slaves": "0:0"
		,"wait-timeout": "0-0"
		}
	,"run information":{
		"Threads": 1
		,"Connections per thread": 32
		,"Seconds": 75
		}
	,"ALL STATS":{
		"Sets":{
			"Ops/sec": 554.69
			,"Hits/sec": 0.00
			,"Misses/sec": 0.00
			,"Latency": 30.84
			,"KB/sec": 576.57
			}
		,"Gets":{
			"Ops/sec": 554.49
			,"Hits/sec": 554.49
			,"Misses/sec": 0.00
			,"Latency": 26.84
			,"KB/sec": 582.53
			}
		,"Waits":{
			"Ops/sec": 0.00
			,"Hits/sec": 0.00
			,"Misses/sec": 0.00
			,"Latency": 0.00
			,"KB/sec": 0.00
			}
		,"Totals":{
			"Ops/sec": 1109.18
			,"Hits/sec": 554.49
			,"Misses/sec": 0.00
			,"Latency": 28.84
			,"KB/sec": 1159.10
			}
		,"SET":[
			{
				"<=msec": 2.100
				,"percent": 0.00
				}
			,{
				"<=msec": 2.300
				,"percent": 0.00
				}
			,{
				"<=msec": 2.400
				,"percent": 0.01
				}
			,{
				"<=msec": 2.600
				,"percent": 0.01
				}
			,{
				"<=msec": 2.700
				,"percent": 0.01
				}
			,{
				"<=msec": 2.900
				,"percent": 0.02
				}
			,{
				"<=msec": 3.000
				,"percent": 0.03
				}
			,{
				"<=msec": 3.100
				,"percent": 0.03
				}
			,{
				"<=msec": 3.200
				,"percent": 0.04
				}
			,{
				"<=msec": 3.300
				,"percent": 0.05
				}
			,{
				"<=msec": 3.400
				,"percent": 0.06
				}
			,{
				"<=msec": 3.500
				,"percent": 0.07
				}
			,{
				"<=msec": 3.600
				,"percent": 0.08
				}
			,{
				"<=msec": 3.700
				,"percent": 0.09
				}
			,{
				"<=msec": 3.800
				,"percent": 0.10
				}
			,{
				"<=msec": 3.900
				,"percent": 0.11
				}
			,{
				"<=msec": 4.100
				,"percent": 0.12
				}
			,{
				"<=msec": 4.200
				,"percent": 0.12
				}
			,{
				"<=msec": 4.300
				,"percent": 0.13
				}
			,{
				"<=msec": 4.400
				,"percent": 0.14
				}
			,{
				"<=msec": 4.500
				,"percent": 0.15
				}
			,{
				"<=msec": 4.600
				,"percent": 0.16
				}
			,{
				"<=msec": 4.700
				,"percent": 0.16
				}
			,{
				"<=msec": 4.800
				,"percent": 0.17
				}
			,{
				"<=msec": 4.900
				,"percent": 0.18
				}
			,{
				"<=msec": 5.000
				,"percent": 0.19
				}
			,{
				"<=msec": 5.200
				,"percent": 0.19
				}
			,{
				"<=msec": 5.300
				,"percent": 0.20
				}
			,{
				"<=msec": 5.400
				,"percent": 0.20
				}
			,{
				"<=msec": 5.500
				,"percent": 0.21
				}
			,{
				"<=msec": 5.600
				,"percent": 0.21
				}
			,{
				"<=msec": 5.700
				,"percent": 0.22
				}
			,{
				"<=msec": 6.000
				,"percent": 0.22
				}
			,{
				"<=msec": 6.400
				,"percent": 0.22
				}
			,{
				"<=msec": 6.500
				,"percent": 0.23
				}
			,{
				"<=msec": 6.600
				,"percent": 0.23
				}
			,{
				"<=msec": 6.800
				,"percent": 0.24
				}
			,{
				"<=msec": 6.900
				,"percent": 0.24
				}
			,{
				"<=msec": 7.000
				,"percent": 0.25
				}
			,{
				"<=msec": 7.100
				,"percent": 0.25
				}
			,{
				"<=msec": 7.200
				,"percent": 0.26
				}
			,{
				"<=msec": 7.300
				,"percent": 0.27
				}
			,{
				"<=msec": 7.400
				,"percent": 0.28
				}
			,{
				"<=msec": 7.500
				,"percent": 0.29
				}
			,{
				"<=msec": 7.600
				,"percent": 0.29
				}
			,{
				"<=msec": 7.700
				,"percent": 0.30
				}
			,{
				"<=msec": 7.800
				,"percent": 0.31
				}
			,{
				"<=msec": 7.900
				,"percent": 0.32
				}
			,{
				"<=msec": 8.000
				,"percent": 0.32
				}
			,{
				"<=msec": 8.100
				,"percent": 0.33
				}
			,{
				"<=msec": 8.200
				,"percent": 0.34
				}
			,{
				"<=msec": 8.300
				,"percent": 0.36
				}
			,{
				"<=msec": 8.400
				,"percent": 0.38
				}
			,{
				"<=msec": 8.500
				,"percent": 0.40
				}
			,{
				"<=msec": 8.600
				,"percent": 0.42
				}
			,{
				"<=msec": 8.700
				,"percent": 0.45
				}
			,{
				"<=msec": 8.800
				,"percent": 0.47
				}
			,{
				"<=msec": 8.900
				,"percent": 0.50
				}
			,{
				"<=msec": 9.000
				,"percent": 0.51
				}
			,{
				"<=msec": 9.100
				,"percent": 0.56
				}
			,{
				"<=msec": 9.200
				,"percent": 0.59
				}
			,{
				"<=msec": 9.300
				,"percent": 0.65
				}
			,{
				"<=msec": 9.400
				,"percent": 0.69
				}
			,{
				"<=msec": 9.500
				,"percent": 0.74
				}
			,{
				"<=msec": 9.600
				,"percent": 0.83
				}
			,{
				"<=msec": 9.700
				,"percent": 0.90
				}
			,{
				"<=msec": 9.800
				,"percent": 0.99
				}
			,{
				"<=msec": 9.900
				,"percent": 1.10
				}
			,{
				"<=msec": 10.000
				,"percent": 1.58
				}
			,{
				"<=msec": 11.000
				,"percent": 2.70
				}
			,{
				"<=msec": 12.000
				,"percent": 4.17
				}
			,{
				"<=msec": 13.000
				,"percent": 5.60
				}
			,{
				"<=msec": 14.000
				,"percent": 6.75
				}
			,{
				"<=msec": 15.000
				,"percent": 7.79
				}
			,{
				"<=msec": 16.000
				,"percent": 9.00
				}
			,{
				"<=msec": 17.000
				,"percent": 10.64
				}
			,{
				"<=msec": 18.000
				,"percent": 13.29
				}
			,{
				"<=msec": 19.000
				,"percent": 16.95
				}
			,{
				"<=msec": 20.000
				,"percent": 21.94
				}
			,{
				"<=msec": 21.000
				,"percent": 27.09
				}
			,{
				"<=msec": 22.000
				,"percent": 31.14
				}
			,{
				"<=msec": 23.000
				,"percent": 34.40
				}
			,{
				"<=msec": 24.000
				,"percent": 37.21
				}
			,{
				"<=msec": 25.000
				,"percent": 40.13
				}
			,{
				"<=msec": 26.000
				,"percent": 43.44
				}
			,{
				"<=msec": 27.000
				,"percent": 47.60
				}
			,{
				"<=msec": 28.000
				,"percent": 52.60
				}
			,{
				"<=msec": 29.000
				,"percent": 57.64
				}
			,{
				"<=msec": 30.000
				,"percent": 61.78
				}
			,{
				"<=msec": 31.000
				,"percent": 64.93
				}
			,{
				"<=msec": 32.000
				,"percent": 67.47
				}
			,{
				"<=msec": 33.000
				,"percent": 69.56
				}
			,{
				"<=msec": 34.000
				,"percent": 71.22
				}
			,{
				"<=msec": 35.000
				,"percent": 72.86
				}
			,{
				"<=msec": 36.000
				,"percent": 74.58
				}
			,{
				"<=msec": 37.000
				,"percent": 76.38
				}
			,{
				"<=msec": 38.000
				,"percent": 78.14
				}
			,{
				"<=msec": 39.000
				,"percent": 79.76
				}
			,{
				"<=msec": 40.000
				,"percent": 81.23
				}
			,{
				"<=msec": 41.000
				,"percent": 82.44
				}
			,{
				"<=msec": 42.000
				,"percent": 83.45
				}
			,{
				"<=msec": 43.000
				,"percent": 84.28
				}
			,{
				"<=msec": 44.000
				,"percent": 85.05
				}
			,{
				"<=msec": 45.000
				,"percent": 85.83
				}
			,{
				"<=msec": 46.000
				,"percent": 86.61
				}
			,{
				"<=msec": 47.000
				,"percent": 87.55
				}
			,{
				"<=msec": 48.000
				,"percent": 88.46
				}
			,{
				"<=msec": 49.000
				,"percent": 89.34
				}
			,{
				"<=msec": 50.000
				,"percent": 90.22
				}
			,{
				"<=msec": 51.000
				,"percent": 91.00
				}
			,{
				"<=msec": 52.000
				,"percent": 91.63
				}
			,{
				"<=msec": 53.000
				,"percent": 92.29
				}
			,{
				"<=msec": 54.000
				,"percent": 92.78
				}
			,{
				"<=msec": 55.000
				,"percent": 93.25
				}
			,{
				"<=msec": 56.000
				,"percent": 93.77
				}
			,{
				"<=msec": 57.000
				,"percent": 94.26
				}
			,{
				"<=msec": 58.000
				,"percent": 94.74
				}
			,{
				"<=msec": 59.000
				,"percent": 95.22
				}
			,{
				"<=msec": 60.000
				,"percent": 95.68
				}
			,{
				"<=msec": 61.000
				,"percent": 96.10
				}
			,{
				"<=msec": 62.000
				,"percent": 96.39
				}
			,{
				"<=msec": 63.000
				,"percent": 96.70
				}
			,{
				"<=msec": 64.000
				,"percent": 96.92
				}
			,{
				"<=msec": 65.000
				,"percent": 97.15
				}
			,{
				"<=msec": 66.000
				,"percent": 97.37
				}
			,{
				"<=msec": 67.000
				,"percent": 97.55
				}
			,{
				"<=msec": 68.000
				,"percent": 97.73
				}
			,{
				"<=msec": 69.000
				,"percent": 97.88
				}
			,{
				"<=msec": 70.000
				,"percent": 98.06
				}
			,{
				"<=msec": 71.000
				,"percent": 98.21
				}
			,{
				"<=msec": 72.000
				,"percent": 98.34
				}
			,{
				"<=msec": 73.000
				,"percent": 98.43
				}
			,{
				"<=msec": 74.000
				,"percent": 98.52
				}
			,{
				"<=msec": 75.000
				,"percent": 98.61
				}
			,{
				"<=msec": 76.000
				,"percent": 98.68
				}
			,{
				"<=msec": 77.000
				,"percent": 98.78
				}
			,{
				"<=msec": 78.000
				,"percent": 98.89
				}
			,{
				"<=msec": 79.000
				,"percent": 98.98
				}
			,{
				"<=msec": 80.000
				,"percent": 99.07
				}
			,{
				"<=msec": 81.000
				,"percent": 99.13
				}
			,{
				"<=msec": 82.000
				,"percent": 99.19
				}
			,{
				"<=msec": 83.000
				,"percent": 99.26
				}
			,{
				"<=msec": 84.000
				,"percent": 99.33
				}
			,{
				"<=msec": 85.000
				,"percent": 99.38
				}
			,{
				"<=msec": 86.000
				,"percent": 99.40
				}
			,{
				"<=msec": 87.000
				,"percent": 99.44
				}
			,{
				"<=msec": 88.000
				,"percent": 99.49
				}
			,{
				"<=msec": 89.000
				,"percent": 99.53
				}
			,{
				"<=msec": 90.000
				,"percent": 99.56
				}
			,{
				"<=msec": 91.000
				,"percent": 99.60
				}
			,{
				"<=msec": 92.000
				,"percent": 99.64
				}
			,{
				"<=msec": 93.000
				,"percent": 99.66
				}
			,{
				"<=msec": 94.000
				,"percent": 99.67
				}
			,{
				"<=msec": 95.000
				,"percent": 99.69
				}
			,{
				"<=msec": 96.000
				,"percent": 99.72
				}
			,{
				"<=msec": 97.000
				,"percent": 99.74
				}
			,{
				"<=msec": 98.000
				,"percent": 99.76
				}
			,{
				"<=msec": 99.000
				,"percent": 99.81
				}
			,{
				"<=msec": 100.000
				,"percent": 99.87
				}
			,{
				"<=msec": 110.000
				,"percent": 99.94
				}
			,{
				"<=msec": 120.000
				,"percent": 99.96
				}
			,{
				"<=msec": 130.000
				,"percent": 99.97
				}
			,{
				"<=msec": 140.000
				,"percent": 99.99
				}
			,{
				"<=msec": 150.000
				,"percent": 100.00
				}
			,{
				"<=msec": 170.000
				,"percent": 100.00
				}
			]
		,"GET":[
			{
				"<=msec": 1.900
				,"percent": 0.00
				}
			,{
				"<=msec": 2.000
				,"percent": 0.01
				}
			,{
				"<=msec": 2.100
				,"percent": 0.01
				}
			,{
				"<=msec": 2.200
				,"percent": 0.03
				}
			,{
				"<=msec": 2.300
				,"percent": 0.04
				}
			,{
				"<=msec": 2.400
				,"percent": 0.05
				}
			,{
				"<=msec": 2.500
				,"percent": 0.06
				}
			,{
				"<=msec": 2.600
				,"percent": 0.07
				}
			,{
				"<=msec": 2.700
				,"percent": 0.08
				}
			,{
				"<=msec": 2.800
				,"percent": 0.10
				}
			,{
				"<=msec": 2.900
				,"percent": 0.12
				}
			,{
				"<=msec": 3.000
				,"percent": 0.15
				}
			,{
				"<=msec": 3.100
				,"percent": 0.17
				}
			,{
				"<=msec": 3.200
				,"percent": 0.19
				}
			,{
				"<=msec": 3.300
				,"percent": 0.21
				}
			,{
				"<=msec": 3.400
				,"percent": 0.25
				}
			,{
				"<=msec": 3.500
				,"percent": 0.27
				}
			,{
				"<=msec": 3.600
				,"percent": 0.29
				}
			,{
				"<=msec": 3.700
				,"percent": 0.30
				}
			,{
				"<=msec": 3.800
				,"percent": 0.31
				}
			,{
				"<=msec": 3.900
				,"percent": 0.34
				}
			,{
				"<=msec": 4.000
				,"percent": 0.36
				}
			,{
				"<=msec": 4.100
				,"percent": 0.38
				}
			,{
				"<=msec": 4.200
				,"percent": 0.42
				}
			,{
				"<=msec": 4.300
				,"percent": 0.44
				}
			,{
				"<=msec": 4.400
				,"percent": 0.46
				}
			,{
				"<=msec": 4.500
				,"percent": 0.48
				}
			,{
				"<=msec": 4.600
				,"percent": 0.50
				}
			,{
				"<=msec": 4.700
				,"percent": 0.52
				}
			,{
				"<=msec": 4.800
				,"percent": 0.54
				}
			,{
				"<=msec": 4.900
				,"percent": 0.56
				}
			,{
				"<=msec": 5.000
				,"percent": 0.58
				}
			,{
				"<=msec": 5.100
				,"percent": 0.60
				}
			,{
				"<=msec": 5.200
				,"percent": 0.60
				}
			,{
				"<=msec": 5.300
				,"percent": 0.62
				}
			,{
				"<=msec": 5.400
				,"percent": 0.63
				}
			,{
				"<=msec": 5.500
				,"percent": 0.64
				}
			,{
				"<=msec": 5.600
				,"percent": 0.66
				}
			,{
				"<=msec": 5.700
				,"percent": 0.67
				}
			,{
				"<=msec": 5.800
				,"percent": 0.69
				}
			,{
				"<=msec": 5.900
				,"percent": 0.70
				}
			,{
				"<=msec": 6.000
				,"percent": 0.72
				}
			,{
				"<=msec": 6.100
				,"percent": 0.74
				}
			,{
				"<=msec": 6.200
				,"percent": 0.75
				}
			,{
				"<=msec": 6.300
				,"percent": 0.76
				}
			,{
				"<=msec": 6.400
				,"percent": 0.77
				}
			,{
				"<=msec": 6.500
				,"percent": 0.78
				}
			,{
				"<=msec": 6.600
				,"percent": 0.79
				}
			,{
				"<=msec": 6.700
				,"percent": 0.80
				}
			,{
				"<=msec": 6.800
				,"percent": 0.82
				}
			,{
				"<=msec": 6.900
				,"percent": 0.83
				}
			,{
				"<=msec": 7.000
				,"percent": 0.84
				}
			,{
				"<=msec": 7.100
				,"percent": 0.87
				}
			,{
				"<=msec": 7.200
				,"percent": 0.89
				}
			,{
				"<=msec": 7.300
				,"percent": 0.91
				}
			,{
				"<=msec": 7.400
				,"percent": 0.92
				}
			,{
				"<=msec": 7.500
				,"percent": 0.93
				}
			,{
				"<=msec": 7.600
				,"percent": 0.95
				}
			,{
				"<=msec": 7.700
				,"percent": 0.97
				}
			,{
				"<=msec": 7.800
				,"percent": 1.00
				}
			,{
				"<=msec": 7.900
				,"percent": 1.01
				}
			,{
				"<=msec": 8.000
				,"percent": 1.04
				}
			,{
				"<=msec": 8.100
				,"percent": 1.06
				}
			,{
				"<=msec": 8.200
				,"percent": 1.09
				}
			,{
				"<=msec": 8.300
				,"percent": 1.12
				}
			,{
				"<=msec": 8.400
				,"percent": 1.16
				}
			,{
				"<=msec": 8.500
				,"percent": 1.19
				}
			,{
				"<=msec": 8.600
				,"percent": 1.23
				}
			,{
				"<=msec": 8.700
				,"percent": 1.29
				}
			,{
				"<=msec": 8.800
				,"percent": 1.36
				}
			,{
				"<=msec": 8.900
				,"percent": 1.42
				}
			,{
				"<=msec": 9.000
				,"percent": 1.52
				}
			,{
				"<=msec": 9.100
				,"percent": 1.63
				}
			,{
				"<=msec": 9.200
				,"percent": 1.73
				}
			,{
				"<=msec": 9.300
				,"percent": 1.81
				}
			,{
				"<=msec": 9.400
				,"percent": 1.92
				}
			,{
				"<=msec": 9.500
				,"percent": 2.01
				}
			,{
				"<=msec": 9.600
				,"percent": 2.18
				}
			,{
				"<=msec": 9.700
				,"percent": 2.32
				}
			,{
				"<=msec": 9.800
				,"percent": 2.46
				}
			,{
				"<=msec": 9.900
				,"percent": 2.60
				}
			,{
				"<=msec": 10.000
				,"percent": 3.56
				}
			,{
				"<=msec": 11.000
				,"percent": 5.75
				}
			,{
				"<=msec": 12.000
				,"percent": 8.39
				}
			,{
				"<=msec": 13.000
				,"percent": 11.23
				}
			,{
				"<=msec": 14.000
				,"percent": 13.22
				}
			,{
				"<=msec": 15.000
				,"percent": 14.90
				}
			,{
				"<=msec": 16.000
				,"percent": 16.67
				}
			,{
				"<=msec": 17.000
				,"percent": 18.70
				}
			,{
				"<=msec": 18.000
				,"percent": 21.96
				}
			,{
				"<=msec": 19.000
				,"percent": 26.84
				}
			,{
				"<=msec": 20.000
				,"percent": 33.49
				}
			,{
				"<=msec": 21.000
				,"percent": 40.05
				}
			,{
				"<=msec": 22.000
				,"percent": 45.07
				}
			,{
				"<=msec": 23.000
				,"percent": 49.13
				}
			,{
				"<=msec": 24.000
				,"percent": 52.41
				}
			,{
				"<=msec": 25.000
				,"percent": 55.36
				}
			,{
				"<=msec": 26.000
				,"percent": 58.33
				}
			,{
				"<=msec": 27.000
				,"percent": 61.90
				}
			,{
				"<=msec": 28.000
				,"percent": 66.17
				}
			,{
				"<=msec": 29.000
				,"percent": 70.32
				}
			,{
				"<=msec": 30.000
				,"percent": 73.79
				}
			,{
				"<=msec": 31.000
				,"percent": 76.55
				}
			,{
				"<=msec": 32.000
				,"percent": 78.45
				}
			,{
				"<=msec": 33.000
				,"percent": 79.92
				}
			,{
				"<=msec": 34.000
				,"percent": 81.03
				}
			,{
				"<=msec": 35.000
				,"percent": 82.08
				}
			,{
				"<=msec": 36.000
				,"percent": 83.26
				}
			,{
				"<=msec": 37.000
				,"percent": 84.48
				}
			,{
				"<=msec": 38.000
				,"percent": 85.56
				}
			,{
				"<=msec": 39.000
				,"percent": 86.57
				}
			,{
				"<=msec": 40.000
				,"percent": 87.59
				}
			,{
				"<=msec": 41.000
				,"percent": 88.48
				}
			,{
				"<=msec": 42.000
				,"percent": 89.19
				}
			,{
				"<=msec": 43.000
				,"percent": 89.84
				}
			,{
				"<=msec": 44.000
				,"percent": 90.33
				}
			,{
				"<=msec": 45.000
				,"percent": 90.82
				}
			,{
				"<=msec": 46.000
				,"percent": 91.31
				}
			,{
				"<=msec": 47.000
				,"percent": 91.89
				}
			,{
				"<=msec": 48.000
				,"percent": 92.53
				}
			,{
				"<=msec": 49.000
				,"percent": 93.19
				}
			,{
				"<=msec": 50.000
				,"percent": 93.83
				}
			,{
				"<=msec": 51.000
				,"percent": 94.38
				}
			,{
				"<=msec": 52.000
				,"percent": 94.83
				}
			,{
				"<=msec": 53.000
				,"percent": 95.20
				}
			,{
				"<=msec": 54.000
				,"percent": 95.50
				}
			,{
				"<=msec": 55.000
				,"percent": 95.79
				}
			,{
				"<=msec": 56.000
				,"percent": 96.11
				}
			,{
				"<=msec": 57.000
				,"percent": 96.42
				}
			,{
				"<=msec": 58.000
				,"percent": 96.78
				}
			,{
				"<=msec": 59.000
				,"percent": 97.05
				}
			,{
				"<=msec": 60.000
				,"percent": 97.31
				}
			,{
				"<=msec": 61.000
				,"percent": 97.54
				}
			,{
				"<=msec": 62.000
				,"percent": 97.72
				}
			,{
				"<=msec": 63.000
				,"percent": 97.91
				}
			,{
				"<=msec": 64.000
				,"percent": 98.03
				}
			,{
				"<=msec": 65.000
				,"percent": 98.16
				}
			,{
				"<=msec": 66.000
				,"percent": 98.29
				}
			,{
				"<=msec": 67.000
				,"percent": 98.41
				}
			,{
				"<=msec": 68.000
				,"percent": 98.56
				}
			,{
				"<=msec": 69.000
				,"percent": 98.65
				}
			,{
				"<=msec": 70.000
				,"percent": 98.76
				}
			,{
				"<=msec": 71.000
				,"percent": 98.85
				}
			,{
				"<=msec": 72.000
				,"percent": 98.94
				}
			,{
				"<=msec": 73.000
				,"percent": 99.03
				}
			,{
				"<=msec": 74.000
				,"percent": 99.08
				}
			,{
				"<=msec": 75.000
				,"percent": 99.13
				}
			,{
				"<=msec": 76.000
				,"percent": 99.18
				}
			,{
				"<=msec": 77.000
				,"percent": 99.24
				}
			,{
				"<=msec": 78.000
				,"percent": 99.28
				}
			,{
				"<=msec": 79.000
				,"percent": 99.33
				}
			,{
				"<=msec": 80.000
				,"percent": 99.38
				}
			,{
				"<=msec": 81.000
				,"percent": 99.41
				}
			,{
				"<=msec": 82.000
				,"percent": 99.46
				}
			,{
				"<=msec": 83.000
				,"percent": 99.48
				}
			,{
				"<=msec": 84.000
				,"percent": 99.51
				}
			,{
				"<=msec": 85.000
				,"percent": 99.53
				}
			,{
				"<=msec": 86.000
				,"percent": 99.57
				}
			,{
				"<=msec": 87.000
				,"percent": 99.62
				}
			,{
				"<=msec": 88.000
				,"percent": 99.63
				}
			,{
				"<=msec": 89.000
				,"percent": 99.68
				}
			,{
				"<=msec": 90.000
				,"percent": 99.71
				}
			,{
				"<=msec": 91.000
				,"percent": 99.74
				}
			,{
				"<=msec": 92.000
				,"percent": 99.76
				}
			,{
				"<=msec": 93.000
				,"percent": 99.77
				}
			,{
				"<=msec": 94.000
				,"percent": 99.78
				}
			,{
				"<=msec": 95.000
				,"percent": 99.80
				}
			,{
				"<=msec": 96.000
				,"percent": 99.81
				}
			,{
				"<=msec": 97.000
				,"percent": 99.82
				}
			,{
				"<=msec": 98.000
				,"percent": 99.84
				}
			,{
				"<=msec": 99.000
				,"percent": 99.86
				}
			,{
				"<=msec": 100.000
				,"percent": 99.91
				}
			,{
				"<=msec": 110.000
				,"percent": 99.96
				}
			,{
				"<=msec": 120.000
				,"percent": 99.99
				}
			,{
				"<=msec": 130.000
				,"percent": 99.99
				}
			,{
				"<=msec": 140.000
				,"percent": 100.00
				}
			]
		,"WAIT":[
		]
		}
	}
