{
	"configuration":{
		"server": "10.0.0.9"
		,"port": 6379
		,"unix socket": "(null)"
		,"protocol": "memcache_text"
		,"out_file": "(null)"
		,"client_stats": "(null)"
		,"run_count": 1
		,"debug": 0
		,"requests": 0
		,"clients": 32
		,"threads": 1
		,"test_time": 75
		,"ratio": "1:1"
		,"pipeline": 1
		,"data_size": 1024
		,"data_offset": 0
		,"random_data": "false"
		,"data_size_range": "0:0"
		,"data_size_list": ""
		,"data_size_pattern": "R"
		,"expiry_range": "9999:10000"
		,"data_import": "(null)"
		,"data_verify": "false"
		,"verify_only": "false"
		,"generate_keys": "false"
		,"key_prefix": "memtier-"
		,"key_minimum":           0
		,"key_maximum":       10000
		,"key_pattern": "R:R"
		,"key_stddev": 0.000000
		,"key_median": 0.000000
		,"reconnect_interval": 0
		,"multi_key_get": 0
		,"authenticate": ""
		,"select-db": 0
		,"no-expiry": "false"
		,"wait-ratio": "0:0"
		,"num-slaves": "0:0"
		,"wait-timeout": "0-0"
		}
	,"run information":{
		"Threads": 1
		,"Connections per thread": 32
		,"Seconds": 75
		}
	,"ALL STATS":{
		"Sets":{
			"Ops/sec": 457.99
			,"Hits/sec": 0.00
			,"Misses/sec": 0.00
			,"Latency": 35.96
			,"KB/sec": 476.06
			}
		,"Gets":{
			"Ops/sec": 457.79
			,"Hits/sec": 457.79
			,"Misses/sec": 0.00
			,"Latency": 33.90
			,"KB/sec": 480.95
			}
		,"Waits":{
			"Ops/sec": 0.00
			,"Hits/sec": 0.00
			,"Misses/sec": 0.00
			,"Latency": 0.00
			,"KB/sec": 0.00
			}
		,"Totals":{
			"Ops/sec": 915.78
			,"Hits/sec": 457.79
			,"Misses/sec": 0.00
			,"Latency": 34.93
			,"KB/sec": 957.01
			}
		,"SET":[
			{
				"<=msec": 9.800
				,"percent": 0.00
				}
			,{
				"<=msec": 10.000
				,"percent": 0.03
				}
			,{
				"<=msec": 11.000
				,"percent": 0.07
				}
			,{
				"<=msec": 12.000
				,"percent": 0.13
				}
			,{
				"<=msec": 13.000
				,"percent": 0.24
				}
			,{
				"<=msec": 14.000
				,"percent": 0.43
				}
			,{
				"<=msec": 15.000
				,"percent": 0.80
				}
			,{
				"<=msec": 16.000
				,"percent": 1.15
				}
			,{
				"<=msec": 17.000
				,"percent": 1.41
				}
			,{
				"<=msec": 18.000
				,"percent": 1.81
				}
			,{
				"<=msec": 19.000
				,"percent": 2.48
				}
			,{
				"<=msec": 20.000
				,"percent": 3.42
				}
			,{
				"<=msec": 21.000
				,"percent": 4.86
				}
			,{
				"<=msec": 22.000
				,"percent": 6.16
				}
			,{
				"<=msec": 23.000
				,"percent": 7.61
				}
			,{
				"<=msec": 24.000
				,"percent": 9.49
				}
			,{
				"<=msec": 25.000
				,"percent": 12.20
				}
			,{
				"<=msec": 26.000
				,"percent": 15.45
				}
			,{
				"<=msec": 27.000
				,"percent": 18.40
				}
			,{
				"<=msec": 28.000
				,"percent": 21.48
				}
			,{
				"<=msec": 29.000
				,"percent": 24.85
				}
			,{
				"<=msec": 30.000
				,"percent": 28.87
				}
			,{
				"<=msec": 31.000
				,"percent": 34.31
				}
			,{
				"<=msec": 32.000
				,"percent": 40.53
				}
			,{
				"<=msec": 33.000
				,"percent": 46.68
				}
			,{
				"<=msec": 34.000
				,"percent": 52.44
				}
			,{
				"<=msec": 35.000
				,"percent": 57.46
				}
			,{
				"<=msec": 36.000
				,"percent": 62.08
				}
			,{
				"<=msec": 37.000
				,"percent": 66.60
				}
			,{
				"<=msec": 38.000
				,"percent": 70.54
				}
			,{
				"<=msec": 39.000
				,"percent": 73.90
				}
			,{
				"<=msec": 40.000
				,"percent": 76.71
				}
			,{
				"<=msec": 41.000
				,"percent": 79.04
				}
			,{
				"<=msec": 42.000
				,"percent": 81.02
				}
			,{
				"<=msec": 43.000
				,"percent": 82.68
				}
			,{
				"<=msec": 44.000
				,"percent": 84.05
				}
			,{
				"<=msec": 45.000
				,"percent": 85.19
				}
			,{
				"<=msec": 46.000
				,"percent": 86.13
				}
			,{
				"<=msec": 47.000
				,"percent": 87.12
				}
			,{
				"<=msec": 48.000
				,"percent": 88.05
				}
			,{
				"<=msec": 49.000
				,"percent": 88.90
				}
			,{
				"<=msec": 50.000
				,"percent": 89.81
				}
			,{
				"<=msec": 51.000
				,"percent": 90.56
				}
			,{
				"<=msec": 52.000
				,"percent": 91.41
				}
			,{
				"<=msec": 53.000
				,"percent": 92.21
				}
			,{
				"<=msec": 54.000
				,"percent": 92.87
				}
			,{
				"<=msec": 55.000
				,"percent": 93.51
				}
			,{
				"<=msec": 56.000
				,"percent": 94.15
				}
			,{
				"<=msec": 57.000
				,"percent": 94.77
				}
			,{
				"<=msec": 58.000
				,"percent": 95.41
				}
			,{
				"<=msec": 59.000
				,"percent": 95.93
				}
			,{
				"<=msec": 60.000
				,"percent": 96.40
				}
			,{
				"<=msec": 61.000
				,"percent": 96.81
				}
			,{
				"<=msec": 62.000
				,"percent": 97.13
				}
			,{
				"<=msec": 63.000
				,"percent": 97.46
				}
			,{
				"<=msec": 64.000
				,"percent": 97.75
				}
			,{
				"<=msec": 65.000
				,"percent": 98.01
				}
			,{
				"<=msec": 66.000
				,"percent": 98.24
				}
			,{
				"<=msec": 67.000
				,"percent": 98.47
				}
			,{
				"<=msec": 68.000
				,"percent": 98.65
				}
			,{
				"<=msec": 69.000
				,"percent": 98.82
				}
			,{
				"<=msec": 70.000
				,"percent": 98.93
				}
			,{
				"<=msec": 71.000
				,"percent": 99.02
				}
			,{
				"<=msec": 72.000
				,"percent": 99.13
				}
			,{
				"<=msec": 73.000
				,"percent": 99.20
				}
			,{
				"<=msec": 74.000
				,"percent": 99.28
				}
			,{
				"<=msec": 75.000
				,"percent": 99.35
				}
			,{
				"<=msec": 76.000
				,"percent": 99.43
				}
			,{
				"<=msec": 77.000
				,"percent": 99.49
				}
			,{
				"<=msec": 78.000
				,"percent": 99.53
				}
			,{
				"<=msec": 79.000
				,"percent": 99.55
				}
			,{
				"<=msec": 80.000
				,"percent": 99.61
				}
			,{
				"<=msec": 81.000
				,"percent": 99.65
				}
			,{
				"<=msec": 82.000
				,"percent": 99.69
				}
			,{
				"<=msec": 83.000
				,"percent": 99.73
				}
			,{
				"<=msec": 84.000
				,"percent": 99.78
				}
			,{
				"<=msec": 85.000
				,"percent": 99.85
				}
			,{
				"<=msec": 86.000
				,"percent": 99.91
				}
			,{
				"<=msec": 87.000
				,"percent": 99.92
				}
			,{
				"<=msec": 88.000
				,"percent": 99.94
				}
			,{
				"<=msec": 89.000
				,"percent": 99.95
				}
			,{
				"<=msec": 90.000
				,"percent": 99.96
				}
			,{
				"<=msec": 91.000
				,"percent": 99.98
				}
			,{
				"<=msec": 92.000
				,"percent": 99.99
				}
			,{
				"<=msec": 95.000
				,"percent": 99.99
				}
			,{
				"<=msec": 96.000
				,"percent": 100.00
				}
			,{
				"<=msec": 97.000
				,"percent": 100.00
				}
			]
		,"GET":[
			{
				"<=msec": 8.000
				,"percent": 0.00
				}
			,{
				"<=msec": 8.400
				,"percent": 0.01
				}
			,{
				"<=msec": 8.600
				,"percent": 0.01
				}
			,{
				"<=msec": 8.700
				,"percent": 0.01
				}
			,{
				"<=msec": 9.000
				,"percent": 0.02
				}
			,{
				"<=msec": 9.200
				,"percent": 0.02
				}
			,{
				"<=msec": 9.500
				,"percent": 0.02
				}
			,{
				"<=msec": 9.600
				,"percent": 0.03
				}
			,{
				"<=msec": 9.700
				,"percent": 0.03
				}
			,{
				"<=msec": 9.800
				,"percent": 0.04
				}
			,{
				"<=msec": 10.000
				,"percent": 0.05
				}
			,{
				"<=msec": 11.000
				,"percent": 0.07
				}
			,{
				"<=msec": 12.000
				,"percent": 0.11
				}
			,{
				"<=msec": 13.000
				,"percent": 0.31
				}
			,{
				"<=msec": 14.000
				,"percent": 0.71
				}
			,{
				"<=msec": 15.000
				,"percent": 1.27
				}
			,{
				"<=msec": 16.000
				,"percent": 1.86
				}
			,{
				"<=msec": 17.000
				,"percent": 2.32
				}
			,{
				"<=msec": 18.000
				,"percent": 2.96
				}
			,{
				"<=msec": 19.000
				,"percent": 3.84
				}
			,{
				"<=msec": 20.000
				,"percent": 5.15
				}
			,{
				"<=msec": 21.000
				,"percent": 6.63
				}
			,{
				"<=msec": 22.000
				,"percent": 8.05
				}
			,{
				"<=msec": 23.000
				,"percent": 9.89
				}
			,{
				"<=msec": 24.000
				,"percent": 12.58
				}
			,{
				"<=msec": 25.000
				,"percent": 16.61
				}
			,{
				"<=msec": 26.000
				,"percent": 21.08
				}
			,{
				"<=msec": 27.000
				,"percent": 25.42
				}
			,{
				"<=msec": 28.000
				,"percent": 29.34
				}
			,{
				"<=msec": 29.000
				,"percent": 33.40
				}
			,{
				"<=msec": 30.000
				,"percent": 38.40
				}
			,{
				"<=msec": 31.000
				,"percent": 44.33
				}
			,{
				"<=msec": 32.000
				,"percent": 50.92
				}
			,{
				"<=msec": 33.000
				,"percent": 57.24
				}
			,{
				"<=msec": 34.000
				,"percent": 62.52
				}
			,{
				"<=msec": 35.000
				,"percent": 66.95
				}
			,{
				"<=msec": 36.000
				,"percent": 70.88
				}
			,{
				"<=msec": 37.000
				,"percent": 74.62
				}
			,{
				"<=msec": 38.000
				,"percent": 77.58
				}
			,{
				"<=msec": 39.000
				,"percent": 79.99
				}
			,{
				"<=msec": 40.000
				,"percent": 81.90
				}
			,{
				"<=msec": 41.000
				,"percent": 83.47
				}
			,{
				"<=msec": 42.000
				,"percent": 84.78
				}
			,{
				"<=msec": 43.000
				,"percent": 86.03
				}
			,{
				"<=msec": 44.000
				,"percent": 87.05
				}
			,{
				"<=msec": 45.000
				,"percent": 87.89
				}
			,{
				"<=msec": 46.000
				,"percent": 88.81
				}
			,{
				"<=msec": 47.000
				,"percent": 89.75
				}
			,{
				"<=msec": 48.000
				,"percent": 90.66
				}
			,{
				"<=msec": 49.000
				,"percent": 91.53
				}
			,{
				"<=msec": 50.000
				,"percent": 92.33
				}
			,{
				"<=msec": 51.000
				,"percent": 92.88
				}
			,{
				"<=msec": 52.000
				,"percent": 93.61
				}
			,{
				"<=msec": 53.000
				,"percent": 94.39
				}
			,{
				"<=msec": 54.000
				,"percent": 94.98
				}
			,{
				"<=msec": 55.000
				,"percent": 95.52
				}
			,{
				"<=msec": 56.000
				,"percent": 95.99
				}
			,{
				"<=msec": 57.000
				,"percent": 96.43
				}
			,{
				"<=msec": 58.000
				,"percent": 96.80
				}
			,{
				"<=msec": 59.000
				,"percent": 97.23
				}
			,{
				"<=msec": 60.000
				,"percent": 97.62
				}
			,{
				"<=msec": 61.000
				,"percent": 97.95
				}
			,{
				"<=msec": 62.000
				,"percent": 98.25
				}
			,{
				"<=msec": 63.000
				,"percent": 98.51
				}
			,{
				"<=msec": 64.000
				,"percent": 98.75
				}
			,{
				"<=msec": 65.000
				,"percent": 98.89
				}
			,{
				"<=msec": 66.000
				,"percent": 99.01
				}
			,{
				"<=msec": 67.000
				,"percent": 99.15
				}
			,{
				"<=msec": 68.000
				,"percent": 99.28
				}
			,{
				"<=msec": 69.000
				,"percent": 99.35
				}
			,{
				"<=msec": 70.000
				,"percent": 99.39
				}
			,{
				"<=msec": 71.000
				,"percent": 99.45
				}
			,{
				"<=msec": 72.000
				,"percent": 99.51
				}
			,{
				"<=msec": 73.000
				,"percent": 99.58
				}
			,{
				"<=msec": 74.000
				,"percent": 99.62
				}
			,{
				"<=msec": 75.000
				,"percent": 99.65
				}
			,{
				"<=msec": 76.000
				,"percent": 99.70
				}
			,{
				"<=msec": 77.000
				,"percent": 99.74
				}
			,{
				"<=msec": 78.000
				,"percent": 99.74
				}
			,{
				"<=msec": 79.000
				,"percent": 99.78
				}
			,{
				"<=msec": 80.000
				,"percent": 99.84
				}
			,{
				"<=msec": 81.000
				,"percent": 99.86
				}
			,{
				"<=msec": 82.000
				,"percent": 99.90
				}
			,{
				"<=msec": 83.000
				,"percent": 99.93
				}
			,{
				"<=msec": 84.000
				,"percent": 99.94
				}
			,{
				"<=msec": 85.000
				,"percent": 99.97
				}
			,{
				"<=msec": 87.000
				,"percent": 99.97
				}
			,{
				"<=msec": 88.000
				,"percent": 99.98
				}
			,{
				"<=msec": 89.000
				,"percent": 99.99
				}
			,{
				"<=msec": 90.000
				,"percent": 99.99
				}
			,{
				"<=msec": 92.000
				,"percent": 99.99
				}
			,{
				"<=msec": 94.000
				,"percent": 99.99
				}
			,{
				"<=msec": 95.000
				,"percent": 100.00
				}
			,{
				"<=msec": 98.000
				,"percent": 100.00
				}
			]
		,"WAIT":[
		]
		}
	}
