{
	"configuration":{
		"server": "10.0.0.9"
		,"port": 6379
		,"unix socket": "(null)"
		,"protocol": "memcache_text"
		,"out_file": "(null)"
		,"client_stats": "(null)"
		,"run_count": 1
		,"debug": 0
		,"requests": 0
		,"clients": 32
		,"threads": 1
		,"test_time": 75
		,"ratio": "1:1"
		,"pipeline": 1
		,"data_size": 1024
		,"data_offset": 0
		,"random_data": "false"
		,"data_size_range": "0:0"
		,"data_size_list": ""
		,"data_size_pattern": "R"
		,"expiry_range": "9999:10000"
		,"data_import": "(null)"
		,"data_verify": "false"
		,"verify_only": "false"
		,"generate_keys": "false"
		,"key_prefix": "memtier-"
		,"key_minimum":           0
		,"key_maximum":       10000
		,"key_pattern": "R:R"
		,"key_stddev": 0.000000
		,"key_median": 0.000000
		,"reconnect_interval": 0
		,"multi_key_get": 0
		,"authenticate": ""
		,"select-db": 0
		,"no-expiry": "false"
		,"wait-ratio": "0:0"
		,"num-slaves": "0:0"
		,"wait-timeout": "0-0"
		}
	,"run information":{
		"Threads": 1
		,"Connections per thread": 32
		,"Seconds": 75
		}
	,"ALL STATS":{
		"Sets":{
			"Ops/sec": 476.50
			,"Hits/sec": 0.00
			,"Misses/sec": 0.00
			,"Latency": 34.60
			,"KB/sec": 495.29
			}
		,"Gets":{
			"Ops/sec": 476.31
			,"Hits/sec": 476.31
			,"Misses/sec": 0.00
			,"Latency": 32.55
			,"KB/sec": 500.41
			}
		,"Waits":{
			"Ops/sec": 0.00
			,"Hits/sec": 0.00
			,"Misses/sec": 0.00
			,"Latency": 0.00
			,"KB/sec": 0.00
			}
		,"Totals":{
			"Ops/sec": 952.81
			,"Hits/sec": 476.31
			,"Misses/sec": 0.00
			,"Latency": 33.58
			,"KB/sec": 995.70
			}
		,"SET":[
			{
				"<=msec": 2.300
				,"percent": 0.00
				}
			,{
				"<=msec": 2.400
				,"percent": 0.01
				}
			,{
				"<=msec": 2.600
				,"percent": 0.02
				}
			,{
				"<=msec": 2.800
				,"percent": 0.03
				}
			,{
				"<=msec": 2.900
				,"percent": 0.04
				}
			,{
				"<=msec": 3.000
				,"percent": 0.04
				}
			,{
				"<=msec": 3.100
				,"percent": 0.05
				}
			,{
				"<=msec": 3.200
				,"percent": 0.08
				}
			,{
				"<=msec": 3.300
				,"percent": 0.11
				}
			,{
				"<=msec": 3.400
				,"percent": 0.13
				}
			,{
				"<=msec": 3.500
				,"percent": 0.15
				}
			,{
				"<=msec": 3.600
				,"percent": 0.19
				}
			,{
				"<=msec": 3.700
				,"percent": 0.22
				}
			,{
				"<=msec": 3.800
				,"percent": 0.27
				}
			,{
				"<=msec": 3.900
				,"percent": 0.31
				}
			,{
				"<=msec": 4.000
				,"percent": 0.37
				}
			,{
				"<=msec": 4.100
				,"percent": 0.44
				}
			,{
				"<=msec": 4.200
				,"percent": 0.52
				}
			,{
				"<=msec": 4.300
				,"percent": 0.60
				}
			,{
				"<=msec": 4.400
				,"percent": 0.68
				}
			,{
				"<=msec": 4.500
				,"percent": 0.75
				}
			,{
				"<=msec": 4.600
				,"percent": 0.84
				}
			,{
				"<=msec": 4.700
				,"percent": 0.93
				}
			,{
				"<=msec": 4.800
				,"percent": 1.00
				}
			,{
				"<=msec": 4.900
				,"percent": 1.07
				}
			,{
				"<=msec": 5.000
				,"percent": 1.11
				}
			,{
				"<=msec": 5.100
				,"percent": 1.17
				}
			,{
				"<=msec": 5.200
				,"percent": 1.25
				}
			,{
				"<=msec": 5.300
				,"percent": 1.30
				}
			,{
				"<=msec": 5.400
				,"percent": 1.37
				}
			,{
				"<=msec": 5.500
				,"percent": 1.41
				}
			,{
				"<=msec": 5.600
				,"percent": 1.45
				}
			,{
				"<=msec": 5.700
				,"percent": 1.51
				}
			,{
				"<=msec": 5.800
				,"percent": 1.55
				}
			,{
				"<=msec": 5.900
				,"percent": 1.61
				}
			,{
				"<=msec": 6.000
				,"percent": 1.65
				}
			,{
				"<=msec": 6.100
				,"percent": 1.71
				}
			,{
				"<=msec": 6.200
				,"percent": 1.75
				}
			,{
				"<=msec": 6.300
				,"percent": 1.77
				}
			,{
				"<=msec": 6.400
				,"percent": 1.84
				}
			,{
				"<=msec": 6.500
				,"percent": 1.89
				}
			,{
				"<=msec": 6.600
				,"percent": 1.91
				}
			,{
				"<=msec": 6.700
				,"percent": 1.94
				}
			,{
				"<=msec": 6.800
				,"percent": 1.97
				}
			,{
				"<=msec": 6.900
				,"percent": 2.02
				}
			,{
				"<=msec": 7.000
				,"percent": 2.05
				}
			,{
				"<=msec": 7.100
				,"percent": 2.10
				}
			,{
				"<=msec": 7.200
				,"percent": 2.13
				}
			,{
				"<=msec": 7.300
				,"percent": 2.16
				}
			,{
				"<=msec": 7.400
				,"percent": 2.20
				}
			,{
				"<=msec": 7.500
				,"percent": 2.25
				}
			,{
				"<=msec": 7.600
				,"percent": 2.30
				}
			,{
				"<=msec": 7.700
				,"percent": 2.35
				}
			,{
				"<=msec": 7.800
				,"percent": 2.40
				}
			,{
				"<=msec": 7.900
				,"percent": 2.47
				}
			,{
				"<=msec": 8.000
				,"percent": 2.53
				}
			,{
				"<=msec": 8.100
				,"percent": 2.59
				}
			,{
				"<=msec": 8.200
				,"percent": 2.67
				}
			,{
				"<=msec": 8.300
				,"percent": 2.77
				}
			,{
				"<=msec": 8.400
				,"percent": 2.85
				}
			,{
				"<=msec": 8.500
				,"percent": 2.95
				}
			,{
				"<=msec": 8.600
				,"percent": 3.03
				}
			,{
				"<=msec": 8.700
				,"percent": 3.13
				}
			,{
				"<=msec": 8.800
				,"percent": 3.22
				}
			,{
				"<=msec": 8.900
				,"percent": 3.34
				}
			,{
				"<=msec": 9.000
				,"percent": 3.44
				}
			,{
				"<=msec": 9.100
				,"percent": 3.55
				}
			,{
				"<=msec": 9.200
				,"percent": 3.67
				}
			,{
				"<=msec": 9.300
				,"percent": 3.84
				}
			,{
				"<=msec": 9.400
				,"percent": 3.98
				}
			,{
				"<=msec": 9.500
				,"percent": 4.14
				}
			,{
				"<=msec": 9.600
				,"percent": 4.30
				}
			,{
				"<=msec": 9.700
				,"percent": 4.46
				}
			,{
				"<=msec": 9.800
				,"percent": 4.68
				}
			,{
				"<=msec": 9.900
				,"percent": 4.85
				}
			,{
				"<=msec": 10.000
				,"percent": 5.81
				}
			,{
				"<=msec": 11.000
				,"percent": 7.09
				}
			,{
				"<=msec": 12.000
				,"percent": 7.96
				}
			,{
				"<=msec": 13.000
				,"percent": 8.62
				}
			,{
				"<=msec": 14.000
				,"percent": 9.12
				}
			,{
				"<=msec": 15.000
				,"percent": 9.58
				}
			,{
				"<=msec": 16.000
				,"percent": 9.95
				}
			,{
				"<=msec": 17.000
				,"percent": 10.36
				}
			,{
				"<=msec": 18.000
				,"percent": 10.72
				}
			,{
				"<=msec": 19.000
				,"percent": 11.15
				}
			,{
				"<=msec": 20.000
				,"percent": 11.63
				}
			,{
				"<=msec": 21.000
				,"percent": 12.22
				}
			,{
				"<=msec": 22.000
				,"percent": 12.91
				}
			,{
				"<=msec": 23.000
				,"percent": 13.82
				}
			,{
				"<=msec": 24.000
				,"percent": 15.57
				}
			,{
				"<=msec": 25.000
				,"percent": 17.92
				}
			,{
				"<=msec": 26.000
				,"percent": 20.54
				}
			,{
				"<=msec": 27.000
				,"percent": 23.12
				}
			,{
				"<=msec": 28.000
				,"percent": 25.46
				}
			,{
				"<=msec": 29.000
				,"percent": 28.17
				}
			,{
				"<=msec": 30.000
				,"percent": 31.78
				}
			,{
				"<=msec": 31.000
				,"percent": 36.82
				}
			,{
				"<=msec": 32.000
				,"percent": 42.37
				}
			,{
				"<=msec": 33.000
				,"percent": 47.72
				}
			,{
				"<=msec": 34.000
				,"percent": 52.41
				}
			,{
				"<=msec": 35.000
				,"percent": 56.74
				}
			,{
				"<=msec": 36.000
				,"percent": 61.24
				}
			,{
				"<=msec": 37.000
				,"percent": 65.65
				}
			,{
				"<=msec": 38.000
				,"percent": 69.41
				}
			,{
				"<=msec": 39.000
				,"percent": 72.72
				}
			,{
				"<=msec": 40.000
				,"percent": 75.18
				}
			,{
				"<=msec": 41.000
				,"percent": 77.59
				}
			,{
				"<=msec": 42.000
				,"percent": 79.56
				}
			,{
				"<=msec": 43.000
				,"percent": 81.28
				}
			,{
				"<=msec": 44.000
				,"percent": 82.65
				}
			,{
				"<=msec": 45.000
				,"percent": 83.90
				}
			,{
				"<=msec": 46.000
				,"percent": 85.00
				}
			,{
				"<=msec": 47.000
				,"percent": 86.13
				}
			,{
				"<=msec": 48.000
				,"percent": 87.18
				}
			,{
				"<=msec": 49.000
				,"percent": 88.04
				}
			,{
				"<=msec": 50.000
				,"percent": 88.77
				}
			,{
				"<=msec": 51.000
				,"percent": 89.72
				}
			,{
				"<=msec": 52.000
				,"percent": 90.61
				}
			,{
				"<=msec": 53.000
				,"percent": 91.49
				}
			,{
				"<=msec": 54.000
				,"percent": 92.41
				}
			,{
				"<=msec": 55.000
				,"percent": 93.28
				}
			,{
				"<=msec": 56.000
				,"percent": 93.88
				}
			,{
				"<=msec": 57.000
				,"percent": 94.40
				}
			,{
				"<=msec": 58.000
				,"percent": 94.94
				}
			,{
				"<=msec": 59.000
				,"percent": 95.53
				}
			,{
				"<=msec": 60.000
				,"percent": 96.08
				}
			,{
				"<=msec": 61.000
				,"percent": 96.61
				}
			,{
				"<=msec": 62.000
				,"percent": 97.04
				}
			,{
				"<=msec": 63.000
				,"percent": 97.41
				}
			,{
				"<=msec": 64.000
				,"percent": 97.73
				}
			,{
				"<=msec": 65.000
				,"percent": 97.98
				}
			,{
				"<=msec": 66.000
				,"percent": 98.21
				}
			,{
				"<=msec": 67.000
				,"percent": 98.44
				}
			,{
				"<=msec": 68.000
				,"percent": 98.66
				}
			,{
				"<=msec": 69.000
				,"percent": 98.79
				}
			,{
				"<=msec": 70.000
				,"percent": 98.93
				}
			,{
				"<=msec": 71.000
				,"percent": 99.02
				}
			,{
				"<=msec": 72.000
				,"percent": 99.10
				}
			,{
				"<=msec": 73.000
				,"percent": 99.18
				}
			,{
				"<=msec": 74.000
				,"percent": 99.29
				}
			,{
				"<=msec": 75.000
				,"percent": 99.39
				}
			,{
				"<=msec": 76.000
				,"percent": 99.47
				}
			,{
				"<=msec": 77.000
				,"percent": 99.51
				}
			,{
				"<=msec": 78.000
				,"percent": 99.56
				}
			,{
				"<=msec": 79.000
				,"percent": 99.61
				}
			,{
				"<=msec": 80.000
				,"percent": 99.63
				}
			,{
				"<=msec": 81.000
				,"percent": 99.65
				}
			,{
				"<=msec": 82.000
				,"percent": 99.70
				}
			,{
				"<=msec": 83.000
				,"percent": 99.73
				}
			,{
				"<=msec": 84.000
				,"percent": 99.76
				}
			,{
				"<=msec": 85.000
				,"percent": 99.81
				}
			,{
				"<=msec": 86.000
				,"percent": 99.84
				}
			,{
				"<=msec": 87.000
				,"percent": 99.85
				}
			,{
				"<=msec": 88.000
				,"percent": 99.87
				}
			,{
				"<=msec": 89.000
				,"percent": 99.89
				}
			,{
				"<=msec": 90.000
				,"percent": 99.90
				}
			,{
				"<=msec": 91.000
				,"percent": 99.91
				}
			,{
				"<=msec": 92.000
				,"percent": 99.93
				}
			,{
				"<=msec": 93.000
				,"percent": 99.93
				}
			,{
				"<=msec": 94.000
				,"percent": 99.94
				}
			,{
				"<=msec": 96.000
				,"percent": 99.95
				}
			,{
				"<=msec": 98.000
				,"percent": 99.95
				}
			,{
				"<=msec": 100.000
				,"percent": 99.96
				}
			,{
				"<=msec": 110.000
				,"percent": 99.97
				}
			,{
				"<=msec": 120.000
				,"percent": 99.99
				}
			,{
				"<=msec": 130.000
				,"percent": 100.00
				}
			]
		,"GET":[
			{
				"<=msec": 1.900
				,"percent": 0.00
				}
			,{
				"<=msec": 2.000
				,"percent": 0.01
				}
			,{
				"<=msec": 2.100
				,"percent": 0.01
				}
			,{
				"<=msec": 2.200
				,"percent": 0.02
				}
			,{
				"<=msec": 2.300
				,"percent": 0.04
				}
			,{
				"<=msec": 2.400
				,"percent": 0.04
				}
			,{
				"<=msec": 2.500
				,"percent": 0.05
				}
			,{
				"<=msec": 2.600
				,"percent": 0.07
				}
			,{
				"<=msec": 2.700
				,"percent": 0.08
				}
			,{
				"<=msec": 2.800
				,"percent": 0.09
				}
			,{
				"<=msec": 2.900
				,"percent": 0.11
				}
			,{
				"<=msec": 3.000
				,"percent": 0.12
				}
			,{
				"<=msec": 3.100
				,"percent": 0.14
				}
			,{
				"<=msec": 3.200
				,"percent": 0.15
				}
			,{
				"<=msec": 3.300
				,"percent": 0.18
				}
			,{
				"<=msec": 3.400
				,"percent": 0.21
				}
			,{
				"<=msec": 3.500
				,"percent": 0.24
				}
			,{
				"<=msec": 3.600
				,"percent": 0.32
				}
			,{
				"<=msec": 3.700
				,"percent": 0.37
				}
			,{
				"<=msec": 3.800
				,"percent": 0.46
				}
			,{
				"<=msec": 3.900
				,"percent": 0.56
				}
			,{
				"<=msec": 4.000
				,"percent": 0.68
				}
			,{
				"<=msec": 4.100
				,"percent": 0.80
				}
			,{
				"<=msec": 4.200
				,"percent": 0.94
				}
			,{
				"<=msec": 4.300
				,"percent": 1.07
				}
			,{
				"<=msec": 4.400
				,"percent": 1.19
				}
			,{
				"<=msec": 4.500
				,"percent": 1.29
				}
			,{
				"<=msec": 4.600
				,"percent": 1.46
				}
			,{
				"<=msec": 4.700
				,"percent": 1.55
				}
			,{
				"<=msec": 4.800
				,"percent": 1.67
				}
			,{
				"<=msec": 4.900
				,"percent": 1.75
				}
			,{
				"<=msec": 5.000
				,"percent": 1.88
				}
			,{
				"<=msec": 5.100
				,"percent": 2.00
				}
			,{
				"<=msec": 5.200
				,"percent": 2.10
				}
			,{
				"<=msec": 5.300
				,"percent": 2.20
				}
			,{
				"<=msec": 5.400
				,"percent": 2.28
				}
			,{
				"<=msec": 5.500
				,"percent": 2.35
				}
			,{
				"<=msec": 5.600
				,"percent": 2.41
				}
			,{
				"<=msec": 5.700
				,"percent": 2.48
				}
			,{
				"<=msec": 5.800
				,"percent": 2.56
				}
			,{
				"<=msec": 5.900
				,"percent": 2.63
				}
			,{
				"<=msec": 6.000
				,"percent": 2.69
				}
			,{
				"<=msec": 6.100
				,"percent": 2.74
				}
			,{
				"<=msec": 6.200
				,"percent": 2.81
				}
			,{
				"<=msec": 6.300
				,"percent": 2.86
				}
			,{
				"<=msec": 6.400
				,"percent": 2.92
				}
			,{
				"<=msec": 6.500
				,"percent": 2.96
				}
			,{
				"<=msec": 6.600
				,"percent": 3.00
				}
			,{
				"<=msec": 6.700
				,"percent": 3.05
				}
			,{
				"<=msec": 6.800
				,"percent": 3.12
				}
			,{
				"<=msec": 6.900
				,"percent": 3.18
				}
			,{
				"<=msec": 7.000
				,"percent": 3.25
				}
			,{
				"<=msec": 7.100
				,"percent": 3.31
				}
			,{
				"<=msec": 7.200
				,"percent": 3.36
				}
			,{
				"<=msec": 7.300
				,"percent": 3.42
				}
			,{
				"<=msec": 7.400
				,"percent": 3.48
				}
			,{
				"<=msec": 7.500
				,"percent": 3.55
				}
			,{
				"<=msec": 7.600
				,"percent": 3.59
				}
			,{
				"<=msec": 7.700
				,"percent": 3.66
				}
			,{
				"<=msec": 7.800
				,"percent": 3.71
				}
			,{
				"<=msec": 7.900
				,"percent": 3.76
				}
			,{
				"<=msec": 8.000
				,"percent": 3.83
				}
			,{
				"<=msec": 8.100
				,"percent": 3.90
				}
			,{
				"<=msec": 8.200
				,"percent": 3.96
				}
			,{
				"<=msec": 8.300
				,"percent": 4.04
				}
			,{
				"<=msec": 8.400
				,"percent": 4.15
				}
			,{
				"<=msec": 8.500
				,"percent": 4.22
				}
			,{
				"<=msec": 8.600
				,"percent": 4.32
				}
			,{
				"<=msec": 8.700
				,"percent": 4.43
				}
			,{
				"<=msec": 8.800
				,"percent": 4.58
				}
			,{
				"<=msec": 8.900
				,"percent": 4.68
				}
			,{
				"<=msec": 9.000
				,"percent": 4.81
				}
			,{
				"<=msec": 9.100
				,"percent": 4.97
				}
			,{
				"<=msec": 9.200
				,"percent": 5.11
				}
			,{
				"<=msec": 9.300
				,"percent": 5.22
				}
			,{
				"<=msec": 9.400
				,"percent": 5.37
				}
			,{
				"<=msec": 9.500
				,"percent": 5.53
				}
			,{
				"<=msec": 9.600
				,"percent": 5.68
				}
			,{
				"<=msec": 9.700
				,"percent": 5.85
				}
			,{
				"<=msec": 9.800
				,"percent": 6.02
				}
			,{
				"<=msec": 9.900
				,"percent": 6.19
				}
			,{
				"<=msec": 10.000
				,"percent": 7.00
				}
			,{
				"<=msec": 11.000
				,"percent": 8.31
				}
			,{
				"<=msec": 12.000
				,"percent": 8.99
				}
			,{
				"<=msec": 13.000
				,"percent": 9.48
				}
			,{
				"<=msec": 14.000
				,"percent": 9.94
				}
			,{
				"<=msec": 15.000
				,"percent": 10.49
				}
			,{
				"<=msec": 16.000
				,"percent": 10.86
				}
			,{
				"<=msec": 17.000
				,"percent": 11.17
				}
			,{
				"<=msec": 18.000
				,"percent": 11.60
				}
			,{
				"<=msec": 19.000
				,"percent": 12.24
				}
			,{
				"<=msec": 20.000
				,"percent": 12.76
				}
			,{
				"<=msec": 21.000
				,"percent": 13.46
				}
			,{
				"<=msec": 22.000
				,"percent": 14.23
				}
			,{
				"<=msec": 23.000
				,"percent": 15.40
				}
			,{
				"<=msec": 24.000
				,"percent": 17.80
				}
			,{
				"<=msec": 25.000
				,"percent": 21.23
				}
			,{
				"<=msec": 26.000
				,"percent": 25.32
				}
			,{
				"<=msec": 27.000
				,"percent": 28.89
				}
			,{
				"<=msec": 28.000
				,"percent": 32.00
				}
			,{
				"<=msec": 29.000
				,"percent": 35.78
				}
			,{
				"<=msec": 30.000
				,"percent": 40.21
				}
			,{
				"<=msec": 31.000
				,"percent": 45.98
				}
			,{
				"<=msec": 32.000
				,"percent": 51.88
				}
			,{
				"<=msec": 33.000
				,"percent": 57.48
				}
			,{
				"<=msec": 34.000
				,"percent": 61.91
				}
			,{
				"<=msec": 35.000
				,"percent": 65.81
				}
			,{
				"<=msec": 36.000
				,"percent": 69.93
				}
			,{
				"<=msec": 37.000
				,"percent": 73.63
				}
			,{
				"<=msec": 38.000
				,"percent": 76.52
				}
			,{
				"<=msec": 39.000
				,"percent": 78.89
				}
			,{
				"<=msec": 40.000
				,"percent": 80.70
				}
			,{
				"<=msec": 41.000
				,"percent": 82.27
				}
			,{
				"<=msec": 42.000
				,"percent": 83.73
				}
			,{
				"<=msec": 43.000
				,"percent": 85.01
				}
			,{
				"<=msec": 44.000
				,"percent": 86.11
				}
			,{
				"<=msec": 45.000
				,"percent": 87.16
				}
			,{
				"<=msec": 46.000
				,"percent": 88.13
				}
			,{
				"<=msec": 47.000
				,"percent": 89.00
				}
			,{
				"<=msec": 48.000
				,"percent": 89.88
				}
			,{
				"<=msec": 49.000
				,"percent": 90.70
				}
			,{
				"<=msec": 50.000
				,"percent": 91.47
				}
			,{
				"<=msec": 51.000
				,"percent": 92.24
				}
			,{
				"<=msec": 52.000
				,"percent": 92.96
				}
			,{
				"<=msec": 53.000
				,"percent": 93.76
				}
			,{
				"<=msec": 54.000
				,"percent": 94.51
				}
			,{
				"<=msec": 55.000
				,"percent": 95.15
				}
			,{
				"<=msec": 56.000
				,"percent": 95.62
				}
			,{
				"<=msec": 57.000
				,"percent": 96.03
				}
			,{
				"<=msec": 58.000
				,"percent": 96.47
				}
			,{
				"<=msec": 59.000
				,"percent": 96.92
				}
			,{
				"<=msec": 60.000
				,"percent": 97.30
				}
			,{
				"<=msec": 61.000
				,"percent": 97.67
				}
			,{
				"<=msec": 62.000
				,"percent": 97.99
				}
			,{
				"<=msec": 63.000
				,"percent": 98.28
				}
			,{
				"<=msec": 64.000
				,"percent": 98.49
				}
			,{
				"<=msec": 65.000
				,"percent": 98.69
				}
			,{
				"<=msec": 66.000
				,"percent": 98.86
				}
			,{
				"<=msec": 67.000
				,"percent": 99.01
				}
			,{
				"<=msec": 68.000
				,"percent": 99.15
				}
			,{
				"<=msec": 69.000
				,"percent": 99.24
				}
			,{
				"<=msec": 70.000
				,"percent": 99.34
				}
			,{
				"<=msec": 71.000
				,"percent": 99.40
				}
			,{
				"<=msec": 72.000
				,"percent": 99.45
				}
			,{
				"<=msec": 73.000
				,"percent": 99.50
				}
			,{
				"<=msec": 74.000
				,"percent": 99.56
				}
			,{
				"<=msec": 75.000
				,"percent": 99.62
				}
			,{
				"<=msec": 76.000
				,"percent": 99.67
				}
			,{
				"<=msec": 77.000
				,"percent": 99.70
				}
			,{
				"<=msec": 78.000
				,"percent": 99.72
				}
			,{
				"<=msec": 79.000
				,"percent": 99.74
				}
			,{
				"<=msec": 80.000
				,"percent": 99.78
				}
			,{
				"<=msec": 81.000
				,"percent": 99.82
				}
			,{
				"<=msec": 82.000
				,"percent": 99.85
				}
			,{
				"<=msec": 83.000
				,"percent": 99.85
				}
			,{
				"<=msec": 84.000
				,"percent": 99.86
				}
			,{
				"<=msec": 85.000
				,"percent": 99.88
				}
			,{
				"<=msec": 86.000
				,"percent": 99.90
				}
			,{
				"<=msec": 87.000
				,"percent": 99.91
				}
			,{
				"<=msec": 89.000
				,"percent": 99.92
				}
			,{
				"<=msec": 90.000
				,"percent": 99.92
				}
			,{
				"<=msec": 91.000
				,"percent": 99.93
				}
			,{
				"<=msec": 92.000
				,"percent": 99.94
				}
			,{
				"<=msec": 93.000
				,"percent": 99.95
				}
			,{
				"<=msec": 94.000
				,"percent": 99.96
				}
			,{
				"<=msec": 95.000
				,"percent": 99.96
				}
			,{
				"<=msec": 96.000
				,"percent": 99.96
				}
			,{
				"<=msec": 110.000
				,"percent": 99.98
				}
			,{
				"<=msec": 120.000
				,"percent": 100.00
				}
			,{
				"<=msec": 130.000
				,"percent": 100.00
				}
			]
		,"WAIT":[
		]
		}
	}
