{
	"configuration":{
		"server": "10.0.0.8"
		,"port": 6379
		,"unix socket": "(null)"
		,"protocol": "memcache_text"
		,"out_file": "(null)"
		,"client_stats": "(null)"
		,"run_count": 1
		,"debug": 0
		,"requests": 0
		,"clients": 32
		,"threads": 1
		,"test_time": 75
		,"ratio": "1:1"
		,"pipeline": 1
		,"data_size": 1024
		,"data_offset": 0
		,"random_data": "false"
		,"data_size_range": "0:0"
		,"data_size_list": ""
		,"data_size_pattern": "R"
		,"expiry_range": "9999:10000"
		,"data_import": "(null)"
		,"data_verify": "false"
		,"verify_only": "false"
		,"generate_keys": "false"
		,"key_prefix": "memtier-"
		,"key_minimum":           0
		,"key_maximum":       10000
		,"key_pattern": "R:R"
		,"key_stddev": 0.000000
		,"key_median": 0.000000
		,"reconnect_interval": 0
		,"multi_key_get": 0
		,"authenticate": ""
		,"select-db": 0
		,"no-expiry": "false"
		,"wait-ratio": "0:0"
		,"num-slaves": "0:0"
		,"wait-timeout": "0-0"
		}
	,"run information":{
		"Threads": 1
		,"Connections per thread": 32
		,"Seconds": 75
		}
	,"ALL STATS":{
		"Sets":{
			"Ops/sec": 313.16
			,"Hits/sec": 0.00
			,"Misses/sec": 0.00
			,"Latency": 52.24
			,"KB/sec": 325.52
			}
		,"Gets":{
			"Ops/sec": 312.98
			,"Hits/sec": 312.98
			,"Misses/sec": 0.00
			,"Latency": 49.95
			,"KB/sec": 328.82
			}
		,"Waits":{
			"Ops/sec": 0.00
			,"Hits/sec": 0.00
			,"Misses/sec": 0.00
			,"Latency": 0.00
			,"KB/sec": 0.00
			}
		,"Totals":{
			"Ops/sec": 626.14
			,"Hits/sec": 312.98
			,"Misses/sec": 0.00
			,"Latency": 51.10
			,"KB/sec": 654.34
			}
		,"SET":[
			{
				"<=msec": 4.600
				,"percent": 0.00
				}
			,{
				"<=msec": 4.900
				,"percent": 0.01
				}
			,{
				"<=msec": 6.000
				,"percent": 0.01
				}
			,{
				"<=msec": 6.100
				,"percent": 0.02
				}
			,{
				"<=msec": 6.800
				,"percent": 0.03
				}
			,{
				"<=msec": 7.000
				,"percent": 0.03
				}
			,{
				"<=msec": 7.100
				,"percent": 0.03
				}
			,{
				"<=msec": 7.300
				,"percent": 0.04
				}
			,{
				"<=msec": 7.400
				,"percent": 0.05
				}
			,{
				"<=msec": 7.500
				,"percent": 0.06
				}
			,{
				"<=msec": 7.700
				,"percent": 0.06
				}
			,{
				"<=msec": 7.800
				,"percent": 0.07
				}
			,{
				"<=msec": 8.000
				,"percent": 0.07
				}
			,{
				"<=msec": 8.100
				,"percent": 0.08
				}
			,{
				"<=msec": 8.200
				,"percent": 0.09
				}
			,{
				"<=msec": 8.300
				,"percent": 0.09
				}
			,{
				"<=msec": 8.500
				,"percent": 0.11
				}
			,{
				"<=msec": 8.600
				,"percent": 0.12
				}
			,{
				"<=msec": 8.700
				,"percent": 0.14
				}
			,{
				"<=msec": 8.800
				,"percent": 0.14
				}
			,{
				"<=msec": 8.900
				,"percent": 0.17
				}
			,{
				"<=msec": 9.000
				,"percent": 0.19
				}
			,{
				"<=msec": 9.100
				,"percent": 0.20
				}
			,{
				"<=msec": 9.200
				,"percent": 0.20
				}
			,{
				"<=msec": 9.300
				,"percent": 0.22
				}
			,{
				"<=msec": 9.400
				,"percent": 0.24
				}
			,{
				"<=msec": 9.500
				,"percent": 0.25
				}
			,{
				"<=msec": 9.600
				,"percent": 0.26
				}
			,{
				"<=msec": 9.700
				,"percent": 0.29
				}
			,{
				"<=msec": 9.800
				,"percent": 0.31
				}
			,{
				"<=msec": 9.900
				,"percent": 0.34
				}
			,{
				"<=msec": 10.000
				,"percent": 0.45
				}
			,{
				"<=msec": 11.000
				,"percent": 0.77
				}
			,{
				"<=msec": 12.000
				,"percent": 1.06
				}
			,{
				"<=msec": 13.000
				,"percent": 1.49
				}
			,{
				"<=msec": 14.000
				,"percent": 2.10
				}
			,{
				"<=msec": 15.000
				,"percent": 2.81
				}
			,{
				"<=msec": 16.000
				,"percent": 3.53
				}
			,{
				"<=msec": 17.000
				,"percent": 4.22
				}
			,{
				"<=msec": 18.000
				,"percent": 4.83
				}
			,{
				"<=msec": 19.000
				,"percent": 5.64
				}
			,{
				"<=msec": 20.000
				,"percent": 6.54
				}
			,{
				"<=msec": 21.000
				,"percent": 7.25
				}
			,{
				"<=msec": 22.000
				,"percent": 7.74
				}
			,{
				"<=msec": 23.000
				,"percent": 8.10
				}
			,{
				"<=msec": 24.000
				,"percent": 8.36
				}
			,{
				"<=msec": 25.000
				,"percent": 8.56
				}
			,{
				"<=msec": 26.000
				,"percent": 8.81
				}
			,{
				"<=msec": 27.000
				,"percent": 9.04
				}
			,{
				"<=msec": 28.000
				,"percent": 9.24
				}
			,{
				"<=msec": 29.000
				,"percent": 9.48
				}
			,{
				"<=msec": 30.000
				,"percent": 9.76
				}
			,{
				"<=msec": 31.000
				,"percent": 10.11
				}
			,{
				"<=msec": 32.000
				,"percent": 10.48
				}
			,{
				"<=msec": 33.000
				,"percent": 10.90
				}
			,{
				"<=msec": 34.000
				,"percent": 11.33
				}
			,{
				"<=msec": 35.000
				,"percent": 11.71
				}
			,{
				"<=msec": 36.000
				,"percent": 12.19
				}
			,{
				"<=msec": 37.000
				,"percent": 12.71
				}
			,{
				"<=msec": 38.000
				,"percent": 13.23
				}
			,{
				"<=msec": 39.000
				,"percent": 13.85
				}
			,{
				"<=msec": 40.000
				,"percent": 14.54
				}
			,{
				"<=msec": 41.000
				,"percent": 15.38
				}
			,{
				"<=msec": 42.000
				,"percent": 16.35
				}
			,{
				"<=msec": 43.000
				,"percent": 17.48
				}
			,{
				"<=msec": 44.000
				,"percent": 19.11
				}
			,{
				"<=msec": 45.000
				,"percent": 21.23
				}
			,{
				"<=msec": 46.000
				,"percent": 23.80
				}
			,{
				"<=msec": 47.000
				,"percent": 27.35
				}
			,{
				"<=msec": 48.000
				,"percent": 31.38
				}
			,{
				"<=msec": 49.000
				,"percent": 36.13
				}
			,{
				"<=msec": 50.000
				,"percent": 40.92
				}
			,{
				"<=msec": 51.000
				,"percent": 45.73
				}
			,{
				"<=msec": 52.000
				,"percent": 50.78
				}
			,{
				"<=msec": 53.000
				,"percent": 55.64
				}
			,{
				"<=msec": 54.000
				,"percent": 60.45
				}
			,{
				"<=msec": 55.000
				,"percent": 64.23
				}
			,{
				"<=msec": 56.000
				,"percent": 67.92
				}
			,{
				"<=msec": 57.000
				,"percent": 70.55
				}
			,{
				"<=msec": 58.000
				,"percent": 73.17
				}
			,{
				"<=msec": 59.000
				,"percent": 75.41
				}
			,{
				"<=msec": 60.000
				,"percent": 77.28
				}
			,{
				"<=msec": 61.000
				,"percent": 78.82
				}
			,{
				"<=msec": 62.000
				,"percent": 80.23
				}
			,{
				"<=msec": 63.000
				,"percent": 81.50
				}
			,{
				"<=msec": 64.000
				,"percent": 82.68
				}
			,{
				"<=msec": 65.000
				,"percent": 83.83
				}
			,{
				"<=msec": 66.000
				,"percent": 84.94
				}
			,{
				"<=msec": 67.000
				,"percent": 85.94
				}
			,{
				"<=msec": 68.000
				,"percent": 86.94
				}
			,{
				"<=msec": 69.000
				,"percent": 88.00
				}
			,{
				"<=msec": 70.000
				,"percent": 88.97
				}
			,{
				"<=msec": 71.000
				,"percent": 89.90
				}
			,{
				"<=msec": 72.000
				,"percent": 90.90
				}
			,{
				"<=msec": 73.000
				,"percent": 91.72
				}
			,{
				"<=msec": 74.000
				,"percent": 92.50
				}
			,{
				"<=msec": 75.000
				,"percent": 93.26
				}
			,{
				"<=msec": 76.000
				,"percent": 94.01
				}
			,{
				"<=msec": 77.000
				,"percent": 94.60
				}
			,{
				"<=msec": 78.000
				,"percent": 95.18
				}
			,{
				"<=msec": 79.000
				,"percent": 95.62
				}
			,{
				"<=msec": 80.000
				,"percent": 96.05
				}
			,{
				"<=msec": 81.000
				,"percent": 96.45
				}
			,{
				"<=msec": 82.000
				,"percent": 96.87
				}
			,{
				"<=msec": 83.000
				,"percent": 97.11
				}
			,{
				"<=msec": 84.000
				,"percent": 97.42
				}
			,{
				"<=msec": 85.000
				,"percent": 97.65
				}
			,{
				"<=msec": 86.000
				,"percent": 97.85
				}
			,{
				"<=msec": 87.000
				,"percent": 98.13
				}
			,{
				"<=msec": 88.000
				,"percent": 98.36
				}
			,{
				"<=msec": 89.000
				,"percent": 98.51
				}
			,{
				"<=msec": 90.000
				,"percent": 98.63
				}
			,{
				"<=msec": 91.000
				,"percent": 98.75
				}
			,{
				"<=msec": 92.000
				,"percent": 98.93
				}
			,{
				"<=msec": 93.000
				,"percent": 99.01
				}
			,{
				"<=msec": 94.000
				,"percent": 99.09
				}
			,{
				"<=msec": 95.000
				,"percent": 99.20
				}
			,{
				"<=msec": 96.000
				,"percent": 99.33
				}
			,{
				"<=msec": 97.000
				,"percent": 99.45
				}
			,{
				"<=msec": 98.000
				,"percent": 99.51
				}
			,{
				"<=msec": 99.000
				,"percent": 99.62
				}
			,{
				"<=msec": 100.000
				,"percent": 99.88
				}
			,{
				"<=msec": 110.000
				,"percent": 100.00
				}
			,{
				"<=msec": 120.000
				,"percent": 100.00
				}
			]
		,"GET":[
			{
				"<=msec": 4.100
				,"percent": 0.00
				}
			,{
				"<=msec": 4.200
				,"percent": 0.01
				}
			,{
				"<=msec": 4.400
				,"percent": 0.02
				}
			,{
				"<=msec": 4.500
				,"percent": 0.02
				}
			,{
				"<=msec": 5.000
				,"percent": 0.03
				}
			,{
				"<=msec": 5.100
				,"percent": 0.03
				}
			,{
				"<=msec": 5.200
				,"percent": 0.04
				}
			,{
				"<=msec": 6.100
				,"percent": 0.05
				}
			,{
				"<=msec": 6.200
				,"percent": 0.06
				}
			,{
				"<=msec": 6.300
				,"percent": 0.06
				}
			,{
				"<=msec": 6.400
				,"percent": 0.07
				}
			,{
				"<=msec": 6.500
				,"percent": 0.07
				}
			,{
				"<=msec": 6.600
				,"percent": 0.08
				}
			,{
				"<=msec": 6.700
				,"percent": 0.08
				}
			,{
				"<=msec": 6.900
				,"percent": 0.09
				}
			,{
				"<=msec": 7.000
				,"percent": 0.11
				}
			,{
				"<=msec": 7.100
				,"percent": 0.13
				}
			,{
				"<=msec": 7.200
				,"percent": 0.13
				}
			,{
				"<=msec": 7.300
				,"percent": 0.14
				}
			,{
				"<=msec": 7.400
				,"percent": 0.15
				}
			,{
				"<=msec": 7.500
				,"percent": 0.16
				}
			,{
				"<=msec": 7.600
				,"percent": 0.17
				}
			,{
				"<=msec": 7.800
				,"percent": 0.18
				}
			,{
				"<=msec": 7.900
				,"percent": 0.18
				}
			,{
				"<=msec": 8.100
				,"percent": 0.21
				}
			,{
				"<=msec": 8.200
				,"percent": 0.22
				}
			,{
				"<=msec": 8.300
				,"percent": 0.22
				}
			,{
				"<=msec": 8.400
				,"percent": 0.23
				}
			,{
				"<=msec": 8.500
				,"percent": 0.25
				}
			,{
				"<=msec": 8.600
				,"percent": 0.28
				}
			,{
				"<=msec": 8.700
				,"percent": 0.31
				}
			,{
				"<=msec": 8.800
				,"percent": 0.33
				}
			,{
				"<=msec": 8.900
				,"percent": 0.35
				}
			,{
				"<=msec": 9.000
				,"percent": 0.36
				}
			,{
				"<=msec": 9.100
				,"percent": 0.37
				}
			,{
				"<=msec": 9.300
				,"percent": 0.39
				}
			,{
				"<=msec": 9.400
				,"percent": 0.40
				}
			,{
				"<=msec": 9.500
				,"percent": 0.44
				}
			,{
				"<=msec": 9.600
				,"percent": 0.46
				}
			,{
				"<=msec": 9.700
				,"percent": 0.49
				}
			,{
				"<=msec": 9.800
				,"percent": 0.51
				}
			,{
				"<=msec": 9.900
				,"percent": 0.53
				}
			,{
				"<=msec": 10.000
				,"percent": 0.72
				}
			,{
				"<=msec": 11.000
				,"percent": 1.06
				}
			,{
				"<=msec": 12.000
				,"percent": 1.54
				}
			,{
				"<=msec": 13.000
				,"percent": 2.22
				}
			,{
				"<=msec": 14.000
				,"percent": 3.37
				}
			,{
				"<=msec": 15.000
				,"percent": 4.48
				}
			,{
				"<=msec": 16.000
				,"percent": 5.29
				}
			,{
				"<=msec": 17.000
				,"percent": 5.94
				}
			,{
				"<=msec": 18.000
				,"percent": 6.49
				}
			,{
				"<=msec": 19.000
				,"percent": 7.06
				}
			,{
				"<=msec": 20.000
				,"percent": 7.55
				}
			,{
				"<=msec": 21.000
				,"percent": 8.06
				}
			,{
				"<=msec": 22.000
				,"percent": 8.42
				}
			,{
				"<=msec": 23.000
				,"percent": 8.69
				}
			,{
				"<=msec": 24.000
				,"percent": 8.89
				}
			,{
				"<=msec": 25.000
				,"percent": 9.07
				}
			,{
				"<=msec": 26.000
				,"percent": 9.31
				}
			,{
				"<=msec": 27.000
				,"percent": 9.57
				}
			,{
				"<=msec": 28.000
				,"percent": 9.78
				}
			,{
				"<=msec": 29.000
				,"percent": 10.06
				}
			,{
				"<=msec": 30.000
				,"percent": 10.32
				}
			,{
				"<=msec": 31.000
				,"percent": 10.71
				}
			,{
				"<=msec": 32.000
				,"percent": 11.16
				}
			,{
				"<=msec": 33.000
				,"percent": 11.62
				}
			,{
				"<=msec": 34.000
				,"percent": 12.17
				}
			,{
				"<=msec": 35.000
				,"percent": 12.73
				}
			,{
				"<=msec": 36.000
				,"percent": 13.13
				}
			,{
				"<=msec": 37.000
				,"percent": 13.67
				}
			,{
				"<=msec": 38.000
				,"percent": 14.28
				}
			,{
				"<=msec": 39.000
				,"percent": 14.92
				}
			,{
				"<=msec": 40.000
				,"percent": 15.94
				}
			,{
				"<=msec": 41.000
				,"percent": 17.20
				}
			,{
				"<=msec": 42.000
				,"percent": 18.78
				}
			,{
				"<=msec": 43.000
				,"percent": 20.70
				}
			,{
				"<=msec": 44.000
				,"percent": 23.25
				}
			,{
				"<=msec": 45.000
				,"percent": 26.54
				}
			,{
				"<=msec": 46.000
				,"percent": 30.85
				}
			,{
				"<=msec": 47.000
				,"percent": 36.04
				}
			,{
				"<=msec": 48.000
				,"percent": 41.19
				}
			,{
				"<=msec": 49.000
				,"percent": 46.51
				}
			,{
				"<=msec": 50.000
				,"percent": 51.81
				}
			,{
				"<=msec": 51.000
				,"percent": 56.56
				}
			,{
				"<=msec": 52.000
				,"percent": 61.04
				}
			,{
				"<=msec": 53.000
				,"percent": 65.10
				}
			,{
				"<=msec": 54.000
				,"percent": 68.71
				}
			,{
				"<=msec": 55.000
				,"percent": 71.86
				}
			,{
				"<=msec": 56.000
				,"percent": 74.44
				}
			,{
				"<=msec": 57.000
				,"percent": 76.55
				}
			,{
				"<=msec": 58.000
				,"percent": 78.38
				}
			,{
				"<=msec": 59.000
				,"percent": 79.92
				}
			,{
				"<=msec": 60.000
				,"percent": 81.49
				}
			,{
				"<=msec": 61.000
				,"percent": 82.81
				}
			,{
				"<=msec": 62.000
				,"percent": 84.07
				}
			,{
				"<=msec": 63.000
				,"percent": 85.19
				}
			,{
				"<=msec": 64.000
				,"percent": 86.24
				}
			,{
				"<=msec": 65.000
				,"percent": 87.27
				}
			,{
				"<=msec": 66.000
				,"percent": 88.21
				}
			,{
				"<=msec": 67.000
				,"percent": 89.26
				}
			,{
				"<=msec": 68.000
				,"percent": 90.05
				}
			,{
				"<=msec": 69.000
				,"percent": 90.94
				}
			,{
				"<=msec": 70.000
				,"percent": 91.83
				}
			,{
				"<=msec": 71.000
				,"percent": 92.58
				}
			,{
				"<=msec": 72.000
				,"percent": 93.25
				}
			,{
				"<=msec": 73.000
				,"percent": 93.99
				}
			,{
				"<=msec": 74.000
				,"percent": 94.53
				}
			,{
				"<=msec": 75.000
				,"percent": 95.16
				}
			,{
				"<=msec": 76.000
				,"percent": 95.70
				}
			,{
				"<=msec": 77.000
				,"percent": 96.13
				}
			,{
				"<=msec": 78.000
				,"percent": 96.43
				}
			,{
				"<=msec": 79.000
				,"percent": 96.90
				}
			,{
				"<=msec": 80.000
				,"percent": 97.26
				}
			,{
				"<=msec": 81.000
				,"percent": 97.66
				}
			,{
				"<=msec": 82.000
				,"percent": 97.97
				}
			,{
				"<=msec": 83.000
				,"percent": 98.25
				}
			,{
				"<=msec": 84.000
				,"percent": 98.43
				}
			,{
				"<=msec": 85.000
				,"percent": 98.59
				}
			,{
				"<=msec": 86.000
				,"percent": 98.75
				}
			,{
				"<=msec": 87.000
				,"percent": 98.88
				}
			,{
				"<=msec": 88.000
				,"percent": 99.03
				}
			,{
				"<=msec": 89.000
				,"percent": 99.11
				}
			,{
				"<=msec": 90.000
				,"percent": 99.20
				}
			,{
				"<=msec": 91.000
				,"percent": 99.29
				}
			,{
				"<=msec": 92.000
				,"percent": 99.33
				}
			,{
				"<=msec": 93.000
				,"percent": 99.41
				}
			,{
				"<=msec": 94.000
				,"percent": 99.50
				}
			,{
				"<=msec": 95.000
				,"percent": 99.59
				}
			,{
				"<=msec": 96.000
				,"percent": 99.64
				}
			,{
				"<=msec": 97.000
				,"percent": 99.68
				}
			,{
				"<=msec": 98.000
				,"percent": 99.71
				}
			,{
				"<=msec": 99.000
				,"percent": 99.78
				}
			,{
				"<=msec": 100.000
				,"percent": 99.94
				}
			,{
				"<=msec": 110.000
				,"percent": 100.00
				}
			]
		,"WAIT":[
		]
		}
	}
