{
	"configuration":{
		"server": "10.0.0.8"
		,"port": 6379
		,"unix socket": "(null)"
		,"protocol": "memcache_text"
		,"out_file": "(null)"
		,"client_stats": "(null)"
		,"run_count": 1
		,"debug": 0
		,"requests": 0
		,"clients": 32
		,"threads": 1
		,"test_time": 75
		,"ratio": "1:1"
		,"pipeline": 1
		,"data_size": 1024
		,"data_offset": 0
		,"random_data": "false"
		,"data_size_range": "0:0"
		,"data_size_list": ""
		,"data_size_pattern": "R"
		,"expiry_range": "9999:10000"
		,"data_import": "(null)"
		,"data_verify": "false"
		,"verify_only": "false"
		,"generate_keys": "false"
		,"key_prefix": "memtier-"
		,"key_minimum":           0
		,"key_maximum":       10000
		,"key_pattern": "R:R"
		,"key_stddev": 0.000000
		,"key_median": 0.000000
		,"reconnect_interval": 0
		,"multi_key_get": 0
		,"authenticate": ""
		,"select-db": 0
		,"no-expiry": "false"
		,"wait-ratio": "0:0"
		,"num-slaves": "0:0"
		,"wait-timeout": "0-0"
		}
	,"run information":{
		"Threads": 1
		,"Connections per thread": 32
		,"Seconds": 75
		}
	,"ALL STATS":{
		"Sets":{
			"Ops/sec": 309.34
			,"Hits/sec": 0.00
			,"Misses/sec": 0.00
			,"Latency": 52.81
			,"KB/sec": 321.54
			}
		,"Gets":{
			"Ops/sec": 309.15
			,"Hits/sec": 309.15
			,"Misses/sec": 0.00
			,"Latency": 50.64
			,"KB/sec": 324.80
			}
		,"Waits":{
			"Ops/sec": 0.00
			,"Hits/sec": 0.00
			,"Misses/sec": 0.00
			,"Latency": 0.00
			,"KB/sec": 0.00
			}
		,"Totals":{
			"Ops/sec": 618.49
			,"Hits/sec": 309.15
			,"Misses/sec": 0.00
			,"Latency": 51.73
			,"KB/sec": 646.34
			}
		,"SET":[
			{
				"<=msec": 4.900
				,"percent": 0.00
				}
			,{
				"<=msec": 5.000
				,"percent": 0.01
				}
			,{
				"<=msec": 5.300
				,"percent": 0.01
				}
			,{
				"<=msec": 5.500
				,"percent": 0.02
				}
			,{
				"<=msec": 5.600
				,"percent": 0.02
				}
			,{
				"<=msec": 5.700
				,"percent": 0.03
				}
			,{
				"<=msec": 5.800
				,"percent": 0.03
				}
			,{
				"<=msec": 6.100
				,"percent": 0.03
				}
			,{
				"<=msec": 6.200
				,"percent": 0.04
				}
			,{
				"<=msec": 6.600
				,"percent": 0.06
				}
			,{
				"<=msec": 6.800
				,"percent": 0.07
				}
			,{
				"<=msec": 6.900
				,"percent": 0.07
				}
			,{
				"<=msec": 7.000
				,"percent": 0.09
				}
			,{
				"<=msec": 7.300
				,"percent": 0.09
				}
			,{
				"<=msec": 7.500
				,"percent": 0.10
				}
			,{
				"<=msec": 7.600
				,"percent": 0.10
				}
			,{
				"<=msec": 7.800
				,"percent": 0.11
				}
			,{
				"<=msec": 7.900
				,"percent": 0.11
				}
			,{
				"<=msec": 8.000
				,"percent": 0.12
				}
			,{
				"<=msec": 8.100
				,"percent": 0.13
				}
			,{
				"<=msec": 8.200
				,"percent": 0.14
				}
			,{
				"<=msec": 8.300
				,"percent": 0.17
				}
			,{
				"<=msec": 8.400
				,"percent": 0.19
				}
			,{
				"<=msec": 8.500
				,"percent": 0.22
				}
			,{
				"<=msec": 8.600
				,"percent": 0.28
				}
			,{
				"<=msec": 8.700
				,"percent": 0.33
				}
			,{
				"<=msec": 8.800
				,"percent": 0.40
				}
			,{
				"<=msec": 8.900
				,"percent": 0.49
				}
			,{
				"<=msec": 9.000
				,"percent": 0.57
				}
			,{
				"<=msec": 9.100
				,"percent": 0.65
				}
			,{
				"<=msec": 9.200
				,"percent": 0.72
				}
			,{
				"<=msec": 9.300
				,"percent": 0.83
				}
			,{
				"<=msec": 9.400
				,"percent": 0.94
				}
			,{
				"<=msec": 9.500
				,"percent": 1.05
				}
			,{
				"<=msec": 9.600
				,"percent": 1.18
				}
			,{
				"<=msec": 9.700
				,"percent": 1.27
				}
			,{
				"<=msec": 9.800
				,"percent": 1.37
				}
			,{
				"<=msec": 9.900
				,"percent": 1.49
				}
			,{
				"<=msec": 10.000
				,"percent": 1.98
				}
			,{
				"<=msec": 11.000
				,"percent": 2.74
				}
			,{
				"<=msec": 12.000
				,"percent": 3.37
				}
			,{
				"<=msec": 13.000
				,"percent": 4.08
				}
			,{
				"<=msec": 14.000
				,"percent": 5.06
				}
			,{
				"<=msec": 15.000
				,"percent": 6.32
				}
			,{
				"<=msec": 16.000
				,"percent": 7.58
				}
			,{
				"<=msec": 17.000
				,"percent": 8.51
				}
			,{
				"<=msec": 18.000
				,"percent": 8.98
				}
			,{
				"<=msec": 19.000
				,"percent": 9.47
				}
			,{
				"<=msec": 20.000
				,"percent": 9.85
				}
			,{
				"<=msec": 21.000
				,"percent": 10.14
				}
			,{
				"<=msec": 22.000
				,"percent": 10.43
				}
			,{
				"<=msec": 23.000
				,"percent": 10.71
				}
			,{
				"<=msec": 24.000
				,"percent": 10.92
				}
			,{
				"<=msec": 25.000
				,"percent": 11.04
				}
			,{
				"<=msec": 26.000
				,"percent": 11.27
				}
			,{
				"<=msec": 27.000
				,"percent": 11.59
				}
			,{
				"<=msec": 28.000
				,"percent": 11.85
				}
			,{
				"<=msec": 29.000
				,"percent": 12.14
				}
			,{
				"<=msec": 30.000
				,"percent": 12.39
				}
			,{
				"<=msec": 31.000
				,"percent": 12.73
				}
			,{
				"<=msec": 32.000
				,"percent": 13.11
				}
			,{
				"<=msec": 33.000
				,"percent": 13.45
				}
			,{
				"<=msec": 34.000
				,"percent": 13.76
				}
			,{
				"<=msec": 35.000
				,"percent": 14.16
				}
			,{
				"<=msec": 36.000
				,"percent": 14.57
				}
			,{
				"<=msec": 37.000
				,"percent": 14.88
				}
			,{
				"<=msec": 38.000
				,"percent": 15.23
				}
			,{
				"<=msec": 39.000
				,"percent": 15.52
				}
			,{
				"<=msec": 40.000
				,"percent": 16.04
				}
			,{
				"<=msec": 41.000
				,"percent": 16.60
				}
			,{
				"<=msec": 42.000
				,"percent": 17.19
				}
			,{
				"<=msec": 43.000
				,"percent": 17.98
				}
			,{
				"<=msec": 44.000
				,"percent": 19.05
				}
			,{
				"<=msec": 45.000
				,"percent": 20.45
				}
			,{
				"<=msec": 46.000
				,"percent": 22.59
				}
			,{
				"<=msec": 47.000
				,"percent": 25.18
				}
			,{
				"<=msec": 48.000
				,"percent": 28.18
				}
			,{
				"<=msec": 49.000
				,"percent": 31.67
				}
			,{
				"<=msec": 50.000
				,"percent": 35.50
				}
			,{
				"<=msec": 51.000
				,"percent": 39.72
				}
			,{
				"<=msec": 52.000
				,"percent": 44.20
				}
			,{
				"<=msec": 53.000
				,"percent": 49.10
				}
			,{
				"<=msec": 54.000
				,"percent": 53.64
				}
			,{
				"<=msec": 55.000
				,"percent": 57.72
				}
			,{
				"<=msec": 56.000
				,"percent": 61.31
				}
			,{
				"<=msec": 57.000
				,"percent": 64.70
				}
			,{
				"<=msec": 58.000
				,"percent": 67.72
				}
			,{
				"<=msec": 59.000
				,"percent": 70.19
				}
			,{
				"<=msec": 60.000
				,"percent": 72.19
				}
			,{
				"<=msec": 61.000
				,"percent": 73.96
				}
			,{
				"<=msec": 62.000
				,"percent": 75.67
				}
			,{
				"<=msec": 63.000
				,"percent": 77.25
				}
			,{
				"<=msec": 64.000
				,"percent": 78.64
				}
			,{
				"<=msec": 65.000
				,"percent": 79.97
				}
			,{
				"<=msec": 66.000
				,"percent": 81.25
				}
			,{
				"<=msec": 67.000
				,"percent": 82.61
				}
			,{
				"<=msec": 68.000
				,"percent": 83.93
				}
			,{
				"<=msec": 69.000
				,"percent": 85.25
				}
			,{
				"<=msec": 70.000
				,"percent": 86.53
				}
			,{
				"<=msec": 71.000
				,"percent": 87.71
				}
			,{
				"<=msec": 72.000
				,"percent": 88.92
				}
			,{
				"<=msec": 73.000
				,"percent": 89.94
				}
			,{
				"<=msec": 74.000
				,"percent": 90.83
				}
			,{
				"<=msec": 75.000
				,"percent": 91.63
				}
			,{
				"<=msec": 76.000
				,"percent": 92.39
				}
			,{
				"<=msec": 77.000
				,"percent": 93.09
				}
			,{
				"<=msec": 78.000
				,"percent": 93.72
				}
			,{
				"<=msec": 79.000
				,"percent": 94.41
				}
			,{
				"<=msec": 80.000
				,"percent": 94.95
				}
			,{
				"<=msec": 81.000
				,"percent": 95.50
				}
			,{
				"<=msec": 82.000
				,"percent": 95.92
				}
			,{
				"<=msec": 83.000
				,"percent": 96.31
				}
			,{
				"<=msec": 84.000
				,"percent": 96.65
				}
			,{
				"<=msec": 85.000
				,"percent": 96.94
				}
			,{
				"<=msec": 86.000
				,"percent": 97.22
				}
			,{
				"<=msec": 87.000
				,"percent": 97.51
				}
			,{
				"<=msec": 88.000
				,"percent": 97.71
				}
			,{
				"<=msec": 89.000
				,"percent": 97.91
				}
			,{
				"<=msec": 90.000
				,"percent": 98.12
				}
			,{
				"<=msec": 91.000
				,"percent": 98.33
				}
			,{
				"<=msec": 92.000
				,"percent": 98.52
				}
			,{
				"<=msec": 93.000
				,"percent": 98.68
				}
			,{
				"<=msec": 94.000
				,"percent": 98.85
				}
			,{
				"<=msec": 95.000
				,"percent": 99.01
				}
			,{
				"<=msec": 96.000
				,"percent": 99.12
				}
			,{
				"<=msec": 97.000
				,"percent": 99.19
				}
			,{
				"<=msec": 98.000
				,"percent": 99.28
				}
			,{
				"<=msec": 99.000
				,"percent": 99.33
				}
			,{
				"<=msec": 100.000
				,"percent": 99.69
				}
			,{
				"<=msec": 110.000
				,"percent": 99.93
				}
			,{
				"<=msec": 120.000
				,"percent": 99.99
				}
			,{
				"<=msec": 130.000
				,"percent": 100.00
				}
			]
		,"GET":[
			{
				"<=msec": 4.600
				,"percent": 0.00
				}
			,{
				"<=msec": 4.700
				,"percent": 0.01
				}
			,{
				"<=msec": 4.900
				,"percent": 0.01
				}
			,{
				"<=msec": 5.000
				,"percent": 0.02
				}
			,{
				"<=msec": 5.200
				,"percent": 0.02
				}
			,{
				"<=msec": 5.300
				,"percent": 0.03
				}
			,{
				"<=msec": 5.600
				,"percent": 0.03
				}
			,{
				"<=msec": 5.700
				,"percent": 0.04
				}
			,{
				"<=msec": 6.100
				,"percent": 0.04
				}
			,{
				"<=msec": 6.200
				,"percent": 0.05
				}
			,{
				"<=msec": 6.300
				,"percent": 0.05
				}
			,{
				"<=msec": 6.400
				,"percent": 0.07
				}
			,{
				"<=msec": 6.500
				,"percent": 0.07
				}
			,{
				"<=msec": 6.700
				,"percent": 0.08
				}
			,{
				"<=msec": 6.800
				,"percent": 0.08
				}
			,{
				"<=msec": 6.900
				,"percent": 0.09
				}
			,{
				"<=msec": 7.100
				,"percent": 0.09
				}
			,{
				"<=msec": 7.200
				,"percent": 0.10
				}
			,{
				"<=msec": 7.300
				,"percent": 0.11
				}
			,{
				"<=msec": 7.400
				,"percent": 0.11
				}
			,{
				"<=msec": 7.500
				,"percent": 0.12
				}
			,{
				"<=msec": 7.600
				,"percent": 0.13
				}
			,{
				"<=msec": 7.700
				,"percent": 0.14
				}
			,{
				"<=msec": 7.800
				,"percent": 0.15
				}
			,{
				"<=msec": 7.900
				,"percent": 0.17
				}
			,{
				"<=msec": 8.000
				,"percent": 0.22
				}
			,{
				"<=msec": 8.100
				,"percent": 0.26
				}
			,{
				"<=msec": 8.200
				,"percent": 0.31
				}
			,{
				"<=msec": 8.300
				,"percent": 0.38
				}
			,{
				"<=msec": 8.400
				,"percent": 0.44
				}
			,{
				"<=msec": 8.500
				,"percent": 0.51
				}
			,{
				"<=msec": 8.600
				,"percent": 0.60
				}
			,{
				"<=msec": 8.700
				,"percent": 0.72
				}
			,{
				"<=msec": 8.800
				,"percent": 0.84
				}
			,{
				"<=msec": 8.900
				,"percent": 0.98
				}
			,{
				"<=msec": 9.000
				,"percent": 1.05
				}
			,{
				"<=msec": 9.100
				,"percent": 1.16
				}
			,{
				"<=msec": 9.200
				,"percent": 1.25
				}
			,{
				"<=msec": 9.300
				,"percent": 1.43
				}
			,{
				"<=msec": 9.400
				,"percent": 1.61
				}
			,{
				"<=msec": 9.500
				,"percent": 1.71
				}
			,{
				"<=msec": 9.600
				,"percent": 1.85
				}
			,{
				"<=msec": 9.700
				,"percent": 1.97
				}
			,{
				"<=msec": 9.800
				,"percent": 2.09
				}
			,{
				"<=msec": 9.900
				,"percent": 2.17
				}
			,{
				"<=msec": 10.000
				,"percent": 2.80
				}
			,{
				"<=msec": 11.000
				,"percent": 3.43
				}
			,{
				"<=msec": 12.000
				,"percent": 4.16
				}
			,{
				"<=msec": 13.000
				,"percent": 5.10
				}
			,{
				"<=msec": 14.000
				,"percent": 6.26
				}
			,{
				"<=msec": 15.000
				,"percent": 7.62
				}
			,{
				"<=msec": 16.000
				,"percent": 8.80
				}
			,{
				"<=msec": 17.000
				,"percent": 9.50
				}
			,{
				"<=msec": 18.000
				,"percent": 9.92
				}
			,{
				"<=msec": 19.000
				,"percent": 10.25
				}
			,{
				"<=msec": 20.000
				,"percent": 10.55
				}
			,{
				"<=msec": 21.000
				,"percent": 10.77
				}
			,{
				"<=msec": 22.000
				,"percent": 11.02
				}
			,{
				"<=msec": 23.000
				,"percent": 11.24
				}
			,{
				"<=msec": 24.000
				,"percent": 11.37
				}
			,{
				"<=msec": 25.000
				,"percent": 11.50
				}
			,{
				"<=msec": 26.000
				,"percent": 11.73
				}
			,{
				"<=msec": 27.000
				,"percent": 12.02
				}
			,{
				"<=msec": 28.000
				,"percent": 12.32
				}
			,{
				"<=msec": 29.000
				,"percent": 12.58
				}
			,{
				"<=msec": 30.000
				,"percent": 12.89
				}
			,{
				"<=msec": 31.000
				,"percent": 13.22
				}
			,{
				"<=msec": 32.000
				,"percent": 13.59
				}
			,{
				"<=msec": 33.000
				,"percent": 13.93
				}
			,{
				"<=msec": 34.000
				,"percent": 14.33
				}
			,{
				"<=msec": 35.000
				,"percent": 14.75
				}
			,{
				"<=msec": 36.000
				,"percent": 15.14
				}
			,{
				"<=msec": 37.000
				,"percent": 15.43
				}
			,{
				"<=msec": 38.000
				,"percent": 15.84
				}
			,{
				"<=msec": 39.000
				,"percent": 16.32
				}
			,{
				"<=msec": 40.000
				,"percent": 16.96
				}
			,{
				"<=msec": 41.000
				,"percent": 17.89
				}
			,{
				"<=msec": 42.000
				,"percent": 19.19
				}
			,{
				"<=msec": 43.000
				,"percent": 20.73
				}
			,{
				"<=msec": 44.000
				,"percent": 22.42
				}
			,{
				"<=msec": 45.000
				,"percent": 24.60
				}
			,{
				"<=msec": 46.000
				,"percent": 27.59
				}
			,{
				"<=msec": 47.000
				,"percent": 31.47
				}
			,{
				"<=msec": 48.000
				,"percent": 35.62
				}
			,{
				"<=msec": 49.000
				,"percent": 39.98
				}
			,{
				"<=msec": 50.000
				,"percent": 44.66
				}
			,{
				"<=msec": 51.000
				,"percent": 49.32
				}
			,{
				"<=msec": 52.000
				,"percent": 53.79
				}
			,{
				"<=msec": 53.000
				,"percent": 58.63
				}
			,{
				"<=msec": 54.000
				,"percent": 62.86
				}
			,{
				"<=msec": 55.000
				,"percent": 66.07
				}
			,{
				"<=msec": 56.000
				,"percent": 68.94
				}
			,{
				"<=msec": 57.000
				,"percent": 71.42
				}
			,{
				"<=msec": 58.000
				,"percent": 73.75
				}
			,{
				"<=msec": 59.000
				,"percent": 75.64
				}
			,{
				"<=msec": 60.000
				,"percent": 77.32
				}
			,{
				"<=msec": 61.000
				,"percent": 78.68
				}
			,{
				"<=msec": 62.000
				,"percent": 80.03
				}
			,{
				"<=msec": 63.000
				,"percent": 81.17
				}
			,{
				"<=msec": 64.000
				,"percent": 82.29
				}
			,{
				"<=msec": 65.000
				,"percent": 83.39
				}
			,{
				"<=msec": 66.000
				,"percent": 84.59
				}
			,{
				"<=msec": 67.000
				,"percent": 85.81
				}
			,{
				"<=msec": 68.000
				,"percent": 87.13
				}
			,{
				"<=msec": 69.000
				,"percent": 88.37
				}
			,{
				"<=msec": 70.000
				,"percent": 89.47
				}
			,{
				"<=msec": 71.000
				,"percent": 90.56
				}
			,{
				"<=msec": 72.000
				,"percent": 91.42
				}
			,{
				"<=msec": 73.000
				,"percent": 92.33
				}
			,{
				"<=msec": 74.000
				,"percent": 93.08
				}
			,{
				"<=msec": 75.000
				,"percent": 93.69
				}
			,{
				"<=msec": 76.000
				,"percent": 94.25
				}
			,{
				"<=msec": 77.000
				,"percent": 94.84
				}
			,{
				"<=msec": 78.000
				,"percent": 95.31
				}
			,{
				"<=msec": 79.000
				,"percent": 95.74
				}
			,{
				"<=msec": 80.000
				,"percent": 96.06
				}
			,{
				"<=msec": 81.000
				,"percent": 96.42
				}
			,{
				"<=msec": 82.000
				,"percent": 96.77
				}
			,{
				"<=msec": 83.000
				,"percent": 97.15
				}
			,{
				"<=msec": 84.000
				,"percent": 97.45
				}
			,{
				"<=msec": 85.000
				,"percent": 97.71
				}
			,{
				"<=msec": 86.000
				,"percent": 97.90
				}
			,{
				"<=msec": 87.000
				,"percent": 98.12
				}
			,{
				"<=msec": 88.000
				,"percent": 98.30
				}
			,{
				"<=msec": 89.000
				,"percent": 98.50
				}
			,{
				"<=msec": 90.000
				,"percent": 98.68
				}
			,{
				"<=msec": 91.000
				,"percent": 98.84
				}
			,{
				"<=msec": 92.000
				,"percent": 98.94
				}
			,{
				"<=msec": 93.000
				,"percent": 99.12
				}
			,{
				"<=msec": 94.000
				,"percent": 99.18
				}
			,{
				"<=msec": 95.000
				,"percent": 99.29
				}
			,{
				"<=msec": 96.000
				,"percent": 99.40
				}
			,{
				"<=msec": 97.000
				,"percent": 99.47
				}
			,{
				"<=msec": 98.000
				,"percent": 99.50
				}
			,{
				"<=msec": 99.000
				,"percent": 99.58
				}
			,{
				"<=msec": 100.000
				,"percent": 99.84
				}
			,{
				"<=msec": 110.000
				,"percent": 99.97
				}
			,{
				"<=msec": 120.000
				,"percent": 100.00
				}
			,{
				"<=msec": 130.000
				,"percent": 100.00
				}
			]
		,"WAIT":[
		]
		}
	}
