{
	"configuration":{
		"server": "10.0.0.9"
		,"port": 6379
		,"unix socket": "(null)"
		,"protocol": "memcache_text"
		,"out_file": "(null)"
		,"client_stats": "(null)"
		,"run_count": 1
		,"debug": 0
		,"requests": 0
		,"clients": 32
		,"threads": 1
		,"test_time": 75
		,"ratio": "1:1"
		,"pipeline": 1
		,"data_size": 1024
		,"data_offset": 0
		,"random_data": "false"
		,"data_size_range": "0:0"
		,"data_size_list": ""
		,"data_size_pattern": "R"
		,"expiry_range": "9999:10000"
		,"data_import": "(null)"
		,"data_verify": "false"
		,"verify_only": "false"
		,"generate_keys": "false"
		,"key_prefix": "memtier-"
		,"key_minimum":           0
		,"key_maximum":       10000
		,"key_pattern": "R:R"
		,"key_stddev": 0.000000
		,"key_median": 0.000000
		,"reconnect_interval": 0
		,"multi_key_get": 0
		,"authenticate": ""
		,"select-db": 0
		,"no-expiry": "false"
		,"wait-ratio": "0:0"
		,"num-slaves": "0:0"
		,"wait-timeout": "0-0"
		}
	,"run information":{
		"Threads": 1
		,"Connections per thread": 32
		,"Seconds": 75
		}
	,"ALL STATS":{
		"Sets":{
			"Ops/sec": 462.76
			,"Hits/sec": 0.00
			,"Misses/sec": 0.00
			,"Latency": 35.57
			,"KB/sec": 481.01
			}
		,"Gets":{
			"Ops/sec": 462.53
			,"Hits/sec": 462.53
			,"Misses/sec": 0.00
			,"Latency": 33.58
			,"KB/sec": 485.93
			}
		,"Waits":{
			"Ops/sec": 0.00
			,"Hits/sec": 0.00
			,"Misses/sec": 0.00
			,"Latency": 0.00
			,"KB/sec": 0.00
			}
		,"Totals":{
			"Ops/sec": 925.29
			,"Hits/sec": 462.53
			,"Misses/sec": 0.00
			,"Latency": 34.57
			,"KB/sec": 966.94
			}
		,"SET":[
			{
				"<=msec": 3.900
				,"percent": 0.00
				}
			,{
				"<=msec": 4.300
				,"percent": 0.01
				}
			,{
				"<=msec": 4.400
				,"percent": 0.01
				}
			,{
				"<=msec": 4.500
				,"percent": 0.01
				}
			,{
				"<=msec": 4.600
				,"percent": 0.02
				}
			,{
				"<=msec": 4.700
				,"percent": 0.03
				}
			,{
				"<=msec": 4.800
				,"percent": 0.04
				}
			,{
				"<=msec": 4.900
				,"percent": 0.05
				}
			,{
				"<=msec": 5.000
				,"percent": 0.06
				}
			,{
				"<=msec": 5.100
				,"percent": 0.07
				}
			,{
				"<=msec": 5.200
				,"percent": 0.08
				}
			,{
				"<=msec": 5.300
				,"percent": 0.09
				}
			,{
				"<=msec": 5.400
				,"percent": 0.10
				}
			,{
				"<=msec": 5.500
				,"percent": 0.11
				}
			,{
				"<=msec": 5.600
				,"percent": 0.13
				}
			,{
				"<=msec": 5.700
				,"percent": 0.14
				}
			,{
				"<=msec": 5.800
				,"percent": 0.15
				}
			,{
				"<=msec": 5.900
				,"percent": 0.16
				}
			,{
				"<=msec": 6.000
				,"percent": 0.17
				}
			,{
				"<=msec": 6.100
				,"percent": 0.18
				}
			,{
				"<=msec": 6.200
				,"percent": 0.19
				}
			,{
				"<=msec": 6.300
				,"percent": 0.20
				}
			,{
				"<=msec": 6.400
				,"percent": 0.20
				}
			,{
				"<=msec": 6.600
				,"percent": 0.21
				}
			,{
				"<=msec": 6.800
				,"percent": 0.22
				}
			,{
				"<=msec": 6.900
				,"percent": 0.23
				}
			,{
				"<=msec": 7.000
				,"percent": 0.23
				}
			,{
				"<=msec": 7.100
				,"percent": 0.24
				}
			,{
				"<=msec": 7.200
				,"percent": 0.25
				}
			,{
				"<=msec": 7.300
				,"percent": 0.26
				}
			,{
				"<=msec": 7.400
				,"percent": 0.27
				}
			,{
				"<=msec": 7.500
				,"percent": 0.29
				}
			,{
				"<=msec": 7.600
				,"percent": 0.30
				}
			,{
				"<=msec": 7.700
				,"percent": 0.30
				}
			,{
				"<=msec": 7.800
				,"percent": 0.31
				}
			,{
				"<=msec": 7.900
				,"percent": 0.32
				}
			,{
				"<=msec": 8.000
				,"percent": 0.32
				}
			,{
				"<=msec": 8.100
				,"percent": 0.33
				}
			,{
				"<=msec": 8.200
				,"percent": 0.33
				}
			,{
				"<=msec": 8.300
				,"percent": 0.34
				}
			,{
				"<=msec": 8.400
				,"percent": 0.35
				}
			,{
				"<=msec": 8.500
				,"percent": 0.35
				}
			,{
				"<=msec": 8.600
				,"percent": 0.36
				}
			,{
				"<=msec": 8.700
				,"percent": 0.38
				}
			,{
				"<=msec": 8.800
				,"percent": 0.40
				}
			,{
				"<=msec": 8.900
				,"percent": 0.41
				}
			,{
				"<=msec": 9.000
				,"percent": 0.43
				}
			,{
				"<=msec": 9.100
				,"percent": 0.45
				}
			,{
				"<=msec": 9.200
				,"percent": 0.48
				}
			,{
				"<=msec": 9.300
				,"percent": 0.52
				}
			,{
				"<=msec": 9.400
				,"percent": 0.54
				}
			,{
				"<=msec": 9.500
				,"percent": 0.57
				}
			,{
				"<=msec": 9.600
				,"percent": 0.63
				}
			,{
				"<=msec": 9.700
				,"percent": 0.67
				}
			,{
				"<=msec": 9.800
				,"percent": 0.73
				}
			,{
				"<=msec": 9.900
				,"percent": 0.78
				}
			,{
				"<=msec": 10.000
				,"percent": 1.23
				}
			,{
				"<=msec": 11.000
				,"percent": 2.35
				}
			,{
				"<=msec": 12.000
				,"percent": 3.32
				}
			,{
				"<=msec": 13.000
				,"percent": 3.89
				}
			,{
				"<=msec": 14.000
				,"percent": 4.43
				}
			,{
				"<=msec": 15.000
				,"percent": 5.02
				}
			,{
				"<=msec": 16.000
				,"percent": 5.56
				}
			,{
				"<=msec": 17.000
				,"percent": 6.06
				}
			,{
				"<=msec": 18.000
				,"percent": 6.54
				}
			,{
				"<=msec": 19.000
				,"percent": 7.16
				}
			,{
				"<=msec": 20.000
				,"percent": 7.72
				}
			,{
				"<=msec": 21.000
				,"percent": 8.55
				}
			,{
				"<=msec": 22.000
				,"percent": 9.38
				}
			,{
				"<=msec": 23.000
				,"percent": 10.36
				}
			,{
				"<=msec": 24.000
				,"percent": 12.07
				}
			,{
				"<=msec": 25.000
				,"percent": 14.73
				}
			,{
				"<=msec": 26.000
				,"percent": 17.74
				}
			,{
				"<=msec": 27.000
				,"percent": 20.39
				}
			,{
				"<=msec": 28.000
				,"percent": 23.00
				}
			,{
				"<=msec": 29.000
				,"percent": 26.06
				}
			,{
				"<=msec": 30.000
				,"percent": 29.91
				}
			,{
				"<=msec": 31.000
				,"percent": 35.34
				}
			,{
				"<=msec": 32.000
				,"percent": 41.50
				}
			,{
				"<=msec": 33.000
				,"percent": 46.97
				}
			,{
				"<=msec": 34.000
				,"percent": 51.81
				}
			,{
				"<=msec": 35.000
				,"percent": 56.22
				}
			,{
				"<=msec": 36.000
				,"percent": 61.02
				}
			,{
				"<=msec": 37.000
				,"percent": 65.49
				}
			,{
				"<=msec": 38.000
				,"percent": 69.32
				}
			,{
				"<=msec": 39.000
				,"percent": 72.51
				}
			,{
				"<=msec": 40.000
				,"percent": 75.21
				}
			,{
				"<=msec": 41.000
				,"percent": 77.42
				}
			,{
				"<=msec": 42.000
				,"percent": 79.33
				}
			,{
				"<=msec": 43.000
				,"percent": 80.95
				}
			,{
				"<=msec": 44.000
				,"percent": 82.39
				}
			,{
				"<=msec": 45.000
				,"percent": 83.72
				}
			,{
				"<=msec": 46.000
				,"percent": 84.98
				}
			,{
				"<=msec": 47.000
				,"percent": 86.10
				}
			,{
				"<=msec": 48.000
				,"percent": 87.08
				}
			,{
				"<=msec": 49.000
				,"percent": 87.90
				}
			,{
				"<=msec": 50.000
				,"percent": 88.72
				}
			,{
				"<=msec": 51.000
				,"percent": 89.58
				}
			,{
				"<=msec": 52.000
				,"percent": 90.41
				}
			,{
				"<=msec": 53.000
				,"percent": 91.34
				}
			,{
				"<=msec": 54.000
				,"percent": 92.27
				}
			,{
				"<=msec": 55.000
				,"percent": 93.01
				}
			,{
				"<=msec": 56.000
				,"percent": 93.65
				}
			,{
				"<=msec": 57.000
				,"percent": 94.23
				}
			,{
				"<=msec": 58.000
				,"percent": 94.96
				}
			,{
				"<=msec": 59.000
				,"percent": 95.66
				}
			,{
				"<=msec": 60.000
				,"percent": 96.19
				}
			,{
				"<=msec": 61.000
				,"percent": 96.64
				}
			,{
				"<=msec": 62.000
				,"percent": 97.09
				}
			,{
				"<=msec": 63.000
				,"percent": 97.47
				}
			,{
				"<=msec": 64.000
				,"percent": 97.76
				}
			,{
				"<=msec": 65.000
				,"percent": 97.99
				}
			,{
				"<=msec": 66.000
				,"percent": 98.22
				}
			,{
				"<=msec": 67.000
				,"percent": 98.47
				}
			,{
				"<=msec": 68.000
				,"percent": 98.63
				}
			,{
				"<=msec": 69.000
				,"percent": 98.77
				}
			,{
				"<=msec": 70.000
				,"percent": 98.91
				}
			,{
				"<=msec": 71.000
				,"percent": 99.04
				}
			,{
				"<=msec": 72.000
				,"percent": 99.13
				}
			,{
				"<=msec": 73.000
				,"percent": 99.26
				}
			,{
				"<=msec": 74.000
				,"percent": 99.36
				}
			,{
				"<=msec": 75.000
				,"percent": 99.43
				}
			,{
				"<=msec": 76.000
				,"percent": 99.49
				}
			,{
				"<=msec": 77.000
				,"percent": 99.56
				}
			,{
				"<=msec": 78.000
				,"percent": 99.62
				}
			,{
				"<=msec": 79.000
				,"percent": 99.64
				}
			,{
				"<=msec": 80.000
				,"percent": 99.66
				}
			,{
				"<=msec": 81.000
				,"percent": 99.72
				}
			,{
				"<=msec": 82.000
				,"percent": 99.76
				}
			,{
				"<=msec": 83.000
				,"percent": 99.78
				}
			,{
				"<=msec": 84.000
				,"percent": 99.80
				}
			,{
				"<=msec": 85.000
				,"percent": 99.83
				}
			,{
				"<=msec": 86.000
				,"percent": 99.84
				}
			,{
				"<=msec": 87.000
				,"percent": 99.86
				}
			,{
				"<=msec": 88.000
				,"percent": 99.86
				}
			,{
				"<=msec": 89.000
				,"percent": 99.87
				}
			,{
				"<=msec": 90.000
				,"percent": 99.88
				}
			,{
				"<=msec": 91.000
				,"percent": 99.89
				}
			,{
				"<=msec": 92.000
				,"percent": 99.91
				}
			,{
				"<=msec": 93.000
				,"percent": 99.92
				}
			,{
				"<=msec": 94.000
				,"percent": 99.93
				}
			,{
				"<=msec": 95.000
				,"percent": 99.93
				}
			,{
				"<=msec": 96.000
				,"percent": 99.94
				}
			,{
				"<=msec": 100.000
				,"percent": 99.94
				}
			,{
				"<=msec": 110.000
				,"percent": 99.98
				}
			,{
				"<=msec": 120.000
				,"percent": 99.99
				}
			,{
				"<=msec": 130.000
				,"percent": 100.00
				}
			]
		,"GET":[
			{
				"<=msec": 2.000
				,"percent": 0.00
				}
			,{
				"<=msec": 2.100
				,"percent": 0.01
				}
			,{
				"<=msec": 2.200
				,"percent": 0.01
				}
			,{
				"<=msec": 2.300
				,"percent": 0.01
				}
			,{
				"<=msec": 2.400
				,"percent": 0.01
				}
			,{
				"<=msec": 2.500
				,"percent": 0.02
				}
			,{
				"<=msec": 2.600
				,"percent": 0.02
				}
			,{
				"<=msec": 3.000
				,"percent": 0.02
				}
			,{
				"<=msec": 3.100
				,"percent": 0.03
				}
			,{
				"<=msec": 3.200
				,"percent": 0.03
				}
			,{
				"<=msec": 3.500
				,"percent": 0.03
				}
			,{
				"<=msec": 3.600
				,"percent": 0.04
				}
			,{
				"<=msec": 3.700
				,"percent": 0.05
				}
			,{
				"<=msec": 3.800
				,"percent": 0.05
				}
			,{
				"<=msec": 4.000
				,"percent": 0.07
				}
			,{
				"<=msec": 4.100
				,"percent": 0.07
				}
			,{
				"<=msec": 4.200
				,"percent": 0.08
				}
			,{
				"<=msec": 4.300
				,"percent": 0.10
				}
			,{
				"<=msec": 4.400
				,"percent": 0.13
				}
			,{
				"<=msec": 4.500
				,"percent": 0.16
				}
			,{
				"<=msec": 4.600
				,"percent": 0.17
				}
			,{
				"<=msec": 4.700
				,"percent": 0.20
				}
			,{
				"<=msec": 4.800
				,"percent": 0.23
				}
			,{
				"<=msec": 4.900
				,"percent": 0.26
				}
			,{
				"<=msec": 5.000
				,"percent": 0.31
				}
			,{
				"<=msec": 5.100
				,"percent": 0.35
				}
			,{
				"<=msec": 5.200
				,"percent": 0.38
				}
			,{
				"<=msec": 5.300
				,"percent": 0.40
				}
			,{
				"<=msec": 5.400
				,"percent": 0.43
				}
			,{
				"<=msec": 5.500
				,"percent": 0.46
				}
			,{
				"<=msec": 5.600
				,"percent": 0.48
				}
			,{
				"<=msec": 5.700
				,"percent": 0.52
				}
			,{
				"<=msec": 5.800
				,"percent": 0.54
				}
			,{
				"<=msec": 5.900
				,"percent": 0.55
				}
			,{
				"<=msec": 6.000
				,"percent": 0.58
				}
			,{
				"<=msec": 6.100
				,"percent": 0.61
				}
			,{
				"<=msec": 6.200
				,"percent": 0.63
				}
			,{
				"<=msec": 6.300
				,"percent": 0.64
				}
			,{
				"<=msec": 6.400
				,"percent": 0.66
				}
			,{
				"<=msec": 6.500
				,"percent": 0.68
				}
			,{
				"<=msec": 6.600
				,"percent": 0.68
				}
			,{
				"<=msec": 6.700
				,"percent": 0.70
				}
			,{
				"<=msec": 6.800
				,"percent": 0.71
				}
			,{
				"<=msec": 6.900
				,"percent": 0.73
				}
			,{
				"<=msec": 7.000
				,"percent": 0.74
				}
			,{
				"<=msec": 7.100
				,"percent": 0.78
				}
			,{
				"<=msec": 7.200
				,"percent": 0.79
				}
			,{
				"<=msec": 7.300
				,"percent": 0.81
				}
			,{
				"<=msec": 7.400
				,"percent": 0.82
				}
			,{
				"<=msec": 7.500
				,"percent": 0.83
				}
			,{
				"<=msec": 7.600
				,"percent": 0.84
				}
			,{
				"<=msec": 7.700
				,"percent": 0.85
				}
			,{
				"<=msec": 7.800
				,"percent": 0.87
				}
			,{
				"<=msec": 7.900
				,"percent": 0.87
				}
			,{
				"<=msec": 8.000
				,"percent": 0.89
				}
			,{
				"<=msec": 8.100
				,"percent": 0.91
				}
			,{
				"<=msec": 8.200
				,"percent": 0.93
				}
			,{
				"<=msec": 8.300
				,"percent": 0.94
				}
			,{
				"<=msec": 8.400
				,"percent": 0.97
				}
			,{
				"<=msec": 8.500
				,"percent": 0.99
				}
			,{
				"<=msec": 8.600
				,"percent": 1.01
				}
			,{
				"<=msec": 8.700
				,"percent": 1.03
				}
			,{
				"<=msec": 8.800
				,"percent": 1.05
				}
			,{
				"<=msec": 8.900
				,"percent": 1.08
				}
			,{
				"<=msec": 9.000
				,"percent": 1.11
				}
			,{
				"<=msec": 9.100
				,"percent": 1.17
				}
			,{
				"<=msec": 9.200
				,"percent": 1.22
				}
			,{
				"<=msec": 9.300
				,"percent": 1.25
				}
			,{
				"<=msec": 9.400
				,"percent": 1.28
				}
			,{
				"<=msec": 9.500
				,"percent": 1.34
				}
			,{
				"<=msec": 9.600
				,"percent": 1.40
				}
			,{
				"<=msec": 9.700
				,"percent": 1.47
				}
			,{
				"<=msec": 9.800
				,"percent": 1.56
				}
			,{
				"<=msec": 9.900
				,"percent": 1.64
				}
			,{
				"<=msec": 10.000
				,"percent": 2.27
				}
			,{
				"<=msec": 11.000
				,"percent": 3.69
				}
			,{
				"<=msec": 12.000
				,"percent": 4.66
				}
			,{
				"<=msec": 13.000
				,"percent": 5.15
				}
			,{
				"<=msec": 14.000
				,"percent": 5.65
				}
			,{
				"<=msec": 15.000
				,"percent": 6.28
				}
			,{
				"<=msec": 16.000
				,"percent": 6.81
				}
			,{
				"<=msec": 17.000
				,"percent": 7.35
				}
			,{
				"<=msec": 18.000
				,"percent": 7.89
				}
			,{
				"<=msec": 19.000
				,"percent": 8.57
				}
			,{
				"<=msec": 20.000
				,"percent": 9.39
				}
			,{
				"<=msec": 21.000
				,"percent": 10.24
				}
			,{
				"<=msec": 22.000
				,"percent": 11.21
				}
			,{
				"<=msec": 23.000
				,"percent": 12.68
				}
			,{
				"<=msec": 24.000
				,"percent": 15.37
				}
			,{
				"<=msec": 25.000
				,"percent": 19.16
				}
			,{
				"<=msec": 26.000
				,"percent": 23.28
				}
			,{
				"<=msec": 27.000
				,"percent": 26.98
				}
			,{
				"<=msec": 28.000
				,"percent": 30.08
				}
			,{
				"<=msec": 29.000
				,"percent": 33.53
				}
			,{
				"<=msec": 30.000
				,"percent": 38.20
				}
			,{
				"<=msec": 31.000
				,"percent": 44.38
				}
			,{
				"<=msec": 32.000
				,"percent": 50.58
				}
			,{
				"<=msec": 33.000
				,"percent": 56.30
				}
			,{
				"<=msec": 34.000
				,"percent": 60.89
				}
			,{
				"<=msec": 35.000
				,"percent": 65.23
				}
			,{
				"<=msec": 36.000
				,"percent": 69.31
				}
			,{
				"<=msec": 37.000
				,"percent": 72.87
				}
			,{
				"<=msec": 38.000
				,"percent": 75.79
				}
			,{
				"<=msec": 39.000
				,"percent": 78.28
				}
			,{
				"<=msec": 40.000
				,"percent": 80.19
				}
			,{
				"<=msec": 41.000
				,"percent": 81.82
				}
			,{
				"<=msec": 42.000
				,"percent": 83.16
				}
			,{
				"<=msec": 43.000
				,"percent": 84.35
				}
			,{
				"<=msec": 44.000
				,"percent": 85.37
				}
			,{
				"<=msec": 45.000
				,"percent": 86.56
				}
			,{
				"<=msec": 46.000
				,"percent": 87.71
				}
			,{
				"<=msec": 47.000
				,"percent": 88.72
				}
			,{
				"<=msec": 48.000
				,"percent": 89.62
				}
			,{
				"<=msec": 49.000
				,"percent": 90.33
				}
			,{
				"<=msec": 50.000
				,"percent": 91.03
				}
			,{
				"<=msec": 51.000
				,"percent": 91.84
				}
			,{
				"<=msec": 52.000
				,"percent": 92.57
				}
			,{
				"<=msec": 53.000
				,"percent": 93.38
				}
			,{
				"<=msec": 54.000
				,"percent": 94.20
				}
			,{
				"<=msec": 55.000
				,"percent": 94.84
				}
			,{
				"<=msec": 56.000
				,"percent": 95.34
				}
			,{
				"<=msec": 57.000
				,"percent": 95.74
				}
			,{
				"<=msec": 58.000
				,"percent": 96.21
				}
			,{
				"<=msec": 59.000
				,"percent": 96.66
				}
			,{
				"<=msec": 60.000
				,"percent": 97.08
				}
			,{
				"<=msec": 61.000
				,"percent": 97.51
				}
			,{
				"<=msec": 62.000
				,"percent": 97.89
				}
			,{
				"<=msec": 63.000
				,"percent": 98.18
				}
			,{
				"<=msec": 64.000
				,"percent": 98.36
				}
			,{
				"<=msec": 65.000
				,"percent": 98.56
				}
			,{
				"<=msec": 66.000
				,"percent": 98.73
				}
			,{
				"<=msec": 67.000
				,"percent": 98.89
				}
			,{
				"<=msec": 68.000
				,"percent": 98.99
				}
			,{
				"<=msec": 69.000
				,"percent": 99.11
				}
			,{
				"<=msec": 70.000
				,"percent": 99.20
				}
			,{
				"<=msec": 71.000
				,"percent": 99.29
				}
			,{
				"<=msec": 72.000
				,"percent": 99.37
				}
			,{
				"<=msec": 73.000
				,"percent": 99.45
				}
			,{
				"<=msec": 74.000
				,"percent": 99.52
				}
			,{
				"<=msec": 75.000
				,"percent": 99.58
				}
			,{
				"<=msec": 76.000
				,"percent": 99.63
				}
			,{
				"<=msec": 77.000
				,"percent": 99.68
				}
			,{
				"<=msec": 78.000
				,"percent": 99.71
				}
			,{
				"<=msec": 79.000
				,"percent": 99.75
				}
			,{
				"<=msec": 80.000
				,"percent": 99.78
				}
			,{
				"<=msec": 81.000
				,"percent": 99.83
				}
			,{
				"<=msec": 82.000
				,"percent": 99.85
				}
			,{
				"<=msec": 83.000
				,"percent": 99.87
				}
			,{
				"<=msec": 84.000
				,"percent": 99.88
				}
			,{
				"<=msec": 85.000
				,"percent": 99.89
				}
			,{
				"<=msec": 86.000
				,"percent": 99.92
				}
			,{
				"<=msec": 87.000
				,"percent": 99.93
				}
			,{
				"<=msec": 88.000
				,"percent": 99.93
				}
			,{
				"<=msec": 90.000
				,"percent": 99.95
				}
			,{
				"<=msec": 91.000
				,"percent": 99.95
				}
			,{
				"<=msec": 92.000
				,"percent": 99.97
				}
			,{
				"<=msec": 95.000
				,"percent": 99.97
				}
			,{
				"<=msec": 96.000
				,"percent": 99.97
				}
			,{
				"<=msec": 100.000
				,"percent": 99.98
				}
			,{
				"<=msec": 110.000
				,"percent": 99.99
				}
			,{
				"<=msec": 120.000
				,"percent": 100.00
				}
			,{
				"<=msec": 130.000
				,"percent": 100.00
				}
			]
		,"WAIT":[
		]
		}
	}
