{
	"configuration":{
		"server": "10.0.0.8"
		,"port": 6379
		,"unix socket": "(null)"
		,"protocol": "memcache_text"
		,"out_file": "(null)"
		,"client_stats": "(null)"
		,"run_count": 1
		,"debug": 0
		,"requests": 0
		,"clients": 32
		,"threads": 1
		,"test_time": 75
		,"ratio": "1:1"
		,"pipeline": 1
		,"data_size": 1024
		,"data_offset": 0
		,"random_data": "false"
		,"data_size_range": "0:0"
		,"data_size_list": ""
		,"data_size_pattern": "R"
		,"expiry_range": "9999:10000"
		,"data_import": "(null)"
		,"data_verify": "false"
		,"verify_only": "false"
		,"generate_keys": "false"
		,"key_prefix": "memtier-"
		,"key_minimum":           0
		,"key_maximum":       10000
		,"key_pattern": "R:R"
		,"key_stddev": 0.000000
		,"key_median": 0.000000
		,"reconnect_interval": 0
		,"multi_key_get": 0
		,"authenticate": ""
		,"select-db": 0
		,"no-expiry": "false"
		,"wait-ratio": "0:0"
		,"num-slaves": "0:0"
		,"wait-timeout": "0-0"
		}
	,"run information":{
		"Threads": 1
		,"Connections per thread": 32
		,"Seconds": 75
		}
	,"ALL STATS":{
		"Sets":{
			"Ops/sec": 291.63
			,"Hits/sec": 0.00
			,"Misses/sec": 0.00
			,"Latency": 56.15
			,"KB/sec": 303.13
			}
		,"Gets":{
			"Ops/sec": 291.41
			,"Hits/sec": 291.41
			,"Misses/sec": 0.00
			,"Latency": 53.60
			,"KB/sec": 306.17
			}
		,"Waits":{
			"Ops/sec": 0.00
			,"Hits/sec": 0.00
			,"Misses/sec": 0.00
			,"Latency": 0.00
			,"KB/sec": 0.00
			}
		,"Totals":{
			"Ops/sec": 583.04
			,"Hits/sec": 291.41
			,"Misses/sec": 0.00
			,"Latency": 54.88
			,"KB/sec": 609.30
			}
		,"SET":[
			{
				"<=msec": 12.000
				,"percent": 0.01
				}
			,{
				"<=msec": 13.000
				,"percent": 0.01
				}
			,{
				"<=msec": 17.000
				,"percent": 0.02
				}
			,{
				"<=msec": 18.000
				,"percent": 0.02
				}
			,{
				"<=msec": 19.000
				,"percent": 0.03
				}
			,{
				"<=msec": 20.000
				,"percent": 0.04
				}
			,{
				"<=msec": 21.000
				,"percent": 0.06
				}
			,{
				"<=msec": 22.000
				,"percent": 0.10
				}
			,{
				"<=msec": 23.000
				,"percent": 0.12
				}
			,{
				"<=msec": 24.000
				,"percent": 0.20
				}
			,{
				"<=msec": 25.000
				,"percent": 0.27
				}
			,{
				"<=msec": 26.000
				,"percent": 0.45
				}
			,{
				"<=msec": 27.000
				,"percent": 0.69
				}
			,{
				"<=msec": 28.000
				,"percent": 1.02
				}
			,{
				"<=msec": 29.000
				,"percent": 1.39
				}
			,{
				"<=msec": 30.000
				,"percent": 1.83
				}
			,{
				"<=msec": 31.000
				,"percent": 2.22
				}
			,{
				"<=msec": 32.000
				,"percent": 2.73
				}
			,{
				"<=msec": 33.000
				,"percent": 3.22
				}
			,{
				"<=msec": 34.000
				,"percent": 3.71
				}
			,{
				"<=msec": 35.000
				,"percent": 4.26
				}
			,{
				"<=msec": 36.000
				,"percent": 4.80
				}
			,{
				"<=msec": 37.000
				,"percent": 5.34
				}
			,{
				"<=msec": 38.000
				,"percent": 5.94
				}
			,{
				"<=msec": 39.000
				,"percent": 6.66
				}
			,{
				"<=msec": 40.000
				,"percent": 7.49
				}
			,{
				"<=msec": 41.000
				,"percent": 8.46
				}
			,{
				"<=msec": 42.000
				,"percent": 9.63
				}
			,{
				"<=msec": 43.000
				,"percent": 10.83
				}
			,{
				"<=msec": 44.000
				,"percent": 12.33
				}
			,{
				"<=msec": 45.000
				,"percent": 14.32
				}
			,{
				"<=msec": 46.000
				,"percent": 17.28
				}
			,{
				"<=msec": 47.000
				,"percent": 20.53
				}
			,{
				"<=msec": 48.000
				,"percent": 24.48
				}
			,{
				"<=msec": 49.000
				,"percent": 28.74
				}
			,{
				"<=msec": 50.000
				,"percent": 33.44
				}
			,{
				"<=msec": 51.000
				,"percent": 38.35
				}
			,{
				"<=msec": 52.000
				,"percent": 43.24
				}
			,{
				"<=msec": 53.000
				,"percent": 48.47
				}
			,{
				"<=msec": 54.000
				,"percent": 53.34
				}
			,{
				"<=msec": 55.000
				,"percent": 57.69
				}
			,{
				"<=msec": 56.000
				,"percent": 61.48
				}
			,{
				"<=msec": 57.000
				,"percent": 64.64
				}
			,{
				"<=msec": 58.000
				,"percent": 67.56
				}
			,{
				"<=msec": 59.000
				,"percent": 69.94
				}
			,{
				"<=msec": 60.000
				,"percent": 71.95
				}
			,{
				"<=msec": 61.000
				,"percent": 73.57
				}
			,{
				"<=msec": 62.000
				,"percent": 75.29
				}
			,{
				"<=msec": 63.000
				,"percent": 76.84
				}
			,{
				"<=msec": 64.000
				,"percent": 78.12
				}
			,{
				"<=msec": 65.000
				,"percent": 79.53
				}
			,{
				"<=msec": 66.000
				,"percent": 80.90
				}
			,{
				"<=msec": 67.000
				,"percent": 82.29
				}
			,{
				"<=msec": 68.000
				,"percent": 83.52
				}
			,{
				"<=msec": 69.000
				,"percent": 84.81
				}
			,{
				"<=msec": 70.000
				,"percent": 86.17
				}
			,{
				"<=msec": 71.000
				,"percent": 87.44
				}
			,{
				"<=msec": 72.000
				,"percent": 88.53
				}
			,{
				"<=msec": 73.000
				,"percent": 89.64
				}
			,{
				"<=msec": 74.000
				,"percent": 90.59
				}
			,{
				"<=msec": 75.000
				,"percent": 91.56
				}
			,{
				"<=msec": 76.000
				,"percent": 92.45
				}
			,{
				"<=msec": 77.000
				,"percent": 93.20
				}
			,{
				"<=msec": 78.000
				,"percent": 93.90
				}
			,{
				"<=msec": 79.000
				,"percent": 94.48
				}
			,{
				"<=msec": 80.000
				,"percent": 94.95
				}
			,{
				"<=msec": 81.000
				,"percent": 95.43
				}
			,{
				"<=msec": 82.000
				,"percent": 95.86
				}
			,{
				"<=msec": 83.000
				,"percent": 96.30
				}
			,{
				"<=msec": 84.000
				,"percent": 96.66
				}
			,{
				"<=msec": 85.000
				,"percent": 96.97
				}
			,{
				"<=msec": 86.000
				,"percent": 97.24
				}
			,{
				"<=msec": 87.000
				,"percent": 97.52
				}
			,{
				"<=msec": 88.000
				,"percent": 97.78
				}
			,{
				"<=msec": 89.000
				,"percent": 98.04
				}
			,{
				"<=msec": 90.000
				,"percent": 98.24
				}
			,{
				"<=msec": 91.000
				,"percent": 98.41
				}
			,{
				"<=msec": 92.000
				,"percent": 98.57
				}
			,{
				"<=msec": 93.000
				,"percent": 98.77
				}
			,{
				"<=msec": 94.000
				,"percent": 98.95
				}
			,{
				"<=msec": 95.000
				,"percent": 99.12
				}
			,{
				"<=msec": 96.000
				,"percent": 99.21
				}
			,{
				"<=msec": 97.000
				,"percent": 99.33
				}
			,{
				"<=msec": 98.000
				,"percent": 99.38
				}
			,{
				"<=msec": 99.000
				,"percent": 99.45
				}
			,{
				"<=msec": 100.000
				,"percent": 99.73
				}
			,{
				"<=msec": 110.000
				,"percent": 99.95
				}
			,{
				"<=msec": 120.000
				,"percent": 99.99
				}
			,{
				"<=msec": 130.000
				,"percent": 100.00
				}
			]
		,"GET":[
			{
				"<=msec": 16.000
				,"percent": 0.00
				}
			,{
				"<=msec": 20.000
				,"percent": 0.05
				}
			,{
				"<=msec": 21.000
				,"percent": 0.11
				}
			,{
				"<=msec": 22.000
				,"percent": 0.19
				}
			,{
				"<=msec": 23.000
				,"percent": 0.27
				}
			,{
				"<=msec": 24.000
				,"percent": 0.38
				}
			,{
				"<=msec": 25.000
				,"percent": 0.55
				}
			,{
				"<=msec": 26.000
				,"percent": 0.78
				}
			,{
				"<=msec": 27.000
				,"percent": 1.15
				}
			,{
				"<=msec": 28.000
				,"percent": 1.50
				}
			,{
				"<=msec": 29.000
				,"percent": 1.94
				}
			,{
				"<=msec": 30.000
				,"percent": 2.63
				}
			,{
				"<=msec": 31.000
				,"percent": 3.19
				}
			,{
				"<=msec": 32.000
				,"percent": 3.71
				}
			,{
				"<=msec": 33.000
				,"percent": 4.29
				}
			,{
				"<=msec": 34.000
				,"percent": 4.84
				}
			,{
				"<=msec": 35.000
				,"percent": 5.37
				}
			,{
				"<=msec": 36.000
				,"percent": 6.06
				}
			,{
				"<=msec": 37.000
				,"percent": 6.67
				}
			,{
				"<=msec": 38.000
				,"percent": 7.26
				}
			,{
				"<=msec": 39.000
				,"percent": 8.10
				}
			,{
				"<=msec": 40.000
				,"percent": 9.33
				}
			,{
				"<=msec": 41.000
				,"percent": 11.09
				}
			,{
				"<=msec": 42.000
				,"percent": 12.98
				}
			,{
				"<=msec": 43.000
				,"percent": 15.20
				}
			,{
				"<=msec": 44.000
				,"percent": 17.81
				}
			,{
				"<=msec": 45.000
				,"percent": 20.91
				}
			,{
				"<=msec": 46.000
				,"percent": 25.10
				}
			,{
				"<=msec": 47.000
				,"percent": 30.05
				}
			,{
				"<=msec": 48.000
				,"percent": 35.35
				}
			,{
				"<=msec": 49.000
				,"percent": 40.36
				}
			,{
				"<=msec": 50.000
				,"percent": 45.54
				}
			,{
				"<=msec": 51.000
				,"percent": 50.61
				}
			,{
				"<=msec": 52.000
				,"percent": 55.19
				}
			,{
				"<=msec": 53.000
				,"percent": 59.55
				}
			,{
				"<=msec": 54.000
				,"percent": 63.20
				}
			,{
				"<=msec": 55.000
				,"percent": 66.14
				}
			,{
				"<=msec": 56.000
				,"percent": 69.16
				}
			,{
				"<=msec": 57.000
				,"percent": 71.48
				}
			,{
				"<=msec": 58.000
				,"percent": 73.58
				}
			,{
				"<=msec": 59.000
				,"percent": 75.47
				}
			,{
				"<=msec": 60.000
				,"percent": 77.07
				}
			,{
				"<=msec": 61.000
				,"percent": 78.59
				}
			,{
				"<=msec": 62.000
				,"percent": 80.00
				}
			,{
				"<=msec": 63.000
				,"percent": 81.36
				}
			,{
				"<=msec": 64.000
				,"percent": 82.64
				}
			,{
				"<=msec": 65.000
				,"percent": 84.01
				}
			,{
				"<=msec": 66.000
				,"percent": 85.21
				}
			,{
				"<=msec": 67.000
				,"percent": 86.55
				}
			,{
				"<=msec": 68.000
				,"percent": 87.81
				}
			,{
				"<=msec": 69.000
				,"percent": 88.96
				}
			,{
				"<=msec": 70.000
				,"percent": 90.15
				}
			,{
				"<=msec": 71.000
				,"percent": 91.11
				}
			,{
				"<=msec": 72.000
				,"percent": 91.91
				}
			,{
				"<=msec": 73.000
				,"percent": 92.70
				}
			,{
				"<=msec": 74.000
				,"percent": 93.35
				}
			,{
				"<=msec": 75.000
				,"percent": 94.02
				}
			,{
				"<=msec": 76.000
				,"percent": 94.51
				}
			,{
				"<=msec": 77.000
				,"percent": 94.99
				}
			,{
				"<=msec": 78.000
				,"percent": 95.43
				}
			,{
				"<=msec": 79.000
				,"percent": 95.85
				}
			,{
				"<=msec": 80.000
				,"percent": 96.30
				}
			,{
				"<=msec": 81.000
				,"percent": 96.70
				}
			,{
				"<=msec": 82.000
				,"percent": 97.07
				}
			,{
				"<=msec": 83.000
				,"percent": 97.38
				}
			,{
				"<=msec": 84.000
				,"percent": 97.67
				}
			,{
				"<=msec": 85.000
				,"percent": 97.86
				}
			,{
				"<=msec": 86.000
				,"percent": 98.07
				}
			,{
				"<=msec": 87.000
				,"percent": 98.31
				}
			,{
				"<=msec": 88.000
				,"percent": 98.44
				}
			,{
				"<=msec": 89.000
				,"percent": 98.63
				}
			,{
				"<=msec": 90.000
				,"percent": 98.84
				}
			,{
				"<=msec": 91.000
				,"percent": 98.97
				}
			,{
				"<=msec": 92.000
				,"percent": 99.05
				}
			,{
				"<=msec": 93.000
				,"percent": 99.18
				}
			,{
				"<=msec": 94.000
				,"percent": 99.27
				}
			,{
				"<=msec": 95.000
				,"percent": 99.33
				}
			,{
				"<=msec": 96.000
				,"percent": 99.41
				}
			,{
				"<=msec": 97.000
				,"percent": 99.46
				}
			,{
				"<=msec": 98.000
				,"percent": 99.53
				}
			,{
				"<=msec": 99.000
				,"percent": 99.58
				}
			,{
				"<=msec": 100.000
				,"percent": 99.81
				}
			,{
				"<=msec": 110.000
				,"percent": 99.96
				}
			,{
				"<=msec": 120.000
				,"percent": 100.00
				}
			]
		,"WAIT":[
		]
		}
	}
