{
	"configuration":{
		"server": "10.0.0.8"
		,"port": 6379
		,"unix socket": "(null)"
		,"protocol": "memcache_text"
		,"out_file": "(null)"
		,"client_stats": "(null)"
		,"run_count": 1
		,"debug": 0
		,"requests": 0
		,"clients": 2
		,"threads": 1
		,"test_time": 75
		,"ratio": "1:1"
		,"pipeline": 1
		,"data_size": 1024
		,"data_offset": 0
		,"random_data": "false"
		,"data_size_range": "0:0"
		,"data_size_list": ""
		,"data_size_pattern": "R"
		,"expiry_range": "9999:10000"
		,"data_import": "(null)"
		,"data_verify": "false"
		,"verify_only": "false"
		,"generate_keys": "false"
		,"key_prefix": "memtier-"
		,"key_minimum":           0
		,"key_maximum":       10000
		,"key_pattern": "R:R"
		,"key_stddev": 0.000000
		,"key_median": 0.000000
		,"reconnect_interval": 0
		,"multi_key_get": 1
		,"authenticate": ""
		,"select-db": 0
		,"no-expiry": "false"
		,"wait-ratio": "0:0"
		,"num-slaves": "0:0"
		,"wait-timeout": "0-0"
		}
	,"run information":{
		"Threads": 1
		,"Connections per thread": 2
		,"Seconds": 75
		}
	,"ALL STATS":{
		"Sets":{
			"Ops/sec": 369.90
			,"Hits/sec": 0.00
			,"Misses/sec": 0.00
			,"Latency": 3.22
			,"KB/sec": 384.49
			}
		,"Gets":{
			"Ops/sec": 369.87
			,"Hits/sec": 369.87
			,"Misses/sec": 0.00
			,"Latency": 2.17
			,"KB/sec": 388.57
			}
		,"Waits":{
			"Ops/sec": 0.00
			,"Hits/sec": 0.00
			,"Misses/sec": 0.00
			,"Latency": 0.00
			,"KB/sec": 0.00
			}
		,"Totals":{
			"Ops/sec": 739.77
			,"Hits/sec": 369.87
			,"Misses/sec": 0.00
			,"Latency": 2.70
			,"KB/sec": 773.06
			}
		,"SET":[
			{
				"<=msec": 0.730
				,"percent": 0.00
				}
			,{
				"<=msec": 0.780
				,"percent": 0.01
				}
			,{
				"<=msec": 0.800
				,"percent": 0.01
				}
			,{
				"<=msec": 0.810
				,"percent": 0.04
				}
			,{
				"<=msec": 0.820
				,"percent": 0.05
				}
			,{
				"<=msec": 0.830
				,"percent": 0.06
				}
			,{
				"<=msec": 0.840
				,"percent": 0.07
				}
			,{
				"<=msec": 0.850
				,"percent": 0.08
				}
			,{
				"<=msec": 0.860
				,"percent": 0.11
				}
			,{
				"<=msec": 0.870
				,"percent": 0.15
				}
			,{
				"<=msec": 0.880
				,"percent": 0.19
				}
			,{
				"<=msec": 0.890
				,"percent": 0.26
				}
			,{
				"<=msec": 0.900
				,"percent": 0.33
				}
			,{
				"<=msec": 0.910
				,"percent": 0.40
				}
			,{
				"<=msec": 0.920
				,"percent": 0.48
				}
			,{
				"<=msec": 0.930
				,"percent": 0.58
				}
			,{
				"<=msec": 0.940
				,"percent": 0.67
				}
			,{
				"<=msec": 0.950
				,"percent": 0.82
				}
			,{
				"<=msec": 0.960
				,"percent": 1.01
				}
			,{
				"<=msec": 0.970
				,"percent": 1.20
				}
			,{
				"<=msec": 0.980
				,"percent": 1.41
				}
			,{
				"<=msec": 0.990
				,"percent": 1.68
				}
			,{
				"<=msec": 1.000
				,"percent": 3.32
				}
			,{
				"<=msec": 1.100
				,"percent": 7.93
				}
			,{
				"<=msec": 1.200
				,"percent": 14.09
				}
			,{
				"<=msec": 1.300
				,"percent": 21.35
				}
			,{
				"<=msec": 1.400
				,"percent": 28.35
				}
			,{
				"<=msec": 1.500
				,"percent": 34.89
				}
			,{
				"<=msec": 1.600
				,"percent": 40.68
				}
			,{
				"<=msec": 1.700
				,"percent": 45.93
				}
			,{
				"<=msec": 1.800
				,"percent": 49.92
				}
			,{
				"<=msec": 1.900
				,"percent": 53.23
				}
			,{
				"<=msec": 2.000
				,"percent": 56.24
				}
			,{
				"<=msec": 2.100
				,"percent": 58.61
				}
			,{
				"<=msec": 2.200
				,"percent": 60.66
				}
			,{
				"<=msec": 2.300
				,"percent": 62.32
				}
			,{
				"<=msec": 2.400
				,"percent": 63.80
				}
			,{
				"<=msec": 2.500
				,"percent": 64.96
				}
			,{
				"<=msec": 2.600
				,"percent": 66.07
				}
			,{
				"<=msec": 2.700
				,"percent": 66.95
				}
			,{
				"<=msec": 2.800
				,"percent": 67.78
				}
			,{
				"<=msec": 2.900
				,"percent": 68.60
				}
			,{
				"<=msec": 3.000
				,"percent": 69.32
				}
			,{
				"<=msec": 3.100
				,"percent": 69.91
				}
			,{
				"<=msec": 3.200
				,"percent": 70.61
				}
			,{
				"<=msec": 3.300
				,"percent": 71.17
				}
			,{
				"<=msec": 3.400
				,"percent": 71.60
				}
			,{
				"<=msec": 3.500
				,"percent": 72.16
				}
			,{
				"<=msec": 3.600
				,"percent": 72.64
				}
			,{
				"<=msec": 3.700
				,"percent": 73.06
				}
			,{
				"<=msec": 3.800
				,"percent": 73.49
				}
			,{
				"<=msec": 3.900
				,"percent": 73.95
				}
			,{
				"<=msec": 4.000
				,"percent": 74.38
				}
			,{
				"<=msec": 4.100
				,"percent": 74.79
				}
			,{
				"<=msec": 4.200
				,"percent": 75.18
				}
			,{
				"<=msec": 4.300
				,"percent": 75.58
				}
			,{
				"<=msec": 4.400
				,"percent": 75.99
				}
			,{
				"<=msec": 4.500
				,"percent": 76.41
				}
			,{
				"<=msec": 4.600
				,"percent": 76.81
				}
			,{
				"<=msec": 4.700
				,"percent": 77.31
				}
			,{
				"<=msec": 4.800
				,"percent": 77.76
				}
			,{
				"<=msec": 4.900
				,"percent": 78.29
				}
			,{
				"<=msec": 5.000
				,"percent": 78.80
				}
			,{
				"<=msec": 5.100
				,"percent": 79.21
				}
			,{
				"<=msec": 5.200
				,"percent": 79.65
				}
			,{
				"<=msec": 5.300
				,"percent": 80.07
				}
			,{
				"<=msec": 5.400
				,"percent": 80.54
				}
			,{
				"<=msec": 5.500
				,"percent": 80.92
				}
			,{
				"<=msec": 5.600
				,"percent": 81.41
				}
			,{
				"<=msec": 5.700
				,"percent": 81.91
				}
			,{
				"<=msec": 5.800
				,"percent": 82.41
				}
			,{
				"<=msec": 5.900
				,"percent": 83.03
				}
			,{
				"<=msec": 6.000
				,"percent": 83.50
				}
			,{
				"<=msec": 6.100
				,"percent": 84.06
				}
			,{
				"<=msec": 6.200
				,"percent": 84.64
				}
			,{
				"<=msec": 6.300
				,"percent": 85.26
				}
			,{
				"<=msec": 6.400
				,"percent": 85.90
				}
			,{
				"<=msec": 6.500
				,"percent": 86.57
				}
			,{
				"<=msec": 6.600
				,"percent": 87.41
				}
			,{
				"<=msec": 6.700
				,"percent": 88.19
				}
			,{
				"<=msec": 6.800
				,"percent": 88.96
				}
			,{
				"<=msec": 6.900
				,"percent": 89.81
				}
			,{
				"<=msec": 7.000
				,"percent": 90.65
				}
			,{
				"<=msec": 7.100
				,"percent": 91.35
				}
			,{
				"<=msec": 7.200
				,"percent": 92.09
				}
			,{
				"<=msec": 7.300
				,"percent": 92.82
				}
			,{
				"<=msec": 7.400
				,"percent": 93.47
				}
			,{
				"<=msec": 7.500
				,"percent": 93.93
				}
			,{
				"<=msec": 7.600
				,"percent": 94.52
				}
			,{
				"<=msec": 7.700
				,"percent": 94.91
				}
			,{
				"<=msec": 7.800
				,"percent": 95.27
				}
			,{
				"<=msec": 7.900
				,"percent": 95.67
				}
			,{
				"<=msec": 8.000
				,"percent": 96.03
				}
			,{
				"<=msec": 8.100
				,"percent": 96.26
				}
			,{
				"<=msec": 8.200
				,"percent": 96.45
				}
			,{
				"<=msec": 8.300
				,"percent": 96.60
				}
			,{
				"<=msec": 8.400
				,"percent": 96.81
				}
			,{
				"<=msec": 8.500
				,"percent": 96.98
				}
			,{
				"<=msec": 8.600
				,"percent": 97.11
				}
			,{
				"<=msec": 8.700
				,"percent": 97.18
				}
			,{
				"<=msec": 8.800
				,"percent": 97.26
				}
			,{
				"<=msec": 8.900
				,"percent": 97.36
				}
			,{
				"<=msec": 9.000
				,"percent": 97.42
				}
			,{
				"<=msec": 9.100
				,"percent": 97.53
				}
			,{
				"<=msec": 9.200
				,"percent": 97.61
				}
			,{
				"<=msec": 9.300
				,"percent": 97.67
				}
			,{
				"<=msec": 9.400
				,"percent": 97.71
				}
			,{
				"<=msec": 9.500
				,"percent": 97.77
				}
			,{
				"<=msec": 9.600
				,"percent": 97.82
				}
			,{
				"<=msec": 9.700
				,"percent": 97.86
				}
			,{
				"<=msec": 9.800
				,"percent": 97.90
				}
			,{
				"<=msec": 9.900
				,"percent": 97.96
				}
			,{
				"<=msec": 10.000
				,"percent": 98.15
				}
			,{
				"<=msec": 11.000
				,"percent": 98.36
				}
			,{
				"<=msec": 12.000
				,"percent": 98.49
				}
			,{
				"<=msec": 13.000
				,"percent": 98.62
				}
			,{
				"<=msec": 14.000
				,"percent": 98.69
				}
			,{
				"<=msec": 15.000
				,"percent": 98.74
				}
			,{
				"<=msec": 16.000
				,"percent": 98.80
				}
			,{
				"<=msec": 17.000
				,"percent": 98.89
				}
			,{
				"<=msec": 18.000
				,"percent": 98.97
				}
			,{
				"<=msec": 19.000
				,"percent": 99.09
				}
			,{
				"<=msec": 20.000
				,"percent": 99.17
				}
			,{
				"<=msec": 21.000
				,"percent": 99.23
				}
			,{
				"<=msec": 22.000
				,"percent": 99.33
				}
			,{
				"<=msec": 23.000
				,"percent": 99.43
				}
			,{
				"<=msec": 24.000
				,"percent": 99.52
				}
			,{
				"<=msec": 25.000
				,"percent": 99.58
				}
			,{
				"<=msec": 26.000
				,"percent": 99.63
				}
			,{
				"<=msec": 27.000
				,"percent": 99.72
				}
			,{
				"<=msec": 28.000
				,"percent": 99.74
				}
			,{
				"<=msec": 29.000
				,"percent": 99.80
				}
			,{
				"<=msec": 30.000
				,"percent": 99.82
				}
			,{
				"<=msec": 31.000
				,"percent": 99.86
				}
			,{
				"<=msec": 32.000
				,"percent": 99.88
				}
			,{
				"<=msec": 33.000
				,"percent": 99.89
				}
			,{
				"<=msec": 34.000
				,"percent": 99.90
				}
			,{
				"<=msec": 35.000
				,"percent": 99.92
				}
			,{
				"<=msec": 36.000
				,"percent": 99.95
				}
			,{
				"<=msec": 37.000
				,"percent": 99.96
				}
			,{
				"<=msec": 38.000
				,"percent": 99.97
				}
			,{
				"<=msec": 39.000
				,"percent": 99.97
				}
			,{
				"<=msec": 40.000
				,"percent": 99.98
				}
			,{
				"<=msec": 42.000
				,"percent": 99.99
				}
			,{
				"<=msec": 43.000
				,"percent": 100.00
				}
			,{
				"<=msec": 44.000
				,"percent": 100.00
				}
			]
		,"GET":[
			{
				"<=msec": 0.620
				,"percent": 0.00
				}
			,{
				"<=msec": 0.640
				,"percent": 0.01
				}
			,{
				"<=msec": 0.650
				,"percent": 0.01
				}
			,{
				"<=msec": 0.660
				,"percent": 0.02
				}
			,{
				"<=msec": 0.670
				,"percent": 0.02
				}
			,{
				"<=msec": 0.680
				,"percent": 0.04
				}
			,{
				"<=msec": 0.690
				,"percent": 0.05
				}
			,{
				"<=msec": 0.700
				,"percent": 0.06
				}
			,{
				"<=msec": 0.710
				,"percent": 0.09
				}
			,{
				"<=msec": 0.720
				,"percent": 0.12
				}
			,{
				"<=msec": 0.730
				,"percent": 0.16
				}
			,{
				"<=msec": 0.740
				,"percent": 0.18
				}
			,{
				"<=msec": 0.750
				,"percent": 0.22
				}
			,{
				"<=msec": 0.760
				,"percent": 0.29
				}
			,{
				"<=msec": 0.770
				,"percent": 0.34
				}
			,{
				"<=msec": 0.780
				,"percent": 0.41
				}
			,{
				"<=msec": 0.790
				,"percent": 0.51
				}
			,{
				"<=msec": 0.800
				,"percent": 0.59
				}
			,{
				"<=msec": 0.810
				,"percent": 0.68
				}
			,{
				"<=msec": 0.820
				,"percent": 0.80
				}
			,{
				"<=msec": 0.830
				,"percent": 0.97
				}
			,{
				"<=msec": 0.840
				,"percent": 1.15
				}
			,{
				"<=msec": 0.850
				,"percent": 1.29
				}
			,{
				"<=msec": 0.860
				,"percent": 1.45
				}
			,{
				"<=msec": 0.870
				,"percent": 1.64
				}
			,{
				"<=msec": 0.880
				,"percent": 1.84
				}
			,{
				"<=msec": 0.890
				,"percent": 2.02
				}
			,{
				"<=msec": 0.900
				,"percent": 2.31
				}
			,{
				"<=msec": 0.910
				,"percent": 2.67
				}
			,{
				"<=msec": 0.920
				,"percent": 2.97
				}
			,{
				"<=msec": 0.930
				,"percent": 3.35
				}
			,{
				"<=msec": 0.940
				,"percent": 3.73
				}
			,{
				"<=msec": 0.950
				,"percent": 4.14
				}
			,{
				"<=msec": 0.960
				,"percent": 4.59
				}
			,{
				"<=msec": 0.970
				,"percent": 4.98
				}
			,{
				"<=msec": 0.980
				,"percent": 5.45
				}
			,{
				"<=msec": 0.990
				,"percent": 5.95
				}
			,{
				"<=msec": 1.000
				,"percent": 9.45
				}
			,{
				"<=msec": 1.100
				,"percent": 17.47
				}
			,{
				"<=msec": 1.200
				,"percent": 27.25
				}
			,{
				"<=msec": 1.300
				,"percent": 36.66
				}
			,{
				"<=msec": 1.400
				,"percent": 45.61
				}
			,{
				"<=msec": 1.500
				,"percent": 53.41
				}
			,{
				"<=msec": 1.600
				,"percent": 59.86
				}
			,{
				"<=msec": 1.700
				,"percent": 64.95
				}
			,{
				"<=msec": 1.800
				,"percent": 69.14
				}
			,{
				"<=msec": 1.900
				,"percent": 72.51
				}
			,{
				"<=msec": 2.000
				,"percent": 75.65
				}
			,{
				"<=msec": 2.100
				,"percent": 78.03
				}
			,{
				"<=msec": 2.200
				,"percent": 79.78
				}
			,{
				"<=msec": 2.300
				,"percent": 81.21
				}
			,{
				"<=msec": 2.400
				,"percent": 82.39
				}
			,{
				"<=msec": 2.500
				,"percent": 83.37
				}
			,{
				"<=msec": 2.600
				,"percent": 84.35
				}
			,{
				"<=msec": 2.700
				,"percent": 85.08
				}
			,{
				"<=msec": 2.800
				,"percent": 85.67
				}
			,{
				"<=msec": 2.900
				,"percent": 86.17
				}
			,{
				"<=msec": 3.000
				,"percent": 86.72
				}
			,{
				"<=msec": 3.100
				,"percent": 87.08
				}
			,{
				"<=msec": 3.200
				,"percent": 87.44
				}
			,{
				"<=msec": 3.300
				,"percent": 87.67
				}
			,{
				"<=msec": 3.400
				,"percent": 87.97
				}
			,{
				"<=msec": 3.500
				,"percent": 88.22
				}
			,{
				"<=msec": 3.600
				,"percent": 88.44
				}
			,{
				"<=msec": 3.700
				,"percent": 88.63
				}
			,{
				"<=msec": 3.800
				,"percent": 88.88
				}
			,{
				"<=msec": 3.900
				,"percent": 89.05
				}
			,{
				"<=msec": 4.000
				,"percent": 89.23
				}
			,{
				"<=msec": 4.100
				,"percent": 89.44
				}
			,{
				"<=msec": 4.200
				,"percent": 89.60
				}
			,{
				"<=msec": 4.300
				,"percent": 89.75
				}
			,{
				"<=msec": 4.400
				,"percent": 89.90
				}
			,{
				"<=msec": 4.500
				,"percent": 90.05
				}
			,{
				"<=msec": 4.600
				,"percent": 90.15
				}
			,{
				"<=msec": 4.700
				,"percent": 90.34
				}
			,{
				"<=msec": 4.800
				,"percent": 90.48
				}
			,{
				"<=msec": 4.900
				,"percent": 90.63
				}
			,{
				"<=msec": 5.000
				,"percent": 90.76
				}
			,{
				"<=msec": 5.100
				,"percent": 90.94
				}
			,{
				"<=msec": 5.200
				,"percent": 91.11
				}
			,{
				"<=msec": 5.300
				,"percent": 91.28
				}
			,{
				"<=msec": 5.400
				,"percent": 91.42
				}
			,{
				"<=msec": 5.500
				,"percent": 91.58
				}
			,{
				"<=msec": 5.600
				,"percent": 91.74
				}
			,{
				"<=msec": 5.700
				,"percent": 91.93
				}
			,{
				"<=msec": 5.800
				,"percent": 92.04
				}
			,{
				"<=msec": 5.900
				,"percent": 92.26
				}
			,{
				"<=msec": 6.000
				,"percent": 92.44
				}
			,{
				"<=msec": 6.100
				,"percent": 92.69
				}
			,{
				"<=msec": 6.200
				,"percent": 92.92
				}
			,{
				"<=msec": 6.300
				,"percent": 93.18
				}
			,{
				"<=msec": 6.400
				,"percent": 93.48
				}
			,{
				"<=msec": 6.500
				,"percent": 93.78
				}
			,{
				"<=msec": 6.600
				,"percent": 94.13
				}
			,{
				"<=msec": 6.700
				,"percent": 94.41
				}
			,{
				"<=msec": 6.800
				,"percent": 94.82
				}
			,{
				"<=msec": 6.900
				,"percent": 95.21
				}
			,{
				"<=msec": 7.000
				,"percent": 95.69
				}
			,{
				"<=msec": 7.100
				,"percent": 96.02
				}
			,{
				"<=msec": 7.200
				,"percent": 96.40
				}
			,{
				"<=msec": 7.300
				,"percent": 96.73
				}
			,{
				"<=msec": 7.400
				,"percent": 97.03
				}
			,{
				"<=msec": 7.500
				,"percent": 97.25
				}
			,{
				"<=msec": 7.600
				,"percent": 97.50
				}
			,{
				"<=msec": 7.700
				,"percent": 97.75
				}
			,{
				"<=msec": 7.800
				,"percent": 97.92
				}
			,{
				"<=msec": 7.900
				,"percent": 98.10
				}
			,{
				"<=msec": 8.000
				,"percent": 98.29
				}
			,{
				"<=msec": 8.100
				,"percent": 98.44
				}
			,{
				"<=msec": 8.200
				,"percent": 98.58
				}
			,{
				"<=msec": 8.300
				,"percent": 98.67
				}
			,{
				"<=msec": 8.400
				,"percent": 98.77
				}
			,{
				"<=msec": 8.500
				,"percent": 98.86
				}
			,{
				"<=msec": 8.600
				,"percent": 98.93
				}
			,{
				"<=msec": 8.700
				,"percent": 99.01
				}
			,{
				"<=msec": 8.800
				,"percent": 99.08
				}
			,{
				"<=msec": 8.900
				,"percent": 99.14
				}
			,{
				"<=msec": 9.000
				,"percent": 99.18
				}
			,{
				"<=msec": 9.100
				,"percent": 99.22
				}
			,{
				"<=msec": 9.200
				,"percent": 99.26
				}
			,{
				"<=msec": 9.300
				,"percent": 99.29
				}
			,{
				"<=msec": 9.400
				,"percent": 99.32
				}
			,{
				"<=msec": 9.500
				,"percent": 99.34
				}
			,{
				"<=msec": 9.600
				,"percent": 99.37
				}
			,{
				"<=msec": 9.700
				,"percent": 99.38
				}
			,{
				"<=msec": 9.800
				,"percent": 99.40
				}
			,{
				"<=msec": 9.900
				,"percent": 99.43
				}
			,{
				"<=msec": 10.000
				,"percent": 99.53
				}
			,{
				"<=msec": 11.000
				,"percent": 99.64
				}
			,{
				"<=msec": 12.000
				,"percent": 99.68
				}
			,{
				"<=msec": 13.000
				,"percent": 99.69
				}
			,{
				"<=msec": 14.000
				,"percent": 99.72
				}
			,{
				"<=msec": 15.000
				,"percent": 99.75
				}
			,{
				"<=msec": 16.000
				,"percent": 99.75
				}
			,{
				"<=msec": 17.000
				,"percent": 99.77
				}
			,{
				"<=msec": 18.000
				,"percent": 99.80
				}
			,{
				"<=msec": 19.000
				,"percent": 99.82
				}
			,{
				"<=msec": 20.000
				,"percent": 99.84
				}
			,{
				"<=msec": 22.000
				,"percent": 99.86
				}
			,{
				"<=msec": 23.000
				,"percent": 99.89
				}
			,{
				"<=msec": 24.000
				,"percent": 99.90
				}
			,{
				"<=msec": 25.000
				,"percent": 99.92
				}
			,{
				"<=msec": 26.000
				,"percent": 99.94
				}
			,{
				"<=msec": 27.000
				,"percent": 99.94
				}
			,{
				"<=msec": 28.000
				,"percent": 99.96
				}
			,{
				"<=msec": 29.000
				,"percent": 99.97
				}
			,{
				"<=msec": 30.000
				,"percent": 99.98
				}
			,{
				"<=msec": 31.000
				,"percent": 99.98
				}
			,{
				"<=msec": 32.000
				,"percent": 99.99
				}
			,{
				"<=msec": 33.000
				,"percent": 99.99
				}
			,{
				"<=msec": 35.000
				,"percent": 99.99
				}
			,{
				"<=msec": 47.000
				,"percent": 100.00
				}
			]
		,"WAIT":[
		]
		}
	}
