{
	"configuration":{
		"server": "10.0.0.9"
		,"port": 6379
		,"unix socket": "(null)"
		,"protocol": "memcache_text"
		,"out_file": "(null)"
		,"client_stats": "(null)"
		,"run_count": 1
		,"debug": 0
		,"requests": 0
		,"clients": 2
		,"threads": 1
		,"test_time": 75
		,"ratio": "1:1"
		,"pipeline": 1
		,"data_size": 1024
		,"data_offset": 0
		,"random_data": "false"
		,"data_size_range": "0:0"
		,"data_size_list": ""
		,"data_size_pattern": "R"
		,"expiry_range": "9999:10000"
		,"data_import": "(null)"
		,"data_verify": "false"
		,"verify_only": "false"
		,"generate_keys": "false"
		,"key_prefix": "memtier-"
		,"key_minimum":           0
		,"key_maximum":       10000
		,"key_pattern": "R:R"
		,"key_stddev": 0.000000
		,"key_median": 0.000000
		,"reconnect_interval": 0
		,"multi_key_get": 1
		,"authenticate": ""
		,"select-db": 0
		,"no-expiry": "false"
		,"wait-ratio": "0:0"
		,"num-slaves": "0:0"
		,"wait-timeout": "0-0"
		}
	,"run information":{
		"Threads": 1
		,"Connections per thread": 2
		,"Seconds": 75
		}
	,"ALL STATS":{
		"Sets":{
			"Ops/sec": 174.50
			,"Hits/sec": 0.00
			,"Misses/sec": 0.00
			,"Latency": 6.47
			,"KB/sec": 181.38
			}
		,"Gets":{
			"Ops/sec": 174.50
			,"Hits/sec": 174.50
			,"Misses/sec": 0.00
			,"Latency": 4.98
			,"KB/sec": 183.32
			}
		,"Waits":{
			"Ops/sec": 0.00
			,"Hits/sec": 0.00
			,"Misses/sec": 0.00
			,"Latency": 0.00
			,"KB/sec": 0.00
			}
		,"Totals":{
			"Ops/sec": 349.00
			,"Hits/sec": 174.50
			,"Misses/sec": 0.00
			,"Latency": 5.72
			,"KB/sec": 364.71
			}
		,"SET":[
			{
				"<=msec": 3.500
				,"percent": 0.06
				}
			,{
				"<=msec": 3.600
				,"percent": 0.65
				}
			,{
				"<=msec": 3.700
				,"percent": 2.28
				}
			,{
				"<=msec": 3.800
				,"percent": 4.87
				}
			,{
				"<=msec": 3.900
				,"percent": 8.63
				}
			,{
				"<=msec": 4.000
				,"percent": 13.76
				}
			,{
				"<=msec": 4.100
				,"percent": 18.54
				}
			,{
				"<=msec": 4.200
				,"percent": 23.24
				}
			,{
				"<=msec": 4.300
				,"percent": 27.57
				}
			,{
				"<=msec": 4.400
				,"percent": 31.74
				}
			,{
				"<=msec": 4.500
				,"percent": 35.08
				}
			,{
				"<=msec": 4.600
				,"percent": 38.58
				}
			,{
				"<=msec": 4.700
				,"percent": 41.50
				}
			,{
				"<=msec": 4.800
				,"percent": 43.98
				}
			,{
				"<=msec": 4.900
				,"percent": 45.97
				}
			,{
				"<=msec": 5.000
				,"percent": 48.10
				}
			,{
				"<=msec": 5.100
				,"percent": 49.85
				}
			,{
				"<=msec": 5.200
				,"percent": 51.43
				}
			,{
				"<=msec": 5.300
				,"percent": 52.88
				}
			,{
				"<=msec": 5.400
				,"percent": 54.25
				}
			,{
				"<=msec": 5.500
				,"percent": 55.43
				}
			,{
				"<=msec": 5.600
				,"percent": 56.54
				}
			,{
				"<=msec": 5.700
				,"percent": 57.59
				}
			,{
				"<=msec": 5.800
				,"percent": 58.77
				}
			,{
				"<=msec": 5.900
				,"percent": 59.83
				}
			,{
				"<=msec": 6.000
				,"percent": 60.81
				}
			,{
				"<=msec": 6.100
				,"percent": 61.93
				}
			,{
				"<=msec": 6.200
				,"percent": 62.86
				}
			,{
				"<=msec": 6.300
				,"percent": 63.71
				}
			,{
				"<=msec": 6.400
				,"percent": 64.70
				}
			,{
				"<=msec": 6.500
				,"percent": 65.61
				}
			,{
				"<=msec": 6.600
				,"percent": 66.56
				}
			,{
				"<=msec": 6.700
				,"percent": 67.30
				}
			,{
				"<=msec": 6.800
				,"percent": 68.17
				}
			,{
				"<=msec": 6.900
				,"percent": 69.10
				}
			,{
				"<=msec": 7.000
				,"percent": 70.06
				}
			,{
				"<=msec": 7.100
				,"percent": 70.84
				}
			,{
				"<=msec": 7.200
				,"percent": 71.62
				}
			,{
				"<=msec": 7.300
				,"percent": 72.41
				}
			,{
				"<=msec": 7.400
				,"percent": 73.10
				}
			,{
				"<=msec": 7.500
				,"percent": 73.86
				}
			,{
				"<=msec": 7.600
				,"percent": 74.62
				}
			,{
				"<=msec": 7.700
				,"percent": 75.42
				}
			,{
				"<=msec": 7.800
				,"percent": 76.16
				}
			,{
				"<=msec": 7.900
				,"percent": 76.91
				}
			,{
				"<=msec": 8.000
				,"percent": 77.74
				}
			,{
				"<=msec": 8.100
				,"percent": 78.61
				}
			,{
				"<=msec": 8.200
				,"percent": 79.39
				}
			,{
				"<=msec": 8.300
				,"percent": 80.24
				}
			,{
				"<=msec": 8.400
				,"percent": 80.98
				}
			,{
				"<=msec": 8.500
				,"percent": 81.78
				}
			,{
				"<=msec": 8.600
				,"percent": 82.42
				}
			,{
				"<=msec": 8.700
				,"percent": 83.20
				}
			,{
				"<=msec": 8.800
				,"percent": 83.94
				}
			,{
				"<=msec": 8.900
				,"percent": 84.63
				}
			,{
				"<=msec": 9.000
				,"percent": 85.32
				}
			,{
				"<=msec": 9.100
				,"percent": 85.96
				}
			,{
				"<=msec": 9.200
				,"percent": 86.52
				}
			,{
				"<=msec": 9.300
				,"percent": 87.12
				}
			,{
				"<=msec": 9.400
				,"percent": 87.71
				}
			,{
				"<=msec": 9.500
				,"percent": 88.29
				}
			,{
				"<=msec": 9.600
				,"percent": 88.88
				}
			,{
				"<=msec": 9.700
				,"percent": 89.61
				}
			,{
				"<=msec": 9.800
				,"percent": 90.28
				}
			,{
				"<=msec": 9.900
				,"percent": 90.93
				}
			,{
				"<=msec": 10.000
				,"percent": 93.41
				}
			,{
				"<=msec": 11.000
				,"percent": 95.57
				}
			,{
				"<=msec": 12.000
				,"percent": 96.43
				}
			,{
				"<=msec": 13.000
				,"percent": 96.83
				}
			,{
				"<=msec": 14.000
				,"percent": 97.17
				}
			,{
				"<=msec": 15.000
				,"percent": 97.39
				}
			,{
				"<=msec": 16.000
				,"percent": 97.60
				}
			,{
				"<=msec": 17.000
				,"percent": 97.87
				}
			,{
				"<=msec": 18.000
				,"percent": 98.04
				}
			,{
				"<=msec": 19.000
				,"percent": 98.20
				}
			,{
				"<=msec": 20.000
				,"percent": 98.35
				}
			,{
				"<=msec": 21.000
				,"percent": 98.50
				}
			,{
				"<=msec": 22.000
				,"percent": 98.65
				}
			,{
				"<=msec": 23.000
				,"percent": 98.81
				}
			,{
				"<=msec": 24.000
				,"percent": 99.00
				}
			,{
				"<=msec": 25.000
				,"percent": 99.12
				}
			,{
				"<=msec": 26.000
				,"percent": 99.28
				}
			,{
				"<=msec": 27.000
				,"percent": 99.43
				}
			,{
				"<=msec": 28.000
				,"percent": 99.53
				}
			,{
				"<=msec": 29.000
				,"percent": 99.63
				}
			,{
				"<=msec": 30.000
				,"percent": 99.68
				}
			,{
				"<=msec": 31.000
				,"percent": 99.73
				}
			,{
				"<=msec": 32.000
				,"percent": 99.79
				}
			,{
				"<=msec": 33.000
				,"percent": 99.83
				}
			,{
				"<=msec": 34.000
				,"percent": 99.85
				}
			,{
				"<=msec": 35.000
				,"percent": 99.87
				}
			,{
				"<=msec": 36.000
				,"percent": 99.91
				}
			,{
				"<=msec": 37.000
				,"percent": 99.94
				}
			,{
				"<=msec": 38.000
				,"percent": 99.95
				}
			,{
				"<=msec": 40.000
				,"percent": 99.98
				}
			,{
				"<=msec": 41.000
				,"percent": 99.98
				}
			,{
				"<=msec": 44.000
				,"percent": 99.99
				}
			,{
				"<=msec": 56.000
				,"percent": 100.00
				}
			]
		,"GET":[
			{
				"<=msec": 3.000
				,"percent": 0.01
				}
			,{
				"<=msec": 3.100
				,"percent": 0.13
				}
			,{
				"<=msec": 3.200
				,"percent": 0.57
				}
			,{
				"<=msec": 3.300
				,"percent": 1.65
				}
			,{
				"<=msec": 3.400
				,"percent": 3.87
				}
			,{
				"<=msec": 3.500
				,"percent": 7.69
				}
			,{
				"<=msec": 3.600
				,"percent": 12.56
				}
			,{
				"<=msec": 3.700
				,"percent": 18.33
				}
			,{
				"<=msec": 3.800
				,"percent": 24.60
				}
			,{
				"<=msec": 3.900
				,"percent": 31.55
				}
			,{
				"<=msec": 4.000
				,"percent": 38.87
				}
			,{
				"<=msec": 4.100
				,"percent": 45.37
				}
			,{
				"<=msec": 4.200
				,"percent": 50.89
				}
			,{
				"<=msec": 4.300
				,"percent": 56.62
				}
			,{
				"<=msec": 4.400
				,"percent": 61.26
				}
			,{
				"<=msec": 4.500
				,"percent": 64.85
				}
			,{
				"<=msec": 4.600
				,"percent": 68.08
				}
			,{
				"<=msec": 4.700
				,"percent": 70.92
				}
			,{
				"<=msec": 4.800
				,"percent": 73.14
				}
			,{
				"<=msec": 4.900
				,"percent": 75.04
				}
			,{
				"<=msec": 5.000
				,"percent": 76.87
				}
			,{
				"<=msec": 5.100
				,"percent": 78.26
				}
			,{
				"<=msec": 5.200
				,"percent": 79.49
				}
			,{
				"<=msec": 5.300
				,"percent": 80.58
				}
			,{
				"<=msec": 5.400
				,"percent": 81.67
				}
			,{
				"<=msec": 5.500
				,"percent": 82.38
				}
			,{
				"<=msec": 5.600
				,"percent": 83.12
				}
			,{
				"<=msec": 5.700
				,"percent": 83.73
				}
			,{
				"<=msec": 5.800
				,"percent": 84.21
				}
			,{
				"<=msec": 5.900
				,"percent": 84.71
				}
			,{
				"<=msec": 6.000
				,"percent": 85.19
				}
			,{
				"<=msec": 6.100
				,"percent": 85.61
				}
			,{
				"<=msec": 6.200
				,"percent": 86.04
				}
			,{
				"<=msec": 6.300
				,"percent": 86.42
				}
			,{
				"<=msec": 6.400
				,"percent": 86.81
				}
			,{
				"<=msec": 6.500
				,"percent": 87.13
				}
			,{
				"<=msec": 6.600
				,"percent": 87.49
				}
			,{
				"<=msec": 6.700
				,"percent": 87.79
				}
			,{
				"<=msec": 6.800
				,"percent": 88.12
				}
			,{
				"<=msec": 6.900
				,"percent": 88.40
				}
			,{
				"<=msec": 7.000
				,"percent": 88.71
				}
			,{
				"<=msec": 7.100
				,"percent": 89.03
				}
			,{
				"<=msec": 7.200
				,"percent": 89.33
				}
			,{
				"<=msec": 7.300
				,"percent": 89.68
				}
			,{
				"<=msec": 7.400
				,"percent": 89.94
				}
			,{
				"<=msec": 7.500
				,"percent": 90.24
				}
			,{
				"<=msec": 7.600
				,"percent": 90.55
				}
			,{
				"<=msec": 7.700
				,"percent": 90.85
				}
			,{
				"<=msec": 7.800
				,"percent": 91.11
				}
			,{
				"<=msec": 7.900
				,"percent": 91.28
				}
			,{
				"<=msec": 8.000
				,"percent": 91.49
				}
			,{
				"<=msec": 8.100
				,"percent": 91.78
				}
			,{
				"<=msec": 8.200
				,"percent": 91.99
				}
			,{
				"<=msec": 8.300
				,"percent": 92.24
				}
			,{
				"<=msec": 8.400
				,"percent": 92.47
				}
			,{
				"<=msec": 8.500
				,"percent": 92.74
				}
			,{
				"<=msec": 8.600
				,"percent": 92.96
				}
			,{
				"<=msec": 8.700
				,"percent": 93.19
				}
			,{
				"<=msec": 8.800
				,"percent": 93.35
				}
			,{
				"<=msec": 8.900
				,"percent": 93.58
				}
			,{
				"<=msec": 9.000
				,"percent": 93.80
				}
			,{
				"<=msec": 9.100
				,"percent": 94.02
				}
			,{
				"<=msec": 9.200
				,"percent": 94.26
				}
			,{
				"<=msec": 9.300
				,"percent": 94.43
				}
			,{
				"<=msec": 9.400
				,"percent": 94.67
				}
			,{
				"<=msec": 9.500
				,"percent": 94.94
				}
			,{
				"<=msec": 9.600
				,"percent": 95.24
				}
			,{
				"<=msec": 9.700
				,"percent": 95.58
				}
			,{
				"<=msec": 9.800
				,"percent": 95.87
				}
			,{
				"<=msec": 9.900
				,"percent": 96.18
				}
			,{
				"<=msec": 10.000
				,"percent": 97.23
				}
			,{
				"<=msec": 11.000
				,"percent": 98.49
				}
			,{
				"<=msec": 12.000
				,"percent": 98.92
				}
			,{
				"<=msec": 13.000
				,"percent": 99.08
				}
			,{
				"<=msec": 14.000
				,"percent": 99.17
				}
			,{
				"<=msec": 15.000
				,"percent": 99.22
				}
			,{
				"<=msec": 16.000
				,"percent": 99.26
				}
			,{
				"<=msec": 17.000
				,"percent": 99.34
				}
			,{
				"<=msec": 18.000
				,"percent": 99.39
				}
			,{
				"<=msec": 19.000
				,"percent": 99.44
				}
			,{
				"<=msec": 20.000
				,"percent": 99.51
				}
			,{
				"<=msec": 21.000
				,"percent": 99.56
				}
			,{
				"<=msec": 22.000
				,"percent": 99.60
				}
			,{
				"<=msec": 23.000
				,"percent": 99.68
				}
			,{
				"<=msec": 24.000
				,"percent": 99.71
				}
			,{
				"<=msec": 25.000
				,"percent": 99.74
				}
			,{
				"<=msec": 26.000
				,"percent": 99.81
				}
			,{
				"<=msec": 27.000
				,"percent": 99.82
				}
			,{
				"<=msec": 28.000
				,"percent": 99.85
				}
			,{
				"<=msec": 29.000
				,"percent": 99.86
				}
			,{
				"<=msec": 30.000
				,"percent": 99.87
				}
			,{
				"<=msec": 31.000
				,"percent": 99.88
				}
			,{
				"<=msec": 33.000
				,"percent": 99.90
				}
			,{
				"<=msec": 34.000
				,"percent": 99.93
				}
			,{
				"<=msec": 35.000
				,"percent": 99.95
				}
			,{
				"<=msec": 36.000
				,"percent": 99.96
				}
			,{
				"<=msec": 41.000
				,"percent": 99.98
				}
			,{
				"<=msec": 47.000
				,"percent": 99.99
				}
			,{
				"<=msec": 50.000
				,"percent": 100.00
				}
			]
		,"WAIT":[
		]
		}
	}
