{
	"configuration":{
		"server": "10.0.0.8"
		,"port": 6379
		,"unix socket": "(null)"
		,"protocol": "memcache_text"
		,"out_file": "(null)"
		,"client_stats": "(null)"
		,"run_count": 1
		,"debug": 0
		,"requests": 0
		,"clients": 2
		,"threads": 1
		,"test_time": 75
		,"ratio": "1:1"
		,"pipeline": 1
		,"data_size": 1024
		,"data_offset": 0
		,"random_data": "false"
		,"data_size_range": "0:0"
		,"data_size_list": ""
		,"data_size_pattern": "R"
		,"expiry_range": "9999:10000"
		,"data_import": "(null)"
		,"data_verify": "false"
		,"verify_only": "false"
		,"generate_keys": "false"
		,"key_prefix": "memtier-"
		,"key_minimum":           0
		,"key_maximum":       10000
		,"key_pattern": "R:R"
		,"key_stddev": 0.000000
		,"key_median": 0.000000
		,"reconnect_interval": 0
		,"multi_key_get": 1
		,"authenticate": ""
		,"select-db": 0
		,"no-expiry": "false"
		,"wait-ratio": "0:0"
		,"num-slaves": "0:0"
		,"wait-timeout": "0-0"
		}
	,"run information":{
		"Threads": 1
		,"Connections per thread": 2
		,"Seconds": 75
		}
	,"ALL STATS":{
		"Sets":{
			"Ops/sec": 402.76
			,"Hits/sec": 0.00
			,"Misses/sec": 0.00
			,"Latency": 2.94
			,"KB/sec": 418.65
			}
		,"Gets":{
			"Ops/sec": 402.75
			,"Hits/sec": 402.75
			,"Misses/sec": 0.00
			,"Latency": 2.01
			,"KB/sec": 423.11
			}
		,"Waits":{
			"Ops/sec": 0.00
			,"Hits/sec": 0.00
			,"Misses/sec": 0.00
			,"Latency": 0.00
			,"KB/sec": 0.00
			}
		,"Totals":{
			"Ops/sec": 805.51
			,"Hits/sec": 402.75
			,"Misses/sec": 0.00
			,"Latency": 2.47
			,"KB/sec": 841.76
			}
		,"SET":[
			{
				"<=msec": 0.730
				,"percent": 0.01
				}
			,{
				"<=msec": 0.750
				,"percent": 0.02
				}
			,{
				"<=msec": 0.760
				,"percent": 0.02
				}
			,{
				"<=msec": 0.770
				,"percent": 0.03
				}
			,{
				"<=msec": 0.780
				,"percent": 0.05
				}
			,{
				"<=msec": 0.790
				,"percent": 0.07
				}
			,{
				"<=msec": 0.800
				,"percent": 0.09
				}
			,{
				"<=msec": 0.810
				,"percent": 0.13
				}
			,{
				"<=msec": 0.820
				,"percent": 0.18
				}
			,{
				"<=msec": 0.830
				,"percent": 0.26
				}
			,{
				"<=msec": 0.840
				,"percent": 0.33
				}
			,{
				"<=msec": 0.850
				,"percent": 0.45
				}
			,{
				"<=msec": 0.860
				,"percent": 0.53
				}
			,{
				"<=msec": 0.870
				,"percent": 0.69
				}
			,{
				"<=msec": 0.880
				,"percent": 0.87
				}
			,{
				"<=msec": 0.890
				,"percent": 1.08
				}
			,{
				"<=msec": 0.900
				,"percent": 1.28
				}
			,{
				"<=msec": 0.910
				,"percent": 1.54
				}
			,{
				"<=msec": 0.920
				,"percent": 1.82
				}
			,{
				"<=msec": 0.930
				,"percent": 2.20
				}
			,{
				"<=msec": 0.940
				,"percent": 2.64
				}
			,{
				"<=msec": 0.950
				,"percent": 2.99
				}
			,{
				"<=msec": 0.960
				,"percent": 3.40
				}
			,{
				"<=msec": 0.970
				,"percent": 3.90
				}
			,{
				"<=msec": 0.980
				,"percent": 4.41
				}
			,{
				"<=msec": 0.990
				,"percent": 5.03
				}
			,{
				"<=msec": 1.000
				,"percent": 8.63
				}
			,{
				"<=msec": 1.100
				,"percent": 16.29
				}
			,{
				"<=msec": 1.200
				,"percent": 24.93
				}
			,{
				"<=msec": 1.300
				,"percent": 33.21
				}
			,{
				"<=msec": 1.400
				,"percent": 40.52
				}
			,{
				"<=msec": 1.500
				,"percent": 46.49
				}
			,{
				"<=msec": 1.600
				,"percent": 51.20
				}
			,{
				"<=msec": 1.700
				,"percent": 54.98
				}
			,{
				"<=msec": 1.800
				,"percent": 58.18
				}
			,{
				"<=msec": 1.900
				,"percent": 60.68
				}
			,{
				"<=msec": 2.000
				,"percent": 62.80
				}
			,{
				"<=msec": 2.100
				,"percent": 64.48
				}
			,{
				"<=msec": 2.200
				,"percent": 65.93
				}
			,{
				"<=msec": 2.300
				,"percent": 67.14
				}
			,{
				"<=msec": 2.400
				,"percent": 68.12
				}
			,{
				"<=msec": 2.500
				,"percent": 69.04
				}
			,{
				"<=msec": 2.600
				,"percent": 69.88
				}
			,{
				"<=msec": 2.700
				,"percent": 70.55
				}
			,{
				"<=msec": 2.800
				,"percent": 71.23
				}
			,{
				"<=msec": 2.900
				,"percent": 71.95
				}
			,{
				"<=msec": 3.000
				,"percent": 72.41
				}
			,{
				"<=msec": 3.100
				,"percent": 72.98
				}
			,{
				"<=msec": 3.200
				,"percent": 73.48
				}
			,{
				"<=msec": 3.300
				,"percent": 73.92
				}
			,{
				"<=msec": 3.400
				,"percent": 74.34
				}
			,{
				"<=msec": 3.500
				,"percent": 74.76
				}
			,{
				"<=msec": 3.600
				,"percent": 75.19
				}
			,{
				"<=msec": 3.700
				,"percent": 75.68
				}
			,{
				"<=msec": 3.800
				,"percent": 76.11
				}
			,{
				"<=msec": 3.900
				,"percent": 76.52
				}
			,{
				"<=msec": 4.000
				,"percent": 76.87
				}
			,{
				"<=msec": 4.100
				,"percent": 77.24
				}
			,{
				"<=msec": 4.200
				,"percent": 77.65
				}
			,{
				"<=msec": 4.300
				,"percent": 77.99
				}
			,{
				"<=msec": 4.400
				,"percent": 78.30
				}
			,{
				"<=msec": 4.500
				,"percent": 78.66
				}
			,{
				"<=msec": 4.600
				,"percent": 78.96
				}
			,{
				"<=msec": 4.700
				,"percent": 79.32
				}
			,{
				"<=msec": 4.800
				,"percent": 79.66
				}
			,{
				"<=msec": 4.900
				,"percent": 80.10
				}
			,{
				"<=msec": 5.000
				,"percent": 80.50
				}
			,{
				"<=msec": 5.100
				,"percent": 80.87
				}
			,{
				"<=msec": 5.200
				,"percent": 81.22
				}
			,{
				"<=msec": 5.300
				,"percent": 81.63
				}
			,{
				"<=msec": 5.400
				,"percent": 82.09
				}
			,{
				"<=msec": 5.500
				,"percent": 82.53
				}
			,{
				"<=msec": 5.600
				,"percent": 82.99
				}
			,{
				"<=msec": 5.700
				,"percent": 83.48
				}
			,{
				"<=msec": 5.800
				,"percent": 84.00
				}
			,{
				"<=msec": 5.900
				,"percent": 84.62
				}
			,{
				"<=msec": 6.000
				,"percent": 85.14
				}
			,{
				"<=msec": 6.100
				,"percent": 85.69
				}
			,{
				"<=msec": 6.200
				,"percent": 86.36
				}
			,{
				"<=msec": 6.300
				,"percent": 86.97
				}
			,{
				"<=msec": 6.400
				,"percent": 87.66
				}
			,{
				"<=msec": 6.500
				,"percent": 88.35
				}
			,{
				"<=msec": 6.600
				,"percent": 89.18
				}
			,{
				"<=msec": 6.700
				,"percent": 90.03
				}
			,{
				"<=msec": 6.800
				,"percent": 90.85
				}
			,{
				"<=msec": 6.900
				,"percent": 91.57
				}
			,{
				"<=msec": 7.000
				,"percent": 92.23
				}
			,{
				"<=msec": 7.100
				,"percent": 92.91
				}
			,{
				"<=msec": 7.200
				,"percent": 93.59
				}
			,{
				"<=msec": 7.300
				,"percent": 94.15
				}
			,{
				"<=msec": 7.400
				,"percent": 94.65
				}
			,{
				"<=msec": 7.500
				,"percent": 95.07
				}
			,{
				"<=msec": 7.600
				,"percent": 95.48
				}
			,{
				"<=msec": 7.700
				,"percent": 95.81
				}
			,{
				"<=msec": 7.800
				,"percent": 96.13
				}
			,{
				"<=msec": 7.900
				,"percent": 96.37
				}
			,{
				"<=msec": 8.000
				,"percent": 96.61
				}
			,{
				"<=msec": 8.100
				,"percent": 96.80
				}
			,{
				"<=msec": 8.200
				,"percent": 96.95
				}
			,{
				"<=msec": 8.300
				,"percent": 97.15
				}
			,{
				"<=msec": 8.400
				,"percent": 97.29
				}
			,{
				"<=msec": 8.500
				,"percent": 97.38
				}
			,{
				"<=msec": 8.600
				,"percent": 97.49
				}
			,{
				"<=msec": 8.700
				,"percent": 97.59
				}
			,{
				"<=msec": 8.800
				,"percent": 97.68
				}
			,{
				"<=msec": 8.900
				,"percent": 97.74
				}
			,{
				"<=msec": 9.000
				,"percent": 97.80
				}
			,{
				"<=msec": 9.100
				,"percent": 97.86
				}
			,{
				"<=msec": 9.200
				,"percent": 97.91
				}
			,{
				"<=msec": 9.300
				,"percent": 97.95
				}
			,{
				"<=msec": 9.400
				,"percent": 98.03
				}
			,{
				"<=msec": 9.500
				,"percent": 98.06
				}
			,{
				"<=msec": 9.600
				,"percent": 98.13
				}
			,{
				"<=msec": 9.700
				,"percent": 98.16
				}
			,{
				"<=msec": 9.800
				,"percent": 98.20
				}
			,{
				"<=msec": 9.900
				,"percent": 98.25
				}
			,{
				"<=msec": 10.000
				,"percent": 98.39
				}
			,{
				"<=msec": 11.000
				,"percent": 98.60
				}
			,{
				"<=msec": 12.000
				,"percent": 98.74
				}
			,{
				"<=msec": 13.000
				,"percent": 98.80
				}
			,{
				"<=msec": 14.000
				,"percent": 98.89
				}
			,{
				"<=msec": 15.000
				,"percent": 98.97
				}
			,{
				"<=msec": 16.000
				,"percent": 99.03
				}
			,{
				"<=msec": 17.000
				,"percent": 99.08
				}
			,{
				"<=msec": 18.000
				,"percent": 99.17
				}
			,{
				"<=msec": 19.000
				,"percent": 99.25
				}
			,{
				"<=msec": 20.000
				,"percent": 99.38
				}
			,{
				"<=msec": 21.000
				,"percent": 99.45
				}
			,{
				"<=msec": 22.000
				,"percent": 99.52
				}
			,{
				"<=msec": 23.000
				,"percent": 99.59
				}
			,{
				"<=msec": 24.000
				,"percent": 99.62
				}
			,{
				"<=msec": 25.000
				,"percent": 99.66
				}
			,{
				"<=msec": 26.000
				,"percent": 99.71
				}
			,{
				"<=msec": 27.000
				,"percent": 99.76
				}
			,{
				"<=msec": 28.000
				,"percent": 99.82
				}
			,{
				"<=msec": 29.000
				,"percent": 99.85
				}
			,{
				"<=msec": 30.000
				,"percent": 99.88
				}
			,{
				"<=msec": 31.000
				,"percent": 99.90
				}
			,{
				"<=msec": 32.000
				,"percent": 99.91
				}
			,{
				"<=msec": 33.000
				,"percent": 99.93
				}
			,{
				"<=msec": 34.000
				,"percent": 99.94
				}
			,{
				"<=msec": 35.000
				,"percent": 99.95
				}
			,{
				"<=msec": 36.000
				,"percent": 99.96
				}
			,{
				"<=msec": 37.000
				,"percent": 99.97
				}
			,{
				"<=msec": 38.000
				,"percent": 99.98
				}
			,{
				"<=msec": 39.000
				,"percent": 99.98
				}
			,{
				"<=msec": 40.000
				,"percent": 99.99
				}
			,{
				"<=msec": 52.000
				,"percent": 100.00
				}
			,{
				"<=msec": 66.000
				,"percent": 100.00
				}
			]
		,"GET":[
			{
				"<=msec": 0.600
				,"percent": 0.00
				}
			,{
				"<=msec": 0.610
				,"percent": 0.01
				}
			,{
				"<=msec": 0.620
				,"percent": 0.03
				}
			,{
				"<=msec": 0.630
				,"percent": 0.04
				}
			,{
				"<=msec": 0.640
				,"percent": 0.04
				}
			,{
				"<=msec": 0.650
				,"percent": 0.06
				}
			,{
				"<=msec": 0.660
				,"percent": 0.09
				}
			,{
				"<=msec": 0.670
				,"percent": 0.15
				}
			,{
				"<=msec": 0.680
				,"percent": 0.22
				}
			,{
				"<=msec": 0.690
				,"percent": 0.29
				}
			,{
				"<=msec": 0.700
				,"percent": 0.37
				}
			,{
				"<=msec": 0.710
				,"percent": 0.51
				}
			,{
				"<=msec": 0.720
				,"percent": 0.66
				}
			,{
				"<=msec": 0.730
				,"percent": 0.79
				}
			,{
				"<=msec": 0.740
				,"percent": 0.94
				}
			,{
				"<=msec": 0.750
				,"percent": 1.07
				}
			,{
				"<=msec": 0.760
				,"percent": 1.25
				}
			,{
				"<=msec": 0.770
				,"percent": 1.48
				}
			,{
				"<=msec": 0.780
				,"percent": 1.73
				}
			,{
				"<=msec": 0.790
				,"percent": 2.08
				}
			,{
				"<=msec": 0.800
				,"percent": 2.40
				}
			,{
				"<=msec": 0.810
				,"percent": 2.68
				}
			,{
				"<=msec": 0.820
				,"percent": 3.06
				}
			,{
				"<=msec": 0.830
				,"percent": 3.42
				}
			,{
				"<=msec": 0.840
				,"percent": 3.80
				}
			,{
				"<=msec": 0.850
				,"percent": 4.26
				}
			,{
				"<=msec": 0.860
				,"percent": 4.72
				}
			,{
				"<=msec": 0.870
				,"percent": 5.18
				}
			,{
				"<=msec": 0.880
				,"percent": 5.76
				}
			,{
				"<=msec": 0.890
				,"percent": 6.36
				}
			,{
				"<=msec": 0.900
				,"percent": 6.99
				}
			,{
				"<=msec": 0.910
				,"percent": 7.64
				}
			,{
				"<=msec": 0.920
				,"percent": 8.34
				}
			,{
				"<=msec": 0.930
				,"percent": 9.04
				}
			,{
				"<=msec": 0.940
				,"percent": 9.79
				}
			,{
				"<=msec": 0.950
				,"percent": 10.66
				}
			,{
				"<=msec": 0.960
				,"percent": 11.46
				}
			,{
				"<=msec": 0.970
				,"percent": 12.35
				}
			,{
				"<=msec": 0.980
				,"percent": 13.35
				}
			,{
				"<=msec": 0.990
				,"percent": 14.25
				}
			,{
				"<=msec": 1.000
				,"percent": 19.78
				}
			,{
				"<=msec": 1.100
				,"percent": 30.21
				}
			,{
				"<=msec": 1.200
				,"percent": 41.29
				}
			,{
				"<=msec": 1.300
				,"percent": 51.16
				}
			,{
				"<=msec": 1.400
				,"percent": 59.06
				}
			,{
				"<=msec": 1.500
				,"percent": 65.10
				}
			,{
				"<=msec": 1.600
				,"percent": 70.11
				}
			,{
				"<=msec": 1.700
				,"percent": 74.00
				}
			,{
				"<=msec": 1.800
				,"percent": 76.90
				}
			,{
				"<=msec": 1.900
				,"percent": 79.05
				}
			,{
				"<=msec": 2.000
				,"percent": 80.81
				}
			,{
				"<=msec": 2.100
				,"percent": 82.15
				}
			,{
				"<=msec": 2.200
				,"percent": 83.24
				}
			,{
				"<=msec": 2.300
				,"percent": 84.08
				}
			,{
				"<=msec": 2.400
				,"percent": 84.82
				}
			,{
				"<=msec": 2.500
				,"percent": 85.46
				}
			,{
				"<=msec": 2.600
				,"percent": 86.00
				}
			,{
				"<=msec": 2.700
				,"percent": 86.43
				}
			,{
				"<=msec": 2.800
				,"percent": 86.80
				}
			,{
				"<=msec": 2.900
				,"percent": 87.08
				}
			,{
				"<=msec": 3.000
				,"percent": 87.34
				}
			,{
				"<=msec": 3.100
				,"percent": 87.62
				}
			,{
				"<=msec": 3.200
				,"percent": 87.90
				}
			,{
				"<=msec": 3.300
				,"percent": 88.14
				}
			,{
				"<=msec": 3.400
				,"percent": 88.39
				}
			,{
				"<=msec": 3.500
				,"percent": 88.65
				}
			,{
				"<=msec": 3.600
				,"percent": 88.86
				}
			,{
				"<=msec": 3.700
				,"percent": 89.04
				}
			,{
				"<=msec": 3.800
				,"percent": 89.24
				}
			,{
				"<=msec": 3.900
				,"percent": 89.44
				}
			,{
				"<=msec": 4.000
				,"percent": 89.59
				}
			,{
				"<=msec": 4.100
				,"percent": 89.75
				}
			,{
				"<=msec": 4.200
				,"percent": 89.90
				}
			,{
				"<=msec": 4.300
				,"percent": 90.06
				}
			,{
				"<=msec": 4.400
				,"percent": 90.23
				}
			,{
				"<=msec": 4.500
				,"percent": 90.36
				}
			,{
				"<=msec": 4.600
				,"percent": 90.49
				}
			,{
				"<=msec": 4.700
				,"percent": 90.62
				}
			,{
				"<=msec": 4.800
				,"percent": 90.76
				}
			,{
				"<=msec": 4.900
				,"percent": 90.89
				}
			,{
				"<=msec": 5.000
				,"percent": 91.03
				}
			,{
				"<=msec": 5.100
				,"percent": 91.15
				}
			,{
				"<=msec": 5.200
				,"percent": 91.29
				}
			,{
				"<=msec": 5.300
				,"percent": 91.45
				}
			,{
				"<=msec": 5.400
				,"percent": 91.57
				}
			,{
				"<=msec": 5.500
				,"percent": 91.76
				}
			,{
				"<=msec": 5.600
				,"percent": 91.93
				}
			,{
				"<=msec": 5.700
				,"percent": 92.09
				}
			,{
				"<=msec": 5.800
				,"percent": 92.33
				}
			,{
				"<=msec": 5.900
				,"percent": 92.53
				}
			,{
				"<=msec": 6.000
				,"percent": 92.82
				}
			,{
				"<=msec": 6.100
				,"percent": 93.03
				}
			,{
				"<=msec": 6.200
				,"percent": 93.27
				}
			,{
				"<=msec": 6.300
				,"percent": 93.64
				}
			,{
				"<=msec": 6.400
				,"percent": 94.00
				}
			,{
				"<=msec": 6.500
				,"percent": 94.33
				}
			,{
				"<=msec": 6.600
				,"percent": 94.65
				}
			,{
				"<=msec": 6.700
				,"percent": 95.09
				}
			,{
				"<=msec": 6.800
				,"percent": 95.50
				}
			,{
				"<=msec": 6.900
				,"percent": 95.93
				}
			,{
				"<=msec": 7.000
				,"percent": 96.34
				}
			,{
				"<=msec": 7.100
				,"percent": 96.74
				}
			,{
				"<=msec": 7.200
				,"percent": 97.09
				}
			,{
				"<=msec": 7.300
				,"percent": 97.38
				}
			,{
				"<=msec": 7.400
				,"percent": 97.60
				}
			,{
				"<=msec": 7.500
				,"percent": 97.81
				}
			,{
				"<=msec": 7.600
				,"percent": 97.98
				}
			,{
				"<=msec": 7.700
				,"percent": 98.12
				}
			,{
				"<=msec": 7.800
				,"percent": 98.32
				}
			,{
				"<=msec": 7.900
				,"percent": 98.47
				}
			,{
				"<=msec": 8.000
				,"percent": 98.62
				}
			,{
				"<=msec": 8.100
				,"percent": 98.70
				}
			,{
				"<=msec": 8.200
				,"percent": 98.79
				}
			,{
				"<=msec": 8.300
				,"percent": 98.88
				}
			,{
				"<=msec": 8.400
				,"percent": 98.94
				}
			,{
				"<=msec": 8.500
				,"percent": 98.99
				}
			,{
				"<=msec": 8.600
				,"percent": 99.07
				}
			,{
				"<=msec": 8.700
				,"percent": 99.10
				}
			,{
				"<=msec": 8.800
				,"percent": 99.15
				}
			,{
				"<=msec": 8.900
				,"percent": 99.19
				}
			,{
				"<=msec": 9.000
				,"percent": 99.23
				}
			,{
				"<=msec": 9.100
				,"percent": 99.26
				}
			,{
				"<=msec": 9.200
				,"percent": 99.28
				}
			,{
				"<=msec": 9.300
				,"percent": 99.30
				}
			,{
				"<=msec": 9.400
				,"percent": 99.31
				}
			,{
				"<=msec": 9.500
				,"percent": 99.34
				}
			,{
				"<=msec": 9.600
				,"percent": 99.36
				}
			,{
				"<=msec": 9.700
				,"percent": 99.39
				}
			,{
				"<=msec": 9.800
				,"percent": 99.43
				}
			,{
				"<=msec": 9.900
				,"percent": 99.44
				}
			,{
				"<=msec": 10.000
				,"percent": 99.51
				}
			,{
				"<=msec": 11.000
				,"percent": 99.60
				}
			,{
				"<=msec": 12.000
				,"percent": 99.65
				}
			,{
				"<=msec": 13.000
				,"percent": 99.69
				}
			,{
				"<=msec": 14.000
				,"percent": 99.71
				}
			,{
				"<=msec": 15.000
				,"percent": 99.72
				}
			,{
				"<=msec": 16.000
				,"percent": 99.74
				}
			,{
				"<=msec": 17.000
				,"percent": 99.75
				}
			,{
				"<=msec": 18.000
				,"percent": 99.77
				}
			,{
				"<=msec": 19.000
				,"percent": 99.79
				}
			,{
				"<=msec": 20.000
				,"percent": 99.82
				}
			,{
				"<=msec": 21.000
				,"percent": 99.83
				}
			,{
				"<=msec": 22.000
				,"percent": 99.85
				}
			,{
				"<=msec": 23.000
				,"percent": 99.86
				}
			,{
				"<=msec": 24.000
				,"percent": 99.88
				}
			,{
				"<=msec": 25.000
				,"percent": 99.89
				}
			,{
				"<=msec": 26.000
				,"percent": 99.89
				}
			,{
				"<=msec": 27.000
				,"percent": 99.92
				}
			,{
				"<=msec": 28.000
				,"percent": 99.94
				}
			,{
				"<=msec": 29.000
				,"percent": 99.95
				}
			,{
				"<=msec": 30.000
				,"percent": 99.96
				}
			,{
				"<=msec": 31.000
				,"percent": 99.97
				}
			,{
				"<=msec": 32.000
				,"percent": 99.97
				}
			,{
				"<=msec": 33.000
				,"percent": 99.98
				}
			,{
				"<=msec": 34.000
				,"percent": 99.99
				}
			,{
				"<=msec": 36.000
				,"percent": 99.99
				}
			,{
				"<=msec": 37.000
				,"percent": 99.99
				}
			,{
				"<=msec": 40.000
				,"percent": 100.00
				}
			]
		,"WAIT":[
		]
		}
	}
