{
	"configuration":{
		"server": "10.0.0.9"
		,"port": 6379
		,"unix socket": "(null)"
		,"protocol": "memcache_text"
		,"out_file": "(null)"
		,"client_stats": "(null)"
		,"run_count": 1
		,"debug": 0
		,"requests": 0
		,"clients": 2
		,"threads": 1
		,"test_time": 75
		,"ratio": "1:1"
		,"pipeline": 1
		,"data_size": 1024
		,"data_offset": 0
		,"random_data": "false"
		,"data_size_range": "0:0"
		,"data_size_list": ""
		,"data_size_pattern": "R"
		,"expiry_range": "9999:10000"
		,"data_import": "(null)"
		,"data_verify": "false"
		,"verify_only": "false"
		,"generate_keys": "false"
		,"key_prefix": "memtier-"
		,"key_minimum":           0
		,"key_maximum":       10000
		,"key_pattern": "R:R"
		,"key_stddev": 0.000000
		,"key_median": 0.000000
		,"reconnect_interval": 0
		,"multi_key_get": 1
		,"authenticate": ""
		,"select-db": 0
		,"no-expiry": "false"
		,"wait-ratio": "0:0"
		,"num-slaves": "0:0"
		,"wait-timeout": "0-0"
		}
	,"run information":{
		"Threads": 1
		,"Connections per thread": 2
		,"Seconds": 75
		}
	,"ALL STATS":{
		"Sets":{
			"Ops/sec": 166.44
			,"Hits/sec": 0.00
			,"Misses/sec": 0.00
			,"Latency": 6.77
			,"KB/sec": 173.01
			}
		,"Gets":{
			"Ops/sec": 166.42
			,"Hits/sec": 166.42
			,"Misses/sec": 0.00
			,"Latency": 5.23
			,"KB/sec": 174.83
			}
		,"Waits":{
			"Ops/sec": 0.00
			,"Hits/sec": 0.00
			,"Misses/sec": 0.00
			,"Latency": 0.00
			,"KB/sec": 0.00
			}
		,"Totals":{
			"Ops/sec": 332.86
			,"Hits/sec": 166.42
			,"Misses/sec": 0.00
			,"Latency": 6.00
			,"KB/sec": 347.84
			}
		,"SET":[
			{
				"<=msec": 3.700
				,"percent": 0.18
				}
			,{
				"<=msec": 3.800
				,"percent": 0.99
				}
			,{
				"<=msec": 3.900
				,"percent": 3.04
				}
			,{
				"<=msec": 4.000
				,"percent": 6.38
				}
			,{
				"<=msec": 4.100
				,"percent": 10.93
				}
			,{
				"<=msec": 4.200
				,"percent": 16.08
				}
			,{
				"<=msec": 4.300
				,"percent": 21.24
				}
			,{
				"<=msec": 4.400
				,"percent": 25.61
				}
			,{
				"<=msec": 4.500
				,"percent": 29.75
				}
			,{
				"<=msec": 4.600
				,"percent": 33.47
				}
			,{
				"<=msec": 4.700
				,"percent": 36.81
				}
			,{
				"<=msec": 4.800
				,"percent": 39.46
				}
			,{
				"<=msec": 4.900
				,"percent": 41.74
				}
			,{
				"<=msec": 5.000
				,"percent": 43.89
				}
			,{
				"<=msec": 5.100
				,"percent": 45.72
				}
			,{
				"<=msec": 5.200
				,"percent": 47.23
				}
			,{
				"<=msec": 5.300
				,"percent": 48.64
				}
			,{
				"<=msec": 5.400
				,"percent": 49.94
				}
			,{
				"<=msec": 5.500
				,"percent": 51.21
				}
			,{
				"<=msec": 5.600
				,"percent": 52.49
				}
			,{
				"<=msec": 5.700
				,"percent": 53.61
				}
			,{
				"<=msec": 5.800
				,"percent": 54.73
				}
			,{
				"<=msec": 5.900
				,"percent": 55.84
				}
			,{
				"<=msec": 6.000
				,"percent": 56.84
				}
			,{
				"<=msec": 6.100
				,"percent": 57.63
				}
			,{
				"<=msec": 6.200
				,"percent": 58.39
				}
			,{
				"<=msec": 6.300
				,"percent": 59.22
				}
			,{
				"<=msec": 6.400
				,"percent": 60.05
				}
			,{
				"<=msec": 6.500
				,"percent": 60.88
				}
			,{
				"<=msec": 6.600
				,"percent": 61.68
				}
			,{
				"<=msec": 6.700
				,"percent": 62.64
				}
			,{
				"<=msec": 6.800
				,"percent": 63.60
				}
			,{
				"<=msec": 6.900
				,"percent": 64.62
				}
			,{
				"<=msec": 7.000
				,"percent": 65.49
				}
			,{
				"<=msec": 7.100
				,"percent": 66.38
				}
			,{
				"<=msec": 7.200
				,"percent": 67.27
				}
			,{
				"<=msec": 7.300
				,"percent": 68.15
				}
			,{
				"<=msec": 7.400
				,"percent": 68.99
				}
			,{
				"<=msec": 7.500
				,"percent": 70.04
				}
			,{
				"<=msec": 7.600
				,"percent": 70.80
				}
			,{
				"<=msec": 7.700
				,"percent": 71.77
				}
			,{
				"<=msec": 7.800
				,"percent": 72.54
				}
			,{
				"<=msec": 7.900
				,"percent": 73.35
				}
			,{
				"<=msec": 8.000
				,"percent": 74.18
				}
			,{
				"<=msec": 8.100
				,"percent": 74.96
				}
			,{
				"<=msec": 8.200
				,"percent": 75.67
				}
			,{
				"<=msec": 8.300
				,"percent": 76.62
				}
			,{
				"<=msec": 8.400
				,"percent": 77.38
				}
			,{
				"<=msec": 8.500
				,"percent": 78.17
				}
			,{
				"<=msec": 8.600
				,"percent": 78.85
				}
			,{
				"<=msec": 8.700
				,"percent": 79.45
				}
			,{
				"<=msec": 8.800
				,"percent": 80.29
				}
			,{
				"<=msec": 8.900
				,"percent": 81.05
				}
			,{
				"<=msec": 9.000
				,"percent": 81.89
				}
			,{
				"<=msec": 9.100
				,"percent": 82.66
				}
			,{
				"<=msec": 9.200
				,"percent": 83.28
				}
			,{
				"<=msec": 9.300
				,"percent": 84.12
				}
			,{
				"<=msec": 9.400
				,"percent": 84.81
				}
			,{
				"<=msec": 9.500
				,"percent": 85.67
				}
			,{
				"<=msec": 9.600
				,"percent": 86.44
				}
			,{
				"<=msec": 9.700
				,"percent": 87.19
				}
			,{
				"<=msec": 9.800
				,"percent": 87.98
				}
			,{
				"<=msec": 9.900
				,"percent": 88.69
				}
			,{
				"<=msec": 10.000
				,"percent": 92.37
				}
			,{
				"<=msec": 11.000
				,"percent": 95.59
				}
			,{
				"<=msec": 12.000
				,"percent": 96.52
				}
			,{
				"<=msec": 13.000
				,"percent": 96.94
				}
			,{
				"<=msec": 14.000
				,"percent": 97.12
				}
			,{
				"<=msec": 15.000
				,"percent": 97.33
				}
			,{
				"<=msec": 16.000
				,"percent": 97.50
				}
			,{
				"<=msec": 17.000
				,"percent": 97.61
				}
			,{
				"<=msec": 18.000
				,"percent": 97.77
				}
			,{
				"<=msec": 19.000
				,"percent": 97.90
				}
			,{
				"<=msec": 20.000
				,"percent": 98.09
				}
			,{
				"<=msec": 21.000
				,"percent": 98.35
				}
			,{
				"<=msec": 22.000
				,"percent": 98.54
				}
			,{
				"<=msec": 23.000
				,"percent": 98.70
				}
			,{
				"<=msec": 24.000
				,"percent": 98.87
				}
			,{
				"<=msec": 25.000
				,"percent": 99.02
				}
			,{
				"<=msec": 26.000
				,"percent": 99.21
				}
			,{
				"<=msec": 27.000
				,"percent": 99.34
				}
			,{
				"<=msec": 28.000
				,"percent": 99.43
				}
			,{
				"<=msec": 29.000
				,"percent": 99.52
				}
			,{
				"<=msec": 30.000
				,"percent": 99.64
				}
			,{
				"<=msec": 31.000
				,"percent": 99.68
				}
			,{
				"<=msec": 32.000
				,"percent": 99.73
				}
			,{
				"<=msec": 33.000
				,"percent": 99.77
				}
			,{
				"<=msec": 34.000
				,"percent": 99.82
				}
			,{
				"<=msec": 35.000
				,"percent": 99.89
				}
			,{
				"<=msec": 37.000
				,"percent": 99.91
				}
			,{
				"<=msec": 38.000
				,"percent": 99.94
				}
			,{
				"<=msec": 43.000
				,"percent": 99.96
				}
			,{
				"<=msec": 44.000
				,"percent": 99.98
				}
			,{
				"<=msec": 45.000
				,"percent": 99.98
				}
			,{
				"<=msec": 48.000
				,"percent": 99.99
				}
			,{
				"<=msec": 52.000
				,"percent": 100.00
				}
			]
		,"GET":[
			{
				"<=msec": 3.300
				,"percent": 0.19
				}
			,{
				"<=msec": 3.400
				,"percent": 1.03
				}
			,{
				"<=msec": 3.500
				,"percent": 3.21
				}
			,{
				"<=msec": 3.600
				,"percent": 6.83
				}
			,{
				"<=msec": 3.700
				,"percent": 11.58
				}
			,{
				"<=msec": 3.800
				,"percent": 17.60
				}
			,{
				"<=msec": 3.900
				,"percent": 24.24
				}
			,{
				"<=msec": 4.000
				,"percent": 31.50
				}
			,{
				"<=msec": 4.100
				,"percent": 37.96
				}
			,{
				"<=msec": 4.200
				,"percent": 44.80
				}
			,{
				"<=msec": 4.300
				,"percent": 50.53
				}
			,{
				"<=msec": 4.400
				,"percent": 56.04
				}
			,{
				"<=msec": 4.500
				,"percent": 60.62
				}
			,{
				"<=msec": 4.600
				,"percent": 64.14
				}
			,{
				"<=msec": 4.700
				,"percent": 67.29
				}
			,{
				"<=msec": 4.800
				,"percent": 69.78
				}
			,{
				"<=msec": 4.900
				,"percent": 72.07
				}
			,{
				"<=msec": 5.000
				,"percent": 74.00
				}
			,{
				"<=msec": 5.100
				,"percent": 75.47
				}
			,{
				"<=msec": 5.200
				,"percent": 76.65
				}
			,{
				"<=msec": 5.300
				,"percent": 77.69
				}
			,{
				"<=msec": 5.400
				,"percent": 78.61
				}
			,{
				"<=msec": 5.500
				,"percent": 79.44
				}
			,{
				"<=msec": 5.600
				,"percent": 80.05
				}
			,{
				"<=msec": 5.700
				,"percent": 80.65
				}
			,{
				"<=msec": 5.800
				,"percent": 81.13
				}
			,{
				"<=msec": 5.900
				,"percent": 81.62
				}
			,{
				"<=msec": 6.000
				,"percent": 82.12
				}
			,{
				"<=msec": 6.100
				,"percent": 82.58
				}
			,{
				"<=msec": 6.200
				,"percent": 82.89
				}
			,{
				"<=msec": 6.300
				,"percent": 83.27
				}
			,{
				"<=msec": 6.400
				,"percent": 83.49
				}
			,{
				"<=msec": 6.500
				,"percent": 83.87
				}
			,{
				"<=msec": 6.600
				,"percent": 84.15
				}
			,{
				"<=msec": 6.700
				,"percent": 84.47
				}
			,{
				"<=msec": 6.800
				,"percent": 84.76
				}
			,{
				"<=msec": 6.900
				,"percent": 85.08
				}
			,{
				"<=msec": 7.000
				,"percent": 85.40
				}
			,{
				"<=msec": 7.100
				,"percent": 85.68
				}
			,{
				"<=msec": 7.200
				,"percent": 86.05
				}
			,{
				"<=msec": 7.300
				,"percent": 86.34
				}
			,{
				"<=msec": 7.400
				,"percent": 86.61
				}
			,{
				"<=msec": 7.500
				,"percent": 86.99
				}
			,{
				"<=msec": 7.600
				,"percent": 87.26
				}
			,{
				"<=msec": 7.700
				,"percent": 87.43
				}
			,{
				"<=msec": 7.800
				,"percent": 87.65
				}
			,{
				"<=msec": 7.900
				,"percent": 87.97
				}
			,{
				"<=msec": 8.000
				,"percent": 88.31
				}
			,{
				"<=msec": 8.100
				,"percent": 88.58
				}
			,{
				"<=msec": 8.200
				,"percent": 88.87
				}
			,{
				"<=msec": 8.300
				,"percent": 89.19
				}
			,{
				"<=msec": 8.400
				,"percent": 89.47
				}
			,{
				"<=msec": 8.500
				,"percent": 89.72
				}
			,{
				"<=msec": 8.600
				,"percent": 89.94
				}
			,{
				"<=msec": 8.700
				,"percent": 90.23
				}
			,{
				"<=msec": 8.800
				,"percent": 90.46
				}
			,{
				"<=msec": 8.900
				,"percent": 90.85
				}
			,{
				"<=msec": 9.000
				,"percent": 91.24
				}
			,{
				"<=msec": 9.100
				,"percent": 91.61
				}
			,{
				"<=msec": 9.200
				,"percent": 91.97
				}
			,{
				"<=msec": 9.300
				,"percent": 92.32
				}
			,{
				"<=msec": 9.400
				,"percent": 92.69
				}
			,{
				"<=msec": 9.500
				,"percent": 93.11
				}
			,{
				"<=msec": 9.600
				,"percent": 93.56
				}
			,{
				"<=msec": 9.700
				,"percent": 93.96
				}
			,{
				"<=msec": 9.800
				,"percent": 94.34
				}
			,{
				"<=msec": 9.900
				,"percent": 94.80
				}
			,{
				"<=msec": 10.000
				,"percent": 96.52
				}
			,{
				"<=msec": 11.000
				,"percent": 98.13
				}
			,{
				"<=msec": 12.000
				,"percent": 98.70
				}
			,{
				"<=msec": 13.000
				,"percent": 98.95
				}
			,{
				"<=msec": 14.000
				,"percent": 99.14
				}
			,{
				"<=msec": 15.000
				,"percent": 99.20
				}
			,{
				"<=msec": 16.000
				,"percent": 99.25
				}
			,{
				"<=msec": 17.000
				,"percent": 99.34
				}
			,{
				"<=msec": 18.000
				,"percent": 99.35
				}
			,{
				"<=msec": 19.000
				,"percent": 99.40
				}
			,{
				"<=msec": 20.000
				,"percent": 99.42
				}
			,{
				"<=msec": 21.000
				,"percent": 99.50
				}
			,{
				"<=msec": 22.000
				,"percent": 99.52
				}
			,{
				"<=msec": 23.000
				,"percent": 99.58
				}
			,{
				"<=msec": 24.000
				,"percent": 99.60
				}
			,{
				"<=msec": 25.000
				,"percent": 99.67
				}
			,{
				"<=msec": 26.000
				,"percent": 99.69
				}
			,{
				"<=msec": 27.000
				,"percent": 99.73
				}
			,{
				"<=msec": 28.000
				,"percent": 99.77
				}
			,{
				"<=msec": 29.000
				,"percent": 99.81
				}
			,{
				"<=msec": 30.000
				,"percent": 99.86
				}
			,{
				"<=msec": 31.000
				,"percent": 99.90
				}
			,{
				"<=msec": 32.000
				,"percent": 99.93
				}
			,{
				"<=msec": 33.000
				,"percent": 99.94
				}
			,{
				"<=msec": 34.000
				,"percent": 99.94
				}
			,{
				"<=msec": 37.000
				,"percent": 99.95
				}
			,{
				"<=msec": 39.000
				,"percent": 99.97
				}
			,{
				"<=msec": 42.000
				,"percent": 99.98
				}
			,{
				"<=msec": 43.000
				,"percent": 99.98
				}
			,{
				"<=msec": 45.000
				,"percent": 99.99
				}
			,{
				"<=msec": 50.000
				,"percent": 100.00
				}
			]
		,"WAIT":[
		]
		}
	}
