{
	"configuration":{
		"server": "10.0.0.8"
		,"port": 6379
		,"unix socket": "(null)"
		,"protocol": "memcache_text"
		,"out_file": "(null)"
		,"client_stats": "(null)"
		,"run_count": 1
		,"debug": 0
		,"requests": 0
		,"clients": 2
		,"threads": 1
		,"test_time": 75
		,"ratio": "1:1"
		,"pipeline": 1
		,"data_size": 1024
		,"data_offset": 0
		,"random_data": "false"
		,"data_size_range": "0:0"
		,"data_size_list": ""
		,"data_size_pattern": "R"
		,"expiry_range": "9999:10000"
		,"data_import": "(null)"
		,"data_verify": "false"
		,"verify_only": "false"
		,"generate_keys": "false"
		,"key_prefix": "memtier-"
		,"key_minimum":           0
		,"key_maximum":       10000
		,"key_pattern": "R:R"
		,"key_stddev": 0.000000
		,"key_median": 0.000000
		,"reconnect_interval": 0
		,"multi_key_get": 1
		,"authenticate": ""
		,"select-db": 0
		,"no-expiry": "false"
		,"wait-ratio": "0:0"
		,"num-slaves": "0:0"
		,"wait-timeout": "0-0"
		}
	,"run information":{
		"Threads": 1
		,"Connections per thread": 2
		,"Seconds": 75
		}
	,"ALL STATS":{
		"Sets":{
			"Ops/sec": 358.19
			,"Hits/sec": 0.00
			,"Misses/sec": 0.00
			,"Latency": 3.31
			,"KB/sec": 372.32
			}
		,"Gets":{
			"Ops/sec": 358.16
			,"Hits/sec": 358.16
			,"Misses/sec": 0.00
			,"Latency": 2.25
			,"KB/sec": 376.27
			}
		,"Waits":{
			"Ops/sec": 0.00
			,"Hits/sec": 0.00
			,"Misses/sec": 0.00
			,"Latency": 0.00
			,"KB/sec": 0.00
			}
		,"Totals":{
			"Ops/sec": 716.35
			,"Hits/sec": 358.16
			,"Misses/sec": 0.00
			,"Latency": 2.78
			,"KB/sec": 748.59
			}
		,"SET":[
			{
				"<=msec": 0.820
				,"percent": 0.00
				}
			,{
				"<=msec": 0.830
				,"percent": 0.01
				}
			,{
				"<=msec": 0.840
				,"percent": 0.02
				}
			,{
				"<=msec": 0.850
				,"percent": 0.03
				}
			,{
				"<=msec": 0.860
				,"percent": 0.05
				}
			,{
				"<=msec": 0.870
				,"percent": 0.07
				}
			,{
				"<=msec": 0.880
				,"percent": 0.09
				}
			,{
				"<=msec": 0.890
				,"percent": 0.12
				}
			,{
				"<=msec": 0.900
				,"percent": 0.15
				}
			,{
				"<=msec": 0.910
				,"percent": 0.21
				}
			,{
				"<=msec": 0.920
				,"percent": 0.25
				}
			,{
				"<=msec": 0.930
				,"percent": 0.32
				}
			,{
				"<=msec": 0.940
				,"percent": 0.39
				}
			,{
				"<=msec": 0.950
				,"percent": 0.47
				}
			,{
				"<=msec": 0.960
				,"percent": 0.60
				}
			,{
				"<=msec": 0.970
				,"percent": 0.74
				}
			,{
				"<=msec": 0.980
				,"percent": 0.93
				}
			,{
				"<=msec": 0.990
				,"percent": 1.07
				}
			,{
				"<=msec": 1.000
				,"percent": 2.18
				}
			,{
				"<=msec": 1.100
				,"percent": 5.83
				}
			,{
				"<=msec": 1.200
				,"percent": 11.57
				}
			,{
				"<=msec": 1.300
				,"percent": 18.18
				}
			,{
				"<=msec": 1.400
				,"percent": 24.94
				}
			,{
				"<=msec": 1.500
				,"percent": 31.61
				}
			,{
				"<=msec": 1.600
				,"percent": 37.52
				}
			,{
				"<=msec": 1.700
				,"percent": 42.18
				}
			,{
				"<=msec": 1.800
				,"percent": 46.48
				}
			,{
				"<=msec": 1.900
				,"percent": 50.12
				}
			,{
				"<=msec": 2.000
				,"percent": 53.19
				}
			,{
				"<=msec": 2.100
				,"percent": 55.81
				}
			,{
				"<=msec": 2.200
				,"percent": 58.06
				}
			,{
				"<=msec": 2.300
				,"percent": 59.89
				}
			,{
				"<=msec": 2.400
				,"percent": 61.43
				}
			,{
				"<=msec": 2.500
				,"percent": 62.79
				}
			,{
				"<=msec": 2.600
				,"percent": 64.12
				}
			,{
				"<=msec": 2.700
				,"percent": 65.26
				}
			,{
				"<=msec": 2.800
				,"percent": 66.17
				}
			,{
				"<=msec": 2.900
				,"percent": 67.05
				}
			,{
				"<=msec": 3.000
				,"percent": 67.91
				}
			,{
				"<=msec": 3.100
				,"percent": 68.73
				}
			,{
				"<=msec": 3.200
				,"percent": 69.45
				}
			,{
				"<=msec": 3.300
				,"percent": 70.04
				}
			,{
				"<=msec": 3.400
				,"percent": 70.71
				}
			,{
				"<=msec": 3.500
				,"percent": 71.36
				}
			,{
				"<=msec": 3.600
				,"percent": 71.89
				}
			,{
				"<=msec": 3.700
				,"percent": 72.36
				}
			,{
				"<=msec": 3.800
				,"percent": 72.90
				}
			,{
				"<=msec": 3.900
				,"percent": 73.46
				}
			,{
				"<=msec": 4.000
				,"percent": 73.93
				}
			,{
				"<=msec": 4.100
				,"percent": 74.42
				}
			,{
				"<=msec": 4.200
				,"percent": 74.90
				}
			,{
				"<=msec": 4.300
				,"percent": 75.32
				}
			,{
				"<=msec": 4.400
				,"percent": 75.79
				}
			,{
				"<=msec": 4.500
				,"percent": 76.18
				}
			,{
				"<=msec": 4.600
				,"percent": 76.68
				}
			,{
				"<=msec": 4.700
				,"percent": 77.06
				}
			,{
				"<=msec": 4.800
				,"percent": 77.46
				}
			,{
				"<=msec": 4.900
				,"percent": 77.90
				}
			,{
				"<=msec": 5.000
				,"percent": 78.30
				}
			,{
				"<=msec": 5.100
				,"percent": 78.76
				}
			,{
				"<=msec": 5.200
				,"percent": 79.21
				}
			,{
				"<=msec": 5.300
				,"percent": 79.69
				}
			,{
				"<=msec": 5.400
				,"percent": 80.14
				}
			,{
				"<=msec": 5.500
				,"percent": 80.51
				}
			,{
				"<=msec": 5.600
				,"percent": 80.95
				}
			,{
				"<=msec": 5.700
				,"percent": 81.43
				}
			,{
				"<=msec": 5.800
				,"percent": 81.97
				}
			,{
				"<=msec": 5.900
				,"percent": 82.51
				}
			,{
				"<=msec": 6.000
				,"percent": 83.04
				}
			,{
				"<=msec": 6.100
				,"percent": 83.59
				}
			,{
				"<=msec": 6.200
				,"percent": 84.11
				}
			,{
				"<=msec": 6.300
				,"percent": 84.75
				}
			,{
				"<=msec": 6.400
				,"percent": 85.36
				}
			,{
				"<=msec": 6.500
				,"percent": 85.96
				}
			,{
				"<=msec": 6.600
				,"percent": 86.78
				}
			,{
				"<=msec": 6.700
				,"percent": 87.53
				}
			,{
				"<=msec": 6.800
				,"percent": 88.42
				}
			,{
				"<=msec": 6.900
				,"percent": 89.09
				}
			,{
				"<=msec": 7.000
				,"percent": 89.90
				}
			,{
				"<=msec": 7.100
				,"percent": 90.73
				}
			,{
				"<=msec": 7.200
				,"percent": 91.46
				}
			,{
				"<=msec": 7.300
				,"percent": 92.03
				}
			,{
				"<=msec": 7.400
				,"percent": 92.64
				}
			,{
				"<=msec": 7.500
				,"percent": 93.24
				}
			,{
				"<=msec": 7.600
				,"percent": 93.84
				}
			,{
				"<=msec": 7.700
				,"percent": 94.29
				}
			,{
				"<=msec": 7.800
				,"percent": 94.61
				}
			,{
				"<=msec": 7.900
				,"percent": 94.99
				}
			,{
				"<=msec": 8.000
				,"percent": 95.31
				}
			,{
				"<=msec": 8.100
				,"percent": 95.59
				}
			,{
				"<=msec": 8.200
				,"percent": 95.80
				}
			,{
				"<=msec": 8.300
				,"percent": 96.08
				}
			,{
				"<=msec": 8.400
				,"percent": 96.26
				}
			,{
				"<=msec": 8.500
				,"percent": 96.46
				}
			,{
				"<=msec": 8.600
				,"percent": 96.60
				}
			,{
				"<=msec": 8.700
				,"percent": 96.77
				}
			,{
				"<=msec": 8.800
				,"percent": 96.90
				}
			,{
				"<=msec": 8.900
				,"percent": 96.98
				}
			,{
				"<=msec": 9.000
				,"percent": 97.09
				}
			,{
				"<=msec": 9.100
				,"percent": 97.21
				}
			,{
				"<=msec": 9.200
				,"percent": 97.28
				}
			,{
				"<=msec": 9.300
				,"percent": 97.37
				}
			,{
				"<=msec": 9.400
				,"percent": 97.46
				}
			,{
				"<=msec": 9.500
				,"percent": 97.50
				}
			,{
				"<=msec": 9.600
				,"percent": 97.58
				}
			,{
				"<=msec": 9.700
				,"percent": 97.63
				}
			,{
				"<=msec": 9.800
				,"percent": 97.71
				}
			,{
				"<=msec": 9.900
				,"percent": 97.76
				}
			,{
				"<=msec": 10.000
				,"percent": 98.01
				}
			,{
				"<=msec": 11.000
				,"percent": 98.34
				}
			,{
				"<=msec": 12.000
				,"percent": 98.51
				}
			,{
				"<=msec": 13.000
				,"percent": 98.60
				}
			,{
				"<=msec": 14.000
				,"percent": 98.68
				}
			,{
				"<=msec": 15.000
				,"percent": 98.73
				}
			,{
				"<=msec": 16.000
				,"percent": 98.82
				}
			,{
				"<=msec": 17.000
				,"percent": 98.89
				}
			,{
				"<=msec": 18.000
				,"percent": 98.97
				}
			,{
				"<=msec": 19.000
				,"percent": 99.07
				}
			,{
				"<=msec": 20.000
				,"percent": 99.16
				}
			,{
				"<=msec": 21.000
				,"percent": 99.26
				}
			,{
				"<=msec": 22.000
				,"percent": 99.35
				}
			,{
				"<=msec": 23.000
				,"percent": 99.43
				}
			,{
				"<=msec": 24.000
				,"percent": 99.51
				}
			,{
				"<=msec": 25.000
				,"percent": 99.55
				}
			,{
				"<=msec": 26.000
				,"percent": 99.61
				}
			,{
				"<=msec": 27.000
				,"percent": 99.68
				}
			,{
				"<=msec": 28.000
				,"percent": 99.74
				}
			,{
				"<=msec": 29.000
				,"percent": 99.81
				}
			,{
				"<=msec": 30.000
				,"percent": 99.85
				}
			,{
				"<=msec": 31.000
				,"percent": 99.87
				}
			,{
				"<=msec": 32.000
				,"percent": 99.89
				}
			,{
				"<=msec": 33.000
				,"percent": 99.91
				}
			,{
				"<=msec": 34.000
				,"percent": 99.93
				}
			,{
				"<=msec": 35.000
				,"percent": 99.94
				}
			,{
				"<=msec": 36.000
				,"percent": 99.95
				}
			,{
				"<=msec": 37.000
				,"percent": 99.96
				}
			,{
				"<=msec": 38.000
				,"percent": 99.98
				}
			,{
				"<=msec": 40.000
				,"percent": 99.99
				}
			,{
				"<=msec": 42.000
				,"percent": 99.99
				}
			,{
				"<=msec": 45.000
				,"percent": 100.00
				}
			,{
				"<=msec": 48.000
				,"percent": 100.00
				}
			]
		,"GET":[
			{
				"<=msec": 0.700
				,"percent": 0.00
				}
			,{
				"<=msec": 0.710
				,"percent": 0.02
				}
			,{
				"<=msec": 0.720
				,"percent": 0.06
				}
			,{
				"<=msec": 0.730
				,"percent": 0.07
				}
			,{
				"<=msec": 0.740
				,"percent": 0.10
				}
			,{
				"<=msec": 0.750
				,"percent": 0.11
				}
			,{
				"<=msec": 0.760
				,"percent": 0.16
				}
			,{
				"<=msec": 0.770
				,"percent": 0.19
				}
			,{
				"<=msec": 0.780
				,"percent": 0.24
				}
			,{
				"<=msec": 0.790
				,"percent": 0.27
				}
			,{
				"<=msec": 0.800
				,"percent": 0.32
				}
			,{
				"<=msec": 0.810
				,"percent": 0.38
				}
			,{
				"<=msec": 0.820
				,"percent": 0.45
				}
			,{
				"<=msec": 0.830
				,"percent": 0.55
				}
			,{
				"<=msec": 0.840
				,"percent": 0.66
				}
			,{
				"<=msec": 0.850
				,"percent": 0.80
				}
			,{
				"<=msec": 0.860
				,"percent": 0.95
				}
			,{
				"<=msec": 0.870
				,"percent": 1.09
				}
			,{
				"<=msec": 0.880
				,"percent": 1.18
				}
			,{
				"<=msec": 0.890
				,"percent": 1.33
				}
			,{
				"<=msec": 0.900
				,"percent": 1.53
				}
			,{
				"<=msec": 0.910
				,"percent": 1.73
				}
			,{
				"<=msec": 0.920
				,"percent": 2.00
				}
			,{
				"<=msec": 0.930
				,"percent": 2.24
				}
			,{
				"<=msec": 0.940
				,"percent": 2.51
				}
			,{
				"<=msec": 0.950
				,"percent": 2.80
				}
			,{
				"<=msec": 0.960
				,"percent": 3.11
				}
			,{
				"<=msec": 0.970
				,"percent": 3.50
				}
			,{
				"<=msec": 0.980
				,"percent": 3.92
				}
			,{
				"<=msec": 0.990
				,"percent": 4.37
				}
			,{
				"<=msec": 1.000
				,"percent": 7.13
				}
			,{
				"<=msec": 1.100
				,"percent": 13.63
				}
			,{
				"<=msec": 1.200
				,"percent": 22.74
				}
			,{
				"<=msec": 1.300
				,"percent": 32.60
				}
			,{
				"<=msec": 1.400
				,"percent": 41.01
				}
			,{
				"<=msec": 1.500
				,"percent": 49.13
				}
			,{
				"<=msec": 1.600
				,"percent": 55.66
				}
			,{
				"<=msec": 1.700
				,"percent": 61.30
				}
			,{
				"<=msec": 1.800
				,"percent": 65.90
				}
			,{
				"<=msec": 1.900
				,"percent": 69.36
				}
			,{
				"<=msec": 2.000
				,"percent": 72.49
				}
			,{
				"<=msec": 2.100
				,"percent": 75.01
				}
			,{
				"<=msec": 2.200
				,"percent": 76.99
				}
			,{
				"<=msec": 2.300
				,"percent": 78.66
				}
			,{
				"<=msec": 2.400
				,"percent": 80.12
				}
			,{
				"<=msec": 2.500
				,"percent": 81.30
				}
			,{
				"<=msec": 2.600
				,"percent": 82.40
				}
			,{
				"<=msec": 2.700
				,"percent": 83.35
				}
			,{
				"<=msec": 2.800
				,"percent": 84.16
				}
			,{
				"<=msec": 2.900
				,"percent": 84.95
				}
			,{
				"<=msec": 3.000
				,"percent": 85.55
				}
			,{
				"<=msec": 3.100
				,"percent": 86.16
				}
			,{
				"<=msec": 3.200
				,"percent": 86.72
				}
			,{
				"<=msec": 3.300
				,"percent": 87.08
				}
			,{
				"<=msec": 3.400
				,"percent": 87.51
				}
			,{
				"<=msec": 3.500
				,"percent": 87.89
				}
			,{
				"<=msec": 3.600
				,"percent": 88.26
				}
			,{
				"<=msec": 3.700
				,"percent": 88.55
				}
			,{
				"<=msec": 3.800
				,"percent": 88.83
				}
			,{
				"<=msec": 3.900
				,"percent": 89.08
				}
			,{
				"<=msec": 4.000
				,"percent": 89.31
				}
			,{
				"<=msec": 4.100
				,"percent": 89.51
				}
			,{
				"<=msec": 4.200
				,"percent": 89.68
				}
			,{
				"<=msec": 4.300
				,"percent": 89.88
				}
			,{
				"<=msec": 4.400
				,"percent": 90.08
				}
			,{
				"<=msec": 4.500
				,"percent": 90.22
				}
			,{
				"<=msec": 4.600
				,"percent": 90.36
				}
			,{
				"<=msec": 4.700
				,"percent": 90.54
				}
			,{
				"<=msec": 4.800
				,"percent": 90.64
				}
			,{
				"<=msec": 4.900
				,"percent": 90.79
				}
			,{
				"<=msec": 5.000
				,"percent": 90.92
				}
			,{
				"<=msec": 5.100
				,"percent": 91.04
				}
			,{
				"<=msec": 5.200
				,"percent": 91.18
				}
			,{
				"<=msec": 5.300
				,"percent": 91.29
				}
			,{
				"<=msec": 5.400
				,"percent": 91.39
				}
			,{
				"<=msec": 5.500
				,"percent": 91.55
				}
			,{
				"<=msec": 5.600
				,"percent": 91.67
				}
			,{
				"<=msec": 5.700
				,"percent": 91.79
				}
			,{
				"<=msec": 5.800
				,"percent": 91.97
				}
			,{
				"<=msec": 5.900
				,"percent": 92.11
				}
			,{
				"<=msec": 6.000
				,"percent": 92.28
				}
			,{
				"<=msec": 6.100
				,"percent": 92.42
				}
			,{
				"<=msec": 6.200
				,"percent": 92.64
				}
			,{
				"<=msec": 6.300
				,"percent": 92.95
				}
			,{
				"<=msec": 6.400
				,"percent": 93.25
				}
			,{
				"<=msec": 6.500
				,"percent": 93.56
				}
			,{
				"<=msec": 6.600
				,"percent": 93.88
				}
			,{
				"<=msec": 6.700
				,"percent": 94.23
				}
			,{
				"<=msec": 6.800
				,"percent": 94.61
				}
			,{
				"<=msec": 6.900
				,"percent": 94.95
				}
			,{
				"<=msec": 7.000
				,"percent": 95.33
				}
			,{
				"<=msec": 7.100
				,"percent": 95.73
				}
			,{
				"<=msec": 7.200
				,"percent": 96.10
				}
			,{
				"<=msec": 7.300
				,"percent": 96.41
				}
			,{
				"<=msec": 7.400
				,"percent": 96.74
				}
			,{
				"<=msec": 7.500
				,"percent": 97.07
				}
			,{
				"<=msec": 7.600
				,"percent": 97.30
				}
			,{
				"<=msec": 7.700
				,"percent": 97.49
				}
			,{
				"<=msec": 7.800
				,"percent": 97.71
				}
			,{
				"<=msec": 7.900
				,"percent": 97.87
				}
			,{
				"<=msec": 8.000
				,"percent": 98.06
				}
			,{
				"<=msec": 8.100
				,"percent": 98.19
				}
			,{
				"<=msec": 8.200
				,"percent": 98.32
				}
			,{
				"<=msec": 8.300
				,"percent": 98.44
				}
			,{
				"<=msec": 8.400
				,"percent": 98.54
				}
			,{
				"<=msec": 8.500
				,"percent": 98.64
				}
			,{
				"<=msec": 8.600
				,"percent": 98.75
				}
			,{
				"<=msec": 8.700
				,"percent": 98.84
				}
			,{
				"<=msec": 8.800
				,"percent": 98.91
				}
			,{
				"<=msec": 8.900
				,"percent": 98.99
				}
			,{
				"<=msec": 9.000
				,"percent": 99.05
				}
			,{
				"<=msec": 9.100
				,"percent": 99.10
				}
			,{
				"<=msec": 9.200
				,"percent": 99.17
				}
			,{
				"<=msec": 9.300
				,"percent": 99.19
				}
			,{
				"<=msec": 9.400
				,"percent": 99.23
				}
			,{
				"<=msec": 9.500
				,"percent": 99.26
				}
			,{
				"<=msec": 9.600
				,"percent": 99.29
				}
			,{
				"<=msec": 9.700
				,"percent": 99.33
				}
			,{
				"<=msec": 9.800
				,"percent": 99.36
				}
			,{
				"<=msec": 10.000
				,"percent": 99.48
				}
			,{
				"<=msec": 11.000
				,"percent": 99.57
				}
			,{
				"<=msec": 12.000
				,"percent": 99.64
				}
			,{
				"<=msec": 13.000
				,"percent": 99.67
				}
			,{
				"<=msec": 14.000
				,"percent": 99.69
				}
			,{
				"<=msec": 15.000
				,"percent": 99.70
				}
			,{
				"<=msec": 16.000
				,"percent": 99.71
				}
			,{
				"<=msec": 17.000
				,"percent": 99.72
				}
			,{
				"<=msec": 18.000
				,"percent": 99.74
				}
			,{
				"<=msec": 19.000
				,"percent": 99.75
				}
			,{
				"<=msec": 20.000
				,"percent": 99.79
				}
			,{
				"<=msec": 21.000
				,"percent": 99.81
				}
			,{
				"<=msec": 22.000
				,"percent": 99.84
				}
			,{
				"<=msec": 23.000
				,"percent": 99.86
				}
			,{
				"<=msec": 24.000
				,"percent": 99.88
				}
			,{
				"<=msec": 25.000
				,"percent": 99.90
				}
			,{
				"<=msec": 26.000
				,"percent": 99.91
				}
			,{
				"<=msec": 27.000
				,"percent": 99.93
				}
			,{
				"<=msec": 28.000
				,"percent": 99.94
				}
			,{
				"<=msec": 29.000
				,"percent": 99.94
				}
			,{
				"<=msec": 30.000
				,"percent": 99.95
				}
			,{
				"<=msec": 31.000
				,"percent": 99.97
				}
			,{
				"<=msec": 32.000
				,"percent": 99.97
				}
			,{
				"<=msec": 33.000
				,"percent": 99.98
				}
			,{
				"<=msec": 35.000
				,"percent": 99.98
				}
			,{
				"<=msec": 36.000
				,"percent": 99.99
				}
			,{
				"<=msec": 37.000
				,"percent": 99.99
				}
			,{
				"<=msec": 39.000
				,"percent": 99.99
				}
			,{
				"<=msec": 43.000
				,"percent": 100.00
				}
			,{
				"<=msec": 47.000
				,"percent": 100.00
				}
			]
		,"WAIT":[
		]
		}
	}
