{
	"configuration":{
		"server": "10.0.0.9"
		,"port": 6379
		,"unix socket": "(null)"
		,"protocol": "memcache_text"
		,"out_file": "(null)"
		,"client_stats": "(null)"
		,"run_count": 1
		,"debug": 0
		,"requests": 0
		,"clients": 2
		,"threads": 1
		,"test_time": 75
		,"ratio": "1:1"
		,"pipeline": 1
		,"data_size": 1024
		,"data_offset": 0
		,"random_data": "false"
		,"data_size_range": "0:0"
		,"data_size_list": ""
		,"data_size_pattern": "R"
		,"expiry_range": "9999:10000"
		,"data_import": "(null)"
		,"data_verify": "false"
		,"verify_only": "false"
		,"generate_keys": "false"
		,"key_prefix": "memtier-"
		,"key_minimum":           0
		,"key_maximum":       10000
		,"key_pattern": "R:R"
		,"key_stddev": 0.000000
		,"key_median": 0.000000
		,"reconnect_interval": 0
		,"multi_key_get": 1
		,"authenticate": ""
		,"select-db": 0
		,"no-expiry": "false"
		,"wait-ratio": "0:0"
		,"num-slaves": "0:0"
		,"wait-timeout": "0-0"
		}
	,"run information":{
		"Threads": 1
		,"Connections per thread": 2
		,"Seconds": 75
		}
	,"ALL STATS":{
		"Sets":{
			"Ops/sec": 160.60
			,"Hits/sec": 0.00
			,"Misses/sec": 0.00
			,"Latency": 6.98
			,"KB/sec": 166.94
			}
		,"Gets":{
			"Ops/sec": 160.60
			,"Hits/sec": 160.60
			,"Misses/sec": 0.00
			,"Latency": 5.45
			,"KB/sec": 168.72
			}
		,"Waits":{
			"Ops/sec": 0.00
			,"Hits/sec": 0.00
			,"Misses/sec": 0.00
			,"Latency": 0.00
			,"KB/sec": 0.00
			}
		,"Totals":{
			"Ops/sec": 321.21
			,"Hits/sec": 160.60
			,"Misses/sec": 0.00
			,"Latency": 6.22
			,"KB/sec": 335.66
			}
		,"SET":[
			{
				"<=msec": 3.900
				,"percent": 0.03
				}
			,{
				"<=msec": 4.000
				,"percent": 0.32
				}
			,{
				"<=msec": 4.100
				,"percent": 1.52
				}
			,{
				"<=msec": 4.200
				,"percent": 3.89
				}
			,{
				"<=msec": 4.300
				,"percent": 7.39
				}
			,{
				"<=msec": 4.400
				,"percent": 11.17
				}
			,{
				"<=msec": 4.500
				,"percent": 15.63
				}
			,{
				"<=msec": 4.600
				,"percent": 20.04
				}
			,{
				"<=msec": 4.700
				,"percent": 23.89
				}
			,{
				"<=msec": 4.800
				,"percent": 27.90
				}
			,{
				"<=msec": 4.900
				,"percent": 31.82
				}
			,{
				"<=msec": 5.000
				,"percent": 35.21
				}
			,{
				"<=msec": 5.100
				,"percent": 38.16
				}
			,{
				"<=msec": 5.200
				,"percent": 40.92
				}
			,{
				"<=msec": 5.300
				,"percent": 43.54
				}
			,{
				"<=msec": 5.400
				,"percent": 45.61
				}
			,{
				"<=msec": 5.500
				,"percent": 47.46
				}
			,{
				"<=msec": 5.600
				,"percent": 49.44
				}
			,{
				"<=msec": 5.700
				,"percent": 51.00
				}
			,{
				"<=msec": 5.800
				,"percent": 52.49
				}
			,{
				"<=msec": 5.900
				,"percent": 54.14
				}
			,{
				"<=msec": 6.000
				,"percent": 55.39
				}
			,{
				"<=msec": 6.100
				,"percent": 56.50
				}
			,{
				"<=msec": 6.200
				,"percent": 57.58
				}
			,{
				"<=msec": 6.300
				,"percent": 58.72
				}
			,{
				"<=msec": 6.400
				,"percent": 59.80
				}
			,{
				"<=msec": 6.500
				,"percent": 60.80
				}
			,{
				"<=msec": 6.600
				,"percent": 61.90
				}
			,{
				"<=msec": 6.700
				,"percent": 63.00
				}
			,{
				"<=msec": 6.800
				,"percent": 63.87
				}
			,{
				"<=msec": 6.900
				,"percent": 64.89
				}
			,{
				"<=msec": 7.000
				,"percent": 65.87
				}
			,{
				"<=msec": 7.100
				,"percent": 66.79
				}
			,{
				"<=msec": 7.200
				,"percent": 67.66
				}
			,{
				"<=msec": 7.300
				,"percent": 68.51
				}
			,{
				"<=msec": 7.400
				,"percent": 69.54
				}
			,{
				"<=msec": 7.500
				,"percent": 70.60
				}
			,{
				"<=msec": 7.600
				,"percent": 71.48
				}
			,{
				"<=msec": 7.700
				,"percent": 72.31
				}
			,{
				"<=msec": 7.800
				,"percent": 73.25
				}
			,{
				"<=msec": 7.900
				,"percent": 74.19
				}
			,{
				"<=msec": 8.000
				,"percent": 75.05
				}
			,{
				"<=msec": 8.100
				,"percent": 75.78
				}
			,{
				"<=msec": 8.200
				,"percent": 76.54
				}
			,{
				"<=msec": 8.300
				,"percent": 77.39
				}
			,{
				"<=msec": 8.400
				,"percent": 78.27
				}
			,{
				"<=msec": 8.500
				,"percent": 79.09
				}
			,{
				"<=msec": 8.600
				,"percent": 79.82
				}
			,{
				"<=msec": 8.700
				,"percent": 80.57
				}
			,{
				"<=msec": 8.800
				,"percent": 81.38
				}
			,{
				"<=msec": 8.900
				,"percent": 82.01
				}
			,{
				"<=msec": 9.000
				,"percent": 82.72
				}
			,{
				"<=msec": 9.100
				,"percent": 83.43
				}
			,{
				"<=msec": 9.200
				,"percent": 84.04
				}
			,{
				"<=msec": 9.300
				,"percent": 84.58
				}
			,{
				"<=msec": 9.400
				,"percent": 85.15
				}
			,{
				"<=msec": 9.500
				,"percent": 85.74
				}
			,{
				"<=msec": 9.600
				,"percent": 86.39
				}
			,{
				"<=msec": 9.700
				,"percent": 87.06
				}
			,{
				"<=msec": 9.800
				,"percent": 87.63
				}
			,{
				"<=msec": 9.900
				,"percent": 88.35
				}
			,{
				"<=msec": 10.000
				,"percent": 91.26
				}
			,{
				"<=msec": 11.000
				,"percent": 94.38
				}
			,{
				"<=msec": 12.000
				,"percent": 95.77
				}
			,{
				"<=msec": 13.000
				,"percent": 96.43
				}
			,{
				"<=msec": 14.000
				,"percent": 96.80
				}
			,{
				"<=msec": 15.000
				,"percent": 96.97
				}
			,{
				"<=msec": 16.000
				,"percent": 97.19
				}
			,{
				"<=msec": 17.000
				,"percent": 97.37
				}
			,{
				"<=msec": 18.000
				,"percent": 97.58
				}
			,{
				"<=msec": 19.000
				,"percent": 97.68
				}
			,{
				"<=msec": 20.000
				,"percent": 97.88
				}
			,{
				"<=msec": 21.000
				,"percent": 98.18
				}
			,{
				"<=msec": 22.000
				,"percent": 98.45
				}
			,{
				"<=msec": 23.000
				,"percent": 98.64
				}
			,{
				"<=msec": 24.000
				,"percent": 98.81
				}
			,{
				"<=msec": 25.000
				,"percent": 98.91
				}
			,{
				"<=msec": 26.000
				,"percent": 99.09
				}
			,{
				"<=msec": 27.000
				,"percent": 99.31
				}
			,{
				"<=msec": 28.000
				,"percent": 99.46
				}
			,{
				"<=msec": 29.000
				,"percent": 99.49
				}
			,{
				"<=msec": 30.000
				,"percent": 99.62
				}
			,{
				"<=msec": 31.000
				,"percent": 99.63
				}
			,{
				"<=msec": 32.000
				,"percent": 99.68
				}
			,{
				"<=msec": 33.000
				,"percent": 99.76
				}
			,{
				"<=msec": 34.000
				,"percent": 99.81
				}
			,{
				"<=msec": 35.000
				,"percent": 99.87
				}
			,{
				"<=msec": 36.000
				,"percent": 99.92
				}
			,{
				"<=msec": 37.000
				,"percent": 99.93
				}
			,{
				"<=msec": 38.000
				,"percent": 99.95
				}
			,{
				"<=msec": 39.000
				,"percent": 99.96
				}
			,{
				"<=msec": 42.000
				,"percent": 99.97
				}
			,{
				"<=msec": 45.000
				,"percent": 99.98
				}
			,{
				"<=msec": 46.000
				,"percent": 99.99
				}
			,{
				"<=msec": 48.000
				,"percent": 100.00
				}
			]
		,"GET":[
			{
				"<=msec": 3.500
				,"percent": 0.13
				}
			,{
				"<=msec": 3.600
				,"percent": 0.60
				}
			,{
				"<=msec": 3.700
				,"percent": 1.88
				}
			,{
				"<=msec": 3.800
				,"percent": 4.35
				}
			,{
				"<=msec": 3.900
				,"percent": 7.99
				}
			,{
				"<=msec": 4.000
				,"percent": 13.08
				}
			,{
				"<=msec": 4.100
				,"percent": 18.52
				}
			,{
				"<=msec": 4.200
				,"percent": 24.52
				}
			,{
				"<=msec": 4.300
				,"percent": 30.68
				}
			,{
				"<=msec": 4.400
				,"percent": 36.68
				}
			,{
				"<=msec": 4.500
				,"percent": 42.06
				}
			,{
				"<=msec": 4.600
				,"percent": 47.03
				}
			,{
				"<=msec": 4.700
				,"percent": 51.61
				}
			,{
				"<=msec": 4.800
				,"percent": 56.47
				}
			,{
				"<=msec": 4.900
				,"percent": 60.35
				}
			,{
				"<=msec": 5.000
				,"percent": 63.77
				}
			,{
				"<=msec": 5.100
				,"percent": 66.65
				}
			,{
				"<=msec": 5.200
				,"percent": 69.28
				}
			,{
				"<=msec": 5.300
				,"percent": 71.91
				}
			,{
				"<=msec": 5.400
				,"percent": 73.84
				}
			,{
				"<=msec": 5.500
				,"percent": 75.43
				}
			,{
				"<=msec": 5.600
				,"percent": 76.92
				}
			,{
				"<=msec": 5.700
				,"percent": 78.19
				}
			,{
				"<=msec": 5.800
				,"percent": 79.24
				}
			,{
				"<=msec": 5.900
				,"percent": 80.33
				}
			,{
				"<=msec": 6.000
				,"percent": 81.06
				}
			,{
				"<=msec": 6.100
				,"percent": 81.89
				}
			,{
				"<=msec": 6.200
				,"percent": 82.77
				}
			,{
				"<=msec": 6.300
				,"percent": 83.52
				}
			,{
				"<=msec": 6.400
				,"percent": 84.02
				}
			,{
				"<=msec": 6.500
				,"percent": 84.50
				}
			,{
				"<=msec": 6.600
				,"percent": 84.99
				}
			,{
				"<=msec": 6.700
				,"percent": 85.43
				}
			,{
				"<=msec": 6.800
				,"percent": 85.94
				}
			,{
				"<=msec": 6.900
				,"percent": 86.39
				}
			,{
				"<=msec": 7.000
				,"percent": 86.81
				}
			,{
				"<=msec": 7.100
				,"percent": 87.28
				}
			,{
				"<=msec": 7.200
				,"percent": 87.56
				}
			,{
				"<=msec": 7.300
				,"percent": 87.89
				}
			,{
				"<=msec": 7.400
				,"percent": 88.26
				}
			,{
				"<=msec": 7.500
				,"percent": 88.54
				}
			,{
				"<=msec": 7.600
				,"percent": 88.99
				}
			,{
				"<=msec": 7.700
				,"percent": 89.32
				}
			,{
				"<=msec": 7.800
				,"percent": 89.54
				}
			,{
				"<=msec": 7.900
				,"percent": 89.86
				}
			,{
				"<=msec": 8.000
				,"percent": 90.15
				}
			,{
				"<=msec": 8.100
				,"percent": 90.49
				}
			,{
				"<=msec": 8.200
				,"percent": 90.70
				}
			,{
				"<=msec": 8.300
				,"percent": 90.88
				}
			,{
				"<=msec": 8.400
				,"percent": 91.12
				}
			,{
				"<=msec": 8.500
				,"percent": 91.28
				}
			,{
				"<=msec": 8.600
				,"percent": 91.57
				}
			,{
				"<=msec": 8.700
				,"percent": 91.85
				}
			,{
				"<=msec": 8.800
				,"percent": 92.11
				}
			,{
				"<=msec": 8.900
				,"percent": 92.30
				}
			,{
				"<=msec": 9.000
				,"percent": 92.53
				}
			,{
				"<=msec": 9.100
				,"percent": 92.79
				}
			,{
				"<=msec": 9.200
				,"percent": 92.99
				}
			,{
				"<=msec": 9.300
				,"percent": 93.25
				}
			,{
				"<=msec": 9.400
				,"percent": 93.45
				}
			,{
				"<=msec": 9.500
				,"percent": 93.67
				}
			,{
				"<=msec": 9.600
				,"percent": 93.84
				}
			,{
				"<=msec": 9.700
				,"percent": 94.07
				}
			,{
				"<=msec": 9.800
				,"percent": 94.35
				}
			,{
				"<=msec": 9.900
				,"percent": 94.60
				}
			,{
				"<=msec": 10.000
				,"percent": 95.84
				}
			,{
				"<=msec": 11.000
				,"percent": 97.98
				}
			,{
				"<=msec": 12.000
				,"percent": 98.85
				}
			,{
				"<=msec": 13.000
				,"percent": 99.14
				}
			,{
				"<=msec": 14.000
				,"percent": 99.27
				}
			,{
				"<=msec": 15.000
				,"percent": 99.36
				}
			,{
				"<=msec": 16.000
				,"percent": 99.39
				}
			,{
				"<=msec": 17.000
				,"percent": 99.43
				}
			,{
				"<=msec": 18.000
				,"percent": 99.47
				}
			,{
				"<=msec": 19.000
				,"percent": 99.51
				}
			,{
				"<=msec": 20.000
				,"percent": 99.54
				}
			,{
				"<=msec": 21.000
				,"percent": 99.59
				}
			,{
				"<=msec": 22.000
				,"percent": 99.64
				}
			,{
				"<=msec": 23.000
				,"percent": 99.66
				}
			,{
				"<=msec": 24.000
				,"percent": 99.70
				}
			,{
				"<=msec": 25.000
				,"percent": 99.72
				}
			,{
				"<=msec": 26.000
				,"percent": 99.74
				}
			,{
				"<=msec": 27.000
				,"percent": 99.78
				}
			,{
				"<=msec": 28.000
				,"percent": 99.81
				}
			,{
				"<=msec": 29.000
				,"percent": 99.84
				}
			,{
				"<=msec": 30.000
				,"percent": 99.86
				}
			,{
				"<=msec": 31.000
				,"percent": 99.88
				}
			,{
				"<=msec": 32.000
				,"percent": 99.91
				}
			,{
				"<=msec": 34.000
				,"percent": 99.93
				}
			,{
				"<=msec": 35.000
				,"percent": 99.94
				}
			,{
				"<=msec": 37.000
				,"percent": 99.97
				}
			,{
				"<=msec": 40.000
				,"percent": 99.98
				}
			,{
				"<=msec": 41.000
				,"percent": 99.98
				}
			,{
				"<=msec": 43.000
				,"percent": 99.99
				}
			,{
				"<=msec": 44.000
				,"percent": 100.00
				}
			]
		,"WAIT":[
		]
		}
	}
