{
	"configuration":{
		"server": "10.0.0.9"
		,"port": 6379
		,"unix socket": "(null)"
		,"protocol": "memcache_text"
		,"out_file": "(null)"
		,"client_stats": "(null)"
		,"run_count": 1
		,"debug": 0
		,"requests": 0
		,"clients": 2
		,"threads": 1
		,"test_time": 75
		,"ratio": "1:1"
		,"pipeline": 1
		,"data_size": 1024
		,"data_offset": 0
		,"random_data": "false"
		,"data_size_range": "0:0"
		,"data_size_list": ""
		,"data_size_pattern": "R"
		,"expiry_range": "9999:10000"
		,"data_import": "(null)"
		,"data_verify": "false"
		,"verify_only": "false"
		,"generate_keys": "false"
		,"key_prefix": "memtier-"
		,"key_minimum":           0
		,"key_maximum":       10000
		,"key_pattern": "R:R"
		,"key_stddev": 0.000000
		,"key_median": 0.000000
		,"reconnect_interval": 0
		,"multi_key_get": 1
		,"authenticate": ""
		,"select-db": 0
		,"no-expiry": "false"
		,"wait-ratio": "0:0"
		,"num-slaves": "0:0"
		,"wait-timeout": "0-0"
		}
	,"run information":{
		"Threads": 1
		,"Connections per thread": 2
		,"Seconds": 75
		}
	,"ALL STATS":{
		"Sets":{
			"Ops/sec": 162.49
			,"Hits/sec": 0.00
			,"Misses/sec": 0.00
			,"Latency": 6.84
			,"KB/sec": 168.90
			}
		,"Gets":{
			"Ops/sec": 162.48
			,"Hits/sec": 162.48
			,"Misses/sec": 0.00
			,"Latency": 5.45
			,"KB/sec": 170.69
			}
		,"Waits":{
			"Ops/sec": 0.00
			,"Hits/sec": 0.00
			,"Misses/sec": 0.00
			,"Latency": 0.00
			,"KB/sec": 0.00
			}
		,"Totals":{
			"Ops/sec": 324.96
			,"Hits/sec": 162.48
			,"Misses/sec": 0.00
			,"Latency": 6.14
			,"KB/sec": 339.59
			}
		,"SET":[
			{
				"<=msec": 3.900
				,"percent": 0.08
				}
			,{
				"<=msec": 4.000
				,"percent": 0.48
				}
			,{
				"<=msec": 4.100
				,"percent": 1.87
				}
			,{
				"<=msec": 4.200
				,"percent": 4.34
				}
			,{
				"<=msec": 4.300
				,"percent": 7.80
				}
			,{
				"<=msec": 4.400
				,"percent": 11.87
				}
			,{
				"<=msec": 4.500
				,"percent": 16.65
				}
			,{
				"<=msec": 4.600
				,"percent": 21.16
				}
			,{
				"<=msec": 4.700
				,"percent": 25.41
				}
			,{
				"<=msec": 4.800
				,"percent": 29.61
				}
			,{
				"<=msec": 4.900
				,"percent": 33.43
				}
			,{
				"<=msec": 5.000
				,"percent": 36.91
				}
			,{
				"<=msec": 5.100
				,"percent": 40.16
				}
			,{
				"<=msec": 5.200
				,"percent": 43.10
				}
			,{
				"<=msec": 5.300
				,"percent": 45.83
				}
			,{
				"<=msec": 5.400
				,"percent": 48.04
				}
			,{
				"<=msec": 5.500
				,"percent": 49.80
				}
			,{
				"<=msec": 5.600
				,"percent": 51.87
				}
			,{
				"<=msec": 5.700
				,"percent": 53.45
				}
			,{
				"<=msec": 5.800
				,"percent": 55.03
				}
			,{
				"<=msec": 5.900
				,"percent": 56.55
				}
			,{
				"<=msec": 6.000
				,"percent": 57.90
				}
			,{
				"<=msec": 6.100
				,"percent": 59.16
				}
			,{
				"<=msec": 6.200
				,"percent": 60.38
				}
			,{
				"<=msec": 6.300
				,"percent": 61.53
				}
			,{
				"<=msec": 6.400
				,"percent": 62.75
				}
			,{
				"<=msec": 6.500
				,"percent": 63.71
				}
			,{
				"<=msec": 6.600
				,"percent": 64.70
				}
			,{
				"<=msec": 6.700
				,"percent": 65.92
				}
			,{
				"<=msec": 6.800
				,"percent": 66.95
				}
			,{
				"<=msec": 6.900
				,"percent": 67.83
				}
			,{
				"<=msec": 7.000
				,"percent": 68.72
				}
			,{
				"<=msec": 7.100
				,"percent": 69.66
				}
			,{
				"<=msec": 7.200
				,"percent": 70.54
				}
			,{
				"<=msec": 7.300
				,"percent": 71.47
				}
			,{
				"<=msec": 7.400
				,"percent": 72.22
				}
			,{
				"<=msec": 7.500
				,"percent": 73.23
				}
			,{
				"<=msec": 7.600
				,"percent": 74.12
				}
			,{
				"<=msec": 7.700
				,"percent": 74.92
				}
			,{
				"<=msec": 7.800
				,"percent": 75.74
				}
			,{
				"<=msec": 7.900
				,"percent": 76.43
				}
			,{
				"<=msec": 8.000
				,"percent": 77.19
				}
			,{
				"<=msec": 8.100
				,"percent": 77.82
				}
			,{
				"<=msec": 8.200
				,"percent": 78.46
				}
			,{
				"<=msec": 8.300
				,"percent": 79.08
				}
			,{
				"<=msec": 8.400
				,"percent": 79.76
				}
			,{
				"<=msec": 8.500
				,"percent": 80.42
				}
			,{
				"<=msec": 8.600
				,"percent": 81.08
				}
			,{
				"<=msec": 8.700
				,"percent": 81.83
				}
			,{
				"<=msec": 8.800
				,"percent": 82.57
				}
			,{
				"<=msec": 8.900
				,"percent": 83.22
				}
			,{
				"<=msec": 9.000
				,"percent": 83.90
				}
			,{
				"<=msec": 9.100
				,"percent": 84.50
				}
			,{
				"<=msec": 9.200
				,"percent": 85.14
				}
			,{
				"<=msec": 9.300
				,"percent": 85.68
				}
			,{
				"<=msec": 9.400
				,"percent": 86.26
				}
			,{
				"<=msec": 9.500
				,"percent": 86.86
				}
			,{
				"<=msec": 9.600
				,"percent": 87.53
				}
			,{
				"<=msec": 9.700
				,"percent": 88.26
				}
			,{
				"<=msec": 9.800
				,"percent": 88.82
				}
			,{
				"<=msec": 9.900
				,"percent": 89.32
				}
			,{
				"<=msec": 10.000
				,"percent": 92.06
				}
			,{
				"<=msec": 11.000
				,"percent": 94.99
				}
			,{
				"<=msec": 12.000
				,"percent": 95.89
				}
			,{
				"<=msec": 13.000
				,"percent": 96.43
				}
			,{
				"<=msec": 14.000
				,"percent": 96.79
				}
			,{
				"<=msec": 15.000
				,"percent": 97.08
				}
			,{
				"<=msec": 16.000
				,"percent": 97.38
				}
			,{
				"<=msec": 17.000
				,"percent": 97.60
				}
			,{
				"<=msec": 18.000
				,"percent": 97.83
				}
			,{
				"<=msec": 19.000
				,"percent": 97.97
				}
			,{
				"<=msec": 20.000
				,"percent": 98.13
				}
			,{
				"<=msec": 21.000
				,"percent": 98.33
				}
			,{
				"<=msec": 22.000
				,"percent": 98.48
				}
			,{
				"<=msec": 23.000
				,"percent": 98.69
				}
			,{
				"<=msec": 24.000
				,"percent": 98.92
				}
			,{
				"<=msec": 25.000
				,"percent": 99.06
				}
			,{
				"<=msec": 26.000
				,"percent": 99.16
				}
			,{
				"<=msec": 27.000
				,"percent": 99.27
				}
			,{
				"<=msec": 28.000
				,"percent": 99.41
				}
			,{
				"<=msec": 29.000
				,"percent": 99.52
				}
			,{
				"<=msec": 30.000
				,"percent": 99.61
				}
			,{
				"<=msec": 31.000
				,"percent": 99.65
				}
			,{
				"<=msec": 32.000
				,"percent": 99.74
				}
			,{
				"<=msec": 33.000
				,"percent": 99.78
				}
			,{
				"<=msec": 34.000
				,"percent": 99.82
				}
			,{
				"<=msec": 35.000
				,"percent": 99.83
				}
			,{
				"<=msec": 36.000
				,"percent": 99.85
				}
			,{
				"<=msec": 37.000
				,"percent": 99.89
				}
			,{
				"<=msec": 38.000
				,"percent": 99.93
				}
			,{
				"<=msec": 39.000
				,"percent": 99.93
				}
			,{
				"<=msec": 40.000
				,"percent": 99.96
				}
			,{
				"<=msec": 41.000
				,"percent": 99.98
				}
			,{
				"<=msec": 49.000
				,"percent": 99.98
				}
			,{
				"<=msec": 52.000
				,"percent": 99.99
				}
			,{
				"<=msec": 56.000
				,"percent": 100.00
				}
			]
		,"GET":[
			{
				"<=msec": 3.400
				,"percent": 0.02
				}
			,{
				"<=msec": 3.500
				,"percent": 0.13
				}
			,{
				"<=msec": 3.600
				,"percent": 0.50
				}
			,{
				"<=msec": 3.700
				,"percent": 1.70
				}
			,{
				"<=msec": 3.800
				,"percent": 3.86
				}
			,{
				"<=msec": 3.900
				,"percent": 7.20
				}
			,{
				"<=msec": 4.000
				,"percent": 12.03
				}
			,{
				"<=msec": 4.100
				,"percent": 17.41
				}
			,{
				"<=msec": 4.200
				,"percent": 23.42
				}
			,{
				"<=msec": 4.300
				,"percent": 29.44
				}
			,{
				"<=msec": 4.400
				,"percent": 35.43
				}
			,{
				"<=msec": 4.500
				,"percent": 41.25
				}
			,{
				"<=msec": 4.600
				,"percent": 46.81
				}
			,{
				"<=msec": 4.700
				,"percent": 51.99
				}
			,{
				"<=msec": 4.800
				,"percent": 56.55
				}
			,{
				"<=msec": 4.900
				,"percent": 60.55
				}
			,{
				"<=msec": 5.000
				,"percent": 64.30
				}
			,{
				"<=msec": 5.100
				,"percent": 67.63
				}
			,{
				"<=msec": 5.200
				,"percent": 70.15
				}
			,{
				"<=msec": 5.300
				,"percent": 72.49
				}
			,{
				"<=msec": 5.400
				,"percent": 74.43
				}
			,{
				"<=msec": 5.500
				,"percent": 75.92
				}
			,{
				"<=msec": 5.600
				,"percent": 77.38
				}
			,{
				"<=msec": 5.700
				,"percent": 78.43
				}
			,{
				"<=msec": 5.800
				,"percent": 79.47
				}
			,{
				"<=msec": 5.900
				,"percent": 80.53
				}
			,{
				"<=msec": 6.000
				,"percent": 81.46
				}
			,{
				"<=msec": 6.100
				,"percent": 82.30
				}
			,{
				"<=msec": 6.200
				,"percent": 82.96
				}
			,{
				"<=msec": 6.300
				,"percent": 83.57
				}
			,{
				"<=msec": 6.400
				,"percent": 84.02
				}
			,{
				"<=msec": 6.500
				,"percent": 84.61
				}
			,{
				"<=msec": 6.600
				,"percent": 85.11
				}
			,{
				"<=msec": 6.700
				,"percent": 85.66
				}
			,{
				"<=msec": 6.800
				,"percent": 86.18
				}
			,{
				"<=msec": 6.900
				,"percent": 86.57
				}
			,{
				"<=msec": 7.000
				,"percent": 87.06
				}
			,{
				"<=msec": 7.100
				,"percent": 87.49
				}
			,{
				"<=msec": 7.200
				,"percent": 87.89
				}
			,{
				"<=msec": 7.300
				,"percent": 88.22
				}
			,{
				"<=msec": 7.400
				,"percent": 88.57
				}
			,{
				"<=msec": 7.500
				,"percent": 88.86
				}
			,{
				"<=msec": 7.600
				,"percent": 89.21
				}
			,{
				"<=msec": 7.700
				,"percent": 89.50
				}
			,{
				"<=msec": 7.800
				,"percent": 89.87
				}
			,{
				"<=msec": 7.900
				,"percent": 90.15
				}
			,{
				"<=msec": 8.000
				,"percent": 90.54
				}
			,{
				"<=msec": 8.100
				,"percent": 90.79
				}
			,{
				"<=msec": 8.200
				,"percent": 91.00
				}
			,{
				"<=msec": 8.300
				,"percent": 91.22
				}
			,{
				"<=msec": 8.400
				,"percent": 91.51
				}
			,{
				"<=msec": 8.500
				,"percent": 91.73
				}
			,{
				"<=msec": 8.600
				,"percent": 91.97
				}
			,{
				"<=msec": 8.700
				,"percent": 92.21
				}
			,{
				"<=msec": 8.800
				,"percent": 92.43
				}
			,{
				"<=msec": 8.900
				,"percent": 92.63
				}
			,{
				"<=msec": 9.000
				,"percent": 92.77
				}
			,{
				"<=msec": 9.100
				,"percent": 93.00
				}
			,{
				"<=msec": 9.200
				,"percent": 93.20
				}
			,{
				"<=msec": 9.300
				,"percent": 93.44
				}
			,{
				"<=msec": 9.400
				,"percent": 93.74
				}
			,{
				"<=msec": 9.500
				,"percent": 93.93
				}
			,{
				"<=msec": 9.600
				,"percent": 94.09
				}
			,{
				"<=msec": 9.700
				,"percent": 94.30
				}
			,{
				"<=msec": 9.800
				,"percent": 94.53
				}
			,{
				"<=msec": 9.900
				,"percent": 94.80
				}
			,{
				"<=msec": 10.000
				,"percent": 95.99
				}
			,{
				"<=msec": 11.000
				,"percent": 97.94
				}
			,{
				"<=msec": 12.000
				,"percent": 98.77
				}
			,{
				"<=msec": 13.000
				,"percent": 99.09
				}
			,{
				"<=msec": 14.000
				,"percent": 99.21
				}
			,{
				"<=msec": 15.000
				,"percent": 99.26
				}
			,{
				"<=msec": 16.000
				,"percent": 99.29
				}
			,{
				"<=msec": 17.000
				,"percent": 99.29
				}
			,{
				"<=msec": 18.000
				,"percent": 99.34
				}
			,{
				"<=msec": 19.000
				,"percent": 99.37
				}
			,{
				"<=msec": 20.000
				,"percent": 99.44
				}
			,{
				"<=msec": 21.000
				,"percent": 99.52
				}
			,{
				"<=msec": 22.000
				,"percent": 99.59
				}
			,{
				"<=msec": 23.000
				,"percent": 99.65
				}
			,{
				"<=msec": 24.000
				,"percent": 99.74
				}
			,{
				"<=msec": 25.000
				,"percent": 99.75
				}
			,{
				"<=msec": 26.000
				,"percent": 99.79
				}
			,{
				"<=msec": 28.000
				,"percent": 99.80
				}
			,{
				"<=msec": 29.000
				,"percent": 99.84
				}
			,{
				"<=msec": 30.000
				,"percent": 99.87
				}
			,{
				"<=msec": 31.000
				,"percent": 99.88
				}
			,{
				"<=msec": 32.000
				,"percent": 99.91
				}
			,{
				"<=msec": 33.000
				,"percent": 99.93
				}
			,{
				"<=msec": 39.000
				,"percent": 99.94
				}
			,{
				"<=msec": 40.000
				,"percent": 99.96
				}
			,{
				"<=msec": 41.000
				,"percent": 99.98
				}
			,{
				"<=msec": 42.000
				,"percent": 99.99
				}
			,{
				"<=msec": 47.000
				,"percent": 100.00
				}
			]
		,"WAIT":[
		]
		}
	}
