{
	"configuration":{
		"server": "10.0.0.9"
		,"port": 6379
		,"unix socket": "(null)"
		,"protocol": "memcache_text"
		,"out_file": "(null)"
		,"client_stats": "(null)"
		,"run_count": 1
		,"debug": 0
		,"requests": 0
		,"clients": 2
		,"threads": 1
		,"test_time": 75
		,"ratio": "1:1"
		,"pipeline": 1
		,"data_size": 1024
		,"data_offset": 0
		,"random_data": "false"
		,"data_size_range": "0:0"
		,"data_size_list": ""
		,"data_size_pattern": "R"
		,"expiry_range": "9999:10000"
		,"data_import": "(null)"
		,"data_verify": "false"
		,"verify_only": "false"
		,"generate_keys": "false"
		,"key_prefix": "memtier-"
		,"key_minimum":           0
		,"key_maximum":       10000
		,"key_pattern": "R:R"
		,"key_stddev": 0.000000
		,"key_median": 0.000000
		,"reconnect_interval": 0
		,"multi_key_get": 1
		,"authenticate": ""
		,"select-db": 0
		,"no-expiry": "false"
		,"wait-ratio": "0:0"
		,"num-slaves": "0:0"
		,"wait-timeout": "0-0"
		}
	,"run information":{
		"Threads": 1
		,"Connections per thread": 2
		,"Seconds": 75
		}
	,"ALL STATS":{
		"Sets":{
			"Ops/sec": 161.45
			,"Hits/sec": 0.00
			,"Misses/sec": 0.00
			,"Latency": 6.96
			,"KB/sec": 167.82
			}
		,"Gets":{
			"Ops/sec": 161.45
			,"Hits/sec": 161.45
			,"Misses/sec": 0.00
			,"Latency": 5.41
			,"KB/sec": 169.61
			}
		,"Waits":{
			"Ops/sec": 0.00
			,"Hits/sec": 0.00
			,"Misses/sec": 0.00
			,"Latency": 0.00
			,"KB/sec": 0.00
			}
		,"Totals":{
			"Ops/sec": 322.90
			,"Hits/sec": 161.45
			,"Misses/sec": 0.00
			,"Latency": 6.18
			,"KB/sec": 337.43
			}
		,"SET":[
			{
				"<=msec": 3.900
				,"percent": 0.02
				}
			,{
				"<=msec": 4.000
				,"percent": 0.35
				}
			,{
				"<=msec": 4.100
				,"percent": 1.56
				}
			,{
				"<=msec": 4.200
				,"percent": 3.71
				}
			,{
				"<=msec": 4.300
				,"percent": 7.09
				}
			,{
				"<=msec": 4.400
				,"percent": 10.98
				}
			,{
				"<=msec": 4.500
				,"percent": 15.32
				}
			,{
				"<=msec": 4.600
				,"percent": 19.60
				}
			,{
				"<=msec": 4.700
				,"percent": 24.04
				}
			,{
				"<=msec": 4.800
				,"percent": 28.33
				}
			,{
				"<=msec": 4.900
				,"percent": 32.28
				}
			,{
				"<=msec": 5.000
				,"percent": 35.87
				}
			,{
				"<=msec": 5.100
				,"percent": 38.93
				}
			,{
				"<=msec": 5.200
				,"percent": 41.56
				}
			,{
				"<=msec": 5.300
				,"percent": 44.34
				}
			,{
				"<=msec": 5.400
				,"percent": 46.54
				}
			,{
				"<=msec": 5.500
				,"percent": 48.53
				}
			,{
				"<=msec": 5.600
				,"percent": 50.37
				}
			,{
				"<=msec": 5.700
				,"percent": 51.97
				}
			,{
				"<=msec": 5.800
				,"percent": 53.46
				}
			,{
				"<=msec": 5.900
				,"percent": 54.98
				}
			,{
				"<=msec": 6.000
				,"percent": 56.16
				}
			,{
				"<=msec": 6.100
				,"percent": 57.32
				}
			,{
				"<=msec": 6.200
				,"percent": 58.40
				}
			,{
				"<=msec": 6.300
				,"percent": 59.63
				}
			,{
				"<=msec": 6.400
				,"percent": 60.73
				}
			,{
				"<=msec": 6.500
				,"percent": 61.81
				}
			,{
				"<=msec": 6.600
				,"percent": 62.89
				}
			,{
				"<=msec": 6.700
				,"percent": 63.94
				}
			,{
				"<=msec": 6.800
				,"percent": 65.05
				}
			,{
				"<=msec": 6.900
				,"percent": 66.12
				}
			,{
				"<=msec": 7.000
				,"percent": 67.07
				}
			,{
				"<=msec": 7.100
				,"percent": 68.13
				}
			,{
				"<=msec": 7.200
				,"percent": 68.97
				}
			,{
				"<=msec": 7.300
				,"percent": 70.01
				}
			,{
				"<=msec": 7.400
				,"percent": 70.76
				}
			,{
				"<=msec": 7.500
				,"percent": 71.66
				}
			,{
				"<=msec": 7.600
				,"percent": 72.52
				}
			,{
				"<=msec": 7.700
				,"percent": 73.36
				}
			,{
				"<=msec": 7.800
				,"percent": 74.09
				}
			,{
				"<=msec": 7.900
				,"percent": 74.82
				}
			,{
				"<=msec": 8.000
				,"percent": 75.56
				}
			,{
				"<=msec": 8.100
				,"percent": 76.36
				}
			,{
				"<=msec": 8.200
				,"percent": 77.28
				}
			,{
				"<=msec": 8.300
				,"percent": 77.92
				}
			,{
				"<=msec": 8.400
				,"percent": 78.70
				}
			,{
				"<=msec": 8.500
				,"percent": 79.44
				}
			,{
				"<=msec": 8.600
				,"percent": 80.06
				}
			,{
				"<=msec": 8.700
				,"percent": 80.77
				}
			,{
				"<=msec": 8.800
				,"percent": 81.48
				}
			,{
				"<=msec": 8.900
				,"percent": 82.16
				}
			,{
				"<=msec": 9.000
				,"percent": 82.83
				}
			,{
				"<=msec": 9.100
				,"percent": 83.44
				}
			,{
				"<=msec": 9.200
				,"percent": 83.95
				}
			,{
				"<=msec": 9.300
				,"percent": 84.63
				}
			,{
				"<=msec": 9.400
				,"percent": 85.37
				}
			,{
				"<=msec": 9.500
				,"percent": 86.02
				}
			,{
				"<=msec": 9.600
				,"percent": 86.65
				}
			,{
				"<=msec": 9.700
				,"percent": 87.32
				}
			,{
				"<=msec": 9.800
				,"percent": 87.93
				}
			,{
				"<=msec": 9.900
				,"percent": 88.72
				}
			,{
				"<=msec": 10.000
				,"percent": 91.66
				}
			,{
				"<=msec": 11.000
				,"percent": 94.72
				}
			,{
				"<=msec": 12.000
				,"percent": 95.93
				}
			,{
				"<=msec": 13.000
				,"percent": 96.43
				}
			,{
				"<=msec": 14.000
				,"percent": 96.74
				}
			,{
				"<=msec": 15.000
				,"percent": 96.98
				}
			,{
				"<=msec": 16.000
				,"percent": 97.16
				}
			,{
				"<=msec": 17.000
				,"percent": 97.33
				}
			,{
				"<=msec": 18.000
				,"percent": 97.54
				}
			,{
				"<=msec": 19.000
				,"percent": 97.75
				}
			,{
				"<=msec": 20.000
				,"percent": 97.92
				}
			,{
				"<=msec": 21.000
				,"percent": 98.06
				}
			,{
				"<=msec": 22.000
				,"percent": 98.28
				}
			,{
				"<=msec": 23.000
				,"percent": 98.46
				}
			,{
				"<=msec": 24.000
				,"percent": 98.61
				}
			,{
				"<=msec": 25.000
				,"percent": 98.85
				}
			,{
				"<=msec": 26.000
				,"percent": 99.02
				}
			,{
				"<=msec": 27.000
				,"percent": 99.15
				}
			,{
				"<=msec": 28.000
				,"percent": 99.25
				}
			,{
				"<=msec": 29.000
				,"percent": 99.32
				}
			,{
				"<=msec": 30.000
				,"percent": 99.45
				}
			,{
				"<=msec": 31.000
				,"percent": 99.53
				}
			,{
				"<=msec": 32.000
				,"percent": 99.61
				}
			,{
				"<=msec": 33.000
				,"percent": 99.67
				}
			,{
				"<=msec": 34.000
				,"percent": 99.73
				}
			,{
				"<=msec": 35.000
				,"percent": 99.75
				}
			,{
				"<=msec": 36.000
				,"percent": 99.81
				}
			,{
				"<=msec": 37.000
				,"percent": 99.84
				}
			,{
				"<=msec": 38.000
				,"percent": 99.88
				}
			,{
				"<=msec": 39.000
				,"percent": 99.91
				}
			,{
				"<=msec": 40.000
				,"percent": 99.94
				}
			,{
				"<=msec": 41.000
				,"percent": 99.95
				}
			,{
				"<=msec": 42.000
				,"percent": 99.97
				}
			,{
				"<=msec": 43.000
				,"percent": 99.98
				}
			,{
				"<=msec": 48.000
				,"percent": 100.00
				}
			]
		,"GET":[
			{
				"<=msec": 3.500
				,"percent": 0.04
				}
			,{
				"<=msec": 3.600
				,"percent": 0.52
				}
			,{
				"<=msec": 3.700
				,"percent": 1.71
				}
			,{
				"<=msec": 3.800
				,"percent": 4.14
				}
			,{
				"<=msec": 3.900
				,"percent": 7.80
				}
			,{
				"<=msec": 4.000
				,"percent": 12.80
				}
			,{
				"<=msec": 4.100
				,"percent": 17.80
				}
			,{
				"<=msec": 4.200
				,"percent": 23.64
				}
			,{
				"<=msec": 4.300
				,"percent": 30.12
				}
			,{
				"<=msec": 4.400
				,"percent": 35.86
				}
			,{
				"<=msec": 4.500
				,"percent": 41.56
				}
			,{
				"<=msec": 4.600
				,"percent": 47.12
				}
			,{
				"<=msec": 4.700
				,"percent": 52.13
				}
			,{
				"<=msec": 4.800
				,"percent": 56.88
				}
			,{
				"<=msec": 4.900
				,"percent": 61.00
				}
			,{
				"<=msec": 5.000
				,"percent": 64.92
				}
			,{
				"<=msec": 5.100
				,"percent": 68.05
				}
			,{
				"<=msec": 5.200
				,"percent": 70.84
				}
			,{
				"<=msec": 5.300
				,"percent": 72.96
				}
			,{
				"<=msec": 5.400
				,"percent": 74.84
				}
			,{
				"<=msec": 5.500
				,"percent": 76.55
				}
			,{
				"<=msec": 5.600
				,"percent": 77.97
				}
			,{
				"<=msec": 5.700
				,"percent": 79.11
				}
			,{
				"<=msec": 5.800
				,"percent": 80.35
				}
			,{
				"<=msec": 5.900
				,"percent": 81.23
				}
			,{
				"<=msec": 6.000
				,"percent": 82.10
				}
			,{
				"<=msec": 6.100
				,"percent": 82.85
				}
			,{
				"<=msec": 6.200
				,"percent": 83.62
				}
			,{
				"<=msec": 6.300
				,"percent": 84.23
				}
			,{
				"<=msec": 6.400
				,"percent": 84.97
				}
			,{
				"<=msec": 6.500
				,"percent": 85.64
				}
			,{
				"<=msec": 6.600
				,"percent": 86.15
				}
			,{
				"<=msec": 6.700
				,"percent": 86.74
				}
			,{
				"<=msec": 6.800
				,"percent": 87.03
				}
			,{
				"<=msec": 6.900
				,"percent": 87.41
				}
			,{
				"<=msec": 7.000
				,"percent": 87.76
				}
			,{
				"<=msec": 7.100
				,"percent": 88.07
				}
			,{
				"<=msec": 7.200
				,"percent": 88.37
				}
			,{
				"<=msec": 7.300
				,"percent": 88.74
				}
			,{
				"<=msec": 7.400
				,"percent": 89.00
				}
			,{
				"<=msec": 7.500
				,"percent": 89.37
				}
			,{
				"<=msec": 7.600
				,"percent": 89.71
				}
			,{
				"<=msec": 7.700
				,"percent": 89.96
				}
			,{
				"<=msec": 7.800
				,"percent": 90.24
				}
			,{
				"<=msec": 7.900
				,"percent": 90.46
				}
			,{
				"<=msec": 8.000
				,"percent": 90.70
				}
			,{
				"<=msec": 8.100
				,"percent": 90.91
				}
			,{
				"<=msec": 8.200
				,"percent": 91.23
				}
			,{
				"<=msec": 8.300
				,"percent": 91.45
				}
			,{
				"<=msec": 8.400
				,"percent": 91.68
				}
			,{
				"<=msec": 8.500
				,"percent": 91.87
				}
			,{
				"<=msec": 8.600
				,"percent": 92.13
				}
			,{
				"<=msec": 8.700
				,"percent": 92.37
				}
			,{
				"<=msec": 8.800
				,"percent": 92.63
				}
			,{
				"<=msec": 8.900
				,"percent": 92.81
				}
			,{
				"<=msec": 9.000
				,"percent": 93.07
				}
			,{
				"<=msec": 9.100
				,"percent": 93.22
				}
			,{
				"<=msec": 9.200
				,"percent": 93.43
				}
			,{
				"<=msec": 9.300
				,"percent": 93.65
				}
			,{
				"<=msec": 9.400
				,"percent": 93.86
				}
			,{
				"<=msec": 9.500
				,"percent": 94.03
				}
			,{
				"<=msec": 9.600
				,"percent": 94.25
				}
			,{
				"<=msec": 9.700
				,"percent": 94.53
				}
			,{
				"<=msec": 9.800
				,"percent": 94.80
				}
			,{
				"<=msec": 9.900
				,"percent": 95.09
				}
			,{
				"<=msec": 10.000
				,"percent": 96.29
				}
			,{
				"<=msec": 11.000
				,"percent": 98.04
				}
			,{
				"<=msec": 12.000
				,"percent": 98.79
				}
			,{
				"<=msec": 13.000
				,"percent": 99.11
				}
			,{
				"<=msec": 14.000
				,"percent": 99.23
				}
			,{
				"<=msec": 15.000
				,"percent": 99.32
				}
			,{
				"<=msec": 16.000
				,"percent": 99.39
				}
			,{
				"<=msec": 17.000
				,"percent": 99.47
				}
			,{
				"<=msec": 18.000
				,"percent": 99.54
				}
			,{
				"<=msec": 19.000
				,"percent": 99.56
				}
			,{
				"<=msec": 20.000
				,"percent": 99.60
				}
			,{
				"<=msec": 21.000
				,"percent": 99.62
				}
			,{
				"<=msec": 22.000
				,"percent": 99.67
				}
			,{
				"<=msec": 24.000
				,"percent": 99.71
				}
			,{
				"<=msec": 25.000
				,"percent": 99.75
				}
			,{
				"<=msec": 26.000
				,"percent": 99.80
				}
			,{
				"<=msec": 27.000
				,"percent": 99.84
				}
			,{
				"<=msec": 28.000
				,"percent": 99.88
				}
			,{
				"<=msec": 29.000
				,"percent": 99.89
				}
			,{
				"<=msec": 30.000
				,"percent": 99.93
				}
			,{
				"<=msec": 31.000
				,"percent": 99.93
				}
			,{
				"<=msec": 32.000
				,"percent": 99.94
				}
			,{
				"<=msec": 33.000
				,"percent": 99.96
				}
			,{
				"<=msec": 34.000
				,"percent": 99.97
				}
			,{
				"<=msec": 35.000
				,"percent": 99.98
				}
			,{
				"<=msec": 45.000
				,"percent": 99.98
				}
			,{
				"<=msec": 46.000
				,"percent": 99.99
				}
			,{
				"<=msec": 68.000
				,"percent": 100.00
				}
			]
		,"WAIT":[
		]
		}
	}
